abs_path,Class,source,group,hash
/lab/px/AnichLabs/cxr-cnn-k8s-benchmark/data/tbx11k/imgs/health/h3027.png,Normal,tbx11k,h3027,727ef2830696a2c1b53d4a07b11c05bb2eba143e9bd74227525a1839c0a6372b
/lab/px/AnichLabs/cxr-cnn-k8s-benchmark/data/tbx11k/imgs/health/h4797.png,Normal,tbx11k,h4797,8ee62c2baf9d82a8b99c98cd7521733ea51db451fcd191464674c199c987cd7d
/lab/px/AnichLabs/cxr-cnn-k8s-benchmark/data/tbx11k/imgs/health/h4920.png,Normal,tbx11k,h4920,1a5d1e70351332ff33c34c3a4170bdad3f91c90dcbd3ae746e159f04bdc2cf99
/lab/px/AnichLabs/cxr-cnn-k8s-benchmark/data/tbx11k/imgs/health/h2115.png,Normal,tbx11k,h2115,142373f0f614241913883e65c91347672849460fbd84a498a2c530ea905de748
/lab/px/AnichLabs/cxr-cnn-k8s-benchmark/data/tbx11k/imgs/health/h4029.png,Normal,tbx11k,h4029,e2d6a74a00a95d75b26f37cd7497c3cf9675e7a94cbe9fc9b82b65d790db3fae
/lab/px/AnichLabs/cxr-cnn-k8s-benchmark/data/tbx11k/imgs/health/h2846.png,Normal,tbx11k,h2846,801edddcd0ccc21fb61cae02fe7e6179bd2f33dac7a12df8b8e06190a4ffd431
/lab/px/AnichLabs/cxr-cnn-k8s-benchmark/data/tbx11k/imgs/health/h1759.png,Normal,tbx11k,h1759,3f2825ad6a685e2e4573d747842a147b496594f7bd672e4927c716610c83f015
/lab/px/AnichLabs/cxr-cnn-k8s-benchmark/data/tbx11k/imgs/health/h3482.png,Normal,tbx11k,h3482,fdadc48d94c98f8541f13ebad2d8f95718cfda6b6dd10ddde1ee75f8291353a9
/lab/px/AnichLabs/cxr-cnn-k8s-benchmark/data/tbx11k/imgs/health/h0811.png,Normal,tbx11k,h0811,73f3eb6ce7d7c4f69de6ce6ba3ec23dd5463049533b8dd641e58ae172e7c9bf6
/lab/px/AnichLabs/cxr-cnn-k8s-benchmark/data/tbx11k/imgs/health/h0659.png,Normal,tbx11k,h0659,7b71c1d957e5df850fbd41fd63bbc91a069e38ca7d049adae4a40837e158c89e
/lab/px/AnichLabs/cxr-cnn-k8s-benchmark/data/tbx11k/imgs/health/h4615.png,Normal,tbx11k,h4615,d565990034d4fb8b4c97a72cff8b5c68a8d4ce4e0ba78c025030fa30e2b46733
/lab/px/AnichLabs/cxr-cnn-k8s-benchmark/data/tbx11k/imgs/extra/da+db/train/n41.png,Normal,da+db,n41,6cfb049ad3c0bec5a06809bded8741e6e70841ebf147348be62cc32e30393a09
/lab/px/AnichLabs/cxr-cnn-k8s-benchmark/data/tbx11k/imgs/health/h0039.png,Normal,tbx11k,h0039,4e863f0e79f14ea35dbfb225ea545617b99d523bde9487e838677351c4db65da
/lab/px/AnichLabs/cxr-cnn-k8s-benchmark/data/tbx11k/imgs/health/h1956.png,Normal,tbx11k,h1956,abad9314de9c085e5b9bb7ca6832d013e5a209ee5b080514c8cde38b3d542ccb
/lab/px/AnichLabs/cxr-cnn-k8s-benchmark/data/tbx11k/imgs/health/h4304.png,Normal,tbx11k,h4304,8fb9663d7b0fd68a0dc35392749b5bc08ed582aa3796c998b9a1932ced4e03aa
/lab/px/AnichLabs/cxr-cnn-k8s-benchmark/data/tbx11k/imgs/health/h3288.png,Normal,tbx11k,h3288,dff644ee23a672c17146d45a121e94e13946892b80b9cf836aa17c030d20f936
/lab/px/AnichLabs/cxr-cnn-k8s-benchmark/data/tbx11k/imgs/health/h1384.png,Normal,tbx11k,h1384,f76a46c5184a6f1ba5f9985ab8e25f6250348abab3faf28b7fff1aa92754716c
/lab/px/AnichLabs/cxr-cnn-k8s-benchmark/data/tbx11k/imgs/health/h2347.png,Normal,tbx11k,h2347,395dd7efd65da2edacde97594236a322cf162b8e7730ff60455742adf809aa0c
/lab/px/AnichLabs/cxr-cnn-k8s-benchmark/data/tbx11k/imgs/health/h3980.png,Normal,tbx11k,h3980,deff83933ac728d28dbc3275eb4dc9b23bd6590b2b65ac93315386c8fdc55729
/lab/px/AnichLabs/cxr-cnn-k8s-benchmark/data/tbx11k/imgs/health/h3061.png,Normal,tbx11k,h3061,2908d9bbb9f640329974fd7cc6c581edf20df999658bff04403aaa8ac51d0110
/lab/px/AnichLabs/cxr-cnn-k8s-benchmark/data/tbx11k/imgs/health/h4876.png,Normal,tbx11k,h4876,cc33877ecc452037eaec4587b13ac76427d8c9e251032c6ac3b90ba895eb4b5d
/lab/px/AnichLabs/cxr-cnn-k8s-benchmark/data/tbx11k/imgs/health/h1005.png,Normal,tbx11k,h1005,5c5f330fecb6ca3eff7f611b2fa3dad6e9fcb73f2142820139459f34ebbabc0b
/lab/px/AnichLabs/cxr-cnn-k8s-benchmark/data/tbx11k/imgs/health/h2763.png,Normal,tbx11k,h2763,ccc2b86cf406e2b2289553006eb136cd16de52906d47cf5bb990785a5cfabef4
/lab/px/AnichLabs/cxr-cnn-k8s-benchmark/data/tbx11k/imgs/health/h4547.png,Normal,tbx11k,h4547,622ebe156c7e6f3d2d2298bd22abc65561ecfcab3e664a7556e9e3f064e7469f
/lab/px/AnichLabs/cxr-cnn-k8s-benchmark/data/tbx11k/imgs/health/h2877.png,Normal,tbx11k,h2877,12f90f29488ce4dd55c5741a81cb66cf51dc3d6b9fe1004dacbeb0fb53be87a9
/lab/px/AnichLabs/cxr-cnn-k8s-benchmark/data/tbx11k/imgs/health/h3792.png,Normal,tbx11k,h3792,0a3d7d11065b872c32fca5e75f5998def32ac15e68ce49d05e56eac9f8ebc0b1
/lab/px/AnichLabs/cxr-cnn-k8s-benchmark/data/tbx11k/imgs/health/h4276.png,Normal,tbx11k,h4276,475e41f83549c581c56322f2d15bf7a51f6d59774f5674fcbcfa300835ec25ee
/lab/px/AnichLabs/cxr-cnn-k8s-benchmark/data/tbx11k/imgs/health/h4410.png,Normal,tbx11k,h4410,6ebd4c634e8398436a441f4ff0735c89c94d081fc32b9d108f67f40789d4adc3
/lab/px/AnichLabs/cxr-cnn-k8s-benchmark/data/tbx11k/imgs/extra/mc+shenzhen/val/CHNCXR_0031_0.png,Normal,mc+shenzhen,CHNCXR_0031_0,15279b377ed18c0143238f5cd36a391e2ea13670957a839e6e72b5c130694a50
/lab/px/AnichLabs/cxr-cnn-k8s-benchmark/data/tbx11k/imgs/health/h2599.png,Normal,tbx11k,h2599,a65fab2c940e4e7f075efd9857d1f16af62d5e26805f46dfee152158eeadaa60
/lab/px/AnichLabs/cxr-cnn-k8s-benchmark/data/tbx11k/imgs/health/h1414.png,Normal,tbx11k,h1414,d1a25c8ac278e4236f04c42770aab1e1a30a51e3240bbd77b4752954651c9308
/lab/px/AnichLabs/cxr-cnn-k8s-benchmark/data/tbx11k/imgs/health/h2791.png,Normal,tbx11k,h2791,49f593c1a853788f16d5fd582b66fe427318e7b0375a726d7edc47d24c3012fd
/lab/px/AnichLabs/cxr-cnn-k8s-benchmark/data/tbx11k/imgs/health/h0040.png,Normal,tbx11k,h0040,d65dc413c1da8d8d2f7bd3eba8970ad1488e5fb5855ba2f64fa4fc254333e773
/lab/px/AnichLabs/cxr-cnn-k8s-benchmark/data/tbx11k/imgs/health/h1410.png,Normal,tbx11k,h1410,553724eb363c35f5bbfaf5d3adac527f6e7b69d437ebdb2830fe320ad9fb34a2
/lab/px/AnichLabs/cxr-cnn-k8s-benchmark/data/tbx11k/imgs/health/h4933.png,Normal,tbx11k,h4933,d03652768cb1145f5503e3e0a9db2aa8d3d75592f951582df5af2e11aeca9428
/lab/px/AnichLabs/cxr-cnn-k8s-benchmark/data/tbx11k/imgs/health/h2892.png,Normal,tbx11k,h2892,6a890520bca27ab37ed83e7a9ca3dc0641559a6292edd1513be623944e9154a7
/lab/px/AnichLabs/cxr-cnn-k8s-benchmark/data/tbx11k/imgs/health/h3869.png,Normal,tbx11k,h3869,9f29aaedb6547f28fe839de4db176666e31ccfc4b7d73d0a5a4c349c9f91d243
/lab/px/AnichLabs/cxr-cnn-k8s-benchmark/data/tbx11k/imgs/health/h3912.png,Normal,tbx11k,h3912,f88f610234139b26ed492e0b3149e03960b4602097a182639fb86ced4f20f7cb
/lab/px/AnichLabs/cxr-cnn-k8s-benchmark/data/tbx11k/imgs/health/h1133.png,Normal,tbx11k,h1133,b81b43c3ddea7e2e52a2231541e046c0967f6ce322e020a55d81870624d6d06e
/lab/px/AnichLabs/cxr-cnn-k8s-benchmark/data/tbx11k/imgs/health/h3498.png,Normal,tbx11k,h3498,e718472c9fdef4ee616df031b39bedfebeae3d11ebf5154c0b75024d91053325
/lab/px/AnichLabs/cxr-cnn-k8s-benchmark/data/tbx11k/imgs/health/h4860.png,Normal,tbx11k,h4860,cfb523b5f0beac28c9316e461271acd29a6e05cff5f851839434cad19ea58ee8
/lab/px/AnichLabs/cxr-cnn-k8s-benchmark/data/tbx11k/imgs/health/h2097.png,Normal,tbx11k,h2097,df3ee87b19fa2290630ca4c1750ede22580e07d895708c95c475f906c5d78f5a
/lab/px/AnichLabs/cxr-cnn-k8s-benchmark/data/tbx11k/imgs/health/h2912.png,Normal,tbx11k,h2912,2743a76a28a0aaea702d2a5a5caf962fdd682de91c71eebd459227796f5aabc6
/lab/px/AnichLabs/cxr-cnn-k8s-benchmark/data/tbx11k/imgs/health/h2671.png,Normal,tbx11k,h2671,b2b30359b9b85e9304b8e5f9ebf7b3bcdd1262610a957ecdea133a4d09581a41
/lab/px/AnichLabs/cxr-cnn-k8s-benchmark/data/tbx11k/imgs/health/h3748.png,Normal,tbx11k,h3748,596beb02b982367c1e75653a2d35398dff6b24406deac1a19058888c07539980
/lab/px/AnichLabs/cxr-cnn-k8s-benchmark/data/tbx11k/imgs/health/h1590.png,Normal,tbx11k,h1590,9bea21c343c1cb6c7fb4c92a8c1e9108753abe99bd101e289a99cdd5c84feae9
/lab/px/AnichLabs/cxr-cnn-k8s-benchmark/data/tbx11k/imgs/health/h3134.png,Normal,tbx11k,h3134,1d441a2cd7cc8747536af1752c48221a6c5cddc71b951c9b5766377a3035313d
/lab/px/AnichLabs/cxr-cnn-k8s-benchmark/data/tbx11k/imgs/extra/da+db/val/nx26.jpg,Normal,da+db,nx26,1bddb62777f10a2be9d90a32c5cd6e751c8e8b92a7ae694a361ad64bc427b631
/lab/px/AnichLabs/cxr-cnn-k8s-benchmark/data/tbx11k/imgs/health/h0094.png,Normal,tbx11k,h0094,00508317cb2978396e27ae62f57b03e1dcc7b897da25664a09b020c67f232956
/lab/px/AnichLabs/cxr-cnn-k8s-benchmark/data/tbx11k/imgs/health/h1307.png,Normal,tbx11k,h1307,f7219ef8da617888b859df0ae12fd02b9e78749685c9e4c312a61b8de212cbf3
/lab/px/AnichLabs/cxr-cnn-k8s-benchmark/data/tbx11k/imgs/health/h1618.png,Normal,tbx11k,h1618,5fc23b721763769c72dad3a38155a7b144f9fc8fabeca41cb74d716a2bc780e4
/lab/px/AnichLabs/cxr-cnn-k8s-benchmark/data/tbx11k/imgs/health/h3854.png,Normal,tbx11k,h3854,9dcefa3246ab080a3568dce57d31dcd7aa0f8de5c6825b600fd2a16855848c07
/lab/px/AnichLabs/cxr-cnn-k8s-benchmark/data/tbx11k/imgs/health/h3101.png,Normal,tbx11k,h3101,2452168fb91296b524165ea214791772a7b129d13c76075d8db03f989694d89c
/lab/px/AnichLabs/cxr-cnn-k8s-benchmark/data/tbx11k/imgs/health/h0898.png,Normal,tbx11k,h0898,e0851cb06460143010602f817886f1e8d06f7030c11f2d670426adf0d7906fc5
/lab/px/AnichLabs/cxr-cnn-k8s-benchmark/data/tbx11k/imgs/health/h0186.png,Normal,tbx11k,h0186,3b03ddb223cc1a30e71b5f1d94e598e9dc419040716798c296de515645281daa
/lab/px/AnichLabs/cxr-cnn-k8s-benchmark/data/tbx11k/imgs/health/h0575.png,Normal,tbx11k,h0575,a88049dbeb0ce87dd41a69e28cab41dee6f15bb2196e6282930ada04209c7ce8
/lab/px/AnichLabs/cxr-cnn-k8s-benchmark/data/tbx11k/imgs/health/h1193.png,Normal,tbx11k,h1193,397a6365a2059e0000844b15de2653ee803da4e007628b4b78ec736f3cddf280
/lab/px/AnichLabs/cxr-cnn-k8s-benchmark/data/tbx11k/imgs/health/h0087.png,Normal,tbx11k,h0087,6e6188092890db7955a38acc48b55b285d1f4fbd3f38cdcd3a1f8ba6513a9631
/lab/px/AnichLabs/cxr-cnn-k8s-benchmark/data/tbx11k/imgs/health/h1154.png,Normal,tbx11k,h1154,2a86e45c40ad851881a6dc97db38fab55dd914f32b72552e421182d60702048b
/lab/px/AnichLabs/cxr-cnn-k8s-benchmark/data/tbx11k/imgs/health/h3978.png,Normal,tbx11k,h3978,5ab03d6e48ba9e6666c009aa87078e33bf074d2213e0ac9ed91c602c747705d9
/lab/px/AnichLabs/cxr-cnn-k8s-benchmark/data/tbx11k/imgs/health/h2684.png,Normal,tbx11k,h2684,8ff65d7f7cd54e0ba8d1a7878da078f7fef0158d2d4aad3065b03aee84bdbec0
/lab/px/AnichLabs/cxr-cnn-k8s-benchmark/data/tbx11k/imgs/extra/mc+shenzhen/val/CHNCXR_0303_0.png,Normal,mc+shenzhen,CHNCXR_0303_0,ea0be45134499e1a259d4efc3a5555f023cc8c7e0fb57a016cdc54d6bd949b89
/lab/px/AnichLabs/cxr-cnn-k8s-benchmark/data/tbx11k/imgs/health/h2471.png,Normal,tbx11k,h2471,3589e1809010c7b096f635e32720163232bf48cf3a42ecad1f6f5a7cdc955f0a
/lab/px/AnichLabs/cxr-cnn-k8s-benchmark/data/tbx11k/imgs/extra/mc+shenzhen/val/CHNCXR_0162_0.png,Normal,mc+shenzhen,CHNCXR_0162_0,01e16c6d0d87ead1bddb929b96075e6d16c80c891904b862579b7d67c1935907
/lab/px/AnichLabs/cxr-cnn-k8s-benchmark/data/tbx11k/imgs/extra/mc+shenzhen/val/CHNCXR_0280_0.png,Normal,mc+shenzhen,CHNCXR_0280_0,f97966c05fc1b69b2a5a442c2488de409d2e12537ff5e93d4b24dc8784c91045
/lab/px/AnichLabs/cxr-cnn-k8s-benchmark/data/tbx11k/imgs/extra/da+db/train/nx47.jpg,Normal,da+db,nx47,ed6ecddde26c10b0541077eb431bb0a313045536ed5074e30b187f9e8ebaf731
/lab/px/AnichLabs/cxr-cnn-k8s-benchmark/data/tbx11k/imgs/health/h4498.png,Normal,tbx11k,h4498,54d0d1da67d8debaa854e25ff344e112cca005ac8f0d3daff6b55feb9cdafa41
/lab/px/AnichLabs/cxr-cnn-k8s-benchmark/data/tbx11k/imgs/health/h0450.png,Normal,tbx11k,h0450,3576936945bfb3b5cd7e8911afbd0fcd58e936f19f9b4c2a21bebce0a2830681
/lab/px/AnichLabs/cxr-cnn-k8s-benchmark/data/tbx11k/imgs/health/h4084.png,Normal,tbx11k,h4084,89a8897aea405150276136390c19faffab3390d3f4ea9dbef8971b405a4b77dd
/lab/px/AnichLabs/cxr-cnn-k8s-benchmark/data/tbx11k/imgs/health/h1887.png,Normal,tbx11k,h1887,7fc4544b1300eec5210f2c4f9ce59255a9b5a63d4d0a79c978bc38e81572f78a
/lab/px/AnichLabs/cxr-cnn-k8s-benchmark/data/tbx11k/imgs/health/h2736.png,Normal,tbx11k,h2736,2232345b22974a7161f212471c05f5037b1063e450efdfbfd5fb31f0d925a852
/lab/px/AnichLabs/cxr-cnn-k8s-benchmark/data/tbx11k/imgs/health/h1671.png,Normal,tbx11k,h1671,8720584516537b19cfec5dbc0bea0eb9c65c344d9e57f3e1557c19c771281891
/lab/px/AnichLabs/cxr-cnn-k8s-benchmark/data/tbx11k/imgs/health/h4039.png,Normal,tbx11k,h4039,07d3e4f145ece5889f6275ef355817d8e3dd13ae3733d045b38b4ee1875e078c
/lab/px/AnichLabs/cxr-cnn-k8s-benchmark/data/tbx11k/imgs/health/h0618.png,Normal,tbx11k,h0618,af493313c59e855790750ed88355d62df2f853972dede4d0071a4f82f74f3c3d
/lab/px/AnichLabs/cxr-cnn-k8s-benchmark/data/tbx11k/imgs/health/h4009.png,Normal,tbx11k,h4009,b7681a5053921dcda0c4eaeb0cf672b91b53088d0d7d6b9711873807abd2ca19
/lab/px/AnichLabs/cxr-cnn-k8s-benchmark/data/tbx11k/imgs/health/h3894.png,Normal,tbx11k,h3894,a2f22211c9889892cb9a1a8dbfb5cb89444b10cfea51040cc14c830bdde35414
/lab/px/AnichLabs/cxr-cnn-k8s-benchmark/data/tbx11k/imgs/health/h0947.png,Normal,tbx11k,h0947,d8d9048c65027579d48093e4e58091c72806149c9656306547f4aeab98549922
/lab/px/AnichLabs/cxr-cnn-k8s-benchmark/data/tbx11k/imgs/health/h3583.png,Normal,tbx11k,h3583,39a52bdfa8a420eb743975d83313f070b199b346d0a619c1178bff721e3cb79f
/lab/px/AnichLabs/cxr-cnn-k8s-benchmark/data/tbx11k/imgs/health/h3084.png,Normal,tbx11k,h3084,d38fc052f491caa188bd0288ef683a5c02be2994544c528a4549407a48f1a718
/lab/px/AnichLabs/cxr-cnn-k8s-benchmark/data/tbx11k/imgs/health/h0990.png,Normal,tbx11k,h0990,6ad7b1f845f54f04d86c78345e2b6257a976e28908e84c9ae0970acd06a11c95
/lab/px/AnichLabs/cxr-cnn-k8s-benchmark/data/tbx11k/imgs/health/h2931.png,Normal,tbx11k,h2931,5f5d153df5260778b0c04d827e313c41a2c9f9a74e147ca3ef75f1b1fe71f6b0
/lab/px/AnichLabs/cxr-cnn-k8s-benchmark/data/tbx11k/imgs/extra/mc+shenzhen/val/CHNCXR_0270_0.png,Normal,mc+shenzhen,CHNCXR_0270_0,825452b2139c0d399d885857668e534a43be4e25676583f9e12d026408325cf0
/lab/px/AnichLabs/cxr-cnn-k8s-benchmark/data/tbx11k/imgs/health/h0161.png,Normal,tbx11k,h0161,e4c8e3426c3748c6ee91503ceee11e8ff5b104d61d0f7ccc66b101cf4332f7af
/lab/px/AnichLabs/cxr-cnn-k8s-benchmark/data/tbx11k/imgs/health/h4676.png,Normal,tbx11k,h4676,8c27f50af603fbd26c432f0fb310e4265d5f5b6ca35e1a55475c821fa12286bd
/lab/px/AnichLabs/cxr-cnn-k8s-benchmark/data/tbx11k/imgs/health/h1864.png,Normal,tbx11k,h1864,f6abf2a3092eff633d493d9a7301ec21c09c1b0777045b03fda22cef8c4c8747
/lab/px/AnichLabs/cxr-cnn-k8s-benchmark/data/tbx11k/imgs/health/h2617.png,Normal,tbx11k,h2617,d14d38bd11ea6cb5d25ca0cc43412dfd553090c385a2aabca772c269d7042632
/lab/px/AnichLabs/cxr-cnn-k8s-benchmark/data/tbx11k/imgs/health/h4777.png,Normal,tbx11k,h4777,9854246c06cde4780d30a39d8ae211c72ed800af1204f685312b174e198cef29
/lab/px/AnichLabs/cxr-cnn-k8s-benchmark/data/tbx11k/imgs/health/h0156.png,Normal,tbx11k,h0156,31b94de6d67fac505a0c0a3afffa14240bb99907afc83da7403d53914acc63ea
/lab/px/AnichLabs/cxr-cnn-k8s-benchmark/data/tbx11k/imgs/health/h0876.png,Normal,tbx11k,h0876,60b6eb69ce4dd6973c9f871de0cf35f8db54921de4c50ea01d9e29f21308c210
/lab/px/AnichLabs/cxr-cnn-k8s-benchmark/data/tbx11k/imgs/health/h1774.png,Normal,tbx11k,h1774,4c4760a79e2b4d3cdc91726e841e3f5d4c95ee7b044b4430c72ea40625660f57
/lab/px/AnichLabs/cxr-cnn-k8s-benchmark/data/tbx11k/imgs/health/h4233.png,Normal,tbx11k,h4233,36ec1d415f40952817f95de0ba3b1a08135101c9ac7af92765b8a0f129391456
/lab/px/AnichLabs/cxr-cnn-k8s-benchmark/data/tbx11k/imgs/health/h3603.png,Normal,tbx11k,h3603,009c82492faed4b2ad412cba66041aa1392e8789c9b7c6ca7fef72abd2a0cc0b
/lab/px/AnichLabs/cxr-cnn-k8s-benchmark/data/tbx11k/imgs/health/h3905.png,Normal,tbx11k,h3905,8b451966863ba669598e072254138fa8d91a0600d6363282294483d1e52c187f
/lab/px/AnichLabs/cxr-cnn-k8s-benchmark/data/tbx11k/imgs/health/h4152.png,Normal,tbx11k,h4152,baed90052922fc44e95739c277da86b221f2b3437a54b5a05c13c5412a574c17
/lab/px/AnichLabs/cxr-cnn-k8s-benchmark/data/tbx11k/imgs/health/h3896.png,Normal,tbx11k,h3896,d19e49bf32489452e03356f257f079607c0dd1ee497b65d464da62eb7e1715dc
/lab/px/AnichLabs/cxr-cnn-k8s-benchmark/data/tbx11k/imgs/health/h0218.png,Normal,tbx11k,h0218,4c93d686f598c09a0ad2c6c66789e4bc862a0d02e1c6482d236a73da3cba5129
/lab/px/AnichLabs/cxr-cnn-k8s-benchmark/data/tbx11k/imgs/health/h2882.png,Normal,tbx11k,h2882,7c44d7f18cfa2c66fc0fc14a1baa6ffcd2a82a93c84f5a00207845727b220725
/lab/px/AnichLabs/cxr-cnn-k8s-benchmark/data/tbx11k/imgs/health/h3048.png,Normal,tbx11k,h3048,4ff63ef0ba7658b48d236452392330d21ea38b30b6b0018666c97e843c6baa64
/lab/px/AnichLabs/cxr-cnn-k8s-benchmark/data/tbx11k/imgs/health/h4466.png,Normal,tbx11k,h4466,326e476d38b7cd88060028f50b7845d4a635e6429d0a9551779e3b678a34b230
/lab/px/AnichLabs/cxr-cnn-k8s-benchmark/data/tbx11k/imgs/extra/mc+shenzhen/val/MCUCXR_0030_0.png,Normal,mc+shenzhen,MCUCXR_0030_0,a07eb006a6737bb4bec71e51fb2b59ee451bcab7e843bebe90395f91eec57cd3
/lab/px/AnichLabs/cxr-cnn-k8s-benchmark/data/tbx11k/imgs/health/h0667.png,Normal,tbx11k,h0667,7423f73f65d6eeb25e359425ca15e6f61c69da5757032c7c09d7572489480972
/lab/px/AnichLabs/cxr-cnn-k8s-benchmark/data/tbx11k/imgs/health/h2615.png,Normal,tbx11k,h2615,54d35723b6c6a2a6b6b65e40273992bdbd787b293c31630fcefdf3dd47409fa2
/lab/px/AnichLabs/cxr-cnn-k8s-benchmark/data/tbx11k/imgs/health/h4491.png,Normal,tbx11k,h4491,27b1aa7499808bc1f01cf32d2fc7b129246135d66a09cfd5b15bea96e330e545
/lab/px/AnichLabs/cxr-cnn-k8s-benchmark/data/tbx11k/imgs/health/h0056.png,Normal,tbx11k,h0056,b2164237fee5abd2ab9d375f7c25d99b751496dae7e3fe4c3fbeac92603166c9
/lab/px/AnichLabs/cxr-cnn-k8s-benchmark/data/tbx11k/imgs/health/h0688.png,Normal,tbx11k,h0688,e7058bc513900089c90d874dc8810335cbc9aeed6b0e0c89273031271aeaf761
/lab/px/AnichLabs/cxr-cnn-k8s-benchmark/data/tbx11k/imgs/health/h0807.png,Normal,tbx11k,h0807,cdad84e5ce0f47a08c5c138403274161d106dd4ea4e4babe4fd8f46205e3a2f7
/lab/px/AnichLabs/cxr-cnn-k8s-benchmark/data/tbx11k/imgs/health/h2219.png,Normal,tbx11k,h2219,ddfa8f14c318bd633bcf7e7629d5644e60164b98d49d3b3d5343bf9a0165f629
/lab/px/AnichLabs/cxr-cnn-k8s-benchmark/data/tbx11k/imgs/health/h4419.png,Normal,tbx11k,h4419,be8d5ef47625dc3f04de7abf83ae5e60813c709fdfa078e0de68a81e1f701c04
/lab/px/AnichLabs/cxr-cnn-k8s-benchmark/data/tbx11k/imgs/extra/mc+shenzhen/val/CHNCXR_0107_0.png,Normal,mc+shenzhen,CHNCXR_0107_0,6c2936b04d0e1d86759c37850a7de1c92f5316ddd73fbe4683713595530dca3b
/lab/px/AnichLabs/cxr-cnn-k8s-benchmark/data/tbx11k/imgs/health/h3696.png,Normal,tbx11k,h3696,918a701d398298b1ccf89651bce3a34f1c42fa3b4c3ccac976a293fb949fde9d
/lab/px/AnichLabs/cxr-cnn-k8s-benchmark/data/tbx11k/imgs/health/h4941.png,Normal,tbx11k,h4941,8f8c0d8259327d13c951c63e6ad993dfbece42508dd46219d25f753050c35854
/lab/px/AnichLabs/cxr-cnn-k8s-benchmark/data/tbx11k/imgs/health/h4930.png,Normal,tbx11k,h4930,9c37e4f4dfa1fca004379c1a4bc338f6d70d5e8c20ae9796396896107a448f19
/lab/px/AnichLabs/cxr-cnn-k8s-benchmark/data/tbx11k/imgs/health/h2488.png,Normal,tbx11k,h2488,62ceb38983fa1b5828efd847cf4c4955d51a5dcb73bf2a3acbcc0661a2d0b3ad
/lab/px/AnichLabs/cxr-cnn-k8s-benchmark/data/tbx11k/imgs/health/h2560.png,Normal,tbx11k,h2560,49a0a910e0668438c3cf276ce9e20b0ed0084b7183519a6abe732ba21ac15aec
/lab/px/AnichLabs/cxr-cnn-k8s-benchmark/data/tbx11k/imgs/extra/mc+shenzhen/val/MCUCXR_0101_0.png,Normal,mc+shenzhen,MCUCXR_0101_0,f49d06319d1f2438c10c8440a6dd599bbfd5263bde32c1b1d9b5f8ceae3a7699
/lab/px/AnichLabs/cxr-cnn-k8s-benchmark/data/tbx11k/imgs/health/h3944.png,Normal,tbx11k,h3944,16b56eaf48685cca45934915d1dd840c99c5efb330e02e73629635d81384527a
/lab/px/AnichLabs/cxr-cnn-k8s-benchmark/data/tbx11k/imgs/health/h0060.png,Normal,tbx11k,h0060,15d2d1877b5824cff4151b40694eb6237ef41f6e37020f3a8c156dadfda0a58e
/lab/px/AnichLabs/cxr-cnn-k8s-benchmark/data/tbx11k/imgs/extra/mc+shenzhen/train/CHNCXR_0321_0.png,Normal,mc+shenzhen,CHNCXR_0321_0,97459d039565ceeddd09a5eda1da4f3d517a50554ea386d34bf6c15ab097f52a
/lab/px/AnichLabs/cxr-cnn-k8s-benchmark/data/tbx11k/imgs/health/h4671.png,Normal,tbx11k,h4671,b0875a5815e2a395715aa18a574acd094059237db599419903e6c80991cb3644
/lab/px/AnichLabs/cxr-cnn-k8s-benchmark/data/tbx11k/imgs/health/h0888.png,Normal,tbx11k,h0888,e46aaee0aa888b9940c53f5d4ca79858460f7b4f85f1f4fc8df128b5f3489ffe
/lab/px/AnichLabs/cxr-cnn-k8s-benchmark/data/tbx11k/imgs/health/h0003.png,Normal,tbx11k,h0003,953efabf2fa49d3c7ff26459b9b5bfad05982901af9ec86d0ef8cf6abbff1b04
/lab/px/AnichLabs/cxr-cnn-k8s-benchmark/data/tbx11k/imgs/health/h4255.png,Normal,tbx11k,h4255,3f44dfdca11758dd8a7c9c6ccc25192e27ffcb92a10deb6c467749c9675642ea
/lab/px/AnichLabs/cxr-cnn-k8s-benchmark/data/tbx11k/imgs/health/h2246.png,Normal,tbx11k,h2246,377d10c39bdc25bcc6eb41b240f2d83197ce05f509c799905731352d7e3a4178
/lab/px/AnichLabs/cxr-cnn-k8s-benchmark/data/tbx11k/imgs/health/h0262.png,Normal,tbx11k,h0262,4e7960b36283fe0e9d7120467866fab840fea81c57002349e551cac88761d8b6
/lab/px/AnichLabs/cxr-cnn-k8s-benchmark/data/tbx11k/imgs/health/h1470.png,Normal,tbx11k,h1470,2a83384cb0a2ddd0f9b090cd7f28b562c98a95fafde839e5a1394943861a0357
/lab/px/AnichLabs/cxr-cnn-k8s-benchmark/data/tbx11k/imgs/health/h2981.png,Normal,tbx11k,h2981,d5ac6a842dcb3335bbf6e51862612f45aa4a44dae279af88d92fff1999f00182
/lab/px/AnichLabs/cxr-cnn-k8s-benchmark/data/tbx11k/imgs/extra/da+db/train/nx1.jpg,Normal,da+db,nx1,abb8719f0e1f0c2e394a61886fb1b65745ded462c5e5a87c1c18c21f7365e783
/lab/px/AnichLabs/cxr-cnn-k8s-benchmark/data/tbx11k/imgs/health/h1475.png,Normal,tbx11k,h1475,55f55990783840d0433d9bbe0b9f8c223f8c6acdf1a3fb851ab2ff8e77657d18
/lab/px/AnichLabs/cxr-cnn-k8s-benchmark/data/tbx11k/imgs/health/h0687.png,Normal,tbx11k,h0687,d1dc56825e55ee4ee5f4c19dfe6568dd5778e4a785b9064721412588cfb9a858
/lab/px/AnichLabs/cxr-cnn-k8s-benchmark/data/tbx11k/imgs/health/h3880.png,Normal,tbx11k,h3880,26de1c2016d378a5611779df9ca88684258ad20fb9cf78d48ea6c0218526f9bb
/lab/px/AnichLabs/cxr-cnn-k8s-benchmark/data/tbx11k/imgs/health/h3920.png,Normal,tbx11k,h3920,239c73aa2c24d32f08b20ac35f45293e91c12db6f3b7d61b10b1a6841ea81122
/lab/px/AnichLabs/cxr-cnn-k8s-benchmark/data/tbx11k/imgs/health/h1105.png,Normal,tbx11k,h1105,2e54f793e9925d77ab7946ddd842b9bae4aed9bc8072ea35091f7d7f858bcff3
/lab/px/AnichLabs/cxr-cnn-k8s-benchmark/data/tbx11k/imgs/extra/mc+shenzhen/val/CHNCXR_0269_0.png,Normal,mc+shenzhen,CHNCXR_0269_0,ea8e4169e6dc665e6bc7afc4118c78615258edaabe06ede955d1793d412b71c9
/lab/px/AnichLabs/cxr-cnn-k8s-benchmark/data/tbx11k/imgs/health/h3683.png,Normal,tbx11k,h3683,16fa70ab2a9a85a5d3d7cc68100fa5a70cfa917ad99dac3dc5980e1f07613221
/lab/px/AnichLabs/cxr-cnn-k8s-benchmark/data/tbx11k/imgs/health/h4087.png,Normal,tbx11k,h4087,8bfce4a0d3275dd28c152d8456faa4b77fa97571840b6b5191e3ec1e789277f3
/lab/px/AnichLabs/cxr-cnn-k8s-benchmark/data/tbx11k/imgs/health/h0217.png,Normal,tbx11k,h0217,2a7968c37f12d5771114c68c7c91878bfc8563cd3201065719c3e28a1e281a68
/lab/px/AnichLabs/cxr-cnn-k8s-benchmark/data/tbx11k/imgs/health/h1150.png,Normal,tbx11k,h1150,9e65d444ccd29021600c39f5e6da294d36bdf75d61c28bb5f53c2ae8438f8793
/lab/px/AnichLabs/cxr-cnn-k8s-benchmark/data/tbx11k/imgs/health/h0610.png,Normal,tbx11k,h0610,ed67bb5aaa29e34e770bc44a571d7b90eab6ea297e0cbc96084cb5c3ade44ad3
/lab/px/AnichLabs/cxr-cnn-k8s-benchmark/data/tbx11k/imgs/health/h1378.png,Normal,tbx11k,h1378,3973319ac1c832c782b13e35a686fe1018ae72e3e480e65e563788f05c84308c
/lab/px/AnichLabs/cxr-cnn-k8s-benchmark/data/tbx11k/imgs/health/h1159.png,Normal,tbx11k,h1159,1ce800d95df2991ff3c1bccccd740437d55b648eca3005a86b4052d5e6749718
/lab/px/AnichLabs/cxr-cnn-k8s-benchmark/data/tbx11k/imgs/extra/mc+shenzhen/val/CHNCXR_0032_0.png,Normal,mc+shenzhen,CHNCXR_0032_0,c2bfe3d2592260634b5bdab22942747280a73689ebc06be62c965db22be90b77
/lab/px/AnichLabs/cxr-cnn-k8s-benchmark/data/tbx11k/imgs/health/h3987.png,Normal,tbx11k,h3987,198930b2c877b666d3e067ee5f6e56e849462359cbfd9af51dfd9fa5a4339702
/lab/px/AnichLabs/cxr-cnn-k8s-benchmark/data/tbx11k/imgs/health/h4119.png,Normal,tbx11k,h4119,2ca7141a4654389b7f2e8a5a09dffb8b9e700b892b5f4e02728d67cfc37c2262
/lab/px/AnichLabs/cxr-cnn-k8s-benchmark/data/tbx11k/imgs/extra/mc+shenzhen/val/CHNCXR_0271_0.png,Normal,mc+shenzhen,CHNCXR_0271_0,9af2f960a4925eb8ef2f3208905c6fcd06b5d9cb04d528636624606575e585cc
/lab/px/AnichLabs/cxr-cnn-k8s-benchmark/data/tbx11k/imgs/health/h4651.png,Normal,tbx11k,h4651,0de8e49fc42f084b3dd99e18d7d9f6101929e2f0e325fb0bceed373e1f157d94
/lab/px/AnichLabs/cxr-cnn-k8s-benchmark/data/tbx11k/imgs/health/h1660.png,Normal,tbx11k,h1660,cf61ac5f5261c49cd97fda808728600b3a65c261ae78c64eb1121e28ad71260a
/lab/px/AnichLabs/cxr-cnn-k8s-benchmark/data/tbx11k/imgs/health/h3449.png,Normal,tbx11k,h3449,df4c344475ccabf53b61ffc1e7994050b322c22ce95380a6304904acad174fc9
/lab/px/AnichLabs/cxr-cnn-k8s-benchmark/data/tbx11k/imgs/health/h4794.png,Normal,tbx11k,h4794,b5e7c905297c3e5878203ffab76841d5af276a7ca35cbb6593e1e91bbddf15f3
/lab/px/AnichLabs/cxr-cnn-k8s-benchmark/data/tbx11k/imgs/extra/da+db/train/n40.png,Normal,da+db,n40,93f41e0d86d99658612613271415302d6aa61b2a3c7d0c56ae131e9f08f02808
/lab/px/AnichLabs/cxr-cnn-k8s-benchmark/data/tbx11k/imgs/health/h2238.png,Normal,tbx11k,h2238,6a37f84b1f5e43f7d7e9db1e47c495314b86feef4905127fb5b24ec45f98b106
/lab/px/AnichLabs/cxr-cnn-k8s-benchmark/data/tbx11k/imgs/extra/mc+shenzhen/train/CHNCXR_0052_0.png,Normal,mc+shenzhen,CHNCXR_0052_0,3b519a97d4a80f0fd081f5de95a465eb4d0d0468f30c896cd0e720400d061596
/lab/px/AnichLabs/cxr-cnn-k8s-benchmark/data/tbx11k/imgs/health/h1816.png,Normal,tbx11k,h1816,ebc743459bfafa75a84927b3a7fbf34b85be045302356013e639bf7d94ce4a95
/lab/px/AnichLabs/cxr-cnn-k8s-benchmark/data/tbx11k/imgs/health/h0968.png,Normal,tbx11k,h0968,7a0887dd7dca8e3d4bba0aa3c3f39d51ea3aaa26c05781b4b5267f104aba2f0a
/lab/px/AnichLabs/cxr-cnn-k8s-benchmark/data/tbx11k/imgs/health/h2999.png,Normal,tbx11k,h2999,9a1e55cc1e1e90d6a1f87f2364b81b4c0b8c828db715108cf19edded0370568f
/lab/px/AnichLabs/cxr-cnn-k8s-benchmark/data/tbx11k/imgs/health/h2565.png,Normal,tbx11k,h2565,ebd11c3954b0ce84a31c754a2fc905d0b2dc808fd6c1a2fd8b699ec41cb7ba27
/lab/px/AnichLabs/cxr-cnn-k8s-benchmark/data/tbx11k/imgs/health/h0675.png,Normal,tbx11k,h0675,a3fa5c5dbe5477f2c09abed47672b5a055caf27e5c11ec83995bf792c7a62a64
/lab/px/AnichLabs/cxr-cnn-k8s-benchmark/data/tbx11k/imgs/health/h4406.png,Normal,tbx11k,h4406,cb2e8eb3d747498717bc26914307f2063956dc3bdfd09339df7cc76146ef4652
/lab/px/AnichLabs/cxr-cnn-k8s-benchmark/data/tbx11k/imgs/health/h4586.png,Normal,tbx11k,h4586,73c8f99a9cb0690fb261018834a762b2cbb0bada18c872b0b333f3a7a4b4a5bc
/lab/px/AnichLabs/cxr-cnn-k8s-benchmark/data/tbx11k/imgs/health/h0775.png,Normal,tbx11k,h0775,91d2c6a1771b08142744b6320096c5fcab8a1886e8009d5236728647e54b9ca6
/lab/px/AnichLabs/cxr-cnn-k8s-benchmark/data/tbx11k/imgs/health/h0643.png,Normal,tbx11k,h0643,b361a5792ddbfe7c8a6dc64d5bc3d145ed5700cb0eefc374526b2a0a1f78cf9c
/lab/px/AnichLabs/cxr-cnn-k8s-benchmark/data/tbx11k/imgs/health/h1705.png,Normal,tbx11k,h1705,83cef9702738be3ff60303eaffb19d7fa03141034a194f9abb5ff443f469cb76
/lab/px/AnichLabs/cxr-cnn-k8s-benchmark/data/tbx11k/imgs/health/h3879.png,Normal,tbx11k,h3879,17bafbecdd17bdcae86ee2a9669550c3d156b2b269259f32dca63ab838389b22
/lab/px/AnichLabs/cxr-cnn-k8s-benchmark/data/tbx11k/imgs/health/h0985.png,Normal,tbx11k,h0985,a5809c5c2244c3595a6efdc0ac269ad25566fe20d1fef0a12cc4ddf94f5accde
/lab/px/AnichLabs/cxr-cnn-k8s-benchmark/data/tbx11k/imgs/health/h1676.png,Normal,tbx11k,h1676,7c8e372fefbbc86649a41bb15d72cf5bb7dcc9a936628c3e456b55bf975b50fa
/lab/px/AnichLabs/cxr-cnn-k8s-benchmark/data/tbx11k/imgs/health/h4488.png,Normal,tbx11k,h4488,552310e8e12bc1d45f1bf50be2e35ae84ff7aa755f52b48e62456445a4e31aae
/lab/px/AnichLabs/cxr-cnn-k8s-benchmark/data/tbx11k/imgs/health/h0576.png,Normal,tbx11k,h0576,9210dce1dbcb52589ffb115ab63663d4e247e23c58f4d646210887f032040fab
/lab/px/AnichLabs/cxr-cnn-k8s-benchmark/data/tbx11k/imgs/health/h1996.png,Normal,tbx11k,h1996,5631d82a28632543ee6ca1ccc47f2a74552a3068951b922b6aa56f5a4f90924f
/lab/px/AnichLabs/cxr-cnn-k8s-benchmark/data/tbx11k/imgs/health/h2435.png,Normal,tbx11k,h2435,22669bf50593067b7af56c267c748725006a97df6e8d650d5167d35a5a0c9a4c
/lab/px/AnichLabs/cxr-cnn-k8s-benchmark/data/tbx11k/imgs/health/h2512.png,Normal,tbx11k,h2512,bce31614468d9d6f68d6c411dbb4ca25b1c74bb4e22d912a84ea1b87d1964de4
/lab/px/AnichLabs/cxr-cnn-k8s-benchmark/data/tbx11k/imgs/health/h5000.png,Normal,tbx11k,h5000,c914168299c82b5970edcc3b960a6515ddb16e1c7b4b3026489ea8ec6cf2ade4
/lab/px/AnichLabs/cxr-cnn-k8s-benchmark/data/tbx11k/imgs/health/h2191.png,Normal,tbx11k,h2191,165dc84af3b9e5b66e0f243bf84cf910718a6f6cf313d074fd12db65b823925a
/lab/px/AnichLabs/cxr-cnn-k8s-benchmark/data/tbx11k/imgs/health/h3374.png,Normal,tbx11k,h3374,05a8c0ed5ee5361665981d6bc5c044c4d95296183637a385cafcb8905da58602
/lab/px/AnichLabs/cxr-cnn-k8s-benchmark/data/tbx11k/imgs/health/h1625.png,Normal,tbx11k,h1625,cdca3e76cb541b8b64f5e646a5a4b9e864cf6d227081d2decc7416cab38280ec
/lab/px/AnichLabs/cxr-cnn-k8s-benchmark/data/tbx11k/imgs/health/h1769.png,Normal,tbx11k,h1769,35fb0d60f5bc813065770331f0fde4bf41ea7b11aaa0e4178ef6721ed248e873
/lab/px/AnichLabs/cxr-cnn-k8s-benchmark/data/tbx11k/imgs/health/h4268.png,Normal,tbx11k,h4268,d2abc852e9d65fa9e2d3feeb40854e07324622702667feaf6785e458f076a955
/lab/px/AnichLabs/cxr-cnn-k8s-benchmark/data/tbx11k/imgs/health/h4062.png,Normal,tbx11k,h4062,b25d6d0d74063d550d703884cd4dbaf0c0f9cbc1aedbea9d07147269cac48cd6
/lab/px/AnichLabs/cxr-cnn-k8s-benchmark/data/tbx11k/imgs/health/h3145.png,Normal,tbx11k,h3145,cea1f41beeb07c0cb5c012d16eb62add806edd9f198d4923d337f68dd10d0236
/lab/px/AnichLabs/cxr-cnn-k8s-benchmark/data/tbx11k/imgs/health/h1220.png,Normal,tbx11k,h1220,499a72bca00e2d2bf5c830e0dd7561c6a4cefa9a8449b491ea86081411644299
/lab/px/AnichLabs/cxr-cnn-k8s-benchmark/data/tbx11k/imgs/health/h4451.png,Normal,tbx11k,h4451,f266a32ee8cf067f2e32c3fb8d36bc80062f69d845c61824be2f341d6e80c1e0
/lab/px/AnichLabs/cxr-cnn-k8s-benchmark/data/tbx11k/imgs/health/h1888.png,Normal,tbx11k,h1888,79df11763563c207ab8c01e9ac289bc0770aefe1a65eb546ab1fff19b958b6e6
/lab/px/AnichLabs/cxr-cnn-k8s-benchmark/data/tbx11k/imgs/health/h1753.png,Normal,tbx11k,h1753,1d408c014ddbf5100550445f1ebe63f79b774d845b5ec5ac31e535f52c4d07db
/lab/px/AnichLabs/cxr-cnn-k8s-benchmark/data/tbx11k/imgs/health/h2894.png,Normal,tbx11k,h2894,37c85f6e8461fd51d718b7d14f1381363b3f3eb4513c517c9e4ef8eade29ec95
/lab/px/AnichLabs/cxr-cnn-k8s-benchmark/data/tbx11k/imgs/health/h4700.png,Normal,tbx11k,h4700,3a47e8e5fafeae48e19ec7533c42ac2e2d1eb0a3afbd3d8d2113e982adff1dcd
/lab/px/AnichLabs/cxr-cnn-k8s-benchmark/data/tbx11k/imgs/health/h2334.png,Normal,tbx11k,h2334,e8d254e4a74185a2daea6f2980550e6e5c9156013fe60b314f76633850351ac1
/lab/px/AnichLabs/cxr-cnn-k8s-benchmark/data/tbx11k/imgs/extra/da+db/val/nx31.jpg,Normal,da+db,nx31,9be012b78963f5ed5152c44464ff661b065e3322438219a404f465d7ea308682
/lab/px/AnichLabs/cxr-cnn-k8s-benchmark/data/tbx11k/imgs/health/h2946.png,Normal,tbx11k,h2946,67dc7f238a07e17b20188abbf45a5101db350a8e41e115e404a9ae9c749146ca
/lab/px/AnichLabs/cxr-cnn-k8s-benchmark/data/tbx11k/imgs/health/h2786.png,Normal,tbx11k,h2786,f346eaaa655a3250e1b4ddc35b9925e9acf72825e99be956e8bf0003d8f38e98
/lab/px/AnichLabs/cxr-cnn-k8s-benchmark/data/tbx11k/imgs/health/h3953.png,Normal,tbx11k,h3953,1b6aac945cc3bc397af68a09cb87a0f9a0411dd55523d7b4f48947075e754f9a
/lab/px/AnichLabs/cxr-cnn-k8s-benchmark/data/tbx11k/imgs/health/h3454.png,Normal,tbx11k,h3454,51da959d659c354b08f0c3940ff12ce0425cb55ae9571f84a7db203fd20a0239
/lab/px/AnichLabs/cxr-cnn-k8s-benchmark/data/tbx11k/imgs/health/h1479.png,Normal,tbx11k,h1479,c95cd5b9284dcfebdac025157efce0801e250981a882c213bae85ee06b3d59f3
/lab/px/AnichLabs/cxr-cnn-k8s-benchmark/data/tbx11k/imgs/health/h4801.png,Normal,tbx11k,h4801,8ac5db4bbf0efcf56bbafac6c9fac58f82afbc9507dabe2a863ec4f2c88863b7
/lab/px/AnichLabs/cxr-cnn-k8s-benchmark/data/tbx11k/imgs/health/h2828.png,Normal,tbx11k,h2828,2204264685812e24c87665fc0610d3fc8bc774be90218d0fc13321a7fc6c1e02
/lab/px/AnichLabs/cxr-cnn-k8s-benchmark/data/tbx11k/imgs/health/h3878.png,Normal,tbx11k,h3878,cc939b917aaf2531161768568c57b1f03e3157fc62e7e4f65e09576e9fef1259
/lab/px/AnichLabs/cxr-cnn-k8s-benchmark/data/tbx11k/imgs/health/h3484.png,Normal,tbx11k,h3484,b4eb8287ffc5b996daeda37128ea7ac52e5e819e12b605732e0d9a6c156f30b1
/lab/px/AnichLabs/cxr-cnn-k8s-benchmark/data/tbx11k/imgs/health/h2024.png,Normal,tbx11k,h2024,72f683928a6cbdafd8dd0a1ea7ab7412d84593ab4673661ab66e1b7fda973f23
/lab/px/AnichLabs/cxr-cnn-k8s-benchmark/data/tbx11k/imgs/health/h1236.png,Normal,tbx11k,h1236,102a16e4766dca8c0e4cb431f27e8a91f40baac77e4be43da0d1e16a290b76be
/lab/px/AnichLabs/cxr-cnn-k8s-benchmark/data/tbx11k/imgs/health/h0813.png,Normal,tbx11k,h0813,b104a103376b9956b961a70023bd51bdaeb732772742ff9aa2d10f62ee3f79f0
/lab/px/AnichLabs/cxr-cnn-k8s-benchmark/data/tbx11k/imgs/health/h3307.png,Normal,tbx11k,h3307,0d73c976a24f9f7f956fd88400922dcebe8c9e6725c8a4fc9dbf1525ee16eb28
/lab/px/AnichLabs/cxr-cnn-k8s-benchmark/data/tbx11k/imgs/health/h0084.png,Normal,tbx11k,h0084,81df4dc598b62a513be56a69fcbc3bed046b37d3f132fd61b92da9bb5653eed9
/lab/px/AnichLabs/cxr-cnn-k8s-benchmark/data/tbx11k/imgs/health/h0104.png,Normal,tbx11k,h0104,e627ec07faebce820e0286edb8633f920ceb719b7fb2c7afe1612cdf59cb4b7c
/lab/px/AnichLabs/cxr-cnn-k8s-benchmark/data/tbx11k/imgs/health/h3457.png,Normal,tbx11k,h3457,b0e03b3196d9b28cd7d6886289aad0fc53f51ddce6341a721e560e5acd93c634
/lab/px/AnichLabs/cxr-cnn-k8s-benchmark/data/tbx11k/imgs/extra/mc+shenzhen/val/CHNCXR_0093_0.png,Normal,mc+shenzhen,CHNCXR_0093_0,5541adeb54f54c59545adb7a89fd32de74973c7d9cc3eca432586bf72eebb4e5
/lab/px/AnichLabs/cxr-cnn-k8s-benchmark/data/tbx11k/imgs/health/h3520.png,Normal,tbx11k,h3520,8436760872771cc6cc7d2a1f9429b31e35355a7af535c73fe9f8c4f917f158e3
/lab/px/AnichLabs/cxr-cnn-k8s-benchmark/data/tbx11k/imgs/health/h0512.png,Normal,tbx11k,h0512,baa6e8872b34af91ab85481aa57dcee31afdabc6f9715d24f6b736f65e821be8
/lab/px/AnichLabs/cxr-cnn-k8s-benchmark/data/tbx11k/imgs/health/h0577.png,Normal,tbx11k,h0577,48d87d6d6c4e4a6a8cb657c482ea8f45b23909b895c689c5b0c87484c7dfb8ef
/lab/px/AnichLabs/cxr-cnn-k8s-benchmark/data/tbx11k/imgs/health/h2328.png,Normal,tbx11k,h2328,17df3a22104e4209b7b490b857faeb9a49b0cf02cb778c23b18c8c08f0948c45
/lab/px/AnichLabs/cxr-cnn-k8s-benchmark/data/tbx11k/imgs/health/h3624.png,Normal,tbx11k,h3624,944d1d40e0c9069478676a25ad17d81b3724aa5a9477cabcbb055ac8a18b2c93
/lab/px/AnichLabs/cxr-cnn-k8s-benchmark/data/tbx11k/imgs/health/h4351.png,Normal,tbx11k,h4351,060a739eafbe1f20a0d9137db914e55beffade82818962a458ba877f6cc56854
/lab/px/AnichLabs/cxr-cnn-k8s-benchmark/data/tbx11k/imgs/health/h3228.png,Normal,tbx11k,h3228,ada41c5d1676f43594e2eb76748b5f198aa7c5aabed8aee4747d54fb8a70ade0
/lab/px/AnichLabs/cxr-cnn-k8s-benchmark/data/tbx11k/imgs/health/h0061.png,Normal,tbx11k,h0061,9a28f27cf7a38e6ae3049b387df55ca413273a33122058bf88365e01272eabff
/lab/px/AnichLabs/cxr-cnn-k8s-benchmark/data/tbx11k/imgs/health/h3650.png,Normal,tbx11k,h3650,f3d872d34a59eaaae7497b2e03093c4ed535a1ee869479f79758c8561e8c2cb9
/lab/px/AnichLabs/cxr-cnn-k8s-benchmark/data/tbx11k/imgs/health/h2158.png,Normal,tbx11k,h2158,6aa7f4bdaef6b23a2228411fbff29f6d2d13fd767808a0bbec819c16c29ed037
/lab/px/AnichLabs/cxr-cnn-k8s-benchmark/data/tbx11k/imgs/health/h3962.png,Normal,tbx11k,h3962,8f4d14a8c4484f631ced7d4c662d933096bb170e7ca45e65533619faf5921d17
/lab/px/AnichLabs/cxr-cnn-k8s-benchmark/data/tbx11k/imgs/health/h1529.png,Normal,tbx11k,h1529,7bff67779be4f919111ed06006ddf04400ecfb661b95c4de8dd36f82badf0ea8
/lab/px/AnichLabs/cxr-cnn-k8s-benchmark/data/tbx11k/imgs/health/h0154.png,Normal,tbx11k,h0154,b9e7d69a0379b51cd3eed734c785d22a744ab810ddd4c8ed69540c305285c7e0
/lab/px/AnichLabs/cxr-cnn-k8s-benchmark/data/tbx11k/imgs/health/h2223.png,Normal,tbx11k,h2223,623da594d0dee6f86ae2db302c90cc1fe11307c773ef7c108682a719351011c3
/lab/px/AnichLabs/cxr-cnn-k8s-benchmark/data/tbx11k/imgs/health/h4527.png,Normal,tbx11k,h4527,350778db1494f127dfc2dc9f647731a5cf5db397c59b60be2c9f43c0c07b79fa
/lab/px/AnichLabs/cxr-cnn-k8s-benchmark/data/tbx11k/imgs/health/h2926.png,Normal,tbx11k,h2926,1add0c368c14bc56c38a2010bd52e1c8d8ec075f7ad2eb7e218119b540a38bb5
/lab/px/AnichLabs/cxr-cnn-k8s-benchmark/data/tbx11k/imgs/health/h2206.png,Normal,tbx11k,h2206,c7441f40d40a0da17babe8266ac130cc52432b66e8ed2ec995586720b486020b
/lab/px/AnichLabs/cxr-cnn-k8s-benchmark/data/tbx11k/imgs/health/h4607.png,Normal,tbx11k,h4607,a9175d6c8075a811f22c35abc8c3bc6afc25b3044daaa8c06a0a1fed14ead2d5
/lab/px/AnichLabs/cxr-cnn-k8s-benchmark/data/tbx11k/imgs/health/h3297.png,Normal,tbx11k,h3297,677ed96bbfc0b01c7944aaa32ef17c35d7539b8cedbcd1528f2f2baf3889b1ec
/lab/px/AnichLabs/cxr-cnn-k8s-benchmark/data/tbx11k/imgs/health/h0867.png,Normal,tbx11k,h0867,fa16cb6edb98f3be065890560c9d9a9e831eebd130715b891d6d5405dc9e2fd6
/lab/px/AnichLabs/cxr-cnn-k8s-benchmark/data/tbx11k/imgs/health/h1568.png,Normal,tbx11k,h1568,f5c1cb5f414fc45a742627717df598b3b958f0d26608b5c310dc888a5a4b9a21
/lab/px/AnichLabs/cxr-cnn-k8s-benchmark/data/tbx11k/imgs/health/h3354.png,Normal,tbx11k,h3354,e5d6ad2b90d9b4371bdcbbd8192d534ef1493338837b89925defb3abebcefc5e
/lab/px/AnichLabs/cxr-cnn-k8s-benchmark/data/tbx11k/imgs/health/h1339.png,Normal,tbx11k,h1339,c173e1a8d5c0dd34c08c9e6040393aa989701cd0519286915332c1275874e6dd
/lab/px/AnichLabs/cxr-cnn-k8s-benchmark/data/tbx11k/imgs/health/h3058.png,Normal,tbx11k,h3058,51cb70b46d659599a04a19aba3e5b42b0aaa3b88826ed1894032a253ee56f22f
/lab/px/AnichLabs/cxr-cnn-k8s-benchmark/data/tbx11k/imgs/health/h1518.png,Normal,tbx11k,h1518,84399397e98fd8dc0adb00aba19126459a32bf88599089ff796b1f208816b713
/lab/px/AnichLabs/cxr-cnn-k8s-benchmark/data/tbx11k/imgs/health/h1026.png,Normal,tbx11k,h1026,fe26c1f88f3d2b9bccf620f3ba4f8b12707d9c83e5228dec53eeea6cf341a61f
/lab/px/AnichLabs/cxr-cnn-k8s-benchmark/data/tbx11k/imgs/extra/mc+shenzhen/val/CHNCXR_0119_0.png,Normal,mc+shenzhen,CHNCXR_0119_0,6b10e660f17035c892a0e97d00a267276ae293cfb2d2f5c4f82cc949c396b2ed
/lab/px/AnichLabs/cxr-cnn-k8s-benchmark/data/tbx11k/imgs/health/h4036.png,Normal,tbx11k,h4036,81e247e573be99f394488cda88dec23a3748fd2fbab7d9fae3f68bd1fd688357
/lab/px/AnichLabs/cxr-cnn-k8s-benchmark/data/tbx11k/imgs/health/h0038.png,Normal,tbx11k,h0038,acc983f14ce8b373359a4d8b5a4e7a88d518d83ee3e5f42616d46784c4999fcc
/lab/px/AnichLabs/cxr-cnn-k8s-benchmark/data/tbx11k/imgs/health/h0694.png,Normal,tbx11k,h0694,d87d7a79653444cfa1dfbc8b5859a8a7bcd3b339886fe2a88c26e2f608f03d1a
/lab/px/AnichLabs/cxr-cnn-k8s-benchmark/data/tbx11k/imgs/health/h2638.png,Normal,tbx11k,h2638,ceb4deff37583d212c067eeae771d0d3135bff19d8e8948dcd9334000ea7c7d7
/lab/px/AnichLabs/cxr-cnn-k8s-benchmark/data/tbx11k/imgs/health/h3994.png,Normal,tbx11k,h3994,cf7e0bb4418e389c3b533639b0698ce479f87787febf8e8c3ce11f1c420ab62c
/lab/px/AnichLabs/cxr-cnn-k8s-benchmark/data/tbx11k/imgs/extra/mc+shenzhen/val/CHNCXR_0193_0.png,Normal,mc+shenzhen,CHNCXR_0193_0,ceb5dbc8f4feed2809ff2b0b82fee0d964eea8e4790bd6cb9526fadb3f5ad39b
/lab/px/AnichLabs/cxr-cnn-k8s-benchmark/data/tbx11k/imgs/health/h0588.png,Normal,tbx11k,h0588,692a1606a7b64bccc60b640b15fdbf19bd9f35422521a0091e5624739380554d
/lab/px/AnichLabs/cxr-cnn-k8s-benchmark/data/tbx11k/imgs/health/h4746.png,Normal,tbx11k,h4746,d07f7ac18b499a41df6b96eae5675820d8d58d67e7b42cc87ab922803b263bdf
/lab/px/AnichLabs/cxr-cnn-k8s-benchmark/data/tbx11k/imgs/health/h2818.png,Normal,tbx11k,h2818,16539d451711522e217530d7aa41024b97f0d04196a5cde5463afa22d565d88c
/lab/px/AnichLabs/cxr-cnn-k8s-benchmark/data/tbx11k/imgs/health/h4267.png,Normal,tbx11k,h4267,6a18e33acd469276f32e6d39e1235aeabaae69507fd2a69bbf8a663c59459386
/lab/px/AnichLabs/cxr-cnn-k8s-benchmark/data/tbx11k/imgs/health/h3884.png,Normal,tbx11k,h3884,f0d587fc9efafbee233e3086bc0217255543ee6f53455332e32a0b5a15912775
/lab/px/AnichLabs/cxr-cnn-k8s-benchmark/data/tbx11k/imgs/extra/mc+shenzhen/val/CHNCXR_0046_0.png,Normal,mc+shenzhen,CHNCXR_0046_0,737010a3c3377dda46122b3e7f803b7eed717df6137effb16f1c0bed1953068c
/lab/px/AnichLabs/cxr-cnn-k8s-benchmark/data/tbx11k/imgs/health/h2216.png,Normal,tbx11k,h2216,98f828f550cca211472d9703bfb8f38759b970a2e91afd71549a1c7b96a61981
/lab/px/AnichLabs/cxr-cnn-k8s-benchmark/data/tbx11k/imgs/extra/da+db/train/nx35.jpg,Normal,da+db,nx35,a331b9d2dbc85ae68d3920b60ba40b2cad93fea3149b8a41d0bedfa93c18bded
/lab/px/AnichLabs/cxr-cnn-k8s-benchmark/data/tbx11k/imgs/health/h0726.png,Normal,tbx11k,h0726,c25ce08ec035036258c57e9d1d1c0b2a14bb237753602d09a4443406299d6e05
/lab/px/AnichLabs/cxr-cnn-k8s-benchmark/data/tbx11k/imgs/health/h1141.png,Normal,tbx11k,h1141,ee93f0b0496e6e5c9b7455c48c4d1f327d0b47f92d4ae06c2e516bd1818005b1
/lab/px/AnichLabs/cxr-cnn-k8s-benchmark/data/tbx11k/imgs/health/h3609.png,Normal,tbx11k,h3609,294653be8d94738e88f39dff164eb6f88ed204f57f42ffa93dbacb85938cd13a
/lab/px/AnichLabs/cxr-cnn-k8s-benchmark/data/tbx11k/imgs/health/h1160.png,Normal,tbx11k,h1160,7ce2880bdd48536073ef20372c2ac18a1ae67f094b4b05d9d56cb0a085cf9722
/lab/px/AnichLabs/cxr-cnn-k8s-benchmark/data/tbx11k/imgs/health/h4366.png,Normal,tbx11k,h4366,77fe395c105e606d5bb21931d1cc52ca684b7cdd70ef1645d3ee1cec73925d0c
/lab/px/AnichLabs/cxr-cnn-k8s-benchmark/data/tbx11k/imgs/health/h0549.png,Normal,tbx11k,h0549,f7cb53b1db59c22af0b72466131bf209caafbe6cd58b135cf9fa830dfba6d328
/lab/px/AnichLabs/cxr-cnn-k8s-benchmark/data/tbx11k/imgs/health/h3868.png,Normal,tbx11k,h3868,a6fc81d27daf8bc83358fc4dfa9fb7520dda06d68719050345e488a12d020f7a
/lab/px/AnichLabs/cxr-cnn-k8s-benchmark/data/tbx11k/imgs/health/h3458.png,Normal,tbx11k,h3458,e9db60a3479144ade38ce3625a6470040717e2588fbc997a98f8d26de8e5cb88
/lab/px/AnichLabs/cxr-cnn-k8s-benchmark/data/tbx11k/imgs/health/h2573.png,Normal,tbx11k,h2573,1d9832541a9de95e5a5589811bc6ab8046292f9e11af5d4a12d89dc08e03f4ae
/lab/px/AnichLabs/cxr-cnn-k8s-benchmark/data/tbx11k/imgs/health/h2662.png,Normal,tbx11k,h2662,e62b92edb2b4127be405423249323c6cd1102b2f064b5c8e94c3fb9870ff112b
/lab/px/AnichLabs/cxr-cnn-k8s-benchmark/data/tbx11k/imgs/health/h0227.png,Normal,tbx11k,h0227,4c0dd61645c4248a667cafdf48391dd756fd33828d0257c54eb98b330d4545db
/lab/px/AnichLabs/cxr-cnn-k8s-benchmark/data/tbx11k/imgs/health/h4455.png,Normal,tbx11k,h4455,16d6f9a8739bdba4ff74e8241cf0fd6b91f04c91a44340edd359b42c35342974
/lab/px/AnichLabs/cxr-cnn-k8s-benchmark/data/tbx11k/imgs/health/h1420.png,Normal,tbx11k,h1420,264b72a33f07f02584cf97a9efa6cf28f8560c959f2ecb9bdc7b2fa5229dde62
/lab/px/AnichLabs/cxr-cnn-k8s-benchmark/data/tbx11k/imgs/health/h3697.png,Normal,tbx11k,h3697,8a41107bc1c29c4832102ad45047c0f04d23b33288801e945fe731842291e237
/lab/px/AnichLabs/cxr-cnn-k8s-benchmark/data/tbx11k/imgs/health/h3182.png,Normal,tbx11k,h3182,124b1ea2d7fa902fde4359c70475eed1b2b8c9715a3c808f597cb6cabb4bbf89
/lab/px/AnichLabs/cxr-cnn-k8s-benchmark/data/tbx11k/imgs/health/h1011.png,Normal,tbx11k,h1011,1b733c872ad0206e745f53d56547c3fe68c083e65222a4d36b2dd7614285b92c
/lab/px/AnichLabs/cxr-cnn-k8s-benchmark/data/tbx11k/imgs/health/h4173.png,Normal,tbx11k,h4173,02d50055ac6401a17e2e3ee29167f4b9d9c56656a78d0339640107f0e8d00699
/lab/px/AnichLabs/cxr-cnn-k8s-benchmark/data/tbx11k/imgs/health/h1549.png,Normal,tbx11k,h1549,22497615a0da0b7582d206f40a940ae528100e4b946270c35b10f2c88180fc54
/lab/px/AnichLabs/cxr-cnn-k8s-benchmark/data/tbx11k/imgs/health/h0043.png,Normal,tbx11k,h0043,7e89c780b9a98ede6601b6c4945c531f76bbda38154d52a24afd9da043919ae4
/lab/px/AnichLabs/cxr-cnn-k8s-benchmark/data/tbx11k/imgs/health/h0221.png,Normal,tbx11k,h0221,54ca63dd854a563a6e458e8f29487f84aaabd0bc48c5feb6ecd50984ece7616c
/lab/px/AnichLabs/cxr-cnn-k8s-benchmark/data/tbx11k/imgs/health/h4383.png,Normal,tbx11k,h4383,b46f353e81f76fa60eac62f2e8935311cf7a9c0851fb808065fe286088a45bda
/lab/px/AnichLabs/cxr-cnn-k8s-benchmark/data/tbx11k/imgs/health/h1926.png,Normal,tbx11k,h1926,585b5c342828e96499700c9c3cb00d4d11ead9739970643bd5c3deb8c1552451
/lab/px/AnichLabs/cxr-cnn-k8s-benchmark/data/tbx11k/imgs/health/h1089.png,Normal,tbx11k,h1089,4927af71e620695c6c88a380deadaf512cf0b250c5871ccb2b3302d0989aebbf
/lab/px/AnichLabs/cxr-cnn-k8s-benchmark/data/tbx11k/imgs/health/h3709.png,Normal,tbx11k,h3709,acd965cfb43a5d668c47780180e4c931907ad206422cfd12870f41cda6c75c51
/lab/px/AnichLabs/cxr-cnn-k8s-benchmark/data/tbx11k/imgs/health/h2029.png,Normal,tbx11k,h2029,7c3f905b9eb6e679d0cea5c088b57edf35349a0f1afc35b7738acfe73ca69ea5
/lab/px/AnichLabs/cxr-cnn-k8s-benchmark/data/tbx11k/imgs/health/h4034.png,Normal,tbx11k,h4034,0d3bb8a74bd139d469f5800c73efc51cfbfa517cf0a42a6ffff587d8eaedfa54
/lab/px/AnichLabs/cxr-cnn-k8s-benchmark/data/tbx11k/imgs/health/h2651.png,Normal,tbx11k,h2651,7e6ef01db1751842a2f7d9ad77f171231d41a58cf32cfc8cfd93d7b060857091
/lab/px/AnichLabs/cxr-cnn-k8s-benchmark/data/tbx11k/imgs/health/h4659.png,Normal,tbx11k,h4659,72a4afd166dfb634913fb772f0f7aa97ef01f24082e37126ed601ae8e021cc3f
/lab/px/AnichLabs/cxr-cnn-k8s-benchmark/data/tbx11k/imgs/health/h0931.png,Normal,tbx11k,h0931,3bd447061cacdbf6c9772e94b4c464c9081b8159de237c7ad43ba2abc434c2bd
/lab/px/AnichLabs/cxr-cnn-k8s-benchmark/data/tbx11k/imgs/health/h4906.png,Normal,tbx11k,h4906,b32f36cc06408fc754f820b29f81e9d3b2a9ae55fbfb4d04988b21c7fa3a1010
/lab/px/AnichLabs/cxr-cnn-k8s-benchmark/data/tbx11k/imgs/health/h1494.png,Normal,tbx11k,h1494,5ef57138e4dfdd5b10f5c92902801d0789f6c1e6709cd670e6c0a60a53e0079e
/lab/px/AnichLabs/cxr-cnn-k8s-benchmark/data/tbx11k/imgs/health/h2275.png,Normal,tbx11k,h2275,7eb4c70ae3aa195738afd2731228eff8b96e2465cbfce96fcd5d43cc0f19773e
/lab/px/AnichLabs/cxr-cnn-k8s-benchmark/data/tbx11k/imgs/health/h0350.png,Normal,tbx11k,h0350,975c7e1155f91337e6861e10c2542cf8a52f3bb7371201368db0f28156eb80f2
/lab/px/AnichLabs/cxr-cnn-k8s-benchmark/data/tbx11k/imgs/health/h3640.png,Normal,tbx11k,h3640,f58d58645d91c360f52023011dcc095d9a7ffb0bc17c99eb2b8d81e20c56eb38
/lab/px/AnichLabs/cxr-cnn-k8s-benchmark/data/tbx11k/imgs/health/h4646.png,Normal,tbx11k,h4646,881c4c9851913d05dc287acbe7a91ab64f9588301d639e6ea2fc82f2c1e6e51c
/lab/px/AnichLabs/cxr-cnn-k8s-benchmark/data/tbx11k/imgs/health/h4112.png,Normal,tbx11k,h4112,a1740329bfa3f443f6c35d92b08f1da22acfdc0886d54d282de7e1ee82954fa5
/lab/px/AnichLabs/cxr-cnn-k8s-benchmark/data/tbx11k/imgs/health/h0241.png,Normal,tbx11k,h0241,cab7d6323d4e97b5587b1ff64cd8551eb8cf9e243d79d16bcb8dcd0c5d629221
/lab/px/AnichLabs/cxr-cnn-k8s-benchmark/data/tbx11k/imgs/health/h2482.png,Normal,tbx11k,h2482,77f6c1aa32c77d372698b5566acf75e7a11820e96d9b3f515f455f45555409c9
/lab/px/AnichLabs/cxr-cnn-k8s-benchmark/data/tbx11k/imgs/health/h2928.png,Normal,tbx11k,h2928,f86c1ef268bc5d2819d34e9e49c930d658d118e5b9f322ff1c380733a796e4cf
/lab/px/AnichLabs/cxr-cnn-k8s-benchmark/data/tbx11k/imgs/health/h4407.png,Normal,tbx11k,h4407,6bb5eb6aa9bd5ddacaf1b492c2e13c8f29e83d58398069ea940b979998f1a95d
/lab/px/AnichLabs/cxr-cnn-k8s-benchmark/data/tbx11k/imgs/health/h0975.png,Normal,tbx11k,h0975,1a92261a224c223d9b0d1616fab276cb78a6e98b4e75d7616223f9a525feb776
/lab/px/AnichLabs/cxr-cnn-k8s-benchmark/data/tbx11k/imgs/health/h1237.png,Normal,tbx11k,h1237,e150998e6b66ccb5a9a36f74d9f7aeb5d73059f2ffc0087710ccd8a7002d742b
/lab/px/AnichLabs/cxr-cnn-k8s-benchmark/data/tbx11k/imgs/extra/mc+shenzhen/train/CHNCXR_0254_0.png,Normal,mc+shenzhen,CHNCXR_0254_0,4e3ce53e2b8bbb45b0d832940b0e065f400bd3651aed70ee2eb5ca2b7086b4e2
/lab/px/AnichLabs/cxr-cnn-k8s-benchmark/data/tbx11k/imgs/health/h0289.png,Normal,tbx11k,h0289,208640e9871917c820fe29d8d1effbf1a604ad054d658f967cc621aa88e7afda
/lab/px/AnichLabs/cxr-cnn-k8s-benchmark/data/tbx11k/imgs/extra/da+db/val/nx3.jpg,Normal,da+db,nx3,bd248f152c38a9b4e3d5a835b8c63f0f1dc59099f1390e301fa81e8764afeca3
/lab/px/AnichLabs/cxr-cnn-k8s-benchmark/data/tbx11k/imgs/health/h1537.png,Normal,tbx11k,h1537,e304e4e80562a13b01b26d9668911b02c4141bb55e5480528a1762defe0db180
/lab/px/AnichLabs/cxr-cnn-k8s-benchmark/data/tbx11k/imgs/health/h3448.png,Normal,tbx11k,h3448,8b36c2a0d6b3572e39ab1a4cf559df745dd6ed0a798417573c0e957b27ae6c49
/lab/px/AnichLabs/cxr-cnn-k8s-benchmark/data/tbx11k/imgs/health/h3502.png,Normal,tbx11k,h3502,3d386ffb7dcb9a79a9f0545abf23c24f3c114357d01aaef43b62ee2b38638d6b
/lab/px/AnichLabs/cxr-cnn-k8s-benchmark/data/tbx11k/imgs/health/h1831.png,Normal,tbx11k,h1831,fdfb1db3a7bc2a55274f444b62f4bf66760352ee8006a426eb4b75a08f0f93d7
/lab/px/AnichLabs/cxr-cnn-k8s-benchmark/data/tbx11k/imgs/extra/da+db/train/n14.png,Normal,da+db,n14,10585b269b9990a85b6654782413a819d855dd827a8aef7ef9828e7d0a0a3a63
/lab/px/AnichLabs/cxr-cnn-k8s-benchmark/data/tbx11k/imgs/extra/da+db/train/n3.png,Normal,da+db,n3,1727f100a8583b9a51350f4de354043212d5a859d4f15267f611df4f2843280e
/lab/px/AnichLabs/cxr-cnn-k8s-benchmark/data/tbx11k/imgs/health/h4914.png,Normal,tbx11k,h4914,4a988773d043ff71fa08c70152bad848c470f25cae31f3e28efeb798bfbe02dd
/lab/px/AnichLabs/cxr-cnn-k8s-benchmark/data/tbx11k/imgs/health/h1879.png,Normal,tbx11k,h1879,8d809e47d9290c1a72ba4eafacc5af362df0b22946e015e6ba43098639c76b8c
/lab/px/AnichLabs/cxr-cnn-k8s-benchmark/data/tbx11k/imgs/health/h3358.png,Normal,tbx11k,h3358,8fc8002bdd3296f32cf6376c7028ecc9d55b76790f2a6a701d31c34581ee98eb
/lab/px/AnichLabs/cxr-cnn-k8s-benchmark/data/tbx11k/imgs/health/h2317.png,Normal,tbx11k,h2317,a0406575130a8beed67ccb7c819e0d8ea3dc9ffb47af51e75f0f5136f18bac1f
/lab/px/AnichLabs/cxr-cnn-k8s-benchmark/data/tbx11k/imgs/health/h3109.png,Normal,tbx11k,h3109,d32364140958e4b39775633b72e7f467912370e0a0307a701563c0a98ae0c8ed
/lab/px/AnichLabs/cxr-cnn-k8s-benchmark/data/tbx11k/imgs/health/h1787.png,Normal,tbx11k,h1787,3c81a41b39b42750135afaefebcdbd6affff32c8a4fd71cff256723d129f46f8
/lab/px/AnichLabs/cxr-cnn-k8s-benchmark/data/tbx11k/imgs/health/h2586.png,Normal,tbx11k,h2586,f4b2339cce380f85ddf44af3db064df49b9d663f6ec1aef343d974014defe2a2
/lab/px/AnichLabs/cxr-cnn-k8s-benchmark/data/tbx11k/imgs/health/h2346.png,Normal,tbx11k,h2346,b0fabc59f70e6c378b245acf426b3841b5a581d530158d89cb8189bab346d71c
/lab/px/AnichLabs/cxr-cnn-k8s-benchmark/data/tbx11k/imgs/health/h3453.png,Normal,tbx11k,h3453,90bfd5c08d4aaee4f3fd7598624437f8b19c41256fbf78777c53747bc352a8a2
/lab/px/AnichLabs/cxr-cnn-k8s-benchmark/data/tbx11k/imgs/health/h1635.png,Normal,tbx11k,h1635,73c4f25e702cffc9d983fc6979f25c29258475f08af4667159febf5b7639f16a
/lab/px/AnichLabs/cxr-cnn-k8s-benchmark/data/tbx11k/imgs/health/h1196.png,Normal,tbx11k,h1196,ec4c58d63f50d6b1fb4bc945e1d9b6a8c590142139d3446539064768be7c6b88
/lab/px/AnichLabs/cxr-cnn-k8s-benchmark/data/tbx11k/imgs/extra/da+db/train/n37.png,Normal,da+db,n37,55a4b315e317eb244ce97d927d6a21e52506d03465494ece7719642e1fb3095f
/lab/px/AnichLabs/cxr-cnn-k8s-benchmark/data/tbx11k/imgs/health/h4810.png,Normal,tbx11k,h4810,5089717252e07ca037c358249354c44b5b85a4015160b52d9c93232e4e1fad17
/lab/px/AnichLabs/cxr-cnn-k8s-benchmark/data/tbx11k/imgs/health/h2606.png,Normal,tbx11k,h2606,d1db979a70824994732252a042e4ed466ce54c7f26424ecd6239c7b0496ecc31
/lab/px/AnichLabs/cxr-cnn-k8s-benchmark/data/tbx11k/imgs/health/h4839.png,Normal,tbx11k,h4839,f88e6d3e8eb711ca0a20de690f2c164129ea57aa03df4d674ffe1c754546d65f
/lab/px/AnichLabs/cxr-cnn-k8s-benchmark/data/tbx11k/imgs/health/h4596.png,Normal,tbx11k,h4596,7388265b8a94df39176806f154375afb33301fecf92c9897c89d321c1d51e355
/lab/px/AnichLabs/cxr-cnn-k8s-benchmark/data/tbx11k/imgs/health/h0006.png,Normal,tbx11k,h0006,ea26176bfd5a4c82a9b103248f7e2a143bc500c60cd35d06228e32bfa0646820
/lab/px/AnichLabs/cxr-cnn-k8s-benchmark/data/tbx11k/imgs/health/h2535.png,Normal,tbx11k,h2535,e624528452242c1d5e3f326b4090b134031b8313023b3017d45f8ce8cd8b293d
/lab/px/AnichLabs/cxr-cnn-k8s-benchmark/data/tbx11k/imgs/health/h0432.png,Normal,tbx11k,h0432,07597e4ee81d35e31f1f78f4d4e8156fb266af698365d46ed327f159ad1de003
/lab/px/AnichLabs/cxr-cnn-k8s-benchmark/data/tbx11k/imgs/health/h2190.png,Normal,tbx11k,h2190,0dbe4e0cedd5bd5ffada17a951dcf8e2e21403e281fd597d95123de67751616f
/lab/px/AnichLabs/cxr-cnn-k8s-benchmark/data/tbx11k/imgs/health/h1408.png,Normal,tbx11k,h1408,6a3b31ada4c72db2fe6fd917e02ee9df4968ab939b7ef5cadeb842dc9a2ae784
/lab/px/AnichLabs/cxr-cnn-k8s-benchmark/data/tbx11k/imgs/health/h3517.png,Normal,tbx11k,h3517,e664aa8eaf4143011d81a9bad32aee2e0150dc5a1aa13528dd0c0be878ce9a37
/lab/px/AnichLabs/cxr-cnn-k8s-benchmark/data/tbx11k/imgs/health/h4575.png,Normal,tbx11k,h4575,dd4bfed13ee47e240a47ab2d056182dc7d4acb29eb2885879018d8dd304b5575
/lab/px/AnichLabs/cxr-cnn-k8s-benchmark/data/tbx11k/imgs/health/h1892.png,Normal,tbx11k,h1892,75e16bd1bc53741b7ff9cce82999f8b4583ac1be64b67a59807b14d039161475
/lab/px/AnichLabs/cxr-cnn-k8s-benchmark/data/tbx11k/imgs/health/h0766.png,Normal,tbx11k,h0766,090ad964f36d808cdf408e6b27ffaf503d279e88bee89384f2e3c7ae01dd7387
/lab/px/AnichLabs/cxr-cnn-k8s-benchmark/data/tbx11k/imgs/health/h2630.png,Normal,tbx11k,h2630,68ff674e0660497dafcd50c3ff7868120bb949a9355c5cb2aaec6b0a65235dd6
/lab/px/AnichLabs/cxr-cnn-k8s-benchmark/data/tbx11k/imgs/health/h4733.png,Normal,tbx11k,h4733,cdf76d166d85aff3931a04f586632a103e53b44939cf5d2be26c10d9b0fdd406
/lab/px/AnichLabs/cxr-cnn-k8s-benchmark/data/tbx11k/imgs/health/h1794.png,Normal,tbx11k,h1794,8a3c1b5b8ab9e4b68a313086c289949f75f9c0653acb8f163a257c7310d56716
/lab/px/AnichLabs/cxr-cnn-k8s-benchmark/data/tbx11k/imgs/health/h0012.png,Normal,tbx11k,h0012,09f0b0b315730cc7b89075095960c842063adffdbe45914e940a71d4fa5d1c06
/lab/px/AnichLabs/cxr-cnn-k8s-benchmark/data/tbx11k/imgs/health/h3173.png,Normal,tbx11k,h3173,e34c1098565a25fdd567e91e2018e663deae9f3d0605441bf488ed603b4652b0
/lab/px/AnichLabs/cxr-cnn-k8s-benchmark/data/tbx11k/imgs/health/h3919.png,Normal,tbx11k,h3919,2c37163c0270a44aebf7c23c77d8134f48210fe27211f013a797738309a0102e
/lab/px/AnichLabs/cxr-cnn-k8s-benchmark/data/tbx11k/imgs/extra/mc+shenzhen/train/CHNCXR_0064_0.png,Normal,mc+shenzhen,CHNCXR_0064_0,3b7bbdb605a6ac0fc25d2d28bbfddfe06d7a5d7b6ea0d719b9dde775f4a5928b
/lab/px/AnichLabs/cxr-cnn-k8s-benchmark/data/tbx11k/imgs/health/h0219.png,Normal,tbx11k,h0219,46fe940d8d55a6975fe195aa716b665a3a407b290b4c1450eb99a0e0131386dd
/lab/px/AnichLabs/cxr-cnn-k8s-benchmark/data/tbx11k/imgs/health/h1229.png,Normal,tbx11k,h1229,973cbc53fe5d062ce35c5902dc6e08ca63e2956ad4dd0ea28428f74d16f323e2
/lab/px/AnichLabs/cxr-cnn-k8s-benchmark/data/tbx11k/imgs/health/h3365.png,Normal,tbx11k,h3365,87bdc4e8ec6ebaf46ba6d1f1d803a4342a92c54410ca314f95adbd78d3fbd933
/lab/px/AnichLabs/cxr-cnn-k8s-benchmark/data/tbx11k/imgs/health/h3268.png,Normal,tbx11k,h3268,112f8ec5281a8971aa651b90d056cc3d44f30322abeb1e7fef9249db1afac8db
/lab/px/AnichLabs/cxr-cnn-k8s-benchmark/data/tbx11k/imgs/health/h0834.png,Normal,tbx11k,h0834,964c09e87983eea2ef21f36aae8b48b5ca60f807ef58ae1f528c8b588eb53dc8
/lab/px/AnichLabs/cxr-cnn-k8s-benchmark/data/tbx11k/imgs/health/h3483.png,Normal,tbx11k,h3483,5a234cf80a9c1caa65a59084c8cbcac3076fecd8874ade34f3cfdb1cb9e5119f
/lab/px/AnichLabs/cxr-cnn-k8s-benchmark/data/tbx11k/imgs/health/h0805.png,Normal,tbx11k,h0805,713b613af6c83e9847644ac94ffcfa8ebc4ab5cd85a0e5657f22ac7a012e2e00
/lab/px/AnichLabs/cxr-cnn-k8s-benchmark/data/tbx11k/imgs/health/h4856.png,Normal,tbx11k,h4856,b2d55efd5ebee30189bcad77f76b86622799f6333a69f4722041557983d488c2
/lab/px/AnichLabs/cxr-cnn-k8s-benchmark/data/tbx11k/imgs/health/h2600.png,Normal,tbx11k,h2600,41567afac45f2d9936e883046da9382c20311aeb047e91df4c9dd4fedcce9967
/lab/px/AnichLabs/cxr-cnn-k8s-benchmark/data/tbx11k/imgs/health/h0312.png,Normal,tbx11k,h0312,518be7dec04c9ac2b1e84e57b4b724342416844e4ea27c61345f9a6a03c54bb7
/lab/px/AnichLabs/cxr-cnn-k8s-benchmark/data/tbx11k/imgs/health/h0911.png,Normal,tbx11k,h0911,9efc40cfbca55fe6fec6b2d27d799c29bcfc414dc862148883a657dfbd04b548
/lab/px/AnichLabs/cxr-cnn-k8s-benchmark/data/tbx11k/imgs/health/h0140.png,Normal,tbx11k,h0140,86521e5722d091579f299fbf3db8ebdf806167d4d1054e899e22b47ca2bde49d
/lab/px/AnichLabs/cxr-cnn-k8s-benchmark/data/tbx11k/imgs/health/h2538.png,Normal,tbx11k,h2538,c752b55e45e7b229ed23539cf1aa2aec7c3ffcf2e0bc1c08da6f068ab21163cf
/lab/px/AnichLabs/cxr-cnn-k8s-benchmark/data/tbx11k/imgs/health/h0269.png,Normal,tbx11k,h0269,5d2768ff6fc88dd863972ca6500842cc81d6679f6d2c8c3c284c7c9c28c6d251
/lab/px/AnichLabs/cxr-cnn-k8s-benchmark/data/tbx11k/imgs/health/h3605.png,Normal,tbx11k,h3605,75a293c086eccc3f4fcbd62d1f239ba5ac773f4d8458a84072b09b9339a8252d
/lab/px/AnichLabs/cxr-cnn-k8s-benchmark/data/tbx11k/imgs/extra/mc+shenzhen/train/CHNCXR_0315_0.png,Normal,mc+shenzhen,CHNCXR_0315_0,e1f9cf83d147c478c375c09935bb56513b9da83d7ab218b004e8f2a68d251508
/lab/px/AnichLabs/cxr-cnn-k8s-benchmark/data/tbx11k/imgs/health/h3342.png,Normal,tbx11k,h3342,37a97ba086ff12b7c3aeab8791f6c89b7d4f9f195fce4f0a34345c251af25a4b
/lab/px/AnichLabs/cxr-cnn-k8s-benchmark/data/tbx11k/imgs/health/h0935.png,Normal,tbx11k,h0935,90c51676bcfa5f40f5bbd59f5ba6e099381561fc34b586f59064aa74ec9beeae
/lab/px/AnichLabs/cxr-cnn-k8s-benchmark/data/tbx11k/imgs/health/h1870.png,Normal,tbx11k,h1870,d1d589c006ab3f655468fa6c136e9f4dbc5d2fbedaf44d9b77c654f53db90341
/lab/px/AnichLabs/cxr-cnn-k8s-benchmark/data/tbx11k/imgs/health/h1389.png,Normal,tbx11k,h1389,60e98e144eb6b422cc54347863a955fdad9ef677d42a4fb279ba5046cb7b3c29
/lab/px/AnichLabs/cxr-cnn-k8s-benchmark/data/tbx11k/imgs/health/h1117.png,Normal,tbx11k,h1117,44185608214b422ed4827b352d88886653fb33ede6ace009446920f2d7ff0bfa
/lab/px/AnichLabs/cxr-cnn-k8s-benchmark/data/tbx11k/imgs/health/h4967.png,Normal,tbx11k,h4967,7d7b283d0a67adad30e66797a2c356c8e501b1020a888392ea33523e82606cd0
/lab/px/AnichLabs/cxr-cnn-k8s-benchmark/data/tbx11k/imgs/health/h0753.png,Normal,tbx11k,h0753,92620e8eeb87360dfef46cde8cd03076a149e9fc3f56effd7dfff6b2b24b6438
/lab/px/AnichLabs/cxr-cnn-k8s-benchmark/data/tbx11k/imgs/health/h3866.png,Normal,tbx11k,h3866,5b43d9a4a6ba99929aec038d704298094f421f9fe248d186cf66c4d2bc5677f8
/lab/px/AnichLabs/cxr-cnn-k8s-benchmark/data/tbx11k/imgs/health/h4806.png,Normal,tbx11k,h4806,1d50529eef5c980cfd18a77e98dbaf3d8c5e8b0f05ada8150812cf81a5f39133
/lab/px/AnichLabs/cxr-cnn-k8s-benchmark/data/tbx11k/imgs/health/h2675.png,Normal,tbx11k,h2675,b414da9caa4ab12ff8c3722b38c89cc7910c314c6febe41c02dddefd1168d296
/lab/px/AnichLabs/cxr-cnn-k8s-benchmark/data/tbx11k/imgs/health/h3504.png,Normal,tbx11k,h3504,112d0e97e6c510acae130a64aed25d9d4e6cd114f247c86637d418cb9a9910b3
/lab/px/AnichLabs/cxr-cnn-k8s-benchmark/data/tbx11k/imgs/health/h0578.png,Normal,tbx11k,h0578,3d96b104b21c166d25a8b022463b5dc3ff2cc853b4967573c9765a0e5f575152
/lab/px/AnichLabs/cxr-cnn-k8s-benchmark/data/tbx11k/imgs/health/h0557.png,Normal,tbx11k,h0557,071038bdcc2d16dda36bfa9bfc6575b4d82725ab6a09137ef3d2212bbf623db1
/lab/px/AnichLabs/cxr-cnn-k8s-benchmark/data/tbx11k/imgs/health/h1920.png,Normal,tbx11k,h1920,f452d438aca860d0acfb9e3711fa2934dd0bf75d2553df82db5a67f0d4c016b0
/lab/px/AnichLabs/cxr-cnn-k8s-benchmark/data/tbx11k/imgs/health/h1145.png,Normal,tbx11k,h1145,725759b2331307914c91c9ee00eec37a3180dc1d767ff5683d1b89f5fb845d34
/lab/px/AnichLabs/cxr-cnn-k8s-benchmark/data/tbx11k/imgs/health/h1863.png,Normal,tbx11k,h1863,fc20a2db8ccd84b4cb3530275c3f452c8c5b270b2d484a4d2b71b960fac5fd6b
/lab/px/AnichLabs/cxr-cnn-k8s-benchmark/data/tbx11k/imgs/health/h1694.png,Normal,tbx11k,h1694,965dc6717e152efefdae27808ba93d777c39e648a00a657d7d6c3ce61285192d
/lab/px/AnichLabs/cxr-cnn-k8s-benchmark/data/tbx11k/imgs/health/h2747.png,Normal,tbx11k,h2747,d0b904fd0c200a4a93586a6f3e3067cb4102dd22ef92b9548314fa118db32627
/lab/px/AnichLabs/cxr-cnn-k8s-benchmark/data/tbx11k/imgs/health/h1450.png,Normal,tbx11k,h1450,edd7026033f40f964861cd403f6b7792fd888759c986414f4d2936498ccbbe96
/lab/px/AnichLabs/cxr-cnn-k8s-benchmark/data/tbx11k/imgs/health/h4968.png,Normal,tbx11k,h4968,5d34997262f6bd537ea8fbd51ce7a467011aa940d01d6ad0d1f67389bdd0f897
/lab/px/AnichLabs/cxr-cnn-k8s-benchmark/data/tbx11k/imgs/health/h1459.png,Normal,tbx11k,h1459,a3cf59b54e1ba10614ebe7c0ad17f1f885329063753dd296f130b4b737d484e9
/lab/px/AnichLabs/cxr-cnn-k8s-benchmark/data/tbx11k/imgs/health/h0847.png,Normal,tbx11k,h0847,5c890a0f07c8b1eb23ae1e029516f0dea2a090ee20ddb13c5c1fb36487f19c98
/lab/px/AnichLabs/cxr-cnn-k8s-benchmark/data/tbx11k/imgs/health/h0301.png,Normal,tbx11k,h0301,b867f145d1e639c6c1723b8ba011cb5db86a7cc3c840022b6e0bbb61d39c5e5a
/lab/px/AnichLabs/cxr-cnn-k8s-benchmark/data/tbx11k/imgs/health/h4201.png,Normal,tbx11k,h4201,e2860e881fbd266d569df18eca191e265e053e0c2b36dc491c41a9be1bcab2c8
/lab/px/AnichLabs/cxr-cnn-k8s-benchmark/data/tbx11k/imgs/health/h1285.png,Normal,tbx11k,h1285,a7a23ba30ef1bb912af4e41c969aee659811f994aaf4d881e783ad0395fce8e1
/lab/px/AnichLabs/cxr-cnn-k8s-benchmark/data/tbx11k/imgs/extra/mc+shenzhen/val/CHNCXR_0250_0.png,Normal,mc+shenzhen,CHNCXR_0250_0,345a73a96ab8b5f0b66b7eed6370cb6899d8643a7b75e0e8a89b7b8884d76609
/lab/px/AnichLabs/cxr-cnn-k8s-benchmark/data/tbx11k/imgs/health/h0133.png,Normal,tbx11k,h0133,a15585f940f446a423ce4ad275eb06a8ec3a35fddbc869cd808dd27d6e4714c5
/lab/px/AnichLabs/cxr-cnn-k8s-benchmark/data/tbx11k/imgs/health/h3850.png,Normal,tbx11k,h3850,4f93d6ea01bfb9dea00a3cfec9217c5ac32a1bbf0ad731df49b6f52f82365e66
/lab/px/AnichLabs/cxr-cnn-k8s-benchmark/data/tbx11k/imgs/health/h1747.png,Normal,tbx11k,h1747,fd9459dc7caf8ed769e7baffc42891d3ade19e4cee99d183ba298484e799df4a
/lab/px/AnichLabs/cxr-cnn-k8s-benchmark/data/tbx11k/imgs/health/h4259.png,Normal,tbx11k,h4259,c8389c7105e4d33d02ac03c12580e3c24419893a3edb1aafb5ee676a5aff21b6
/lab/px/AnichLabs/cxr-cnn-k8s-benchmark/data/tbx11k/imgs/health/h3922.png,Normal,tbx11k,h3922,9cc491e21099a728ca9905134e30d394ccf80e36539ae1e42fc3ab9cfa11be33
/lab/px/AnichLabs/cxr-cnn-k8s-benchmark/data/tbx11k/imgs/health/h3554.png,Normal,tbx11k,h3554,1455ea1be27e04a0a7b34e55f099c23e97538db26a971387469403d8af4a3aa2
/lab/px/AnichLabs/cxr-cnn-k8s-benchmark/data/tbx11k/imgs/health/h1810.png,Normal,tbx11k,h1810,b7800f676b95e9b3857af11ad1f9bae9a4da6c46af0bca289ed9733a4b69fbaa
/lab/px/AnichLabs/cxr-cnn-k8s-benchmark/data/tbx11k/imgs/health/h1881.png,Normal,tbx11k,h1881,76cbb39992e9cfc8563e1d3a00439a27c6312fda54a2fd07758af8c6955ea53e
/lab/px/AnichLabs/cxr-cnn-k8s-benchmark/data/tbx11k/imgs/health/h4608.png,Normal,tbx11k,h4608,3f66cc79e3098bbcdd4a1718195b9578edf340f7bad384e1147254286128cacc
/lab/px/AnichLabs/cxr-cnn-k8s-benchmark/data/tbx11k/imgs/health/h4453.png,Normal,tbx11k,h4453,4625ed3af80c8136f0c76691e230495a03fb72e20f72364b111e4506e56b85c5
/lab/px/AnichLabs/cxr-cnn-k8s-benchmark/data/tbx11k/imgs/health/h0265.png,Normal,tbx11k,h0265,dc2de427f16e15c63573505df1d0c021e4d610398c83525179bced128860d322
/lab/px/AnichLabs/cxr-cnn-k8s-benchmark/data/tbx11k/imgs/extra/da+db/train/n29.png,Normal,da+db,n29,077a3370e523b418b79afc037884ebc1b3a89f4ef03224d69b990c03583c1262
/lab/px/AnichLabs/cxr-cnn-k8s-benchmark/data/tbx11k/imgs/health/h1937.png,Normal,tbx11k,h1937,cfe9d6294c92ca3b208861ae34d610199165584b3658f1551a5758367fdfe2d2
/lab/px/AnichLabs/cxr-cnn-k8s-benchmark/data/tbx11k/imgs/health/h3445.png,Normal,tbx11k,h3445,582df9d4dc6758df77d5b2754f7fb7f365950e0dd17f009a753bd3a7486a5dc0
/lab/px/AnichLabs/cxr-cnn-k8s-benchmark/data/tbx11k/imgs/health/h2432.png,Normal,tbx11k,h2432,5aa8bf16e66ae6bd35f0db51c7230293615ba6adde93556b5e15038bc2713ab0
/lab/px/AnichLabs/cxr-cnn-k8s-benchmark/data/tbx11k/imgs/health/h3823.png,Normal,tbx11k,h3823,30db5d5175874c68310a4a1788efb9f95c9b4c73b15b6bec8bb12ce709387cac
/lab/px/AnichLabs/cxr-cnn-k8s-benchmark/data/tbx11k/imgs/health/h2366.png,Normal,tbx11k,h2366,74d8b1986a5e2e944a905e8406a7f1ffe544fc035584f0580fdad53ec4d5266f
/lab/px/AnichLabs/cxr-cnn-k8s-benchmark/data/tbx11k/imgs/health/h0715.png,Normal,tbx11k,h0715,e02e749fd032e83ff9d36ce90a33e90eb68b46c88e50417ca7dde0e22505b3ba
/lab/px/AnichLabs/cxr-cnn-k8s-benchmark/data/tbx11k/imgs/health/h1889.png,Normal,tbx11k,h1889,de853cd24a283bd1598add96e48a52a9991300a4f16ccd4d5b32f8cf03b35d2b
/lab/px/AnichLabs/cxr-cnn-k8s-benchmark/data/tbx11k/imgs/health/h2357.png,Normal,tbx11k,h2357,39d68f73cdbc762bc4524550d861cb6d92b193553d3af874adf8bb85346694a8
/lab/px/AnichLabs/cxr-cnn-k8s-benchmark/data/tbx11k/imgs/health/h3467.png,Normal,tbx11k,h3467,38cdcac16779fe41967868ca2ff68e1d5a5d63d46abb5d6174962e3133f6adf6
/lab/px/AnichLabs/cxr-cnn-k8s-benchmark/data/tbx11k/imgs/health/h4228.png,Normal,tbx11k,h4228,63c5864c38ff6d6614733569b00023e236570fd858124aab3d7c9b693435d0ee
/lab/px/AnichLabs/cxr-cnn-k8s-benchmark/data/tbx11k/imgs/extra/mc+shenzhen/train/MCUCXR_0004_0.png,Normal,mc+shenzhen,MCUCXR_0004_0,2095c4340b7a9c61c5bd803e4a9e1fa5edb09d1d7c18680c810dc9b48b906dc1
/lab/px/AnichLabs/cxr-cnn-k8s-benchmark/data/tbx11k/imgs/health/h0758.png,Normal,tbx11k,h0758,4b60374706fac594147011078391d294d7ccf7a0df0b6e3ceae7aa0cc3196e28
/lab/px/AnichLabs/cxr-cnn-k8s-benchmark/data/tbx11k/imgs/health/h1729.png,Normal,tbx11k,h1729,3ae30e20e5097ff718f6fb76f252d9f5b7472c9f57b08ccae5c766d28dab4162
/lab/px/AnichLabs/cxr-cnn-k8s-benchmark/data/tbx11k/imgs/health/h3720.png,Normal,tbx11k,h3720,cffa14e7953b804d33e857016dba5ee057b9566795636fdd5eab830df2244e91
/lab/px/AnichLabs/cxr-cnn-k8s-benchmark/data/tbx11k/imgs/health/h0490.png,Normal,tbx11k,h0490,0d349865b58f082745ae86bd84b2ec93bb7a681c5424f3e61302b7d3297b52d0
/lab/px/AnichLabs/cxr-cnn-k8s-benchmark/data/tbx11k/imgs/health/h2871.png,Normal,tbx11k,h2871,b8a0c8e7bf87c5b7cd48a21418e4fa1cd880c593e555681e75d7cb6939d1832e
/lab/px/AnichLabs/cxr-cnn-k8s-benchmark/data/tbx11k/imgs/health/h4013.png,Normal,tbx11k,h4013,9ce3611b3f659f774b5e51e80cc693f5db9e8dcaae4cb28212a8ff8f67d03dc3
/lab/px/AnichLabs/cxr-cnn-k8s-benchmark/data/tbx11k/imgs/health/h0349.png,Normal,tbx11k,h0349,633d6b02dc733131f748f6a494149075efda5eaf6069cba0fa70bc45beb88f9f
/lab/px/AnichLabs/cxr-cnn-k8s-benchmark/data/tbx11k/imgs/health/h1516.png,Normal,tbx11k,h1516,165832faf8dfe5645559a492c8e94a232981d04109721446b1933d5e5e15b858
/lab/px/AnichLabs/cxr-cnn-k8s-benchmark/data/tbx11k/imgs/health/h3114.png,Normal,tbx11k,h3114,16c6f1facf0f720b2e3e7156c3a559c24ba722d9e3873605f76bfdade94c1eb4
/lab/px/AnichLabs/cxr-cnn-k8s-benchmark/data/tbx11k/imgs/health/h3327.png,Normal,tbx11k,h3327,1b084e07cfa7eda39b39a7baea4dc62335f9993d3b055ded2113c341e9a529eb
/lab/px/AnichLabs/cxr-cnn-k8s-benchmark/data/tbx11k/imgs/health/h4610.png,Normal,tbx11k,h4610,822ac9629c6fdee311db75388647341b373c83c5162a6a427d7a91c5b11fcacf
/lab/px/AnichLabs/cxr-cnn-k8s-benchmark/data/tbx11k/imgs/health/h1404.png,Normal,tbx11k,h1404,b5548a4c17ee09ae8aebcba0e8ae11323d28006203cf2b2601b432c59aef70bb
/lab/px/AnichLabs/cxr-cnn-k8s-benchmark/data/tbx11k/imgs/health/h2011.png,Normal,tbx11k,h2011,8ec8b3be0aafa730807ce010f1d7a1e69c0c8b37259a5eeb7948637deca81e2f
/lab/px/AnichLabs/cxr-cnn-k8s-benchmark/data/tbx11k/imgs/health/h2611.png,Normal,tbx11k,h2611,0d6d01f910d47b52bbc98ed277074bde051c423e7c4f4744aec13c0a2eecfcf1
/lab/px/AnichLabs/cxr-cnn-k8s-benchmark/data/tbx11k/imgs/health/h4707.png,Normal,tbx11k,h4707,630f5e1179c76f65f66f71c6b99bcda663bf2668f1a896eb8a5c080aa6a8f9b7
/lab/px/AnichLabs/cxr-cnn-k8s-benchmark/data/tbx11k/imgs/health/h2091.png,Normal,tbx11k,h2091,375500b8c1a722a6d3ea55347fef1b1f32bc7f502df5b376424637d43e424d3d
/lab/px/AnichLabs/cxr-cnn-k8s-benchmark/data/tbx11k/imgs/health/h1962.png,Normal,tbx11k,h1962,4a57d034ffd1ad79c5823da6c12858e62bf624652475a32da7fd14175368888d
/lab/px/AnichLabs/cxr-cnn-k8s-benchmark/data/tbx11k/imgs/extra/mc+shenzhen/train/CHNCXR_0019_0.png,Normal,mc+shenzhen,CHNCXR_0019_0,2824839c4394c3a636e45ca8a8594b397dd70bf92a9f5831353f5b2b0adc8aaa
/lab/px/AnichLabs/cxr-cnn-k8s-benchmark/data/tbx11k/imgs/extra/mc+shenzhen/val/CHNCXR_0262_0.png,Normal,mc+shenzhen,CHNCXR_0262_0,fd38d8e8d7a6089ca03a52af31bc393c516479c7f64990e5c5ffcf153f455937
/lab/px/AnichLabs/cxr-cnn-k8s-benchmark/data/tbx11k/imgs/health/h1505.png,Normal,tbx11k,h1505,06ac56d81263c0ceda82e49e2ab7305ba65823a4510ff98c80f9ca48656a39e5
/lab/px/AnichLabs/cxr-cnn-k8s-benchmark/data/tbx11k/imgs/health/h0310.png,Normal,tbx11k,h0310,f94c2cba2c50777f000ef0cd35d63d285291fda89743ac1e75e7a79ac282adcf
/lab/px/AnichLabs/cxr-cnn-k8s-benchmark/data/tbx11k/imgs/extra/mc+shenzhen/train/CHNCXR_0004_0.png,Normal,mc+shenzhen,CHNCXR_0004_0,672612cb076e208aee6f9e539920c5de188a4f180ee14c5f70e50c13c4263e3a
/lab/px/AnichLabs/cxr-cnn-k8s-benchmark/data/tbx11k/imgs/health/h2229.png,Normal,tbx11k,h2229,9325bccba69ce27185bdd60d279e7fe00f1d92fe0d41b7321ae509c56d16376b
/lab/px/AnichLabs/cxr-cnn-k8s-benchmark/data/tbx11k/imgs/health/h4449.png,Normal,tbx11k,h4449,70c1abeb6848e91212a8e8804ff6c3ea9400964677e0a439d803fbd34a441a89
/lab/px/AnichLabs/cxr-cnn-k8s-benchmark/data/tbx11k/imgs/health/h2814.png,Normal,tbx11k,h2814,1d36ecf175fb4b6cd3a4168a95c7096e639558c000874d42c2b6f2ec446dc220
/lab/px/AnichLabs/cxr-cnn-k8s-benchmark/data/tbx11k/imgs/health/h1555.png,Normal,tbx11k,h1555,aec4c2b99e3a315eca84251977d92b06d3edfc11f540dde15261882fb7610bd2
/lab/px/AnichLabs/cxr-cnn-k8s-benchmark/data/tbx11k/imgs/health/h1502.png,Normal,tbx11k,h1502,bd6f35f68df130adb242a8a36e98fe6d500a73acfbf598a2b4ca4bc31f6dc5f6
/lab/px/AnichLabs/cxr-cnn-k8s-benchmark/data/tbx11k/imgs/health/h3093.png,Normal,tbx11k,h3093,5da19bcd38cb0a212d5053e53c5a459b39f8e06297d8f6aefea2dcb0cf6e237f
/lab/px/AnichLabs/cxr-cnn-k8s-benchmark/data/tbx11k/imgs/health/h4091.png,Normal,tbx11k,h4091,eec7300928f3199f2b18c9cd82e01ea4ba34876e50cf03d5931a1c4601f85119
/lab/px/AnichLabs/cxr-cnn-k8s-benchmark/data/tbx11k/imgs/health/h0160.png,Normal,tbx11k,h0160,80998efcc927618f9be0ce2f58de9347e2e7ecd8d8e88be891f466929190f3c0
/lab/px/AnichLabs/cxr-cnn-k8s-benchmark/data/tbx11k/imgs/health/h4254.png,Normal,tbx11k,h4254,fc8472d860769bfb74b7650831ff794faa27b14279691b2a1d863355ba6a8139
/lab/px/AnichLabs/cxr-cnn-k8s-benchmark/data/tbx11k/imgs/health/h1204.png,Normal,tbx11k,h1204,eeca65764f8b7078f9ff335b9dbcc8b90391c6dffb0dace46031d46cc7289c60
/lab/px/AnichLabs/cxr-cnn-k8s-benchmark/data/tbx11k/imgs/health/h3110.png,Normal,tbx11k,h3110,c4c3cb65bc4039e3fab72ea62f7fc3311109231fc55e6f80074c29ebff0808d9
/lab/px/AnichLabs/cxr-cnn-k8s-benchmark/data/tbx11k/imgs/health/h1967.png,Normal,tbx11k,h1967,6f94ccdc0c0a024726cbaab9786d5723e027a17491649cf5ded01d427c34980e
/lab/px/AnichLabs/cxr-cnn-k8s-benchmark/data/tbx11k/imgs/health/h4127.png,Normal,tbx11k,h4127,530bd440e8566701c9cc80df6a966710155be4d44636a961e475c01152cc8364
/lab/px/AnichLabs/cxr-cnn-k8s-benchmark/data/tbx11k/imgs/health/h4281.png,Normal,tbx11k,h4281,873b0d88f2072207318719a50424a3159a41c10434542d6174808e7af6bbc906
/lab/px/AnichLabs/cxr-cnn-k8s-benchmark/data/tbx11k/imgs/health/h3794.png,Normal,tbx11k,h3794,dfc662fb99d8683e9ead9ea7f7ef0b6e62e65ebfd3e3a2196c72354cacb6f940
/lab/px/AnichLabs/cxr-cnn-k8s-benchmark/data/tbx11k/imgs/health/h1578.png,Normal,tbx11k,h1578,1eefe004174b83f68ae07aeddabfe9076da2ea47caf766d2b6964218ec00fd05
/lab/px/AnichLabs/cxr-cnn-k8s-benchmark/data/tbx11k/imgs/health/h3778.png,Normal,tbx11k,h3778,5b53d92cdfec9deea11708f857010acad31fd556f3f4f0d4b7610e4a2af1f0d2
/lab/px/AnichLabs/cxr-cnn-k8s-benchmark/data/tbx11k/imgs/health/h1778.png,Normal,tbx11k,h1778,c16b63b6a698c3f28d83b3a3a582f2f125e2835e29ad0d3ddea4d33e143fd858
/lab/px/AnichLabs/cxr-cnn-k8s-benchmark/data/tbx11k/imgs/health/h2214.png,Normal,tbx11k,h2214,14a2ea8e394fe3b92a2ae0c6e43735cfa24763a274f85029e94d4d9ab6c529ae
/lab/px/AnichLabs/cxr-cnn-k8s-benchmark/data/tbx11k/imgs/health/h1992.png,Normal,tbx11k,h1992,00c7026faf5ab9d249d5212139938ca12672292bdca7a83bd933cdc793817959
/lab/px/AnichLabs/cxr-cnn-k8s-benchmark/data/tbx11k/imgs/health/h1644.png,Normal,tbx11k,h1644,5fbad6e0febf184f832f68e6ce46fe345172bb952fa0d5de5718167645fd5236
/lab/px/AnichLabs/cxr-cnn-k8s-benchmark/data/tbx11k/imgs/health/h2362.png,Normal,tbx11k,h2362,bbc573039928fb1fd072f912bb2824efd83806c1165f68d0a5297f3ece776b99
/lab/px/AnichLabs/cxr-cnn-k8s-benchmark/data/tbx11k/imgs/health/h2426.png,Normal,tbx11k,h2426,4142a4bf32090d5f8c86ca2628335c3211768115b52d095c64ab8772bea50518
/lab/px/AnichLabs/cxr-cnn-k8s-benchmark/data/tbx11k/imgs/health/h2126.png,Normal,tbx11k,h2126,52986c731523157aa84d4a2d154fe76380624b159a8cae64aad4d6358d117f81
/lab/px/AnichLabs/cxr-cnn-k8s-benchmark/data/tbx11k/imgs/health/h4652.png,Normal,tbx11k,h4652,ccb6afb2f75432f16a922dbeff3dbc83aa31a3bbf78bb084eed5ef199054ac63
/lab/px/AnichLabs/cxr-cnn-k8s-benchmark/data/tbx11k/imgs/health/h0453.png,Normal,tbx11k,h0453,bdd5bdef819ed5800893407d8f7069d42923d7b57e5265a33f140840f5905548
/lab/px/AnichLabs/cxr-cnn-k8s-benchmark/data/tbx11k/imgs/health/h1856.png,Normal,tbx11k,h1856,9cbc544b5ae18ee972dd8433f56bce3cf3394ea312c716becf46328a7e108b61
/lab/px/AnichLabs/cxr-cnn-k8s-benchmark/data/tbx11k/imgs/health/h3156.png,Normal,tbx11k,h3156,96affe502adb59a386342e32146cf3462d93483300651879b5c83e92f5790115
/lab/px/AnichLabs/cxr-cnn-k8s-benchmark/data/tbx11k/imgs/health/h2940.png,Normal,tbx11k,h2940,7c5c64e236b1c0ebff5140a0b4a4ed0ae2bcb71e3dcfa1286916a434ea690f9e
/lab/px/AnichLabs/cxr-cnn-k8s-benchmark/data/tbx11k/imgs/health/h0819.png,Normal,tbx11k,h0819,79600475b41abbb8c73268f4deb3aae5870802220bd889858b59af75d303eb82
/lab/px/AnichLabs/cxr-cnn-k8s-benchmark/data/tbx11k/imgs/health/h2663.png,Normal,tbx11k,h2663,945f6bf8d53ed9492722c665eca9375548b66942a63d3bd55e9b0069186520e2
/lab/px/AnichLabs/cxr-cnn-k8s-benchmark/data/tbx11k/imgs/health/h4538.png,Normal,tbx11k,h4538,4f93fdeffc59e4cccd8128f5cf3d0fa28aa65b0b23ed83755915eaae8532f690
/lab/px/AnichLabs/cxr-cnn-k8s-benchmark/data/tbx11k/imgs/health/h2561.png,Normal,tbx11k,h2561,a0c1dcd91096e7ae75fe5644d36c45d0f26c4462861d368cb11cc17ad11d8488
/lab/px/AnichLabs/cxr-cnn-k8s-benchmark/data/tbx11k/imgs/health/h0492.png,Normal,tbx11k,h0492,652ccb2e888b3a5d372f8da7f4805d6247a2cc1da4165e82474ce705c58b45b7
/lab/px/AnichLabs/cxr-cnn-k8s-benchmark/data/tbx11k/imgs/health/h3059.png,Normal,tbx11k,h3059,455c9ac740522defbb507b050c97c6ade414318567431ebdc9c375cee7380c53
/lab/px/AnichLabs/cxr-cnn-k8s-benchmark/data/tbx11k/imgs/health/h0234.png,Normal,tbx11k,h0234,74d2a316be287a2eabddc940a0f633a943a89c126aeb022ae3d0c4c33655fd4a
/lab/px/AnichLabs/cxr-cnn-k8s-benchmark/data/tbx11k/imgs/health/h3146.png,Normal,tbx11k,h3146,ab27aba62a8a17c504e6982cba99c865c1969987bbb3b7e53a89cae19994104a
/lab/px/AnichLabs/cxr-cnn-k8s-benchmark/data/tbx11k/imgs/health/h2444.png,Normal,tbx11k,h2444,82d2a301bc01e8ed7ddd3f935a9bad2c4ca10c48700f8c6a47a3dd36db1dcafe
/lab/px/AnichLabs/cxr-cnn-k8s-benchmark/data/tbx11k/imgs/health/h1466.png,Normal,tbx11k,h1466,a97f070e9505adca8e73091a08097796b4dbc3ee67a0c76c9325c8992492c7d0
/lab/px/AnichLabs/cxr-cnn-k8s-benchmark/data/tbx11k/imgs/health/h3251.png,Normal,tbx11k,h3251,c2ed477593883270d44214e37ea5f0ee80897119fc94f63f121ac9a82e61852d
/lab/px/AnichLabs/cxr-cnn-k8s-benchmark/data/tbx11k/imgs/health/h3530.png,Normal,tbx11k,h3530,d06aef78a4ccf0eca91c5146fd1f3601ed7a1bf81e4c178214a96e6744c39d2c
/lab/px/AnichLabs/cxr-cnn-k8s-benchmark/data/tbx11k/imgs/health/h4953.png,Normal,tbx11k,h4953,b4f7fcb7b5c725edfc259092b0d27081bab05c3d946fb9c4272c2101c279db90
/lab/px/AnichLabs/cxr-cnn-k8s-benchmark/data/tbx11k/imgs/health/h3774.png,Normal,tbx11k,h3774,8e0f9d9186baddb494add290d7d86b931cebc88f9ce620e0544ae5ad26d1e95f
/lab/px/AnichLabs/cxr-cnn-k8s-benchmark/data/tbx11k/imgs/health/h3562.png,Normal,tbx11k,h3562,39d880a4f360fa3d9db3c4b1723cc01c12ecda73f3ceb8904248f680e66aa15c
/lab/px/AnichLabs/cxr-cnn-k8s-benchmark/data/tbx11k/imgs/health/h1767.png,Normal,tbx11k,h1767,e68ba72b7ccefbbe24fe05313cd5a008470334fad8f1911b52ff521544c85063
/lab/px/AnichLabs/cxr-cnn-k8s-benchmark/data/tbx11k/imgs/health/h2619.png,Normal,tbx11k,h2619,215b20bd2b3a4298bd816c742051751e6049b20afa3c97c5da85824f1705e258
/lab/px/AnichLabs/cxr-cnn-k8s-benchmark/data/tbx11k/imgs/health/h2767.png,Normal,tbx11k,h2767,a3d9095cf93f841d1b73f94c54f91e16c866554cdea6ff530011eafe148be611
/lab/px/AnichLabs/cxr-cnn-k8s-benchmark/data/tbx11k/imgs/health/h0528.png,Normal,tbx11k,h0528,b197aba1f1f1ede65c912c54a9311af7f235f39b9ce1c6041d043887470138ca
/lab/px/AnichLabs/cxr-cnn-k8s-benchmark/data/tbx11k/imgs/health/h1309.png,Normal,tbx11k,h1309,67b97d4aada870f8addb5de21511ec8f35993162d59c7370951eef133db9bd84
/lab/px/AnichLabs/cxr-cnn-k8s-benchmark/data/tbx11k/imgs/health/h2469.png,Normal,tbx11k,h2469,b6bda9286cd0daa02d6cc970497b356c4e211607b9063b31aa6558c50c471e9f
/lab/px/AnichLabs/cxr-cnn-k8s-benchmark/data/tbx11k/imgs/health/h1356.png,Normal,tbx11k,h1356,6b52dd0c8460af64985b8ce88fd8cbb7f8d31acf2a82fd717acc08373294c079
/lab/px/AnichLabs/cxr-cnn-k8s-benchmark/data/tbx11k/imgs/health/h1033.png,Normal,tbx11k,h1033,d4b3724f2bc1e1af9af505145985a62878575b3f3fc5a1a002ce39196f9e6f46
/lab/px/AnichLabs/cxr-cnn-k8s-benchmark/data/tbx11k/imgs/extra/mc+shenzhen/val/CHNCXR_0007_0.png,Normal,mc+shenzhen,CHNCXR_0007_0,6ea4aae35263975df915128ef164518c286574c1d1020930ec40f240086ef855
/lab/px/AnichLabs/cxr-cnn-k8s-benchmark/data/tbx11k/imgs/health/h3925.png,Normal,tbx11k,h3925,a14794eea11ac7e11fae9866c453ed9c0b72ac95d7eeaa6ada38aef4b094ff5f
/lab/px/AnichLabs/cxr-cnn-k8s-benchmark/data/tbx11k/imgs/health/h0022.png,Normal,tbx11k,h0022,8deb3b0558ff53951f6155f0d4ac48bfb940c449dcc685a4d4711db10dba8a9c
/lab/px/AnichLabs/cxr-cnn-k8s-benchmark/data/tbx11k/imgs/health/h4378.png,Normal,tbx11k,h4378,bae62576df4d2f68272637aaec57a49cfe169397bc6aa8fe96821d9155f157b7
/lab/px/AnichLabs/cxr-cnn-k8s-benchmark/data/tbx11k/imgs/health/h3560.png,Normal,tbx11k,h3560,e3f66b1c7001a90803d046557059fa04e0e4fa080ab932b92fb4b2f411b55648
/lab/px/AnichLabs/cxr-cnn-k8s-benchmark/data/tbx11k/imgs/extra/mc+shenzhen/train/MCUCXR_0038_0.png,Normal,mc+shenzhen,MCUCXR_0038_0,555906b8d3ad6c317e605391ea50aa2b908d24c90787e83b9a26e96c419b3d64
/lab/px/AnichLabs/cxr-cnn-k8s-benchmark/data/tbx11k/imgs/health/h3235.png,Normal,tbx11k,h3235,4fdf3f7cfeca886f7b42e04271f8f021d2141007150f7f081de7156e6d91e205
/lab/px/AnichLabs/cxr-cnn-k8s-benchmark/data/tbx11k/imgs/health/h3666.png,Normal,tbx11k,h3666,cf3333346000099a63f13ccde22b3098962c89e9586fa204d9c6cb5a67c09ebd
/lab/px/AnichLabs/cxr-cnn-k8s-benchmark/data/tbx11k/imgs/health/h2831.png,Normal,tbx11k,h2831,3e49460755482e55dcbb3aa27158a0d9f4dac5ebe79de521cfd233c60d0a9fb9
/lab/px/AnichLabs/cxr-cnn-k8s-benchmark/data/tbx11k/imgs/health/h3346.png,Normal,tbx11k,h3346,906c4b16b895bffcadabc99fce7d5bd84385fdde432f9c77afb0d26324228ae4
/lab/px/AnichLabs/cxr-cnn-k8s-benchmark/data/tbx11k/imgs/health/h1678.png,Normal,tbx11k,h1678,dd96dc6a626592df0da34ea8caaf78a657659010e234d2c45d5205f55f5f1570
/lab/px/AnichLabs/cxr-cnn-k8s-benchmark/data/tbx11k/imgs/health/h1438.png,Normal,tbx11k,h1438,27d22f3c3548913de7c2ce4ae45b61dd1b6debf951ff4272e9b3a0ada79b29f6
/lab/px/AnichLabs/cxr-cnn-k8s-benchmark/data/tbx11k/imgs/health/h0860.png,Normal,tbx11k,h0860,8f8b439e56eaa6ff508db9bc98083688a841fca38b2220e733bac4b75f82b312
/lab/px/AnichLabs/cxr-cnn-k8s-benchmark/data/tbx11k/imgs/health/h4691.png,Normal,tbx11k,h4691,802c93e4a2b5a42de3359f7517938e64b5347439983704e82b70b98466f70022
/lab/px/AnichLabs/cxr-cnn-k8s-benchmark/data/tbx11k/imgs/health/h0939.png,Normal,tbx11k,h0939,a80390655f3cfa25d22a4c64e5bb690df6497445b979ff606a7fd77ab5121b09
/lab/px/AnichLabs/cxr-cnn-k8s-benchmark/data/tbx11k/imgs/health/h3772.png,Normal,tbx11k,h3772,f2ddb3d7bef313ee13faeef30cf488524decf00864b554c744abd166dbe7ff07
/lab/px/AnichLabs/cxr-cnn-k8s-benchmark/data/tbx11k/imgs/health/h1333.png,Normal,tbx11k,h1333,642aae477ea4fde025f89bc1c77cdc235b1e96db598af0c4b4bb9918b847dd25
/lab/px/AnichLabs/cxr-cnn-k8s-benchmark/data/tbx11k/imgs/health/h3518.png,Normal,tbx11k,h3518,93a115b117e5f76f297bb2faf57e12a2d74637ba3e58d9e7b1eafd3905764e6c
/lab/px/AnichLabs/cxr-cnn-k8s-benchmark/data/tbx11k/imgs/health/h4765.png,Normal,tbx11k,h4765,6f81adadf4bffcaf08f56afbeda18dd02810af9088f90fd13ec24426777953bd
/lab/px/AnichLabs/cxr-cnn-k8s-benchmark/data/tbx11k/imgs/health/h4145.png,Normal,tbx11k,h4145,72af4e4c8e396c523c66a10100891c080cf38929ae64083ac7a255f6e10c1696
/lab/px/AnichLabs/cxr-cnn-k8s-benchmark/data/tbx11k/imgs/health/h2920.png,Normal,tbx11k,h2920,af5862f95bcd7bac9ffc98bff55648685ebe23b2e64ce5ae8614288b29e7316d
/lab/px/AnichLabs/cxr-cnn-k8s-benchmark/data/tbx11k/imgs/extra/mc+shenzhen/val/MCUCXR_0022_0.png,Normal,mc+shenzhen,MCUCXR_0022_0,68721e0b60acc1e2a8b9c7d87a1f9184868c2bc975d1ed2024118edcdfa53efa
/lab/px/AnichLabs/cxr-cnn-k8s-benchmark/data/tbx11k/imgs/health/h1263.png,Normal,tbx11k,h1263,f5ffb6bb0ce37b19990858b7b59151896c8adf5b8f3569a054fc07e69fa6a1c4
/lab/px/AnichLabs/cxr-cnn-k8s-benchmark/data/tbx11k/imgs/health/h4074.png,Normal,tbx11k,h4074,1f9c76cdf643b661636ee6c52f2bf1bf6b9a7ae587fb18bdb1cb3033151c9910
/lab/px/AnichLabs/cxr-cnn-k8s-benchmark/data/tbx11k/imgs/health/h1907.png,Normal,tbx11k,h1907,1952d9d69a6fdddf8ef94014b15924c643282c731c82e611f89df9df012d1258
/lab/px/AnichLabs/cxr-cnn-k8s-benchmark/data/tbx11k/imgs/health/h1365.png,Normal,tbx11k,h1365,d453a0c8a5313c2b2cb58487d5a35b3ecae4e8e8c80daf4f80526bf6137ca13f
/lab/px/AnichLabs/cxr-cnn-k8s-benchmark/data/tbx11k/imgs/health/h2255.png,Normal,tbx11k,h2255,d57714fda6ca29fba2d3ed7f15b5551c56ea601d4672f07cb626159f9123826d
/lab/px/AnichLabs/cxr-cnn-k8s-benchmark/data/tbx11k/imgs/health/h3399.png,Normal,tbx11k,h3399,2349d988621207a6e50679aa771542cfe25ef9ea6a26fac9899da144d902c002
/lab/px/AnichLabs/cxr-cnn-k8s-benchmark/data/tbx11k/imgs/health/h4788.png,Normal,tbx11k,h4788,bc031201f11ece197297d68a92ce05104d1d091b9b37683a8c77440477eca0fc
/lab/px/AnichLabs/cxr-cnn-k8s-benchmark/data/tbx11k/imgs/health/h2783.png,Normal,tbx11k,h2783,ed7162ec89af541075b6472b38a77a2653d5d660092cd1f5df56d4e3448ee10a
/lab/px/AnichLabs/cxr-cnn-k8s-benchmark/data/tbx11k/imgs/health/h3096.png,Normal,tbx11k,h3096,f97052b78dba2104e0f1000bcb1c1b0bba24e9237d13bdbaa856bd003a8ba858
/lab/px/AnichLabs/cxr-cnn-k8s-benchmark/data/tbx11k/imgs/health/h0288.png,Normal,tbx11k,h0288,f0cd40f8f10ebbe80f1143620c7a3c230f97c3d0a0f27acc85366343f2a65d00
/lab/px/AnichLabs/cxr-cnn-k8s-benchmark/data/tbx11k/imgs/health/h0669.png,Normal,tbx11k,h0669,7084517ed260041d5f295074775764d781ff426edf5d21493587e07905f1b92f
/lab/px/AnichLabs/cxr-cnn-k8s-benchmark/data/tbx11k/imgs/health/h2458.png,Normal,tbx11k,h2458,798a5d48f699bb6ec1745d1571c0c98932bf57dba841737afd75e5bb7a5e170f
/lab/px/AnichLabs/cxr-cnn-k8s-benchmark/data/tbx11k/imgs/health/h0194.png,Normal,tbx11k,h0194,117e614d718f253a393c193be1c58d159e9570dfc86a159b3902bb4f8af42742
/lab/px/AnichLabs/cxr-cnn-k8s-benchmark/data/tbx11k/imgs/health/h1249.png,Normal,tbx11k,h1249,146dfb4ad4287a45cb9bc0a46909d1f44352f3f1c8f2d5082ef6f67452ec9154
/lab/px/AnichLabs/cxr-cnn-k8s-benchmark/data/tbx11k/imgs/health/h4626.png,Normal,tbx11k,h4626,a60201993efe3af1fd368935d0060327ffe6ccdae5a44481bb79aceacc6f11e0
/lab/px/AnichLabs/cxr-cnn-k8s-benchmark/data/tbx11k/imgs/health/h0005.png,Normal,tbx11k,h0005,00a3ffd36a051ad919040cbebfe04f828acb41c92aae036543f682a956384119
/lab/px/AnichLabs/cxr-cnn-k8s-benchmark/data/tbx11k/imgs/health/h4667.png,Normal,tbx11k,h4667,1a1d2a0c3907a7db4dc46b737ff95b70160f38a9d767ac55c7d1bfc19cc79fa0
/lab/px/AnichLabs/cxr-cnn-k8s-benchmark/data/tbx11k/imgs/health/h2442.png,Normal,tbx11k,h2442,0b6899adf17492a899fdad2c42bfeca0e84e406f0e2a2e70551ef466fe2a242b
/lab/px/AnichLabs/cxr-cnn-k8s-benchmark/data/tbx11k/imgs/health/h4886.png,Normal,tbx11k,h4886,a8dabc1bf59219286f33742cc99079e16f3c9a15372cd17810b5d1976a380a29
/lab/px/AnichLabs/cxr-cnn-k8s-benchmark/data/tbx11k/imgs/health/h3095.png,Normal,tbx11k,h3095,174318dd4468ddbeb0316c58bb5bc73bcbbd4274208e5556f5ab46fbe7ea24d3
/lab/px/AnichLabs/cxr-cnn-k8s-benchmark/data/tbx11k/imgs/health/h2862.png,Normal,tbx11k,h2862,dcf34939104a8c01bb5e73c000a730e3ffc17eca89b55934d1a26def9d2c01bb
/lab/px/AnichLabs/cxr-cnn-k8s-benchmark/data/tbx11k/imgs/health/h2179.png,Normal,tbx11k,h2179,cd2c0d0368e2b150efe9f2d98db8594861ee1cbd0046a559fee408480b8681ba
/lab/px/AnichLabs/cxr-cnn-k8s-benchmark/data/tbx11k/imgs/health/h3870.png,Normal,tbx11k,h3870,2758c16f09d088cc1de446a364884d6c816a138a86f0cc5917ed6a00296bd2de
/lab/px/AnichLabs/cxr-cnn-k8s-benchmark/data/tbx11k/imgs/health/h4570.png,Normal,tbx11k,h4570,252249e96ef0ab7f3f6d2b2c39b8f9ad093276031faff5b05a6a0e54d2c02377
/lab/px/AnichLabs/cxr-cnn-k8s-benchmark/data/tbx11k/imgs/health/h0841.png,Normal,tbx11k,h0841,23d3379415bbcdd43a764370f6f221fb6c86537f4ab9db8fc7a8c88dc074dbba
/lab/px/AnichLabs/cxr-cnn-k8s-benchmark/data/tbx11k/imgs/health/h3206.png,Normal,tbx11k,h3206,a82af2a4648f0fb0a9f1323401d4b0658ce0cc26a32d5c2520a8ef1277796f3a
/lab/px/AnichLabs/cxr-cnn-k8s-benchmark/data/tbx11k/imgs/health/h3807.png,Normal,tbx11k,h3807,de8439ce7e527d6f6e0958dead5e85e3aaeaf189eac8c85188f962871f78208c
/lab/px/AnichLabs/cxr-cnn-k8s-benchmark/data/tbx11k/imgs/health/h4625.png,Normal,tbx11k,h4625,71df58b497e6776bff50646c22c84ed434cfb915268b5536b35289efa892e88a
/lab/px/AnichLabs/cxr-cnn-k8s-benchmark/data/tbx11k/imgs/health/h2198.png,Normal,tbx11k,h2198,cd2ca405781f3a0bf63900bf19e34b774ed95e246004989ed18423e46535643a
/lab/px/AnichLabs/cxr-cnn-k8s-benchmark/data/tbx11k/imgs/health/h1496.png,Normal,tbx11k,h1496,6d058e0462800fadff5f4213b6ded04c7e26fb9b4b38389986e3f92472e40f83
/lab/px/AnichLabs/cxr-cnn-k8s-benchmark/data/tbx11k/imgs/health/h2935.png,Normal,tbx11k,h2935,dece7c84716784a3c7b5434cdeec9b2fbf74c9ba205ff6bbd3aa879eb4f2fbc1
/lab/px/AnichLabs/cxr-cnn-k8s-benchmark/data/tbx11k/imgs/extra/mc+shenzhen/train/CHNCXR_0060_0.png,Normal,mc+shenzhen,CHNCXR_0060_0,23a0873ac3aa5f602e4d7486c32277de5ec2ccd57c5fa35dfcccad7047c4f918
/lab/px/AnichLabs/cxr-cnn-k8s-benchmark/data/tbx11k/imgs/health/h4935.png,Normal,tbx11k,h4935,95ff371d429a4104f33fbb59667ce04c445d5aa8217892524bcf630a07bccce6
/lab/px/AnichLabs/cxr-cnn-k8s-benchmark/data/tbx11k/imgs/health/h3669.png,Normal,tbx11k,h3669,20bba6892fc1d450f298b7865e957dc49eeb66429a1c993bc611231b2c073731
/lab/px/AnichLabs/cxr-cnn-k8s-benchmark/data/tbx11k/imgs/health/h0969.png,Normal,tbx11k,h0969,c9f1d61c49404a424522d4f5e90cb5f27a71f43bf3b3d6625de8dff2b9bbbd55
/lab/px/AnichLabs/cxr-cnn-k8s-benchmark/data/tbx11k/imgs/extra/mc+shenzhen/val/CHNCXR_0263_0.png,Normal,mc+shenzhen,CHNCXR_0263_0,1fb2734bfe8b05087256c3d76c5195acc04d67b82b12887108aac0c7371bc450
/lab/px/AnichLabs/cxr-cnn-k8s-benchmark/data/tbx11k/imgs/health/h1754.png,Normal,tbx11k,h1754,dc1b821dfe3a3e9d5a6d425c3945dad97f17f9ac9f78c67611086408d187472a
/lab/px/AnichLabs/cxr-cnn-k8s-benchmark/data/tbx11k/imgs/health/h3443.png,Normal,tbx11k,h3443,58cfe34181896e8ea573ac9b192be1c9d13e318fcfb29cd3a90bb033cb228949
/lab/px/AnichLabs/cxr-cnn-k8s-benchmark/data/tbx11k/imgs/health/h1129.png,Normal,tbx11k,h1129,58102d54c931b97709f0b717d985ebf472c5d0c316068619a3433a76da299183
/lab/px/AnichLabs/cxr-cnn-k8s-benchmark/data/tbx11k/imgs/health/h0363.png,Normal,tbx11k,h0363,ce989c0eb890a309ee035753029a31fa10778ef888424576686e87ec825ed808
/lab/px/AnichLabs/cxr-cnn-k8s-benchmark/data/tbx11k/imgs/extra/da+db/train/nx24.jpg,Normal,da+db,nx24,b33081b594a132d5a70680c9dadf8e139c88bef29bf7d540683eb1b9ca50257b
/lab/px/AnichLabs/cxr-cnn-k8s-benchmark/data/tbx11k/imgs/health/h3392.png,Normal,tbx11k,h3392,e5629ea7e98f8e65c723684df771a35c6a1ce7efedf458a698b88219e5e6d0c0
/lab/px/AnichLabs/cxr-cnn-k8s-benchmark/data/tbx11k/imgs/health/h4601.png,Normal,tbx11k,h4601,2627911dcfd83ee9cbc8c2a3d8d826bb1a70ca53133424b4b077c4251adc6dab
/lab/px/AnichLabs/cxr-cnn-k8s-benchmark/data/tbx11k/imgs/health/h2668.png,Normal,tbx11k,h2668,9bbef8c616341e8f881e96bfcd0aa6142c053f7e8a78be441f8c61c95a31ef03
/lab/px/AnichLabs/cxr-cnn-k8s-benchmark/data/tbx11k/imgs/extra/mc+shenzhen/train/CHNCXR_0323_0.png,Normal,mc+shenzhen,CHNCXR_0323_0,91d19fefd94795d82a4a298978aa511ae35360ac25f13371bf5ac824aa9f33b5
/lab/px/AnichLabs/cxr-cnn-k8s-benchmark/data/tbx11k/imgs/health/h2417.png,Normal,tbx11k,h2417,c65ee54d06e553fe4369a752121536dedc189f4ac68aba21e12d9dbca94e51d8
/lab/px/AnichLabs/cxr-cnn-k8s-benchmark/data/tbx11k/imgs/health/h3543.png,Normal,tbx11k,h3543,749d15257db4daccb171f4cf1cec554cb5e23e107be4722fb70a7189b34b4752
/lab/px/AnichLabs/cxr-cnn-k8s-benchmark/data/tbx11k/imgs/health/h2683.png,Normal,tbx11k,h2683,073d9d6d5630b47727eae0ab68475d9776a7c31ece4f20f74f3acd153ead51ef
/lab/px/AnichLabs/cxr-cnn-k8s-benchmark/data/tbx11k/imgs/health/h4479.png,Normal,tbx11k,h4479,7c7ea0581221065ddfbab25a11890e75f9b6ec1993eb6755d4b8d5e9310b14ad
/lab/px/AnichLabs/cxr-cnn-k8s-benchmark/data/tbx11k/imgs/health/h3330.png,Normal,tbx11k,h3330,04fa00fba9cc64b98cee6e395681b8946bc53cfef1a9be21801b7130283772ef
/lab/px/AnichLabs/cxr-cnn-k8s-benchmark/data/tbx11k/imgs/health/h2174.png,Normal,tbx11k,h2174,df8805df78c90c838b3da736a9de350729516c584ae6f174f0e355fc2b118e14
/lab/px/AnichLabs/cxr-cnn-k8s-benchmark/data/tbx11k/imgs/health/h2128.png,Normal,tbx11k,h2128,5f36b3aeacb371217628e255d11d346f746011f6ae01e9c47ca69886e57ac1ef
/lab/px/AnichLabs/cxr-cnn-k8s-benchmark/data/tbx11k/imgs/health/h2320.png,Normal,tbx11k,h2320,0581c369c9aacedd59baec648f28cef096c1fed83cb38791d367e6f9aaa384ab
/lab/px/AnichLabs/cxr-cnn-k8s-benchmark/data/tbx11k/imgs/health/h0716.png,Normal,tbx11k,h0716,23636a6739b69224a65edb6cca0e61c31a018afe60fd3858cf2e3ed296b0aa22
/lab/px/AnichLabs/cxr-cnn-k8s-benchmark/data/tbx11k/imgs/health/h0998.png,Normal,tbx11k,h0998,dacc25c1bbf4a801fd2552f13c12e0863daddb429611e44463201fc5180aeb34
/lab/px/AnichLabs/cxr-cnn-k8s-benchmark/data/tbx11k/imgs/health/h0358.png,Normal,tbx11k,h0358,36d78e41a5180b6aff669620aab2255a0ba4f453d2251c26d38b646263048708
/lab/px/AnichLabs/cxr-cnn-k8s-benchmark/data/tbx11k/imgs/health/h3600.png,Normal,tbx11k,h3600,77ba7ae91c8e7192a7974cfd5cdbbf52c581fe9bc14b626b87ab41cd67ab79ec
/lab/px/AnichLabs/cxr-cnn-k8s-benchmark/data/tbx11k/imgs/health/h0277.png,Normal,tbx11k,h0277,4b09c42a2fc5c4e2a195cf139ddbd9a77e4b025dfedd0a0200da0d4a634468e4
/lab/px/AnichLabs/cxr-cnn-k8s-benchmark/data/tbx11k/imgs/health/h4484.png,Normal,tbx11k,h4484,7890d6cb9f0891c2ce6362e0835a1c6539eda81cbb1c7493754180712a43027e
/lab/px/AnichLabs/cxr-cnn-k8s-benchmark/data/tbx11k/imgs/health/h0270.png,Normal,tbx11k,h0270,72d6e178002822d23df1f913681eaf82b8a4faef82443369345e4016fbaddea9
/lab/px/AnichLabs/cxr-cnn-k8s-benchmark/data/tbx11k/imgs/health/h0385.png,Normal,tbx11k,h0385,4c69a6d7f8e6d4f7627a69a38e2ad0a47327efa51cd7da2be5be3858183c6873
/lab/px/AnichLabs/cxr-cnn-k8s-benchmark/data/tbx11k/imgs/health/h2153.png,Normal,tbx11k,h2153,c1eb80f36b1fe80634a4f8e1397925d434c7ac633b9dcc4171efb8e0827ca946
/lab/px/AnichLabs/cxr-cnn-k8s-benchmark/data/tbx11k/imgs/health/h3941.png,Normal,tbx11k,h3941,840b434668746f25624aa1c947b46f11da8c07db9233853c31014e50345bcc93
/lab/px/AnichLabs/cxr-cnn-k8s-benchmark/data/tbx11k/imgs/health/h4336.png,Normal,tbx11k,h4336,09dcc2f4912b517efef8e2d739d35607b390252055cd69484f0db8009571e2bd
/lab/px/AnichLabs/cxr-cnn-k8s-benchmark/data/tbx11k/imgs/health/h3372.png,Normal,tbx11k,h3372,19fa01ae3d27849f55fc9edfffe979efaebdad2eb4906de465b79e23b39d904b
/lab/px/AnichLabs/cxr-cnn-k8s-benchmark/data/tbx11k/imgs/health/h1350.png,Normal,tbx11k,h1350,0c7d53568eb26a31271a6315b62ef5fb59bff1b2e6c6a4dd7c743be959110727
/lab/px/AnichLabs/cxr-cnn-k8s-benchmark/data/tbx11k/imgs/health/h2393.png,Normal,tbx11k,h2393,84f6e1964d0968d5b26d7087754f8ea4b7a10b76964bd24ea812f29789059a52
/lab/px/AnichLabs/cxr-cnn-k8s-benchmark/data/tbx11k/imgs/health/h3393.png,Normal,tbx11k,h3393,bb0ba128c2458abcc81b69d5d7f85702300b3c892831b7901791ce76a6faa5cc
/lab/px/AnichLabs/cxr-cnn-k8s-benchmark/data/tbx11k/imgs/health/h4728.png,Normal,tbx11k,h4728,919d866e8bbacb37e7f8bc6dac603379fbb645c539246c9a21f91c6a6a03fabb
/lab/px/AnichLabs/cxr-cnn-k8s-benchmark/data/tbx11k/imgs/health/h1355.png,Normal,tbx11k,h1355,5071353b89de55a9c85965ba900f2d215efbc7324c26fe302687580f8c91f66f
/lab/px/AnichLabs/cxr-cnn-k8s-benchmark/data/tbx11k/imgs/health/h0326.png,Normal,tbx11k,h0326,6eb0b00ea957aee39e253a680de2f8be9ff9c149a930395bf9ec3c0cc0ed143d
/lab/px/AnichLabs/cxr-cnn-k8s-benchmark/data/tbx11k/imgs/health/h4229.png,Normal,tbx11k,h4229,2e7e045a9d95908cab90283e0a59bc8cb92940d54eb0801980722cb4476474b7
/lab/px/AnichLabs/cxr-cnn-k8s-benchmark/data/tbx11k/imgs/health/h2349.png,Normal,tbx11k,h2349,be5d20e3435ad69d54f8b1544ce791150b4bb6034297436a6c4f4d8a58297dca
/lab/px/AnichLabs/cxr-cnn-k8s-benchmark/data/tbx11k/imgs/health/h4487.png,Normal,tbx11k,h4487,3380e0cbe1ad21a4aba47d257e93dcf19f019368557bae6a21f66b18d7e20ff7
/lab/px/AnichLabs/cxr-cnn-k8s-benchmark/data/tbx11k/imgs/extra/da+db/val/n23.png,Normal,da+db,n23,ce52fc6a43dbe760b167458d07ab21eb68821b2c8f8fa5d0e11c9c409f3e6f48
/lab/px/AnichLabs/cxr-cnn-k8s-benchmark/data/tbx11k/imgs/health/h1254.png,Normal,tbx11k,h1254,25b9c614ad447086b2ab764cb699481e68a60ebfcffdb5ccb3e66b5f4d91f90d
/lab/px/AnichLabs/cxr-cnn-k8s-benchmark/data/tbx11k/imgs/health/h0504.png,Normal,tbx11k,h0504,1143faf2336e4291d425c20f4a01ffa1b8bfc01fb12493f0841f5beb439c49bd
/lab/px/AnichLabs/cxr-cnn-k8s-benchmark/data/tbx11k/imgs/health/h3191.png,Normal,tbx11k,h3191,c359f55cafda4e37449d46a91815636901ad99db74738e2e14b281509b186c82
/lab/px/AnichLabs/cxr-cnn-k8s-benchmark/data/tbx11k/imgs/health/h4022.png,Normal,tbx11k,h4022,441f0614eabb7e7de588bf91c63e86275abaab564220dae2d098cd0b3a51c806
/lab/px/AnichLabs/cxr-cnn-k8s-benchmark/data/tbx11k/imgs/health/h3029.png,Normal,tbx11k,h3029,71f31951794eaa7faa7131d4dfc924c2ac77313de1d4ac0446fd74b3256dfbff
/lab/px/AnichLabs/cxr-cnn-k8s-benchmark/data/tbx11k/imgs/health/h4361.png,Normal,tbx11k,h4361,e5fff6d1fd56bff81aeffff51fa0cbab210cd9327fd23140eac453614f04a1d3
/lab/px/AnichLabs/cxr-cnn-k8s-benchmark/data/tbx11k/imgs/health/h3578.png,Normal,tbx11k,h3578,bcd485bb2f1dfd70bc4f20174a015a712f3ca99d95b7e58c92d3ce87185c3fe6
/lab/px/AnichLabs/cxr-cnn-k8s-benchmark/data/tbx11k/imgs/health/h0780.png,Normal,tbx11k,h0780,9e0db01dbbbad89756aaec210f2d2e21a4bf1d7ac8aa75ad7af7f5353b1f8d95
/lab/px/AnichLabs/cxr-cnn-k8s-benchmark/data/tbx11k/imgs/health/h0828.png,Normal,tbx11k,h0828,040aaedb979822b86ca4fd62027b17c7a3c2d4b00079d7d7ac330c605aede986
/lab/px/AnichLabs/cxr-cnn-k8s-benchmark/data/tbx11k/imgs/health/h1626.png,Normal,tbx11k,h1626,e0b777cb1f27716fa245fa6fb1c73f51fec1d425fd720d06d73d7cc6b6b1b9dd
/lab/px/AnichLabs/cxr-cnn-k8s-benchmark/data/tbx11k/imgs/health/h0143.png,Normal,tbx11k,h0143,8edff4abf2603a8582c6c3234a3e9739547b68c78b941a3a2cb87c48a0d11cd6
/lab/px/AnichLabs/cxr-cnn-k8s-benchmark/data/tbx11k/imgs/health/h1624.png,Normal,tbx11k,h1624,1072176d3e7afa4e0e6ee818e73193aadcacdd5c60fb9a288c967f72ecd70f8d
/lab/px/AnichLabs/cxr-cnn-k8s-benchmark/data/tbx11k/imgs/health/h4719.png,Normal,tbx11k,h4719,c85566ebf3647dbd34989836a60164e4866794eec93ea5fc0159d8f2ff461f4d
/lab/px/AnichLabs/cxr-cnn-k8s-benchmark/data/tbx11k/imgs/health/h4309.png,Normal,tbx11k,h4309,256e14694bd094f2ff8cc7cbbb0473632c1fe09630f338a3a954ba980c732521
/lab/px/AnichLabs/cxr-cnn-k8s-benchmark/data/tbx11k/imgs/health/h4519.png,Normal,tbx11k,h4519,bbb00e03121d76697a00143b6ce003c17d31f2b9e5b308519199964945d720bf
/lab/px/AnichLabs/cxr-cnn-k8s-benchmark/data/tbx11k/imgs/health/h3755.png,Normal,tbx11k,h3755,4c884d425ede36932148c71b2bdbb71f7ca3e12193974927eb96055bb5816b2b
/lab/px/AnichLabs/cxr-cnn-k8s-benchmark/data/tbx11k/imgs/health/h2545.png,Normal,tbx11k,h2545,afb71d17e2784ebbc89e4b111e03175a37d7d498c70fb70db3af7402c61caca0
/lab/px/AnichLabs/cxr-cnn-k8s-benchmark/data/tbx11k/imgs/health/h4458.png,Normal,tbx11k,h4458,19e0d6123c725edcb6d180843977b423a9a846b136ff58c66b20de1737fd5b69
/lab/px/AnichLabs/cxr-cnn-k8s-benchmark/data/tbx11k/imgs/extra/da+db/val/nx30.jpg,Normal,da+db,nx30,6697e9787f29e3ee0687f0e5d6f4fadfef37a8f92e03cc36b845eb733b647e51
/lab/px/AnichLabs/cxr-cnn-k8s-benchmark/data/tbx11k/imgs/health/h1723.png,Normal,tbx11k,h1723,2a76f60169286912826509ad8eef2e2e3c2f71c2ee9d13e373ea1c4f98cc2ac5
/lab/px/AnichLabs/cxr-cnn-k8s-benchmark/data/tbx11k/imgs/extra/da+db/val/nx2.jpg,Normal,da+db,nx2,e84f4de97cac3a2d2d86e7af4b8b583703c927b6f428d7713f3c48278526db48
/lab/px/AnichLabs/cxr-cnn-k8s-benchmark/data/tbx11k/imgs/health/h3915.png,Normal,tbx11k,h3915,d504856dc2a2bda5593fd0f40c000e8a820c6627067e03e780daee9841fe46ad
/lab/px/AnichLabs/cxr-cnn-k8s-benchmark/data/tbx11k/imgs/health/h3286.png,Normal,tbx11k,h3286,7127cd0a11d35a24142e6c6f8e874ed25c1bcc73eec427a94e181ed52976ca62
/lab/px/AnichLabs/cxr-cnn-k8s-benchmark/data/tbx11k/imgs/health/h4124.png,Normal,tbx11k,h4124,d4858d0a53d485c65dab168ad094d3f74fb50f4999300092856721390855ef6d
/lab/px/AnichLabs/cxr-cnn-k8s-benchmark/data/tbx11k/imgs/health/h4613.png,Normal,tbx11k,h4613,947a8a93738c4146a34d3ebcb2ef4ae7a0ffe3ebefbba4e016c69cc1f294ecd3
/lab/px/AnichLabs/cxr-cnn-k8s-benchmark/data/tbx11k/imgs/health/h4511.png,Normal,tbx11k,h4511,f4150f53314b16a2ccd977e94e042931c1cb6793e8b7d67a9e573c204d40b9bf
/lab/px/AnichLabs/cxr-cnn-k8s-benchmark/data/tbx11k/imgs/health/h4723.png,Normal,tbx11k,h4723,123722a965adce23aa70b313567c5cdaa03e11167694ce6cd18850527ca022ff
/lab/px/AnichLabs/cxr-cnn-k8s-benchmark/data/tbx11k/imgs/health/h3387.png,Normal,tbx11k,h3387,6b15bf8177046b2e9b442cee49ea413cfe14dd9473faf9f60e7d9d4e38747300
/lab/px/AnichLabs/cxr-cnn-k8s-benchmark/data/tbx11k/imgs/health/h0873.png,Normal,tbx11k,h0873,aec83869ec2fc1ecf1e624fb0fecf9a12310b300ecf9cbd804627c5a1e33c728
/lab/px/AnichLabs/cxr-cnn-k8s-benchmark/data/tbx11k/imgs/health/h1969.png,Normal,tbx11k,h1969,fedd776869e7e9a88a3207133fe3eaebc4ad8808cbc2510bee22e1e2575a8c0c
/lab/px/AnichLabs/cxr-cnn-k8s-benchmark/data/tbx11k/imgs/health/h3950.png,Normal,tbx11k,h3950,0d579e19bf46a7a4faee05dc69e4975401654c93af3046553c56e050a8fda647
/lab/px/AnichLabs/cxr-cnn-k8s-benchmark/data/tbx11k/imgs/health/h4206.png,Normal,tbx11k,h4206,b13fbac1266fbee9181832be06542851689ccbbac05a9648fd43030a458049ec
/lab/px/AnichLabs/cxr-cnn-k8s-benchmark/data/tbx11k/imgs/health/h3143.png,Normal,tbx11k,h3143,564849046d4ddc7912f3ad51c72006555490efdcfe7b97ec0ed7d9961650e528
/lab/px/AnichLabs/cxr-cnn-k8s-benchmark/data/tbx11k/imgs/health/h1135.png,Normal,tbx11k,h1135,7996c884f83d9872d2464ea3cfe54c826b6ad3a77913df798592bd776ab13f36
/lab/px/AnichLabs/cxr-cnn-k8s-benchmark/data/tbx11k/imgs/health/h3166.png,Normal,tbx11k,h3166,f3462b3b5d32c7d0fd6ba93cdfaf8b3a63f34a20dca6422aecaea3fcd971babb
/lab/px/AnichLabs/cxr-cnn-k8s-benchmark/data/tbx11k/imgs/health/h3639.png,Normal,tbx11k,h3639,1bb1cb017b1adda5119796086f371526ea14504447e3b6a58e7e306340c05ca8
/lab/px/AnichLabs/cxr-cnn-k8s-benchmark/data/tbx11k/imgs/health/h2602.png,Normal,tbx11k,h2602,be7c9cb8b4e2ccb0dfc74a52a2f2a9d54b0b99de8139b5146b493101e7a625c2
/lab/px/AnichLabs/cxr-cnn-k8s-benchmark/data/tbx11k/imgs/health/h0951.png,Normal,tbx11k,h0951,1a12932b7eedea4c689d4514953745afc13a74f09e2eb03c7053d54d2ba67327
/lab/px/AnichLabs/cxr-cnn-k8s-benchmark/data/tbx11k/imgs/extra/mc+shenzhen/val/CHNCXR_0181_0.png,Normal,mc+shenzhen,CHNCXR_0181_0,302dd9ee6fe96351b8de7416608675c8c4791f1a31297a53b937905988842b53
/lab/px/AnichLabs/cxr-cnn-k8s-benchmark/data/tbx11k/imgs/health/h2356.png,Normal,tbx11k,h2356,17fd99b2caaf34ff9504b83ed5e15e947585db2f758185ae73a3c0f93d120b21
/lab/px/AnichLabs/cxr-cnn-k8s-benchmark/data/tbx11k/imgs/health/h2678.png,Normal,tbx11k,h2678,fef793bbf1d25be4ec0e5b7ad0958cc69144d194d4d8338480abc1902cefc287
/lab/px/AnichLabs/cxr-cnn-k8s-benchmark/data/tbx11k/imgs/health/h3997.png,Normal,tbx11k,h3997,853d5a093b996561fe24484774d9973815b94abcf9181541679524678e1481c7
/lab/px/AnichLabs/cxr-cnn-k8s-benchmark/data/tbx11k/imgs/extra/mc+shenzhen/train/CHNCXR_0191_0.png,Normal,mc+shenzhen,CHNCXR_0191_0,8f3719d613d179180291f94f897a7af4a10fcbd7e30dac38265717bf3ce08a3c
/lab/px/AnichLabs/cxr-cnn-k8s-benchmark/data/tbx11k/imgs/health/h2075.png,Normal,tbx11k,h2075,2ecbaeaf2638f94fda808cf0eb18bf6ac24dea51bd741de448d0686f0bf18418
/lab/px/AnichLabs/cxr-cnn-k8s-benchmark/data/tbx11k/imgs/health/h0281.png,Normal,tbx11k,h0281,47cff2fcfe4529b74607e4996e6888d2c14ddfa2b0a689a462b9381ff3d09a5d
/lab/px/AnichLabs/cxr-cnn-k8s-benchmark/data/tbx11k/imgs/health/h0460.png,Normal,tbx11k,h0460,57e2e41505008d889ec25ba9a04a2926196e0c8f48977cb6524ae6bc9efa9b0c
/lab/px/AnichLabs/cxr-cnn-k8s-benchmark/data/tbx11k/imgs/health/h4950.png,Normal,tbx11k,h4950,3fbf47011e7c90898a2eef306cf18904dde6995d66564801abe6c8e2c388a35c
/lab/px/AnichLabs/cxr-cnn-k8s-benchmark/data/tbx11k/imgs/health/h2449.png,Normal,tbx11k,h2449,7eda43537a5ea3a5ecaeca6b035c5cf8cf88175f84f802cda2b2abb36696e8d8
/lab/px/AnichLabs/cxr-cnn-k8s-benchmark/data/tbx11k/imgs/health/h3167.png,Normal,tbx11k,h3167,4d5f75628c278d75650c9f62f09444ee31ed36523437224e3d271fa3e141078a
/lab/px/AnichLabs/cxr-cnn-k8s-benchmark/data/tbx11k/imgs/health/h3876.png,Normal,tbx11k,h3876,499f502d89b5834d197bd2924916c79e98b441843f505e58f99be5b302a25f5d
/lab/px/AnichLabs/cxr-cnn-k8s-benchmark/data/tbx11k/imgs/health/h1488.png,Normal,tbx11k,h1488,ed6bb7c656b400044da2ad9f425e1cfa07a5a8ebdb42f7b0e69d87ab6a901df6
/lab/px/AnichLabs/cxr-cnn-k8s-benchmark/data/tbx11k/imgs/health/h0354.png,Normal,tbx11k,h0354,f6824b91ba1ac9f4b32fa9b321ed3969ca30cf147aaec0d7f2921335873417af
/lab/px/AnichLabs/cxr-cnn-k8s-benchmark/data/tbx11k/imgs/health/h1023.png,Normal,tbx11k,h1023,15af015137aca1718f3263dbea6dde8ee9efa4f8a7b3f1a63fca070331af35bb
/lab/px/AnichLabs/cxr-cnn-k8s-benchmark/data/tbx11k/imgs/health/h2780.png,Normal,tbx11k,h2780,b0135644214a58092f951025d2fbe5c04ccc6763135f6221eab80a56739cf016
/lab/px/AnichLabs/cxr-cnn-k8s-benchmark/data/tbx11k/imgs/health/h1681.png,Normal,tbx11k,h1681,ce1d025c8c95efe36c9ec56cf84972f17e24aeb7e16d43d1f22e8b41332f9792
/lab/px/AnichLabs/cxr-cnn-k8s-benchmark/data/tbx11k/imgs/health/h0158.png,Normal,tbx11k,h0158,f4cbbdad9be20fb0b15d7ffafc7b67259d057b2acb05a11a62fbbb3ad217fc6a
/lab/px/AnichLabs/cxr-cnn-k8s-benchmark/data/tbx11k/imgs/health/h3420.png,Normal,tbx11k,h3420,62762ee43f5db33e2142ff0f8be90abf7e3c56f21786ddee435c0e5e23592dcd
/lab/px/AnichLabs/cxr-cnn-k8s-benchmark/data/tbx11k/imgs/health/h3451.png,Normal,tbx11k,h3451,a065990039ae7d2700aaf5d36c6d5c99cc33da267fc1279d53d316db6bf4b578
/lab/px/AnichLabs/cxr-cnn-k8s-benchmark/data/tbx11k/imgs/health/h1718.png,Normal,tbx11k,h1718,44bc7104db0c0ae4ae1f050956b82cd2129f7e064dd4a48420edabb5ca1bcca2
/lab/px/AnichLabs/cxr-cnn-k8s-benchmark/data/tbx11k/imgs/health/h2701.png,Normal,tbx11k,h2701,141d330c86f71efdc088fdfee09458d142c9116d41eda85cedb74f93c4f92b7c
/lab/px/AnichLabs/cxr-cnn-k8s-benchmark/data/tbx11k/imgs/health/h4740.png,Normal,tbx11k,h4740,001f1d0bec3ecd77b6fc0d00e3669f6b945cce775cfd95c14242b135d5454e21
/lab/px/AnichLabs/cxr-cnn-k8s-benchmark/data/tbx11k/imgs/health/h3202.png,Normal,tbx11k,h3202,d96d1d4189d36285162f055dafa70e1c8438518662365c2888152d9e767c1de7
/lab/px/AnichLabs/cxr-cnn-k8s-benchmark/data/tbx11k/imgs/health/h2526.png,Normal,tbx11k,h2526,a118e00d27cf40f3b0370a9aea1aa30395b1812e9a6172ca694923ee3154e630
/lab/px/AnichLabs/cxr-cnn-k8s-benchmark/data/tbx11k/imgs/extra/mc+shenzhen/train/CHNCXR_0225_0.png,Normal,mc+shenzhen,CHNCXR_0225_0,4028cd209fa5c7dfa9928e49f4329f803dd5857bf532ea3b4923bfedfc404270
/lab/px/AnichLabs/cxr-cnn-k8s-benchmark/data/tbx11k/imgs/health/h1851.png,Normal,tbx11k,h1851,60ff57da91c5b08e89f1c6372ba0a65b2161bc5154537470b206179dec83cf65
/lab/px/AnichLabs/cxr-cnn-k8s-benchmark/data/tbx11k/imgs/health/h4231.png,Normal,tbx11k,h4231,4898df17b99a1e0f9f6c7fad0f068ba8f6af5715a7aadb3b5a1e7755daa4cc2c
/lab/px/AnichLabs/cxr-cnn-k8s-benchmark/data/tbx11k/imgs/health/h3967.png,Normal,tbx11k,h3967,7ee375b2622156c2c3c1a7fb11c787ee6b60cfcce3384c165933d24603951650
/lab/px/AnichLabs/cxr-cnn-k8s-benchmark/data/tbx11k/imgs/extra/mc+shenzhen/val/CHNCXR_0200_0.png,Normal,mc+shenzhen,CHNCXR_0200_0,8ef31f4acac8b0cd82abb3fbb1e2ad7eb3b40a81e68a68ca4f344efce8151a71
/lab/px/AnichLabs/cxr-cnn-k8s-benchmark/data/tbx11k/imgs/extra/mc+shenzhen/train/CHNCXR_0224_0.png,Normal,mc+shenzhen,CHNCXR_0224_0,f2cfa607cef5263f50b0e64cf091a85bfb529174bbdf8e18c6ad926c84f5da8a
/lab/px/AnichLabs/cxr-cnn-k8s-benchmark/data/tbx11k/imgs/health/h1022.png,Normal,tbx11k,h1022,75213266cd52efd25e5270a10abcc568cc524e58f36643cf30f69f22e3419c59
/lab/px/AnichLabs/cxr-cnn-k8s-benchmark/data/tbx11k/imgs/health/h1038.png,Normal,tbx11k,h1038,e0a17a7243622c1425497756d7dffa34b57c20c00a531bade5cc422d5ace2fd4
/lab/px/AnichLabs/cxr-cnn-k8s-benchmark/data/tbx11k/imgs/health/h3111.png,Normal,tbx11k,h3111,3da9cdc21551edc58f0c0e5794701c7ad137f3c8b67db08fa1d06cc64ea1012e
/lab/px/AnichLabs/cxr-cnn-k8s-benchmark/data/tbx11k/imgs/health/h2563.png,Normal,tbx11k,h2563,d0d5dd2134e14ae22311a1b965d4f28e432f4819b02bfbf13ab82e16bfaddc7c
/lab/px/AnichLabs/cxr-cnn-k8s-benchmark/data/tbx11k/imgs/health/h2332.png,Normal,tbx11k,h2332,35a6daafead10b9a3106bb147c4b116d69a6deac843248fad10acea17054dfc4
/lab/px/AnichLabs/cxr-cnn-k8s-benchmark/data/tbx11k/imgs/health/h2995.png,Normal,tbx11k,h2995,3f7038464b46bac108ba3cbbf95b6d5e79fc739ba43007b5bed5b9ad67f810be
/lab/px/AnichLabs/cxr-cnn-k8s-benchmark/data/tbx11k/imgs/health/h3858.png,Normal,tbx11k,h3858,c078c36f31992fca37c15e9ba8a167043a1bdd32a23fbd50cf8de85754c49757
/lab/px/AnichLabs/cxr-cnn-k8s-benchmark/data/tbx11k/imgs/health/h0276.png,Normal,tbx11k,h0276,e0d76afba57902c29f03f23f7d3fc60304ecabe83d8583e043bb241efa118001
/lab/px/AnichLabs/cxr-cnn-k8s-benchmark/data/tbx11k/imgs/health/h0739.png,Normal,tbx11k,h0739,ebbd4004ca573da56a3553751b9a7a60e5db6fd302ce9c3d10772d82665e723d
/lab/px/AnichLabs/cxr-cnn-k8s-benchmark/data/tbx11k/imgs/health/h0551.png,Normal,tbx11k,h0551,9336adb37128077e268d0367c817e5608c992160e458556dfce285f48b27eb61
/lab/px/AnichLabs/cxr-cnn-k8s-benchmark/data/tbx11k/imgs/health/h4786.png,Normal,tbx11k,h4786,168268aac659cbfc5464c0bd22dd3a23b052667f8a90cb0f4ba5460f0c13e11f
/lab/px/AnichLabs/cxr-cnn-k8s-benchmark/data/tbx11k/imgs/health/h0521.png,Normal,tbx11k,h0521,75847830f184c7b7e60c287bbe60ee65c0e0e3490057e9e722872b2f3ef17902
/lab/px/AnichLabs/cxr-cnn-k8s-benchmark/data/tbx11k/imgs/health/h1891.png,Normal,tbx11k,h1891,568a6aa8827d60ca412e7d212aa08d7366cec57e9fbc8540fc34f0522d6a2235
/lab/px/AnichLabs/cxr-cnn-k8s-benchmark/data/tbx11k/imgs/health/h3462.png,Normal,tbx11k,h3462,58687b14c2fc5a8b3523bae02249226128fd88b8f5a40c02bf9e3ad1c31d8d71
/lab/px/AnichLabs/cxr-cnn-k8s-benchmark/data/tbx11k/imgs/health/h3433.png,Normal,tbx11k,h3433,bec29d8007561bcbf92290e51b9e967183f0f31d77d83ea02e078a98767e862c
/lab/px/AnichLabs/cxr-cnn-k8s-benchmark/data/tbx11k/imgs/extra/mc+shenzhen/train/MCUCXR_0028_0.png,Normal,mc+shenzhen,MCUCXR_0028_0,1f87c53ff53deeababb00bbb5c751b465172ae2df8ddbe70594e6724645da4cb
/lab/px/AnichLabs/cxr-cnn-k8s-benchmark/data/tbx11k/imgs/health/h4934.png,Normal,tbx11k,h4934,05e02ac7fea62e415e41e6768aad9728f288809c8c6dfe05614cc17a74fb349a
/lab/px/AnichLabs/cxr-cnn-k8s-benchmark/data/tbx11k/imgs/health/h1744.png,Normal,tbx11k,h1744,492faff1dd0d8a856a927081c02f9a6b3e0dcb99b471f5dc0a8585e13b940014
/lab/px/AnichLabs/cxr-cnn-k8s-benchmark/data/tbx11k/imgs/health/h1433.png,Normal,tbx11k,h1433,b41d3455f15601e685a153b8b12942783f572730df70defda3998c6346dcabc9
/lab/px/AnichLabs/cxr-cnn-k8s-benchmark/data/tbx11k/imgs/health/h3176.png,Normal,tbx11k,h3176,ab714669debcd75eb9f07165279efd700c62fe9b73c4a600002525c724ffbaa8
/lab/px/AnichLabs/cxr-cnn-k8s-benchmark/data/tbx11k/imgs/health/h0097.png,Normal,tbx11k,h0097,5a64285065e4cc2a7806672c255b2a656ddd480d4bd05647806703b9020dee89
/lab/px/AnichLabs/cxr-cnn-k8s-benchmark/data/tbx11k/imgs/health/h2226.png,Normal,tbx11k,h2226,7a128d21098b486f435ab31d844c6f65f2a3ff853c81c606e5ebbb235bb905a0
/lab/px/AnichLabs/cxr-cnn-k8s-benchmark/data/tbx11k/imgs/health/h4619.png,Normal,tbx11k,h4619,6c7cb46e218638fa994a235e2ca0c3b789cbb96f1f008bb8e491b9c72276e17d
/lab/px/AnichLabs/cxr-cnn-k8s-benchmark/data/tbx11k/imgs/health/h1553.png,Normal,tbx11k,h1553,9f6057d62ebe61362694237813efcde29b2784d1469a57d89354548d42dc2aa1
/lab/px/AnichLabs/cxr-cnn-k8s-benchmark/data/tbx11k/imgs/health/h1809.png,Normal,tbx11k,h1809,1e244be9205251fbc0b684e3501a7580c73ebec7f583c0787f56717a54235423
/lab/px/AnichLabs/cxr-cnn-k8s-benchmark/data/tbx11k/imgs/health/h0916.png,Normal,tbx11k,h0916,225ed207535f75e5096e3dcffb89a206440050609b1a7844664977caaf64341b
/lab/px/AnichLabs/cxr-cnn-k8s-benchmark/data/tbx11k/imgs/health/h2965.png,Normal,tbx11k,h2965,20e1cef7722be0d6271fec57309e9bebc1328e92dd065739f995106b57731cfd
/lab/px/AnichLabs/cxr-cnn-k8s-benchmark/data/tbx11k/imgs/health/h3418.png,Normal,tbx11k,h3418,d85b70479e62c19be64cc5d1bb59fba551f6bf438dc684d75c0a2e95da83a4e0
/lab/px/AnichLabs/cxr-cnn-k8s-benchmark/data/tbx11k/imgs/health/h0180.png,Normal,tbx11k,h0180,942c0d62dfc9d1d7f59f0b51bbf2c0ef0f5d6442bfa0b71c21af6260ecf2fff6
/lab/px/AnichLabs/cxr-cnn-k8s-benchmark/data/tbx11k/imgs/health/h4299.png,Normal,tbx11k,h4299,9e68df4b82792517dce11fb726acc3fb61816b89dd971a3c34c726dee06334cf
/lab/px/AnichLabs/cxr-cnn-k8s-benchmark/data/tbx11k/imgs/health/h4526.png,Normal,tbx11k,h4526,d1172e9e27e855ea18a8a9bb6e54b088e7f9fbfd5592e8ba116d44eea5bda375
/lab/px/AnichLabs/cxr-cnn-k8s-benchmark/data/tbx11k/imgs/health/h1007.png,Normal,tbx11k,h1007,39fa56e6f44164ea149dc054e743853bdf5e12c4107dffc84fe1d41d641e54d5
/lab/px/AnichLabs/cxr-cnn-k8s-benchmark/data/tbx11k/imgs/health/h4251.png,Normal,tbx11k,h4251,2ab2e477faa701ece5997aab2abc4874f796a0137b1e0f3fa07566c032a59aee
/lab/px/AnichLabs/cxr-cnn-k8s-benchmark/data/tbx11k/imgs/health/h4185.png,Normal,tbx11k,h4185,cd7fe6805ac033e3270062ab75d69b1418812026084d6cffb5dc5d0013bb2964
/lab/px/AnichLabs/cxr-cnn-k8s-benchmark/data/tbx11k/imgs/health/h0759.png,Normal,tbx11k,h0759,08f04bb7c7b44e28f772eb5f4f0ca66d390688d067483080689d8e18bf07ecdb
/lab/px/AnichLabs/cxr-cnn-k8s-benchmark/data/tbx11k/imgs/health/h3686.png,Normal,tbx11k,h3686,f38cf4fdd1611bc5cc4d390135dbd6816f98c774f957211a23840f912f7f03db
/lab/px/AnichLabs/cxr-cnn-k8s-benchmark/data/tbx11k/imgs/health/h0871.png,Normal,tbx11k,h0871,50c8f5c22ffc91df094b1edabf951e0e14782c841d8d1964c54bac19365e7137
/lab/px/AnichLabs/cxr-cnn-k8s-benchmark/data/tbx11k/imgs/health/h3989.png,Normal,tbx11k,h3989,49b69c417af148d5b15abf1159e9736b10e5513ada6070823814d583aaa270c9
/lab/px/AnichLabs/cxr-cnn-k8s-benchmark/data/tbx11k/imgs/health/h4571.png,Normal,tbx11k,h4571,409689eb3f773f4af9e56a0c3aefb571bb8b7ca9c97053139a55aa69df263a08
/lab/px/AnichLabs/cxr-cnn-k8s-benchmark/data/tbx11k/imgs/health/h2105.png,Normal,tbx11k,h2105,a74b3e2d0fb95d3910fff60b4c9c2ed96410a8b94ede99255075f23253964b5b
/lab/px/AnichLabs/cxr-cnn-k8s-benchmark/data/tbx11k/imgs/health/h4043.png,Normal,tbx11k,h4043,9979db41bd4ad57b1edebf64710a45872b67610f2880a48efafb5019a90ad3bf
/lab/px/AnichLabs/cxr-cnn-k8s-benchmark/data/tbx11k/imgs/health/h1517.png,Normal,tbx11k,h1517,018985fcfa17da9509a44ae5ae36f5ada6ca4009795272945e72fa1a4662a680
/lab/px/AnichLabs/cxr-cnn-k8s-benchmark/data/tbx11k/imgs/health/h4002.png,Normal,tbx11k,h4002,8ac1ed0401eb260d0ac6a812829f2e680ddee66fc47a8e113e7ba05770df01aa
/lab/px/AnichLabs/cxr-cnn-k8s-benchmark/data/tbx11k/imgs/health/h4097.png,Normal,tbx11k,h4097,b82d5293779edc8158e7655aebc5fc128271f9d71b8b00b54b467418a84dd868
/lab/px/AnichLabs/cxr-cnn-k8s-benchmark/data/tbx11k/imgs/extra/da+db/val/n18.png,Normal,da+db,n18,60ed76289d11c03c8eac0bb9012b3c33e5d3a408a26e918919b4c6223dd3c42b
/lab/px/AnichLabs/cxr-cnn-k8s-benchmark/data/tbx11k/imgs/extra/mc+shenzhen/val/CHNCXR_0265_0.png,Normal,mc+shenzhen,CHNCXR_0265_0,4572f2fb06a9a7d935ff8a07fc0bcf949daa40556a9d49d4d3ea08e582545838
/lab/px/AnichLabs/cxr-cnn-k8s-benchmark/data/tbx11k/imgs/health/h4099.png,Normal,tbx11k,h4099,0e0596ae56d69be77a54f802bd54ea145c9ccd13d0a45b6dd7cebed338f01607
/lab/px/AnichLabs/cxr-cnn-k8s-benchmark/data/tbx11k/imgs/health/h3757.png,Normal,tbx11k,h3757,c8bdfdb9f30072f776d05fb774c67ef5dbca4af076a7f6182c0c7a79e6929c50
/lab/px/AnichLabs/cxr-cnn-k8s-benchmark/data/tbx11k/imgs/health/h4766.png,Normal,tbx11k,h4766,2ce2bf165d811ee277367ca2cdae1cd7fa57aa16b53852ce57132106c57045ec
/lab/px/AnichLabs/cxr-cnn-k8s-benchmark/data/tbx11k/imgs/health/h3295.png,Normal,tbx11k,h3295,e12987a5cf5eb766574fdb1ec2d89ac11ac1da63754ee184624faaa14d5cfce6
/lab/px/AnichLabs/cxr-cnn-k8s-benchmark/data/tbx11k/imgs/extra/da+db/train/nx33.jpg,Normal,da+db,nx33,006c9a59a2e4989be2ead94edd279260393daed6d292e09a41c5f47cbee3aaee
/lab/px/AnichLabs/cxr-cnn-k8s-benchmark/data/tbx11k/imgs/health/h2431.png,Normal,tbx11k,h2431,acd87d076d538c5d9556c546e75d2d685920332633eeef66157fd845a680f7c6
/lab/px/AnichLabs/cxr-cnn-k8s-benchmark/data/tbx11k/imgs/health/h2377.png,Normal,tbx11k,h2377,543d5d6d86764028ddfa53b53eaa43d014815b5a145652e1d79791fcfcb75028
/lab/px/AnichLabs/cxr-cnn-k8s-benchmark/data/tbx11k/imgs/health/h4755.png,Normal,tbx11k,h4755,5a01fd075e8c06e084837b6b26043e4fc05031ecf768aff3f09cc7600da47f83
/lab/px/AnichLabs/cxr-cnn-k8s-benchmark/data/tbx11k/imgs/health/h4535.png,Normal,tbx11k,h4535,05d2801e2df6e3aea9557e41da35413fef3e760d4bf0ab60db150908be602d2f
/lab/px/AnichLabs/cxr-cnn-k8s-benchmark/data/tbx11k/imgs/health/h4056.png,Normal,tbx11k,h4056,5e91e9c442c41e61d4993ec4df36c190ec2ed4513451056bd122670280334f63
/lab/px/AnichLabs/cxr-cnn-k8s-benchmark/data/tbx11k/imgs/health/h2694.png,Normal,tbx11k,h2694,516c532bb8d1b1fe087d699dad67e88a3e731d49ccbf84d1992e08bf67234d01
/lab/px/AnichLabs/cxr-cnn-k8s-benchmark/data/tbx11k/imgs/health/h1521.png,Normal,tbx11k,h1521,0a7e30894736c1fdceb22934b09e708c9de7d87dbbadd9c7c15be51438709d4b
/lab/px/AnichLabs/cxr-cnn-k8s-benchmark/data/tbx11k/imgs/health/h1087.png,Normal,tbx11k,h1087,282a89ccb0e49dfa6d3b05f8e303fed0899874cae8a44ad18c62f407e3420bd7
/lab/px/AnichLabs/cxr-cnn-k8s-benchmark/data/tbx11k/imgs/health/h4584.png,Normal,tbx11k,h4584,126ffa1ad55f762f653485725cc42de3671debe3cdd5d276f4917f0a777a25ca
/lab/px/AnichLabs/cxr-cnn-k8s-benchmark/data/tbx11k/imgs/health/h0641.png,Normal,tbx11k,h0641,90db9634c4c39fc7e9ea70ba5c7f48f92d219b3a81c59c300098aeaba2092aeb
/lab/px/AnichLabs/cxr-cnn-k8s-benchmark/data/tbx11k/imgs/health/h2833.png,Normal,tbx11k,h2833,64dc95b9c3bd6c2f86bd355d56f73395312f45639212b4ba3a3986ce1619529a
/lab/px/AnichLabs/cxr-cnn-k8s-benchmark/data/tbx11k/imgs/health/h3476.png,Normal,tbx11k,h3476,62fe4eaff10f55b4c04a05cdc90288f26ee8709ee0a32faf6321329b10ccc71b
/lab/px/AnichLabs/cxr-cnn-k8s-benchmark/data/tbx11k/imgs/health/h0817.png,Normal,tbx11k,h0817,e879c38e579587f3ed8af56757970929caca10fa446d566ef18fe15e296e90d4
/lab/px/AnichLabs/cxr-cnn-k8s-benchmark/data/tbx11k/imgs/extra/mc+shenzhen/val/CHNCXR_0164_0.png,Normal,mc+shenzhen,CHNCXR_0164_0,6f79ee3b5a683a7a0f2b3a1615bef1896b88b29d0200d6b0e17ab08fbb775d0a
/lab/px/AnichLabs/cxr-cnn-k8s-benchmark/data/tbx11k/imgs/health/h3270.png,Normal,tbx11k,h3270,69cce3f17ca71e7f9ddfcf5685c2f3270dbd7a145e369467f8a0cd828ec0976c
/lab/px/AnichLabs/cxr-cnn-k8s-benchmark/data/tbx11k/imgs/health/h2385.png,Normal,tbx11k,h2385,01a3a9245d215b00a58c8be32900984092bc2d952b96666a6c5a9af3decafe10
/lab/px/AnichLabs/cxr-cnn-k8s-benchmark/data/tbx11k/imgs/health/h2113.png,Normal,tbx11k,h2113,bb7ba6ae93a2ccc61074300e54d80578265fcd4972ab07463c9fe5e261c6c228
/lab/px/AnichLabs/cxr-cnn-k8s-benchmark/data/tbx11k/imgs/health/h4216.png,Normal,tbx11k,h4216,3bda2b3b06e66a3937dd081a7e41cb778af2884154fb9ccd5367cf6e12eb4084
/lab/px/AnichLabs/cxr-cnn-k8s-benchmark/data/tbx11k/imgs/health/h4095.png,Normal,tbx11k,h4095,078ae03e637697ae88c2c15a87ad08a83abea86feb9a4232986db254ef4ffb6c
/lab/px/AnichLabs/cxr-cnn-k8s-benchmark/data/tbx11k/imgs/health/h3673.png,Normal,tbx11k,h3673,defc58525562af9cfcc5a1616ef8ba734f16fbdc730fc1b003db9b13149475e8
/lab/px/AnichLabs/cxr-cnn-k8s-benchmark/data/tbx11k/imgs/extra/da+db/val/n15.png,Normal,da+db,n15,a559981d1d7da8aaa3af5bf130cc0f853fc1c83e4643a205992ee9ecd65c2909
/lab/px/AnichLabs/cxr-cnn-k8s-benchmark/data/tbx11k/imgs/health/h3586.png,Normal,tbx11k,h3586,edca14c6bcb31a48df209db80884e6d0d5bf9b56946958974e7e8c4d5d34f46d
/lab/px/AnichLabs/cxr-cnn-k8s-benchmark/data/tbx11k/imgs/health/h4976.png,Normal,tbx11k,h4976,ee4462f05694d0238f7a704a1ac603dd4217ba9841063299a9f0ffd4cc23ed0d
/lab/px/AnichLabs/cxr-cnn-k8s-benchmark/data/tbx11k/imgs/health/h0102.png,Normal,tbx11k,h0102,6b596adf4484600fbd1120483332d550c52df53968f4bc804c4d3f7711a5ba15
/lab/px/AnichLabs/cxr-cnn-k8s-benchmark/data/tbx11k/imgs/health/h4349.png,Normal,tbx11k,h4349,2a7f5337671275fe24c6dc7d9272d7a5fccf1d382bf98359c0780fc8cf4acd92
/lab/px/AnichLabs/cxr-cnn-k8s-benchmark/data/tbx11k/imgs/health/h4219.png,Normal,tbx11k,h4219,061ba98b571b67781ec54feb34900b8c3e5665776c3e405e77edabe7f027505a
/lab/px/AnichLabs/cxr-cnn-k8s-benchmark/data/tbx11k/imgs/health/h1829.png,Normal,tbx11k,h1829,e3fd4a90752055132934fb6c9ad1b429d52fcb518bbef0e960c51c18638d42fa
/lab/px/AnichLabs/cxr-cnn-k8s-benchmark/data/tbx11k/imgs/health/h1226.png,Normal,tbx11k,h1226,11e49d4a63636e691d544c6d0e5f2635eb44ee07420f619f96ca5179761b5b93
/lab/px/AnichLabs/cxr-cnn-k8s-benchmark/data/tbx11k/imgs/health/h2251.png,Normal,tbx11k,h2251,784e581200764ae774e34269a477973b8d7009f44834f6087aeea0fc90741814
/lab/px/AnichLabs/cxr-cnn-k8s-benchmark/data/tbx11k/imgs/health/h1629.png,Normal,tbx11k,h1629,5ab7ed07455dbb35c0e2271c016b4b10c2b1dfc0f995a938d2cd5e28deda2c68
/lab/px/AnichLabs/cxr-cnn-k8s-benchmark/data/tbx11k/imgs/health/h0473.png,Normal,tbx11k,h0473,d6392d43523882d491806b69b4862f898a4110df3a2a9f9e2e7a20a8358d0187
/lab/px/AnichLabs/cxr-cnn-k8s-benchmark/data/tbx11k/imgs/extra/mc+shenzhen/val/CHNCXR_0188_0.png,Normal,mc+shenzhen,CHNCXR_0188_0,7826cfb1fc57f957c8429fa505cd2dbb7fed7b941c3bf4a8a172889f83487250
/lab/px/AnichLabs/cxr-cnn-k8s-benchmark/data/tbx11k/imgs/health/h4736.png,Normal,tbx11k,h4736,9f25028b8a81480cfd2af2d5198b9a5bb6d83d0474a83990cf950f8689a86497
/lab/px/AnichLabs/cxr-cnn-k8s-benchmark/data/tbx11k/imgs/health/h1202.png,Normal,tbx11k,h1202,02811addecca976e9e070e05b16ffe3aaa92b3db577b12e30f9e536ee24ca7cf
/lab/px/AnichLabs/cxr-cnn-k8s-benchmark/data/tbx11k/imgs/health/h4865.png,Normal,tbx11k,h4865,8cf0fef26cb66c3012569605299ed535b672f17395f1672eaf79c424394d1bc6
/lab/px/AnichLabs/cxr-cnn-k8s-benchmark/data/tbx11k/imgs/health/h1790.png,Normal,tbx11k,h1790,ba171dbc1a944e254ba6f020d2cf4ce76afc9a483f887f4fc4c24822d2685acf
/lab/px/AnichLabs/cxr-cnn-k8s-benchmark/data/tbx11k/imgs/health/h0605.png,Normal,tbx11k,h0605,cfca1cd5bbcd02df9556cb46e36b51c25f093b939eaf0dafd22ea38e12fa8b55
/lab/px/AnichLabs/cxr-cnn-k8s-benchmark/data/tbx11k/imgs/health/h1731.png,Normal,tbx11k,h1731,0c963f3e419060c1d6d8213db51946a9937de466d755edec85b9b67a589d2159
/lab/px/AnichLabs/cxr-cnn-k8s-benchmark/data/tbx11k/imgs/health/h2291.png,Normal,tbx11k,h2291,6ae8554f851942001e09b66b6c9fd94799ad3a02a31dfad2842f57494628bc1b
/lab/px/AnichLabs/cxr-cnn-k8s-benchmark/data/tbx11k/imgs/health/h4375.png,Normal,tbx11k,h4375,b476fe54944ea9ae2542ca6ce594a2b8f51f2967ed1485b6c4cb4862e9a36ce9
/lab/px/AnichLabs/cxr-cnn-k8s-benchmark/data/tbx11k/imgs/health/h3310.png,Normal,tbx11k,h3310,3fa1b350c3abeac6fb0444c72b25107736b425e01623e1a8a3d30e0e2abd8631
/lab/px/AnichLabs/cxr-cnn-k8s-benchmark/data/tbx11k/imgs/health/h0544.png,Normal,tbx11k,h0544,dc3b89aea8d21ec131810747c861ba4e9d6939c753b74fb3a03e94521bf6245c
/lab/px/AnichLabs/cxr-cnn-k8s-benchmark/data/tbx11k/imgs/health/h2766.png,Normal,tbx11k,h2766,109baf8cf3d64662a2cc255432e6982d6613a661e6a70124a91cbec9f18ebeb1
/lab/px/AnichLabs/cxr-cnn-k8s-benchmark/data/tbx11k/imgs/health/h0477.png,Normal,tbx11k,h0477,2be430ee0914352e9897287eba612e01626a44514f23c95ff00e7adcca93f148
/lab/px/AnichLabs/cxr-cnn-k8s-benchmark/data/tbx11k/imgs/health/h4857.png,Normal,tbx11k,h4857,9d9ee288947140afd24f91433ab064ec4e39c549a1f8116bc1338d45cf4865da
/lab/px/AnichLabs/cxr-cnn-k8s-benchmark/data/tbx11k/imgs/health/h2643.png,Normal,tbx11k,h2643,00932ac36de2fd030707ed57e9562bbe432cc12d2a370206fd76ed00fb723afd
/lab/px/AnichLabs/cxr-cnn-k8s-benchmark/data/tbx11k/imgs/extra/mc+shenzhen/train/CHNCXR_0197_0.png,Normal,mc+shenzhen,CHNCXR_0197_0,87468fa4b484587cc5483c38c2b92fe034540640fa877ac4e70f7878cde5ebfb
/lab/px/AnichLabs/cxr-cnn-k8s-benchmark/data/tbx11k/imgs/health/h3429.png,Normal,tbx11k,h3429,bf56a93dd8123478c3f9a60846eb61057a210b774d2968954ad6b5b68591a915
/lab/px/AnichLabs/cxr-cnn-k8s-benchmark/data/tbx11k/imgs/health/h1542.png,Normal,tbx11k,h1542,4954d8821e25ff0b9a8a2ea36f99ce2214a2baf415d96c9f8a04cefb685300d1
/lab/px/AnichLabs/cxr-cnn-k8s-benchmark/data/tbx11k/imgs/health/h1597.png,Normal,tbx11k,h1597,936a951234838a3b5277d6fd1dcf187661ade024926369973f84b3d68181c1da
/lab/px/AnichLabs/cxr-cnn-k8s-benchmark/data/tbx11k/imgs/extra/mc+shenzhen/train/CHNCXR_0291_0.png,Normal,mc+shenzhen,CHNCXR_0291_0,f725dab1121d1469cad10a3ca44dd0fd140e074997e53f5dba98373bbc20d50b
/lab/px/AnichLabs/cxr-cnn-k8s-benchmark/data/tbx11k/imgs/health/h4490.png,Normal,tbx11k,h4490,aaab80aa3d3be02ef71de7d9ccf16183ca50d656f08c4d1da7dd5240938f5cb3
/lab/px/AnichLabs/cxr-cnn-k8s-benchmark/data/tbx11k/imgs/health/h0212.png,Normal,tbx11k,h0212,06307003319b1e1620c034e9f64b85200500fcfce0d78a910193da8cc3ddb329
/lab/px/AnichLabs/cxr-cnn-k8s-benchmark/data/tbx11k/imgs/health/h0319.png,Normal,tbx11k,h0319,78b908c2e24aba45f1d0686c0ac40bbc1ac3ed63198c7febcc396468d77eb927
/lab/px/AnichLabs/cxr-cnn-k8s-benchmark/data/tbx11k/imgs/health/h4939.png,Normal,tbx11k,h4939,73e92698b045113ae15920ccf43b841f4f0d396533f499a2cab5126c96af10e9
/lab/px/AnichLabs/cxr-cnn-k8s-benchmark/data/tbx11k/imgs/health/h3066.png,Normal,tbx11k,h3066,72a26c55f57abe599376a27e211f4237ac353a38b806edae3bebec5dcab09d67
/lab/px/AnichLabs/cxr-cnn-k8s-benchmark/data/tbx11k/imgs/health/h4198.png,Normal,tbx11k,h4198,0b4eac8ceeddd62c56c0f16085f18ba89c3f405eccff1040878ec2f05a0b4618
/lab/px/AnichLabs/cxr-cnn-k8s-benchmark/data/tbx11k/imgs/health/h2494.png,Normal,tbx11k,h2494,cc65c1e3f344a252d3a922a252da3e1f65797ef4e9560ccd66dcfb1a147790b2
/lab/px/AnichLabs/cxr-cnn-k8s-benchmark/data/tbx11k/imgs/health/h3620.png,Normal,tbx11k,h3620,970d83b895a64744a58a4a5217171e1c8771366eacbb1938ea6853a7e8bd7503
/lab/px/AnichLabs/cxr-cnn-k8s-benchmark/data/tbx11k/imgs/health/h2943.png,Normal,tbx11k,h2943,c91d99917fe7e90b93e9527faaa8cd2120a4fda6e0937f344ad7ca9919aac66d
/lab/px/AnichLabs/cxr-cnn-k8s-benchmark/data/tbx11k/imgs/health/h0912.png,Normal,tbx11k,h0912,66c38b248b2ef9a46824aec4173ce08caf16fe4874ea148cb3b8f0fa415ced7b
/lab/px/AnichLabs/cxr-cnn-k8s-benchmark/data/tbx11k/imgs/health/h4680.png,Normal,tbx11k,h4680,8f6b0535df56236251de7516ae5ae1904a765a66d7fd7b66a049ea380ea02829
/lab/px/AnichLabs/cxr-cnn-k8s-benchmark/data/tbx11k/imgs/health/h3035.png,Normal,tbx11k,h3035,907a77d4f828d531b4e6a317a0b9f18ad6b76bbd0a50fb1b8b9d90fa9efe3468
/lab/px/AnichLabs/cxr-cnn-k8s-benchmark/data/tbx11k/imgs/health/h2401.png,Normal,tbx11k,h2401,112c112cd192094c2876222095300e6550d202649813f749188bcb63689ba287
/lab/px/AnichLabs/cxr-cnn-k8s-benchmark/data/tbx11k/imgs/health/h3969.png,Normal,tbx11k,h3969,c86135bd20d4c7242dd0eef864c3b7ffec094ff362b17b117bb8f22d5dcc8200
/lab/px/AnichLabs/cxr-cnn-k8s-benchmark/data/tbx11k/imgs/health/h3958.png,Normal,tbx11k,h3958,e518bcb5de629440405caa6ad727dac11abfcafd3c3a0bf1414df915c52af4cb
/lab/px/AnichLabs/cxr-cnn-k8s-benchmark/data/tbx11k/imgs/health/h2732.png,Normal,tbx11k,h2732,380b25c67f788ba633630023cf8ec0db4df1083b6e67b1669fa1fc7f7e280bf9
/lab/px/AnichLabs/cxr-cnn-k8s-benchmark/data/tbx11k/imgs/health/h1418.png,Normal,tbx11k,h1418,ac34f58d0fd2d669c90f3b4181e00254c25c7564bfb9ac5433909c5e3a76ff97
/lab/px/AnichLabs/cxr-cnn-k8s-benchmark/data/tbx11k/imgs/health/h2278.png,Normal,tbx11k,h2278,1d0d80f731a39b1f514b39a62f95aead135da109acb8cd9b28eeead505896f98
/lab/px/AnichLabs/cxr-cnn-k8s-benchmark/data/chexpert/train/patient35055/study11/view1_frontal.jpg,Pneumonia,chexpert,patient35055,fabf0b86d132f71bf8d4bb75fac8ecfc660dadea3c09e2a9ed9f61ad84be0d43
/lab/px/AnichLabs/cxr-cnn-k8s-benchmark/data/chexpert/train/patient35055/study3/view1_frontal.jpg,Pneumonia,chexpert,patient35055,5c6828202b98dff70190eaaefbe4df07b233cccd6e03f568aebd74ab910e2070
/lab/px/AnichLabs/cxr-cnn-k8s-benchmark/data/chexpert/train/patient60720/study1/view1_frontal.jpg,Pneumonia,chexpert,patient60720,f7b0f323e2132578ce4a6d62a10c93391daa2e4ec62d4f9a147dea1441f4c6d8
/lab/px/AnichLabs/cxr-cnn-k8s-benchmark/data/chexpert/train/patient18101/study6/view1_frontal.jpg,Pneumonia,chexpert,patient18101,51268c55978254992c932c1ced8c92332ef6b7178da5030885f9db17f0a9565f
/lab/px/AnichLabs/cxr-cnn-k8s-benchmark/data/chexpert/train/patient20889/study1/view1_frontal.jpg,Pneumonia,chexpert,patient20889,b5911524dadacb819ee1e18aaedd76aef1956ccc1a76f9c2334ce3ed9d94f712
/lab/px/AnichLabs/cxr-cnn-k8s-benchmark/data/chexpert/train/patient27700/study1/view1_frontal.jpg,Pneumonia,chexpert,patient27700,aa6cfb252f1522fb0de0fc78f583c64cba2c4bc8dc51f09e5654cb405abb9892
/lab/px/AnichLabs/cxr-cnn-k8s-benchmark/data/chexpert/train/patient37299/study1/view1_frontal.jpg,Pneumonia,chexpert,patient37299,38f6b02f4e757a6b011c53ac4750683c4432844ff39370f9013f54abcd8a2620
/lab/px/AnichLabs/cxr-cnn-k8s-benchmark/data/chexpert/train/patient04871/study2/view1_frontal.jpg,Pneumonia,chexpert,patient04871,a8f98d833607e65652d3a96b742faa50964db19e30d9391f1be233cc3cf303a6
/lab/px/AnichLabs/cxr-cnn-k8s-benchmark/data/chexpert/train/patient12345/study1/view1_frontal.jpg,Pneumonia,chexpert,patient12345,7ee477d42d05c32a5e3e9eaa2bae3d24613363a08a2fe9bde16bb5ec872155bd
/lab/px/AnichLabs/cxr-cnn-k8s-benchmark/data/chexpert/train/patient15927/study1/view1_frontal.jpg,Pneumonia,chexpert,patient15927,545ff496102a64fd556af52453a7dcd5049d5030b096ac9a5b24cdf6c23df731
/lab/px/AnichLabs/cxr-cnn-k8s-benchmark/data/chexpert/train/patient10907/study4/view1_frontal.jpg,Pneumonia,chexpert,patient10907,acbb2f18405fa9eeefd9e330cdf61000dba8ca499ec9fe6b71ea533ac1cd11a5
/lab/px/AnichLabs/cxr-cnn-k8s-benchmark/data/chexpert/train/patient10907/study18/view1_frontal.jpg,Pneumonia,chexpert,patient10907,226cb18f867d30adc7419d00f6c7b67fb0649e7e28695bebfd5581e2e6c1f026
/lab/px/AnichLabs/cxr-cnn-k8s-benchmark/data/chexpert/train/patient23044/study4/view1_frontal.jpg,Pneumonia,chexpert,patient23044,433c0d41d625e1715c3ba1552803cae5cc43da44c6ef5bb53452443a9a19a4a3
/lab/px/AnichLabs/cxr-cnn-k8s-benchmark/data/chexpert/train/patient05697/study1/view1_frontal.jpg,Pneumonia,chexpert,patient05697,62ccb1e12c4c22d2f0b7c56bcfde761e66f7b4edb08e6ef6b21d9bebc7a19e35
/lab/px/AnichLabs/cxr-cnn-k8s-benchmark/data/chexpert/train/patient09042/study1/view1_frontal.jpg,Pneumonia,chexpert,patient09042,46dd4c1d9776740c51fcb5eafe4eef4487f641c494f2de20b82073db3d9ebddb
/lab/px/AnichLabs/cxr-cnn-k8s-benchmark/data/chexpert/train/patient09042/study2/view1_frontal.jpg,Pneumonia,chexpert,patient09042,7d3a0253528d98093fd389949f8604c521fa3c04fc69e4578e44fc33dd062903
/lab/px/AnichLabs/cxr-cnn-k8s-benchmark/data/chexpert/train/patient40804/study3/view1_frontal.jpg,Pneumonia,chexpert,patient40804,c6d6f8747988106799a2d50444b50434bbbb2bfc82f75b0b01a19ea4c4f5d68b
/lab/px/AnichLabs/cxr-cnn-k8s-benchmark/data/chexpert/train/patient21628/study1/view1_frontal.jpg,Pneumonia,chexpert,patient21628,82cb1ca8888a4e6f4566bc691a610f3fe36b927777bf33ebaac792ca0b526814
/lab/px/AnichLabs/cxr-cnn-k8s-benchmark/data/chexpert/train/patient42906/study1/view1_frontal.jpg,Pneumonia,chexpert,patient42906,952b78abcf26d4868a3ed9bac2b3bec604cc76b6a6eecad9adf15cd351a4dbfa
/lab/px/AnichLabs/cxr-cnn-k8s-benchmark/data/chexpert/train/patient07204/study1/view1_frontal.jpg,Pneumonia,chexpert,patient07204,42b7848f8ab266fab014f881455ef6700e000e9961b58a6f462c3b8972c92a49
/lab/px/AnichLabs/cxr-cnn-k8s-benchmark/data/chexpert/train/patient22287/study1/view1_frontal.jpg,Pneumonia,chexpert,patient22287,d8679aad978c3bc6f7fa3408baa708bc5162e018f266f32e656e88926b1920cb
/lab/px/AnichLabs/cxr-cnn-k8s-benchmark/data/chexpert/train/patient36769/study10/view1_frontal.jpg,Pneumonia,chexpert,patient36769,889372cd9d9096c8401292fe4e1c467f2f4246a78c0b47c17282039ec85d8fd1
/lab/px/AnichLabs/cxr-cnn-k8s-benchmark/data/chexpert/train/patient34210/study6/view1_frontal.jpg,Pneumonia,chexpert,patient34210,f1322ec94ee053d393ab40b0382ab3d611be63adeae6f41986d94a9fb20077b3
/lab/px/AnichLabs/cxr-cnn-k8s-benchmark/data/chexpert/train/patient37821/study3/view1_frontal.jpg,Pneumonia,chexpert,patient37821,cc041a3c0033f9c59a87edbf66a81c428265f1acbfdc12532a21633c6dc511de
/lab/px/AnichLabs/cxr-cnn-k8s-benchmark/data/chexpert/train/patient34157/study4/view1_frontal.jpg,Pneumonia,chexpert,patient34157,f0f9d12f6168104663c187bf166fdec105af763201f7b3cb32683bfbec80c63d
/lab/px/AnichLabs/cxr-cnn-k8s-benchmark/data/chexpert/train/patient33251/study6/view1_frontal.jpg,Pneumonia,chexpert,patient33251,0a0c9caa8913b4be5e739e36849f0e3164d4ac4c49617c58688392a2f3c3e6e0
/lab/px/AnichLabs/cxr-cnn-k8s-benchmark/data/chexpert/train/patient19462/study5/view1_frontal.jpg,Pneumonia,chexpert,patient19462,d5048703ea51c0a8bb5c99efccda8a621b5e56333889191081507d9dc34abc0f
/lab/px/AnichLabs/cxr-cnn-k8s-benchmark/data/chexpert/train/patient41219/study5/view1_frontal.jpg,Pneumonia,chexpert,patient41219,02143974a76868c46ce32295ae8180a2d99263a0b52a1968088ee9660718e9d9
/lab/px/AnichLabs/cxr-cnn-k8s-benchmark/data/chexpert/train/patient32178/study2/view1_frontal.jpg,Pneumonia,chexpert,patient32178,cab0725980a0716705cd8636b73449056ab2ec09213a8a5344c37e7117adcab8
/lab/px/AnichLabs/cxr-cnn-k8s-benchmark/data/chexpert/train/patient06207/study3/view1_frontal.jpg,Pneumonia,chexpert,patient06207,2d0b7892b1600e030d2ac17af485e72439cd01ff12f809494c555ed720fe0a51
/lab/px/AnichLabs/cxr-cnn-k8s-benchmark/data/chexpert/train/patient06207/study3/view2_frontal.jpg,Pneumonia,chexpert,patient06207,50e14d2333f4211e38cab4fc7e7ff984474224b3e89b40e545aba4303e1071e0
/lab/px/AnichLabs/cxr-cnn-k8s-benchmark/data/chexpert/train/patient06207/study4/view1_frontal.jpg,Pneumonia,chexpert,patient06207,6a050713a449d1634d95468970920bb43c1baebe2870d44dcdf5147333afacf0
/lab/px/AnichLabs/cxr-cnn-k8s-benchmark/data/chexpert/train/patient06207/study5/view1_frontal.jpg,Pneumonia,chexpert,patient06207,1af34b1220fc700e8b749bcd8c434fcd06f7481e44b21627e5c1b276aa14b474
/lab/px/AnichLabs/cxr-cnn-k8s-benchmark/data/chexpert/train/patient11056/study6/view1_frontal.jpg,Pneumonia,chexpert,patient11056,544c8813435243420f91b0824cb390ad9bf3787415a95a48a39d8f4e5d0fe372
/lab/px/AnichLabs/cxr-cnn-k8s-benchmark/data/chexpert/train/patient11056/study3/view1_frontal.jpg,Pneumonia,chexpert,patient11056,3a250bdabfaf6165e9174740a86afe382aab112d6e619299a18ba75588a820e3
/lab/px/AnichLabs/cxr-cnn-k8s-benchmark/data/chexpert/train/patient11056/study5/view1_frontal.jpg,Pneumonia,chexpert,patient11056,c0d05d8f5958912db2a976ecd1ffd6535eda23ce8a6d2d11e0891ff0003ca8e7
/lab/px/AnichLabs/cxr-cnn-k8s-benchmark/data/chexpert/train/patient11056/study4/view1_frontal.jpg,Pneumonia,chexpert,patient11056,8ccba2c8d30b76752f3d0e6bcff1cfd7e2ba83af6d06b7646e9f563fffc2ba61
/lab/px/AnichLabs/cxr-cnn-k8s-benchmark/data/chexpert/train/patient34244/study1/view1_frontal.jpg,Pneumonia,chexpert,patient34244,478614c24c546dae2cb9c8f96530884e955c317f4e5ce36df81ebbefbbb114e8
/lab/px/AnichLabs/cxr-cnn-k8s-benchmark/data/chexpert/train/patient43899/study4/view1_frontal.jpg,Pneumonia,chexpert,patient43899,8e0725bb9523eb15e0e59cf3a210b5463db7168df0445f28a847914ddc242419
/lab/px/AnichLabs/cxr-cnn-k8s-benchmark/data/chexpert/train/patient16081/study19/view1_frontal.jpg,Pneumonia,chexpert,patient16081,0868841052bd353d9bf5b53c1f3e589dfcb9f9a3c43112da5f444af0ffdd589f
/lab/px/AnichLabs/cxr-cnn-k8s-benchmark/data/chexpert/train/patient16081/study20/view1_frontal.jpg,Pneumonia,chexpert,patient16081,6a77009083879fcdece09847e21f4363b90b1275f01fcf5e9624c7dfe1322ff4
/lab/px/AnichLabs/cxr-cnn-k8s-benchmark/data/chexpert/train/patient16081/study4/view1_frontal.jpg,Pneumonia,chexpert,patient16081,7a65cf50cfa26df8cffa3068db0fc0ff18561ae90e26c73dc133ce81d26b7e56
/lab/px/AnichLabs/cxr-cnn-k8s-benchmark/data/chexpert/train/patient11481/study2/view1_frontal.jpg,Pneumonia,chexpert,patient11481,e661b5edf7aa18f3cb57b744bf99266fc09eb499bc09ba34f82450615c6de749
/lab/px/AnichLabs/cxr-cnn-k8s-benchmark/data/chexpert/train/patient09713/study1/view1_frontal.jpg,Pneumonia,chexpert,patient09713,7d768b2a758b6c1955658afbf7b23c480f1266e8d44d1bcb18829c4e7f815e7f
/lab/px/AnichLabs/cxr-cnn-k8s-benchmark/data/chexpert/train/patient50924/study1/view1_frontal.jpg,Pneumonia,chexpert,patient50924,1f438b5a278410abf4108f6cb98484d78a040c745e05c42a7f81d4c38c68e888
/lab/px/AnichLabs/cxr-cnn-k8s-benchmark/data/chexpert/train/patient38214/study4/view1_frontal.jpg,Pneumonia,chexpert,patient38214,cdc6946af4e84f37cba21030ae8ab1b8dde7a0b56bcdf454cbc8e8d88a7d5eb7
/lab/px/AnichLabs/cxr-cnn-k8s-benchmark/data/chexpert/train/patient22522/study3/view1_frontal.jpg,Pneumonia,chexpert,patient22522,037dbb57743f1effe1aac4d4ff4888a5af829b24371b99530cf1c4bac9ee420a
/lab/px/AnichLabs/cxr-cnn-k8s-benchmark/data/chexpert/train/patient39519/study2/view1_frontal.jpg,Pneumonia,chexpert,patient39519,4dc938cfd4df7306d802cc83ff184fbd4cbcfbf13d91a3827f3415c4b1d77bdd
/lab/px/AnichLabs/cxr-cnn-k8s-benchmark/data/chexpert/train/patient36302/study8/view1_frontal.jpg,Pneumonia,chexpert,patient36302,6e838f6ba57163d8cfc7c888c455241e1c29c9785645c19da0c22cfb935fab18
/lab/px/AnichLabs/cxr-cnn-k8s-benchmark/data/chexpert/train/patient31155/study2/view1_frontal.jpg,Pneumonia,chexpert,patient31155,98a658c48aedfa5bf1252bef7b0b661e216409c22dd874bb9844b22a92fc67de
/lab/px/AnichLabs/cxr-cnn-k8s-benchmark/data/chexpert/train/patient34178/study1/view1_frontal.jpg,Pneumonia,chexpert,patient34178,e8468e96dc2a81d9c1c6f3373105564bcbe07f04d11d7000a18927cb84f0e93c
/lab/px/AnichLabs/cxr-cnn-k8s-benchmark/data/chexpert/train/patient31279/study1/view1_frontal.jpg,Pneumonia,chexpert,patient31279,267d394af2a6c144ea2fb1020ee7812107a78cc408c2c27765bda7df400accb0
/lab/px/AnichLabs/cxr-cnn-k8s-benchmark/data/chexpert/train/patient31072/study8/view1_frontal.jpg,Pneumonia,chexpert,patient31072,edc76f4839b5210f04a5731555730f55b1d1ee5a1181b1773c025b3ea77ed206
/lab/px/AnichLabs/cxr-cnn-k8s-benchmark/data/chexpert/train/patient20073/study1/view1_frontal.jpg,Pneumonia,chexpert,patient20073,a15dfb3f385d99366b94cd78c267ea56601ef214e5a4fb2375006202c2b45a5c
/lab/px/AnichLabs/cxr-cnn-k8s-benchmark/data/chexpert/train/patient18874/study1/view1_frontal.jpg,Pneumonia,chexpert,patient18874,f73c673edff5a83baedf7c0015a704f520f3b92b1a9e3fafa74cb68e71cde1bc
/lab/px/AnichLabs/cxr-cnn-k8s-benchmark/data/chexpert/train/patient32604/study9/view1_frontal.jpg,Pneumonia,chexpert,patient32604,31ce16ffcbb555888f66fa564e11e5050e1b3b4428fbd66099e762f4ea0f4e94
/lab/px/AnichLabs/cxr-cnn-k8s-benchmark/data/chexpert/train/patient11650/study5/view1_frontal.jpg,Pneumonia,chexpert,patient11650,da16f3f3a06403f45d94f0811b3a0a29fbdb886be44957e38f38b6c0438b57a9
/lab/px/AnichLabs/cxr-cnn-k8s-benchmark/data/chexpert/train/patient28771/study1/view1_frontal.jpg,Pneumonia,chexpert,patient28771,c8941396aea593cc7c74082b37fdca36d827c8cf1492fd537c11f71c23f8ec8b
/lab/px/AnichLabs/cxr-cnn-k8s-benchmark/data/chexpert/train/patient39601/study1/view1_frontal.jpg,Pneumonia,chexpert,patient39601,21a15b24c36bf4b72289d4aa8ee02839b346e43be5db28231ecbd76b8677db8a
/lab/px/AnichLabs/cxr-cnn-k8s-benchmark/data/chexpert/train/patient00748/study1/view1_frontal.jpg,Pneumonia,chexpert,patient00748,0b9866b505c0c51ffc08656baeb7a7fd5cfa92648f417a11fcd10bd719995aa5
/lab/px/AnichLabs/cxr-cnn-k8s-benchmark/data/chexpert/train/patient00748/study1/view2_frontal.jpg,Pneumonia,chexpert,patient00748,39ac571dad09fd603232ac2e14d23154f8eb8d64f9365f4c77635e2a720c2f9b
/lab/px/AnichLabs/cxr-cnn-k8s-benchmark/data/chexpert/train/patient28318/study1/view1_frontal.jpg,Pneumonia,chexpert,patient28318,2c5960325fc061bd21c42a05606e6b44e6bdd13f5f6f5c3ee26cd5fd8d7a6dbb
/lab/px/AnichLabs/cxr-cnn-k8s-benchmark/data/chexpert/train/patient29779/study11/view1_frontal.jpg,Pneumonia,chexpert,patient29779,274e650b8525de9025d730d7b47c1759ce0e4121e0897e0270e896b318b40922
/lab/px/AnichLabs/cxr-cnn-k8s-benchmark/data/chexpert/train/patient29779/study11/view2_frontal.jpg,Pneumonia,chexpert,patient29779,672177537a92ace883f6a13f65c52df6d7450cd8c85d6d8fae3f7131eb40d7cb
/lab/px/AnichLabs/cxr-cnn-k8s-benchmark/data/chexpert/train/patient32718/study2/view1_frontal.jpg,Pneumonia,chexpert,patient32718,1fdd02836845c301269d61df0eabe734913126bb29df8854f1d563da336b2635
/lab/px/AnichLabs/cxr-cnn-k8s-benchmark/data/chexpert/train/patient20630/study1/view1_frontal.jpg,Pneumonia,chexpert,patient20630,f63007f6e96292f1bbaac650b42b44b6dd8ee50064cb9139b6133c9e8f6fc3da
/lab/px/AnichLabs/cxr-cnn-k8s-benchmark/data/chexpert/train/patient20136/study1/view1_frontal.jpg,Pneumonia,chexpert,patient20136,7c16b9efe632c7741077a3a19e44ef1814880c6c7e111c88a38ed16baa99f6dc
/lab/px/AnichLabs/cxr-cnn-k8s-benchmark/data/chexpert/train/patient45068/study1/view1_frontal.jpg,Pneumonia,chexpert,patient45068,850efb30247ef03a56df186884826fd3e64eb68345f3047f2e20336f025ab337
/lab/px/AnichLabs/cxr-cnn-k8s-benchmark/data/chexpert/train/patient14926/study2/view1_frontal.jpg,Pneumonia,chexpert,patient14926,8ee53e43954c9c75cec4a6377a8229b70175723906b5d011e9eb3eac7ec47d16
/lab/px/AnichLabs/cxr-cnn-k8s-benchmark/data/chexpert/train/patient01448/study12/view1_frontal.jpg,Pneumonia,chexpert,patient01448,ab04e352f7a5239e5958465d975ccc10d6490182e17e84eda3e461479c530bf3
/lab/px/AnichLabs/cxr-cnn-k8s-benchmark/data/chexpert/train/patient01448/study10/view1_frontal.jpg,Pneumonia,chexpert,patient01448,b6853783dfa2ad17b41e32e0e9a94b05528a612104d7099501af9ecc437034ba
/lab/px/AnichLabs/cxr-cnn-k8s-benchmark/data/chexpert/train/patient01448/study14/view1_frontal.jpg,Pneumonia,chexpert,patient01448,72950300765d130cc4c70c85cd03a87b888cdb5de72a994c4c47a3231aa656ee
/lab/px/AnichLabs/cxr-cnn-k8s-benchmark/data/chexpert/train/patient27774/study1/view1_frontal.jpg,Pneumonia,chexpert,patient27774,fe46551640f9f40640b56081f80bfcd55314511d40cf6373d493c5a67db0be06
/lab/px/AnichLabs/cxr-cnn-k8s-benchmark/data/chexpert/train/patient37852/study10/view1_frontal.jpg,Pneumonia,chexpert,patient37852,898b852941cea16391c88ad1b3bce011b8f9e3e69a58c8160f5f9016896591e1
/lab/px/AnichLabs/cxr-cnn-k8s-benchmark/data/chexpert/train/patient27542/study5/view1_frontal.jpg,Pneumonia,chexpert,patient27542,835b5c20eb0b14104d6b44a53a28ea4471308a18cc21e3ea9d0be472eb0c0aba
/lab/px/AnichLabs/cxr-cnn-k8s-benchmark/data/chexpert/train/patient19327/study3/view1_frontal.jpg,Pneumonia,chexpert,patient19327,f0057aa6d165c499cac8be2c18a13c4bd13d3a00246070839bef8e1bd2683295
/lab/px/AnichLabs/cxr-cnn-k8s-benchmark/data/chexpert/train/patient45927/study1/view1_frontal.jpg,Pneumonia,chexpert,patient45927,ede49cb4aa16df7e992e43c44000e792d794bd269bb9265dae19bb20e5567ca2
/lab/px/AnichLabs/cxr-cnn-k8s-benchmark/data/chexpert/train/patient33909/study1/view1_frontal.jpg,Pneumonia,chexpert,patient33909,6b9d318c4c78225aa8cdb829fbd143099c099bae289079cbc54b4863b9089e1a
/lab/px/AnichLabs/cxr-cnn-k8s-benchmark/data/chexpert/train/patient21858/study3/view1_frontal.jpg,Pneumonia,chexpert,patient21858,9cd5b47ff0d9520e882ed9d9433f36469659861ea9b9825fc9760ca3ae55b493
/lab/px/AnichLabs/cxr-cnn-k8s-benchmark/data/chexpert/train/patient47539/study3/view1_frontal.jpg,Pneumonia,chexpert,patient47539,f3c0d581493535f555c8b36fbb79289196afeacdb5d99efb83e560b0d824d4e9
/lab/px/AnichLabs/cxr-cnn-k8s-benchmark/data/chexpert/train/patient07250/study2/view1_frontal.jpg,Pneumonia,chexpert,patient07250,19b31ace91a0d4688e0a5a8192f089741b45e3f9131188a3091a7dcf9c729ea7
/lab/px/AnichLabs/cxr-cnn-k8s-benchmark/data/chexpert/train/patient00778/study1/view1_frontal.jpg,Pneumonia,chexpert,patient00778,75ffef57818d570bb21068ab62850c4979f06e5a9e016713595ad138c95e9365
/lab/px/AnichLabs/cxr-cnn-k8s-benchmark/data/chexpert/train/patient25067/study1/view1_frontal.jpg,Pneumonia,chexpert,patient25067,6b87b54ef24cb9939192a9191babb934131917cafdc30e07651ca9dd9459dd8e
/lab/px/AnichLabs/cxr-cnn-k8s-benchmark/data/chexpert/train/patient25067/study2/view1_frontal.jpg,Pneumonia,chexpert,patient25067,7d2a0659ad1ea38ee5ac77f196c487ac4a1f5dce5a3e1c0e66796436f5b2c2a0
/lab/px/AnichLabs/cxr-cnn-k8s-benchmark/data/chexpert/train/patient25067/study3/view1_frontal.jpg,Pneumonia,chexpert,patient25067,965b45c617e3c609bae7c88e5b2a177f6dac72e2a5fa90e8f966d0ad27430593
/lab/px/AnichLabs/cxr-cnn-k8s-benchmark/data/chexpert/train/patient24515/study3/view1_frontal.jpg,Pneumonia,chexpert,patient24515,d2298acd9b983d152440f49fd93218acaae38c495150105835fa92a2cc1a7599
/lab/px/AnichLabs/cxr-cnn-k8s-benchmark/data/chexpert/train/patient11136/study3/view1_frontal.jpg,Pneumonia,chexpert,patient11136,7efdcc5734c208e0d0ea3dfb169bc53fcccca1944a80977cd7c15a32d5124b85
/lab/px/AnichLabs/cxr-cnn-k8s-benchmark/data/chexpert/train/patient15950/study5/view1_frontal.jpg,Pneumonia,chexpert,patient15950,c5e78a7ff3d55dbe82a1d00d50a244ec12f31cac70bed5e8a19dc80842bd8711
/lab/px/AnichLabs/cxr-cnn-k8s-benchmark/data/chexpert/train/patient55112/study1/view1_frontal.jpg,Pneumonia,chexpert,patient55112,e3d8151d26d78a78c470174d5f1f8db0f6fbdba86f5539d0e9c4f5da1c30a49b
/lab/px/AnichLabs/cxr-cnn-k8s-benchmark/data/chexpert/train/patient05245/study3/view1_frontal.jpg,Pneumonia,chexpert,patient05245,9db058ae4a746cadb6c0b391d1cdad6a328c33ee4b09004a2cfe67afcfa952af
/lab/px/AnichLabs/cxr-cnn-k8s-benchmark/data/chexpert/train/patient36151/study6/view1_frontal.jpg,Pneumonia,chexpert,patient36151,485109dc5d7bed331f4a33a18f85f4046c6291809849d0fc2214bfcd4d569dff
/lab/px/AnichLabs/cxr-cnn-k8s-benchmark/data/chexpert/train/patient28260/study2/view1_frontal.jpg,Pneumonia,chexpert,patient28260,ff9b2ad65213a0392ea49ea6d9c2441a835f1b2bf35b575f7b8e6517b23a343b
/lab/px/AnichLabs/cxr-cnn-k8s-benchmark/data/chexpert/train/patient43861/study7/view1_frontal.jpg,Pneumonia,chexpert,patient43861,acc059aa9fbc9a6ed8d1d86aaed003206737b56252917a8fb999c10f7dba9317
/lab/px/AnichLabs/cxr-cnn-k8s-benchmark/data/chexpert/train/patient05179/study32/view1_frontal.jpg,Pneumonia,chexpert,patient05179,7ce18c4e37ee0e8afd4ef99de4aa01e40f8f2a88ae7283710f7a41cddb273f87
/lab/px/AnichLabs/cxr-cnn-k8s-benchmark/data/chexpert/train/patient06306/study1/view1_frontal.jpg,Pneumonia,chexpert,patient06306,bf0aafe07c160c49093bf3ab9cac8c193816f4bd116d3ebc71efbc725f31d361
/lab/px/AnichLabs/cxr-cnn-k8s-benchmark/data/chexpert/train/patient01183/study1/view1_frontal.jpg,Pneumonia,chexpert,patient01183,6116a8f56d53f468343a2a401ef69dfe3b44f874bad207a15355538cc663c423
/lab/px/AnichLabs/cxr-cnn-k8s-benchmark/data/chexpert/train/patient46814/study2/view1_frontal.jpg,Pneumonia,chexpert,patient46814,0fd74e34d6b0b411d0aadc70c20438ba5c3b85d302e602de425907e79ee4351f
/lab/px/AnichLabs/cxr-cnn-k8s-benchmark/data/chexpert/train/patient05375/study2/view1_frontal.jpg,Pneumonia,chexpert,patient05375,28bfe090dd4c4d0375bdd86cd98b4eb50ed79d5698c1c0cade1ca790bfc273ff
/lab/px/AnichLabs/cxr-cnn-k8s-benchmark/data/chexpert/train/patient15736/study1/view1_frontal.jpg,Pneumonia,chexpert,patient15736,6fee3f6b822e16ad0120d7d28e7ec5f97db6d2944d5f91eadfc4bacff750d2f7
/lab/px/AnichLabs/cxr-cnn-k8s-benchmark/data/chexpert/train/patient29767/study2/view1_frontal.jpg,Pneumonia,chexpert,patient29767,2c4650b08ac09a387a3d416c0c733626a8f191df168abb7c8cfa1c5ed0784f9f
/lab/px/AnichLabs/cxr-cnn-k8s-benchmark/data/chexpert/train/patient62503/study1/view1_frontal.jpg,Pneumonia,chexpert,patient62503,57a0fefaef298a2fa11fd03e3200332214538334a03cbdb5650ec70f871b182c
/lab/px/AnichLabs/cxr-cnn-k8s-benchmark/data/chexpert/train/patient55557/study2/view1_frontal.jpg,Pneumonia,chexpert,patient55557,02fcfa891ea4504594501dd76af4d356168f1edb45d7ca90fc1b5ceda102fc60
/lab/px/AnichLabs/cxr-cnn-k8s-benchmark/data/chexpert/train/patient10375/study1/view1_frontal.jpg,Pneumonia,chexpert,patient10375,9c699d4f8450f90ccba20e56ea56e8a62de98e47240ee9b93b357c0626d69dc8
/lab/px/AnichLabs/cxr-cnn-k8s-benchmark/data/chexpert/train/patient45777/study4/view1_frontal.jpg,Pneumonia,chexpert,patient45777,974a464a1e8f532eb249278c3b7f9893d3010bcde9426c601f6a5bff2b00497f
/lab/px/AnichLabs/cxr-cnn-k8s-benchmark/data/chexpert/train/patient47752/study1/view1_frontal.jpg,Pneumonia,chexpert,patient47752,5a53b7e2ae57cf2c34ac99dae9f1a7f05aa42034754b6519933fa55e1cdd91b3
/lab/px/AnichLabs/cxr-cnn-k8s-benchmark/data/chexpert/train/patient05009/study1/view1_frontal.jpg,Pneumonia,chexpert,patient05009,e577048d20d19e2b6b403b490e8efd77f5c7bb74faa0029e1d058b839d3c5177
/lab/px/AnichLabs/cxr-cnn-k8s-benchmark/data/chexpert/train/patient54488/study1/view1_frontal.jpg,Pneumonia,chexpert,patient54488,de6f4b87a1bd24241f42b83988dff7ab3a05f36dc210f6424eb8f9cb1514e66a
/lab/px/AnichLabs/cxr-cnn-k8s-benchmark/data/chexpert/train/patient31610/study1/view1_frontal.jpg,Pneumonia,chexpert,patient31610,5ecb2e42d793c9a8ed2a77a1088fa97ba5c6625b19d799521c72be326ab06fdc
/lab/px/AnichLabs/cxr-cnn-k8s-benchmark/data/chexpert/train/patient08862/study1/view1_frontal.jpg,Pneumonia,chexpert,patient08862,642de2f413e9f18c49249ee9ff01fb103764608b2b9021d409d9c827eb434961
/lab/px/AnichLabs/cxr-cnn-k8s-benchmark/data/chexpert/train/patient27787/study1/view1_frontal.jpg,Pneumonia,chexpert,patient27787,f3d08ed1faa1fdabdbf9d9aa8f0f71bfcdd86616d9011011df6c2602fda24f8a
/lab/px/AnichLabs/cxr-cnn-k8s-benchmark/data/chexpert/train/patient48291/study1/view1_frontal.jpg,Pneumonia,chexpert,patient48291,aa560fa647bc7a45582c1125d71478502e4cb004945109de174b483734fcd09b
/lab/px/AnichLabs/cxr-cnn-k8s-benchmark/data/chexpert/train/patient35167/study1/view1_frontal.jpg,Pneumonia,chexpert,patient35167,e5fb66caf61cafd0fe80acd41a61926e61797ca7409fea3c1fb5753b08032f48
/lab/px/AnichLabs/cxr-cnn-k8s-benchmark/data/chexpert/train/patient16266/study3/view1_frontal.jpg,Pneumonia,chexpert,patient16266,9ba9f702e1443ef432c131c336a377541875439638838981401633ef4540a10c
/lab/px/AnichLabs/cxr-cnn-k8s-benchmark/data/chexpert/train/patient26335/study6/view1_frontal.jpg,Pneumonia,chexpert,patient26335,8a85385175b8b4e4099a5f2b78386084e9689c998711831499cfa46b2a3664ca
/lab/px/AnichLabs/cxr-cnn-k8s-benchmark/data/chexpert/train/patient21806/study3/view1_frontal.jpg,Pneumonia,chexpert,patient21806,3dd6838f77808c3dd5ded6774c2fba0c80f6e21d006d5ee244bb15e5a1e24562
/lab/px/AnichLabs/cxr-cnn-k8s-benchmark/data/chexpert/train/patient26257/study29/view1_frontal.jpg,Pneumonia,chexpert,patient26257,fb97b3328bfccf80c483cf4ad7b306650d455b26f9c0e6802cb8fa5f23df6107
/lab/px/AnichLabs/cxr-cnn-k8s-benchmark/data/chexpert/train/patient26257/study7/view1_frontal.jpg,Pneumonia,chexpert,patient26257,3eed244125640a33455902e4d87eb7d28f87e0b8d059827bc0b24dadd6f57928
/lab/px/AnichLabs/cxr-cnn-k8s-benchmark/data/chexpert/train/patient26257/study9/view1_frontal.jpg,Pneumonia,chexpert,patient26257,6f8c59e9b5eacc02249059f354c62d2fad868efeffbb20cc78047526d78c0df5
/lab/px/AnichLabs/cxr-cnn-k8s-benchmark/data/chexpert/train/patient26257/study10/view1_frontal.jpg,Pneumonia,chexpert,patient26257,375065eafa99e63a7448395362ddf9b4ce9d73cad978ffb89199340e85ccac32
/lab/px/AnichLabs/cxr-cnn-k8s-benchmark/data/chexpert/train/patient26257/study8/view1_frontal.jpg,Pneumonia,chexpert,patient26257,b8acff9dc9fabcc6881205799e4e6e5d13000df209e6e6ad09921dfe9f59d298
/lab/px/AnichLabs/cxr-cnn-k8s-benchmark/data/chexpert/train/patient19388/study11/view1_frontal.jpg,Pneumonia,chexpert,patient19388,96adcea3f7565e93a325da100634cd4ab7eedd01de266edcf159a5a292746930
/lab/px/AnichLabs/cxr-cnn-k8s-benchmark/data/chexpert/train/patient52691/study1/view1_frontal.jpg,Pneumonia,chexpert,patient52691,406a9cad85f0bafcb251ed5258400b41cb4cabf3797e1ad3c690a38b8801c03d
/lab/px/AnichLabs/cxr-cnn-k8s-benchmark/data/chexpert/train/patient32306/study7/view1_frontal.jpg,Pneumonia,chexpert,patient32306,a9408105ebf677b7232652ff4a1fb835e3286454fdb5df29b4b2be5dd09912cf
/lab/px/AnichLabs/cxr-cnn-k8s-benchmark/data/chexpert/train/patient17872/study1/view1_frontal.jpg,Pneumonia,chexpert,patient17872,006fdfbe4f424f3f4759daf1b16cc13d68a929eca215be093da791b9b4474df1
/lab/px/AnichLabs/cxr-cnn-k8s-benchmark/data/chexpert/train/patient42229/study1/view1_frontal.jpg,Pneumonia,chexpert,patient42229,0ae39be718114aba398b4e9ccaff03e19b73798cea11843f6ae74e04e9e1b7d5
/lab/px/AnichLabs/cxr-cnn-k8s-benchmark/data/chexpert/train/patient27408/study4/view1_frontal.jpg,Pneumonia,chexpert,patient27408,8ca8d3fd75cc19507b3820cf44303c71c79425d7d86aaad9c059c4ef0fca3131
/lab/px/AnichLabs/cxr-cnn-k8s-benchmark/data/chexpert/train/patient06592/study1/view1_frontal.jpg,Pneumonia,chexpert,patient06592,ac3bf38bb8d039ffc5d3062810cae7bd63b0fc18b46d9d1131e08e9985e53985
/lab/px/AnichLabs/cxr-cnn-k8s-benchmark/data/chexpert/train/patient23364/study2/view1_frontal.jpg,Pneumonia,chexpert,patient23364,7e5a46b4c11f65c2e7059b02da31b2a103e322f64cb6f97136d5154bfe82b3f5
/lab/px/AnichLabs/cxr-cnn-k8s-benchmark/data/chexpert/train/patient47582/study1/view1_frontal.jpg,Pneumonia,chexpert,patient47582,f56cd2eacdb6eba74f7b6b53d74ff8721a67c2939eacf0280cc720342e32f2db
/lab/px/AnichLabs/cxr-cnn-k8s-benchmark/data/chexpert/train/patient17403/study1/view1_frontal.jpg,Pneumonia,chexpert,patient17403,4db517a03fb84889e811363b201658119f6a6c428ef52801375e25daa6d4dbe9
/lab/px/AnichLabs/cxr-cnn-k8s-benchmark/data/chexpert/train/patient01071/study8/view1_frontal.jpg,Pneumonia,chexpert,patient01071,b1b739055f1afd31cf1e071582bdecc64e8f4e8b843616c2c6c080b0ff6e3731
/lab/px/AnichLabs/cxr-cnn-k8s-benchmark/data/chexpert/train/patient41819/study3/view1_frontal.jpg,Pneumonia,chexpert,patient41819,06238e631fa18c699ed64cbc19211c6abe287ac2d4064f95585156840f802059
/lab/px/AnichLabs/cxr-cnn-k8s-benchmark/data/chexpert/train/patient23036/study1/view1_frontal.jpg,Pneumonia,chexpert,patient23036,9eaa9083a42a76033c99828107d5a71562e3a2f2ebf444c61ddf52c34c1c9ffd
/lab/px/AnichLabs/cxr-cnn-k8s-benchmark/data/chexpert/train/patient23036/study2/view1_frontal.jpg,Pneumonia,chexpert,patient23036,8668442a9bbf87f44fb7b6eb85340f61132bd3c9d61de633f2a7089787e1b029
/lab/px/AnichLabs/cxr-cnn-k8s-benchmark/data/chexpert/train/patient07898/study1/view1_frontal.jpg,Pneumonia,chexpert,patient07898,48cf36b54b1d5045e19018a61d15d233c6f197958705cedc3f02cdc1ab194d42
/lab/px/AnichLabs/cxr-cnn-k8s-benchmark/data/chexpert/train/patient01331/study4/view1_frontal.jpg,Pneumonia,chexpert,patient01331,a187e3f36186aea2a7cdf25385bb08ab0833ddcfef90cef2b042e9379607fff9
/lab/px/AnichLabs/cxr-cnn-k8s-benchmark/data/chexpert/train/patient46251/study3/view1_frontal.jpg,Pneumonia,chexpert,patient46251,93cd183dbe427e991f99f2d890cb0c9bd69f2f9a0169fab359f252108abe5c5b
/lab/px/AnichLabs/cxr-cnn-k8s-benchmark/data/chexpert/train/patient10683/study1/view1_frontal.jpg,Pneumonia,chexpert,patient10683,e83c47e086824631cb3f5c76302ec64224f554bab12027fe6b90993c51c8322c
/lab/px/AnichLabs/cxr-cnn-k8s-benchmark/data/chexpert/train/patient07747/study1/view1_frontal.jpg,Pneumonia,chexpert,patient07747,a74fbaed319ebea96a8dee9dce72aeb41999b8861cd8eeb111b7f18b07f482f9
/lab/px/AnichLabs/cxr-cnn-k8s-benchmark/data/chexpert/train/patient07747/study3/view1_frontal.jpg,Pneumonia,chexpert,patient07747,d5bc38f57df4a4820e3d28d68bb4698365384884eef518da2b087583e2309be7
/lab/px/AnichLabs/cxr-cnn-k8s-benchmark/data/chexpert/train/patient13099/study15/view1_frontal.jpg,Pneumonia,chexpert,patient13099,1740f6cd2d44374b1463e7e3b686e8b323f9d8881358e792c91b0f1cc81520de
/lab/px/AnichLabs/cxr-cnn-k8s-benchmark/data/chexpert/train/patient27571/study1/view1_frontal.jpg,Pneumonia,chexpert,patient27571,ef27e0082e862caa78457ed80c6c37a62ebbe77b491a7acacf1a58aaa43a6149
/lab/px/AnichLabs/cxr-cnn-k8s-benchmark/data/chexpert/train/patient32156/study1/view1_frontal.jpg,Pneumonia,chexpert,patient32156,8ebec9a342faf790526c5dfab50f5e45e05ee6b845ce32a3570ab7ce00c27e80
/lab/px/AnichLabs/cxr-cnn-k8s-benchmark/data/chexpert/train/patient11053/study1/view1_frontal.jpg,Pneumonia,chexpert,patient11053,2691eb8b6b057104ef46a5621ae797423ad4661043afb2cea008086a564da90e
/lab/px/AnichLabs/cxr-cnn-k8s-benchmark/data/chexpert/train/patient56410/study1/view1_frontal.jpg,Pneumonia,chexpert,patient56410,6c0dd5bedb7b2a5afc37777a45026df7d581af30a2d6266d99919642eda9d9cf
/lab/px/AnichLabs/cxr-cnn-k8s-benchmark/data/chexpert/train/patient31434/study1/view1_frontal.jpg,Pneumonia,chexpert,patient31434,6e5990e03e19f1691c2afc9e5895a19c93843bff7e245c2762b42c6ef41fa097
/lab/px/AnichLabs/cxr-cnn-k8s-benchmark/data/chexpert/train/patient27777/study2/view1_frontal.jpg,Pneumonia,chexpert,patient27777,43b6d62cbbc7331dde7c7e2d23f6e9c7723e1d5550cdd2b720e2bc76dcc82ea7
/lab/px/AnichLabs/cxr-cnn-k8s-benchmark/data/chexpert/train/patient47639/study1/view1_frontal.jpg,Pneumonia,chexpert,patient47639,1e76d1d3b92d2d8dbd5072f9d1853410b5644b91cfc80664494d9af09d0259fa
/lab/px/AnichLabs/cxr-cnn-k8s-benchmark/data/chexpert/train/patient24810/study1/view1_frontal.jpg,Pneumonia,chexpert,patient24810,384dd6cac41822a3fabbe2cdcfe019764ee64506cb55b91e9088ca9a19c0ecd2
/lab/px/AnichLabs/cxr-cnn-k8s-benchmark/data/chexpert/train/patient03305/study11/view1_frontal.jpg,Pneumonia,chexpert,patient03305,52b45c22551951537a2fcc7679b88c71ff6c6b521eebb944d0fd18345c5f6144
/lab/px/AnichLabs/cxr-cnn-k8s-benchmark/data/chexpert/train/patient28516/study1/view1_frontal.jpg,Pneumonia,chexpert,patient28516,fe4a4360e19e4dabc28c9b34b7cf2cec34c921c634f7763e7b9c7937a8e96e9a
/lab/px/AnichLabs/cxr-cnn-k8s-benchmark/data/chexpert/train/patient28516/study4/view1_frontal.jpg,Pneumonia,chexpert,patient28516,a98cacfecf9ea8c3aa2bfc91d9b5b36de10f1879ae50ad3557a24c13db8ebfd5
/lab/px/AnichLabs/cxr-cnn-k8s-benchmark/data/chexpert/train/patient52133/study1/view1_frontal.jpg,Pneumonia,chexpert,patient52133,899d83a9b2dfbe53757244a10f35d76bca0d41f954f2ed08b907543969c12502
/lab/px/AnichLabs/cxr-cnn-k8s-benchmark/data/chexpert/train/patient07408/study2/view1_frontal.jpg,Pneumonia,chexpert,patient07408,8a257030280830f7abfb7ea91d5961f00a6ee053aee612880ed9f37e695bd750
/lab/px/AnichLabs/cxr-cnn-k8s-benchmark/data/chexpert/train/patient16519/study2/view1_frontal.jpg,Pneumonia,chexpert,patient16519,d39149e40861c734d80d19de672846d7dc0a4d158e4d122f274f0461a09e7f4b
/lab/px/AnichLabs/cxr-cnn-k8s-benchmark/data/chexpert/train/patient16519/study5/view1_frontal.jpg,Pneumonia,chexpert,patient16519,99cc1d8a516db31dbf15a752880173df6deb51c1e11265c465195226671d2f5b
/lab/px/AnichLabs/cxr-cnn-k8s-benchmark/data/chexpert/train/patient33490/study1/view1_frontal.jpg,Pneumonia,chexpert,patient33490,865b1d8cac94e93194e078fd7999d94c547489f2ed28c209a8cc2ba070dca5a1
/lab/px/AnichLabs/cxr-cnn-k8s-benchmark/data/chexpert/train/patient63661/study1/view1_frontal.jpg,Pneumonia,chexpert,patient63661,68962cb649e34c85a575c293f1dbc9b8980cad1d09334828f7d243e426503a67
/lab/px/AnichLabs/cxr-cnn-k8s-benchmark/data/chexpert/train/patient44064/study1/view1_frontal.jpg,Pneumonia,chexpert,patient44064,8f7ddb579dde137c76382ba2ae517ea1d6f7068150c6066aead2c2ece7ca49b2
/lab/px/AnichLabs/cxr-cnn-k8s-benchmark/data/chexpert/train/patient43593/study3/view1_frontal.jpg,Pneumonia,chexpert,patient43593,1f017820e6b54988737ab097958fdd4bdaf3b174c67c976aa545c0b8f6a8e6de
/lab/px/AnichLabs/cxr-cnn-k8s-benchmark/data/chexpert/train/patient27935/study2/view1_frontal.jpg,Pneumonia,chexpert,patient27935,dbac0e9b63b2ca9da50f56296be14726bdf5dfcfea757b38352c696f4b825a86
/lab/px/AnichLabs/cxr-cnn-k8s-benchmark/data/chexpert/train/patient27935/study5/view1_frontal.jpg,Pneumonia,chexpert,patient27935,2ab1cf1fb73aa92ffa5f6595d1df0d862988f63486ee3d5f25f151b89c1fb1cc
/lab/px/AnichLabs/cxr-cnn-k8s-benchmark/data/chexpert/train/patient50968/study4/view1_frontal.jpg,Pneumonia,chexpert,patient50968,e046983f7ef1a8383e4b18cdc3ab356e7ea7a514f178270ae56333423fae6b3a
/lab/px/AnichLabs/cxr-cnn-k8s-benchmark/data/chexpert/train/patient48020/study2/view1_frontal.jpg,Pneumonia,chexpert,patient48020,a4dd34926e80f81c7bdaf4d8bb6aa99c600a7c75f766b43eb4b6d258882abdbd
/lab/px/AnichLabs/cxr-cnn-k8s-benchmark/data/chexpert/train/patient32333/study1/view1_frontal.jpg,Pneumonia,chexpert,patient32333,5479b76209701410ff10406e954fc3153caa5cf2a34b4f3b668108a56431d996
/lab/px/AnichLabs/cxr-cnn-k8s-benchmark/data/chexpert/train/patient10781/study4/view1_frontal.jpg,Pneumonia,chexpert,patient10781,6569e3d2ab39655d06560f79eba0d507475f42f22c8038cd5e3ca74f4c06c91e
/lab/px/AnichLabs/cxr-cnn-k8s-benchmark/data/chexpert/train/patient33660/study2/view1_frontal.jpg,Pneumonia,chexpert,patient33660,5d5def7463165c3128212cdd70905367d5cc190c0e0de4ea0b4867184266e76a
/lab/px/AnichLabs/cxr-cnn-k8s-benchmark/data/chexpert/train/patient33660/study3/view1_frontal.jpg,Pneumonia,chexpert,patient33660,8dd806d3e989b4ff2c1123b8cb260bbef35af73cb2e2b870643abcd69b59e746
/lab/px/AnichLabs/cxr-cnn-k8s-benchmark/data/chexpert/train/patient30826/study2/view1_frontal.jpg,Pneumonia,chexpert,patient30826,ea0adc6f24ed17f991a87396def581c33164e14c0600f568541e7c648309c1fb
/lab/px/AnichLabs/cxr-cnn-k8s-benchmark/data/chexpert/train/patient08039/study1/view1_frontal.jpg,Pneumonia,chexpert,patient08039,93e1c5287230d619b621f09a6a8e87eae4ed8ab6791f6f09ed86998d195c29b8
/lab/px/AnichLabs/cxr-cnn-k8s-benchmark/data/chexpert/train/patient59505/study4/view1_frontal.jpg,Pneumonia,chexpert,patient59505,9aacfa74c75e34bfcee65a4b1675351080c55a0e8fde519d32b4dad72722129d
/lab/px/AnichLabs/cxr-cnn-k8s-benchmark/data/chexpert/train/patient16438/study1/view1_frontal.jpg,Pneumonia,chexpert,patient16438,2b68c98a42088c4ae107f2448c4928d91330f0d735133dbc8f966371301f15d5
/lab/px/AnichLabs/cxr-cnn-k8s-benchmark/data/chexpert/train/patient10182/study11/view1_frontal.jpg,Pneumonia,chexpert,patient10182,7aa9d8cba381a6e5d95c9d4cec4128dac151d9ac533689aa9812126027907a04
/lab/px/AnichLabs/cxr-cnn-k8s-benchmark/data/chexpert/train/patient27001/study8/view1_frontal.jpg,Pneumonia,chexpert,patient27001,b509781da61354f0141216977d40b4ec566e3173a4df2a3ec7a9f6d4f315816c
/lab/px/AnichLabs/cxr-cnn-k8s-benchmark/data/chexpert/train/patient02146/study14/view1_frontal.jpg,Pneumonia,chexpert,patient02146,6f832fb7d520861040d7ef6c852bb1a56cfd10c6d10e9c368cc297a3b6c1aadf
/lab/px/AnichLabs/cxr-cnn-k8s-benchmark/data/chexpert/train/patient01922/study3/view1_frontal.jpg,Pneumonia,chexpert,patient01922,ead209765e0bea12adb0d5fa9ff4e8bfd880201e43206b3f03edfed3b3cd6f95
/lab/px/AnichLabs/cxr-cnn-k8s-benchmark/data/chexpert/train/patient01922/study6/view1_frontal.jpg,Pneumonia,chexpert,patient01922,b2901cc3af9aa04d290d6b67f75dc871517cd112ac246255bc03c55e98495979
/lab/px/AnichLabs/cxr-cnn-k8s-benchmark/data/chexpert/train/patient28685/study1/view1_frontal.jpg,Pneumonia,chexpert,patient28685,8db5ca984d17f87f26fc683bcbea3833171dcb07d32eaaedfe51689d613b89a1
/lab/px/AnichLabs/cxr-cnn-k8s-benchmark/data/chexpert/train/patient22036/study1/view1_frontal.jpg,Pneumonia,chexpert,patient22036,950ee91d1579f19643b7b9cfab9dd0cd627dbc5fec7a243e0e6628f119cfd963
/lab/px/AnichLabs/cxr-cnn-k8s-benchmark/data/chexpert/train/patient09716/study1/view1_frontal.jpg,Pneumonia,chexpert,patient09716,45fa4a8602e8c92aae2165521f88cf11b8d11ff26ec0f5d7a237027b28e6b672
/lab/px/AnichLabs/cxr-cnn-k8s-benchmark/data/chexpert/train/patient10657/study1/view1_frontal.jpg,Pneumonia,chexpert,patient10657,85464933786d1aa8210d82bae221b150559b6b865b37e81ae77063e2e4659fb7
/lab/px/AnichLabs/cxr-cnn-k8s-benchmark/data/chexpert/train/patient10657/study1/view2_frontal.jpg,Pneumonia,chexpert,patient10657,9e21d10be4a8056aa706379d5d9fea81bb106043a52b5c32679521506e30d7a0
/lab/px/AnichLabs/cxr-cnn-k8s-benchmark/data/chexpert/train/patient36674/study2/view1_frontal.jpg,Pneumonia,chexpert,patient36674,ce33eb8df0f2658b8264e20891a8da73937f139761275ec88ea80ac1eba1eaba
/lab/px/AnichLabs/cxr-cnn-k8s-benchmark/data/chexpert/train/patient19637/study1/view1_frontal.jpg,Pneumonia,chexpert,patient19637,8a4ff99909bbd8889d9844d1c248e7caa3a7efd6c7d3a5cf08b1c50103facc97
/lab/px/AnichLabs/cxr-cnn-k8s-benchmark/data/chexpert/train/patient20481/study1/view1_frontal.jpg,Pneumonia,chexpert,patient20481,c1c68a86f2019c75d8a90d83ca8e8b69f6c10383cc120cd9b01206327e9c7653
/lab/px/AnichLabs/cxr-cnn-k8s-benchmark/data/chexpert/train/patient20481/study2/view1_frontal.jpg,Pneumonia,chexpert,patient20481,63bdc8d823c35b895147c9cab3ddbcd8c382a113ae1a15fe175e400bdb028f57
/lab/px/AnichLabs/cxr-cnn-k8s-benchmark/data/chexpert/train/patient13218/study10/view1_frontal.jpg,Pneumonia,chexpert,patient13218,2dbf0201f85d27d994db84939f51510fc6153e6d3eb2168e64a9c9dcc1511c14
/lab/px/AnichLabs/cxr-cnn-k8s-benchmark/data/chexpert/train/patient42835/study9/view1_frontal.jpg,Pneumonia,chexpert,patient42835,dcf022a738a48aa276915eb5b50380f8ab511a783ae42076df62227583ab1ee3
/lab/px/AnichLabs/cxr-cnn-k8s-benchmark/data/chexpert/train/patient04317/study2/view1_frontal.jpg,Pneumonia,chexpert,patient04317,86f05913cdb9ca6839149328695891910b410a693f2c3e028bd2d515ed28d887
/lab/px/AnichLabs/cxr-cnn-k8s-benchmark/data/chexpert/train/patient04317/study4/view1_frontal.jpg,Pneumonia,chexpert,patient04317,34fd68dd287a92315c3f1156d190b8da90e1862bd8df35aa8c5004d85d589d8c
/lab/px/AnichLabs/cxr-cnn-k8s-benchmark/data/chexpert/train/patient33864/study1/view1_frontal.jpg,Pneumonia,chexpert,patient33864,abfba51952e8211da007738a502be6b74d55a13e994f977345de3cad88b405ab
/lab/px/AnichLabs/cxr-cnn-k8s-benchmark/data/chexpert/train/patient26753/study34/view1_frontal.jpg,Pneumonia,chexpert,patient26753,bcdd04c1d848dec33a72fb2eedcac0718f072f89cbd13e516c643e4a808b2ad5
/lab/px/AnichLabs/cxr-cnn-k8s-benchmark/data/chexpert/train/patient00437/study1/view1_frontal.jpg,Pneumonia,chexpert,patient00437,598af913e86fcb51541adbde28175e3a8b00e5cd5dcfbfc9f326878951277ba1
/lab/px/AnichLabs/cxr-cnn-k8s-benchmark/data/chexpert/train/patient09099/study4/view1_frontal.jpg,Pneumonia,chexpert,patient09099,26adb48005200c424ba06538c0458c63ec9431f0fb2b9641cdeaaeacd92e9e3b
/lab/px/AnichLabs/cxr-cnn-k8s-benchmark/data/chexpert/train/patient17369/study1/view1_frontal.jpg,Pneumonia,chexpert,patient17369,f3ecaa7baa566b6d022a66008c8486631af3b464e2cef334eabb6e94279f68ab
/lab/px/AnichLabs/cxr-cnn-k8s-benchmark/data/chexpert/train/patient17369/study1/view2_frontal.jpg,Pneumonia,chexpert,patient17369,7fbb1c3d63e7cee92f97c097d2d5b42e57c413a2da3c7f8027af8390cd94cb8b
/lab/px/AnichLabs/cxr-cnn-k8s-benchmark/data/chexpert/train/patient64045/study1/view1_frontal.jpg,Pneumonia,chexpert,patient64045,8d39bcf68e5d3d95bc7e8afb6a3b39d55b10a3bd9917a6076ded086bd824d05f
/lab/px/AnichLabs/cxr-cnn-k8s-benchmark/data/chexpert/train/patient22298/study1/view1_frontal.jpg,Pneumonia,chexpert,patient22298,5ecdd740e9f2335f7ef99b7d0cdcd1fc91867f7d1e15fe3c9fa2fa2308cd1700
/lab/px/AnichLabs/cxr-cnn-k8s-benchmark/data/chexpert/train/patient45735/study1/view1_frontal.jpg,Pneumonia,chexpert,patient45735,25a4006b3004001cce96a551983a6d122d6d941a273e2d4c5be8cbea59b73e65
/lab/px/AnichLabs/cxr-cnn-k8s-benchmark/data/chexpert/train/patient36139/study1/view1_frontal.jpg,Pneumonia,chexpert,patient36139,0976c482447c5a3f297dc01f18ace8cd8fee59f3a92d85ee2a02743f56026914
/lab/px/AnichLabs/cxr-cnn-k8s-benchmark/data/chexpert/train/patient45885/study1/view1_frontal.jpg,Pneumonia,chexpert,patient45885,a352a4720f1c18ade949ceb5f061e725b0519c985b2030cbd26278388a3ebbb9
/lab/px/AnichLabs/cxr-cnn-k8s-benchmark/data/chexpert/train/patient13530/study23/view1_frontal.jpg,Pneumonia,chexpert,patient13530,e41932eacd5eedd644cfd06caf92cb4ca036095599f4736e81c33a8986b2d2f7
/lab/px/AnichLabs/cxr-cnn-k8s-benchmark/data/chexpert/train/patient20053/study1/view1_frontal.jpg,Pneumonia,chexpert,patient20053,5ab4bd32fb1a83b9b23e0d4ee0788075a96fbaf3ddcd53472ebce659b81d7631
/lab/px/AnichLabs/cxr-cnn-k8s-benchmark/data/chexpert/train/patient02621/study3/view1_frontal.jpg,Pneumonia,chexpert,patient02621,e0841502e517b39bd2e66ce3086794b0f134460b630a39bd68bc32714f71c48b
/lab/px/AnichLabs/cxr-cnn-k8s-benchmark/data/chexpert/train/patient15737/study1/view1_frontal.jpg,Pneumonia,chexpert,patient15737,3bb4553096b4b6c7a436b8914010a2ff2d813d9e84fd061e269d2342a0502e0a
/lab/px/AnichLabs/cxr-cnn-k8s-benchmark/data/chexpert/train/patient10803/study2/view1_frontal.jpg,Pneumonia,chexpert,patient10803,b52ca5dc979af9b05094e96da155501317ab9aa555f3e9790730a7caa9edd002
/lab/px/AnichLabs/cxr-cnn-k8s-benchmark/data/chexpert/train/patient30110/study3/view1_frontal.jpg,Pneumonia,chexpert,patient30110,50b05b981d1702375c008de449844cd273ea62543d4b040d6c2c61787ed4255d
/lab/px/AnichLabs/cxr-cnn-k8s-benchmark/data/chexpert/train/patient30351/study1/view1_frontal.jpg,Pneumonia,chexpert,patient30351,8ada5d15cfb26ade14c094b0ca88634efe22ac8d21820842add3ea942446e20d
/lab/px/AnichLabs/cxr-cnn-k8s-benchmark/data/chexpert/train/patient37256/study1/view1_frontal.jpg,Pneumonia,chexpert,patient37256,3ba1e2e59c2bca36898707f0bbe4a2415fc4c8417a731d8cf79142c964cb1ee3
/lab/px/AnichLabs/cxr-cnn-k8s-benchmark/data/chexpert/train/patient37184/study20/view1_frontal.jpg,Pneumonia,chexpert,patient37184,073d5263cc8ef35d2892cffe29cc84dbc32acd1e78b31c09b421896c18dadf0e
/lab/px/AnichLabs/cxr-cnn-k8s-benchmark/data/chexpert/train/patient37354/study5/view1_frontal.jpg,Pneumonia,chexpert,patient37354,4e7159791f4d62e494f8b250f90a4cd7acddb3fe00d61dd447f69518f713acca
/lab/px/AnichLabs/cxr-cnn-k8s-benchmark/data/chexpert/train/patient33795/study1/view1_frontal.jpg,Pneumonia,chexpert,patient33795,5882d1a058c93fd4cde05b2254a9d4ff8c2d479f17ae3d4100d259c6c2b68546
/lab/px/AnichLabs/cxr-cnn-k8s-benchmark/data/chexpert/train/patient33318/study2/view1_frontal.jpg,Pneumonia,chexpert,patient33318,af13bf6170ee3516c2763287421b80d4126327dfc73f94da61e7a3fae95a725d
/lab/px/AnichLabs/cxr-cnn-k8s-benchmark/data/chexpert/train/patient38487/study1/view1_frontal.jpg,Pneumonia,chexpert,patient38487,f67d46a3b39dd79b74d32f42ac0684b9fcfba1a5dbefddb3e7e4687ca27004f2
/lab/px/AnichLabs/cxr-cnn-k8s-benchmark/data/chexpert/train/patient02216/study4/view1_frontal.jpg,Pneumonia,chexpert,patient02216,3fd1a5822c107c28f3ea2938936a9fee738be64ecf9f4a391d1d09e6846765a3
/lab/px/AnichLabs/cxr-cnn-k8s-benchmark/data/chexpert/train/patient20941/study1/view1_frontal.jpg,Pneumonia,chexpert,patient20941,9e212c25513740befd95c26e256952b46229b781002dfc909f17c4a5eb3892a9
/lab/px/AnichLabs/cxr-cnn-k8s-benchmark/data/chexpert/train/patient20941/study2/view1_frontal.jpg,Pneumonia,chexpert,patient20941,57e3e6d4908008df9414d7358a011de5da8c3d13eddd8313368f7a7c50e7d602
/lab/px/AnichLabs/cxr-cnn-k8s-benchmark/data/chexpert/train/patient35744/study2/view1_frontal.jpg,Pneumonia,chexpert,patient35744,df457be68e37087c4e4a65e87c676dd2813456d927b5b2ecba7d288d19c26e74
/lab/px/AnichLabs/cxr-cnn-k8s-benchmark/data/chexpert/train/patient33489/study1/view1_frontal.jpg,Pneumonia,chexpert,patient33489,77af0bc086a04504c2ca33b6e9e1376df482d1d1828116b8ca74dd24892b8bc0
/lab/px/AnichLabs/cxr-cnn-k8s-benchmark/data/chexpert/train/patient07486/study3/view1_frontal.jpg,Pneumonia,chexpert,patient07486,41cee870600714230d220072842669d31063011bc173861977d53ed9d64cbe83
/lab/px/AnichLabs/cxr-cnn-k8s-benchmark/data/chexpert/train/patient40853/study6/view1_frontal.jpg,Pneumonia,chexpert,patient40853,3a970d07e38a960c7b92434cd6c44008505393203805004764447c5035ece3e6
/lab/px/AnichLabs/cxr-cnn-k8s-benchmark/data/chexpert/train/patient40853/study4/view1_frontal.jpg,Pneumonia,chexpert,patient40853,577242e7a19fd1e84e60ba3d362db0ad292f43cc02eea40b68316742a0b28e5a
/lab/px/AnichLabs/cxr-cnn-k8s-benchmark/data/chexpert/train/patient40853/study5/view1_frontal.jpg,Pneumonia,chexpert,patient40853,524c2460818f789f33b921f4497c2d5e88591951d7bb7e328a92be2839c208fe
/lab/px/AnichLabs/cxr-cnn-k8s-benchmark/data/chexpert/train/patient40853/study3/view1_frontal.jpg,Pneumonia,chexpert,patient40853,7810424466283108485c3889cca579abbfd1031e66f01bba916bec8ee265e039
/lab/px/AnichLabs/cxr-cnn-k8s-benchmark/data/chexpert/train/patient40853/study2/view1_frontal.jpg,Pneumonia,chexpert,patient40853,196287b67c3818d9f6eeba97897e8259b36eba13c17cb282fdb73bd005078309
/lab/px/AnichLabs/cxr-cnn-k8s-benchmark/data/chexpert/train/patient59640/study2/view1_frontal.jpg,Pneumonia,chexpert,patient59640,7be9788b9bfdb5685c5ae66f2b83b987e201d2c2125ca4b9867a1cc90edc91a0
/lab/px/AnichLabs/cxr-cnn-k8s-benchmark/data/chexpert/train/patient35615/study7/view1_frontal.jpg,Pneumonia,chexpert,patient35615,68b6a7fae27c2b6ddef7772abd4543b04406375ed0b2bff74f306c973660a7a3
/lab/px/AnichLabs/cxr-cnn-k8s-benchmark/data/chexpert/train/patient31667/study1/view1_frontal.jpg,Pneumonia,chexpert,patient31667,378d1309c5ed33c45a1c354c61667552cae04d245839e28126b395d30f4f4496
/lab/px/AnichLabs/cxr-cnn-k8s-benchmark/data/chexpert/train/patient37173/study1/view1_frontal.jpg,Pneumonia,chexpert,patient37173,2a7527b326b1f7eac66ce4a2c3b01735104973efa6a126b9b315305ffb85a7f7
/lab/px/AnichLabs/cxr-cnn-k8s-benchmark/data/chexpert/train/patient21914/study1/view1_frontal.jpg,Pneumonia,chexpert,patient21914,05612644ef1c2371ad1d58b1c31e2560221b17610b3e563eac28a8ba748f1def
/lab/px/AnichLabs/cxr-cnn-k8s-benchmark/data/chexpert/train/patient00624/study4/view1_frontal.jpg,Pneumonia,chexpert,patient00624,45660a0bc2f19d79dcf05ab9537e62e34abc523199864d747bf8627b2be3fccd
/lab/px/AnichLabs/cxr-cnn-k8s-benchmark/data/chexpert/train/patient43811/study1/view1_frontal.jpg,Pneumonia,chexpert,patient43811,1b08b0afd0638525be9444e099f9286cf45df944d8e4426d42bd1a649bf58de6
/lab/px/AnichLabs/cxr-cnn-k8s-benchmark/data/chexpert/train/patient26239/study3/view1_frontal.jpg,Pneumonia,chexpert,patient26239,406d6fd2d0b5829f9666a37b1dc173e34cd7ffaf4ea7fa151ec53c5ee3540b63
/lab/px/AnichLabs/cxr-cnn-k8s-benchmark/data/chexpert/train/patient25204/study13/view1_frontal.jpg,Pneumonia,chexpert,patient25204,bb3eec2bdc6245ef9a81a35e79442419c0a1109be5d11a9c7a6eb31015a3283f
/lab/px/AnichLabs/cxr-cnn-k8s-benchmark/data/chexpert/train/patient35561/study2/view1_frontal.jpg,Pneumonia,chexpert,patient35561,ad8cede767fdfabce051569ebbed3cc7276805f45282dc3f4e62c683347c7449
/lab/px/AnichLabs/cxr-cnn-k8s-benchmark/data/chexpert/train/patient35561/study3/view1_frontal.jpg,Pneumonia,chexpert,patient35561,d2c52019f49742b3d765e9c581c1618a1077a6bd10cd396ab1121de98105da54
/lab/px/AnichLabs/cxr-cnn-k8s-benchmark/data/chexpert/train/patient25005/study1/view1_frontal.jpg,Pneumonia,chexpert,patient25005,5e2b8a0d09b09a11d26a3957a461002e69a28718d408f7f91c268bf590d7bde1
/lab/px/AnichLabs/cxr-cnn-k8s-benchmark/data/chexpert/train/patient27026/study1/view1_frontal.jpg,Pneumonia,chexpert,patient27026,69e52d5294a21e5cf0dae48807680f9133f7cfd8b9ca722be69d82ff032af39d
/lab/px/AnichLabs/cxr-cnn-k8s-benchmark/data/chexpert/train/patient37381/study9/view1_frontal.jpg,Pneumonia,chexpert,patient37381,a7c6cec905ea602a51376ec3baae10b11b62fa2c75cdd2cae1889445266b5304
/lab/px/AnichLabs/cxr-cnn-k8s-benchmark/data/chexpert/train/patient49509/study1/view1_frontal.jpg,Pneumonia,chexpert,patient49509,ca355518b9f6fa5452e5ff0b447cb7cb06f043a279451a30aa495baf16bcddf8
/lab/px/AnichLabs/cxr-cnn-k8s-benchmark/data/chexpert/train/patient44456/study1/view1_frontal.jpg,Pneumonia,chexpert,patient44456,9c7ba5279d290aba28519b18e9aa34896d667123d223701f93871e24185a8c92
/lab/px/AnichLabs/cxr-cnn-k8s-benchmark/data/chexpert/train/patient50015/study2/view1_frontal.jpg,Pneumonia,chexpert,patient50015,d415629414f6452f013d2f3070ce3a9e89e6053ff99b2700501c664a0bd86b59
/lab/px/AnichLabs/cxr-cnn-k8s-benchmark/data/chexpert/train/patient55939/study1/view1_frontal.jpg,Pneumonia,chexpert,patient55939,ee55d57604461927966ddd69a5f74c3f407a8e2f4f1fc3a02d7e91759eaa111b
/lab/px/AnichLabs/cxr-cnn-k8s-benchmark/data/chexpert/train/patient16182/study1/view1_frontal.jpg,Pneumonia,chexpert,patient16182,82fe8060d08b2a73fe8f7905ed007cdf5fb70799578685b42a32869e6bbce803
/lab/px/AnichLabs/cxr-cnn-k8s-benchmark/data/chexpert/train/patient24933/study1/view1_frontal.jpg,Pneumonia,chexpert,patient24933,dadc97a44ef86d862487c0049070ae0471dad66c6d4c682fb7a53ddbfc4f650f
/lab/px/AnichLabs/cxr-cnn-k8s-benchmark/data/chexpert/train/patient60534/study1/view1_frontal.jpg,Pneumonia,chexpert,patient60534,5ef4a4aed5c34d71c94eafcccce21ab28970fd6ecee3ff8b1a5d2af6d7249ba4
/lab/px/AnichLabs/cxr-cnn-k8s-benchmark/data/chexpert/train/patient49868/study4/view1_frontal.jpg,Pneumonia,chexpert,patient49868,9662ea2168d0800c5d86de3a69e41b697f898bdcd3a30af9d4647ec7469b0666
/lab/px/AnichLabs/cxr-cnn-k8s-benchmark/data/chexpert/train/patient56456/study1/view1_frontal.jpg,Pneumonia,chexpert,patient56456,01c825479420ce0219a4a31d08f598c85833e9e7fdf07bad8c82907bae04c7eb
/lab/px/AnichLabs/cxr-cnn-k8s-benchmark/data/chexpert/train/patient34796/study4/view1_frontal.jpg,Pneumonia,chexpert,patient34796,35a85b75d882426ce025618a7976fa47f29dad87d9322b49adc8ce2386ff3462
/lab/px/AnichLabs/cxr-cnn-k8s-benchmark/data/chexpert/train/patient20227/study3/view1_frontal.jpg,Pneumonia,chexpert,patient20227,55b8f1c305a6b4aa115bcd047d0b397f44a3e95ed031c0902c6668d251a8866c
/lab/px/AnichLabs/cxr-cnn-k8s-benchmark/data/chexpert/train/patient57759/study2/view1_frontal.jpg,Pneumonia,chexpert,patient57759,55995b2ef3920e121d5296a0cffa18f784bd9ef058cd69a1f7c8321000d34616
/lab/px/AnichLabs/cxr-cnn-k8s-benchmark/data/chexpert/train/patient57759/study1/view1_frontal.jpg,Pneumonia,chexpert,patient57759,7f860a0c8ea735f3ddb91b8c82e0789c978938b6eab311a1758a8209b141b2e1
/lab/px/AnichLabs/cxr-cnn-k8s-benchmark/data/chexpert/train/patient36688/study5/view1_frontal.jpg,Pneumonia,chexpert,patient36688,0925a74420ee193222ab0c6acf42b770252dc21be0bbdd7458ddd23a3b4b36b1
/lab/px/AnichLabs/cxr-cnn-k8s-benchmark/data/chexpert/train/patient04115/study1/view1_frontal.jpg,Pneumonia,chexpert,patient04115,b4cf6c46ad9980f2bc8cc4a9c5fcc94e8930b5a256aa3b7f243902f144ae2cc7
/lab/px/AnichLabs/cxr-cnn-k8s-benchmark/data/chexpert/train/patient22308/study1/view1_frontal.jpg,Pneumonia,chexpert,patient22308,e188edc901563e0194bf792069e5240b0013865d4e6ccdf09023038c66e948d8
/lab/px/AnichLabs/cxr-cnn-k8s-benchmark/data/chexpert/train/patient42535/study10/view1_frontal.jpg,Pneumonia,chexpert,patient42535,d3a2be6a66dd0e96ed7be149c7eeaa1b56796c194eab2cb85c27fc5947b347de
/lab/px/AnichLabs/cxr-cnn-k8s-benchmark/data/chexpert/train/patient63619/study1/view1_frontal.jpg,Pneumonia,chexpert,patient63619,5ac70742bfb9ccfe1880e7645353f220b8e0bcea8d4e0bb8f72c2818b4ad8920
/lab/px/AnichLabs/cxr-cnn-k8s-benchmark/data/chexpert/train/patient00871/study1/view1_frontal.jpg,Pneumonia,chexpert,patient00871,55c5d9e34f27f0f58a41ed6f5a965b1e645cbe6daea8b4ff393171f067312d5a
/lab/px/AnichLabs/cxr-cnn-k8s-benchmark/data/chexpert/train/patient18174/study1/view1_frontal.jpg,Pneumonia,chexpert,patient18174,17fb9b578b6428ac8c3480208655bbb55a1f68204b85c0b65b52832271ff18ad
/lab/px/AnichLabs/cxr-cnn-k8s-benchmark/data/chexpert/train/patient42751/study1/view1_frontal.jpg,Pneumonia,chexpert,patient42751,676063156134b6be23e1195c60cdb3a86a1ebeb4a41da8ed2cf32b6f681adca5
/lab/px/AnichLabs/cxr-cnn-k8s-benchmark/data/chexpert/train/patient19236/study1/view1_frontal.jpg,Pneumonia,chexpert,patient19236,f5fbc2ceaa7c0d63e7c9479ef5ae46e3fb158da1bdfbb023c445783bd2c216d4
/lab/px/AnichLabs/cxr-cnn-k8s-benchmark/data/chexpert/train/patient24549/study7/view1_frontal.jpg,Pneumonia,chexpert,patient24549,b4437b5e1a6dd2a44af24d0a8a8c76ffcb9ae03b67d53bf3f5c4f1677df19a7e
/lab/px/AnichLabs/cxr-cnn-k8s-benchmark/data/chexpert/train/patient40099/study2/view1_frontal.jpg,Pneumonia,chexpert,patient40099,7ce2ae7b3cbd9817caa999ac93c16854fcb5762d6c1df7c8b15fce261fc276f6
/lab/px/AnichLabs/cxr-cnn-k8s-benchmark/data/chexpert/train/patient31151/study8/view1_frontal.jpg,Pneumonia,chexpert,patient31151,efda11bc24ac1747799e966ea0ee066a74d6495e0d764e4889912f29c3a4f664
/lab/px/AnichLabs/cxr-cnn-k8s-benchmark/data/chexpert/train/patient08196/study1/view1_frontal.jpg,Pneumonia,chexpert,patient08196,76c799dae4fed407bb7a786bf7c660278c58607ed549169c1e6e988d0876a832
/lab/px/AnichLabs/cxr-cnn-k8s-benchmark/data/chexpert/train/patient43614/study1/view1_frontal.jpg,Pneumonia,chexpert,patient43614,5f11ffeb1ef97a8a4ccec0f3d35735aa68371814d74a630ae2db15e71d007f96
/lab/px/AnichLabs/cxr-cnn-k8s-benchmark/data/chexpert/train/patient16498/study1/view1_frontal.jpg,Pneumonia,chexpert,patient16498,567c60aca597ff852ecd63244a1e4d3b6f852e409cfcfd74b4054519b05253f0
/lab/px/AnichLabs/cxr-cnn-k8s-benchmark/data/chexpert/train/patient06452/study9/view1_frontal.jpg,Pneumonia,chexpert,patient06452,26010ef5346dd07b44cadaebe5c747ffd5f7ce647c076cc99e3ccd97975e2ded
/lab/px/AnichLabs/cxr-cnn-k8s-benchmark/data/chexpert/train/patient25885/study2/view1_frontal.jpg,Pneumonia,chexpert,patient25885,60aabe933e6bee1557fb7725795330efeb79716e06bb969224dccdc85ddd22f4
/lab/px/AnichLabs/cxr-cnn-k8s-benchmark/data/chexpert/train/patient32369/study2/view1_frontal.jpg,Pneumonia,chexpert,patient32369,8f52bcca90860aa1ced4e7008a63232cefd20b8a272124f5894c89d858c9db12
/lab/px/AnichLabs/cxr-cnn-k8s-benchmark/data/chexpert/train/patient44394/study1/view1_frontal.jpg,Pneumonia,chexpert,patient44394,8d30e4605227b4de73416d58d66e42aa2d7c7dd528db5aeb977fab4bde83abf1
/lab/px/AnichLabs/cxr-cnn-k8s-benchmark/data/chexpert/train/patient04242/study19/view1_frontal.jpg,Pneumonia,chexpert,patient04242,30d03e225d34c5e46a880eaadd0f841a61e1809be73c2a6abeb1539cc63f9586
/lab/px/AnichLabs/cxr-cnn-k8s-benchmark/data/chexpert/train/patient04242/study11/view1_frontal.jpg,Pneumonia,chexpert,patient04242,68f4d25b367c3aaa25c132031b4e936d916493a1a31972411ad89f542f5b29f0
/lab/px/AnichLabs/cxr-cnn-k8s-benchmark/data/chexpert/train/patient16919/study7/view1_frontal.jpg,Pneumonia,chexpert,patient16919,6ae6f68512ecc8761f1d5a31cfad332b41ad33722f1f8f3a332f2e59c7e555e1
/lab/px/AnichLabs/cxr-cnn-k8s-benchmark/data/chexpert/train/patient42505/study1/view1_frontal.jpg,Pneumonia,chexpert,patient42505,2ece23aa360d16a84317576795e3b302a5698dd5790c88c8ff2e47f719fa2b7f
/lab/px/AnichLabs/cxr-cnn-k8s-benchmark/data/chexpert/train/patient31313/study15/view1_frontal.jpg,Pneumonia,chexpert,patient31313,b974d3771d76dafb484048ffa1186ffc09e78ce9371e4653b2da442badcea82c
/lab/px/AnichLabs/cxr-cnn-k8s-benchmark/data/chexpert/train/patient27190/study6/view1_frontal.jpg,Pneumonia,chexpert,patient27190,a3d2cd24a7af450d27cd6a3399724a84961d7b26c5186c3a3173ae8af000655f
/lab/px/AnichLabs/cxr-cnn-k8s-benchmark/data/chexpert/train/patient25511/study1/view1_frontal.jpg,Pneumonia,chexpert,patient25511,56f7982e08fd8feb6427ec9ea6819d23aab9f62411e0407b3c5a3e17f74a0a60
/lab/px/AnichLabs/cxr-cnn-k8s-benchmark/data/chexpert/train/patient37843/study9/view1_frontal.jpg,Pneumonia,chexpert,patient37843,cd822f7346f2d53a21c20ad8c063442f950df27eb01cde63e82d6c63ce776862
/lab/px/AnichLabs/cxr-cnn-k8s-benchmark/data/chexpert/train/patient37843/study8/view1_frontal.jpg,Pneumonia,chexpert,patient37843,a7d7261946f1d907810092d926513f8e1c4fb2233acd7621d6bd90a611f00141
/lab/px/AnichLabs/cxr-cnn-k8s-benchmark/data/chexpert/train/patient37843/study7/view1_frontal.jpg,Pneumonia,chexpert,patient37843,9ba6de7f800958eb782d1a897c960523bde4dd4eb651a938cb7057fbe3233668
/lab/px/AnichLabs/cxr-cnn-k8s-benchmark/data/chexpert/train/patient16887/study4/view1_frontal.jpg,Pneumonia,chexpert,patient16887,cb836abb4675539dac50f59aadec427f3ba9119f3952d3db45b3613243ded3cd
/lab/px/AnichLabs/cxr-cnn-k8s-benchmark/data/chexpert/train/patient26271/study8/view1_frontal.jpg,Pneumonia,chexpert,patient26271,1c92b7058b02aaf83d938daf9a631cc07143036e5a1bde02d2cd0e35e46e5532
/lab/px/AnichLabs/cxr-cnn-k8s-benchmark/data/chexpert/train/patient26271/study9/view1_frontal.jpg,Pneumonia,chexpert,patient26271,4859bf46a9080876acadbcb5a5a6a0ec7063a35c13f6e921b1350284a1a32588
/lab/px/AnichLabs/cxr-cnn-k8s-benchmark/data/chexpert/train/patient27214/study5/view1_frontal.jpg,Pneumonia,chexpert,patient27214,eb667f26641ec4ae08ecaccd9788f00c3e1f413fe880c1c7dd9c5ca6949f1694
/lab/px/AnichLabs/cxr-cnn-k8s-benchmark/data/chexpert/train/patient27214/study6/view1_frontal.jpg,Pneumonia,chexpert,patient27214,7c6cdaee1025b4ba398402f484b2361e9239b09b5f87634222365b0923c207eb
/lab/px/AnichLabs/cxr-cnn-k8s-benchmark/data/chexpert/train/patient48298/study1/view1_frontal.jpg,Pneumonia,chexpert,patient48298,479b9c5b9a5e5fb7ff45901bb0d1354be7c71c257eb20d75dfe09a7bbfdfb9d2
/lab/px/AnichLabs/cxr-cnn-k8s-benchmark/data/chexpert/train/patient50329/study1/view1_frontal.jpg,Pneumonia,chexpert,patient50329,dfc5860a0b8c885f845d5322282442342e38acb7eed9459d89b8f8dd18d2601f
/lab/px/AnichLabs/cxr-cnn-k8s-benchmark/data/chexpert/train/patient25476/study1/view1_frontal.jpg,Pneumonia,chexpert,patient25476,e94e506807076c8744eb8166aa075424ceb3a0f3b51b9788a8a971856826a157
/lab/px/AnichLabs/cxr-cnn-k8s-benchmark/data/chexpert/train/patient15623/study1/view1_frontal.jpg,Pneumonia,chexpert,patient15623,a37eb29aba7741f6e6031cf1cef527dec03b40e1d337baf164d08f3cec2c6cd0
/lab/px/AnichLabs/cxr-cnn-k8s-benchmark/data/chexpert/train/patient34380/study15/view1_frontal.jpg,Pneumonia,chexpert,patient34380,2e36284c6ec50b8e56af1640ec13b0fa038e6721857a84090661ed9668ce1336
/lab/px/AnichLabs/cxr-cnn-k8s-benchmark/data/chexpert/train/patient06598/study6/view1_frontal.jpg,Pneumonia,chexpert,patient06598,d6bee537b34a995f9d6e8f1edc5939ef5587ef56f2ebb4438949f1265ad3a845
/lab/px/AnichLabs/cxr-cnn-k8s-benchmark/data/chexpert/train/patient46116/study1/view1_frontal.jpg,Pneumonia,chexpert,patient46116,6f83c13f7085409947231f7f3cf9d3b86911ae5c830efdfca6bba9c9f2a0ef44
/lab/px/AnichLabs/cxr-cnn-k8s-benchmark/data/chexpert/train/patient19023/study1/view1_frontal.jpg,Pneumonia,chexpert,patient19023,796afac1285fab2c4cfbbd9eaef493a7e49a7f4fdf548b7ecfe519a26ca5ada9
/lab/px/AnichLabs/cxr-cnn-k8s-benchmark/data/chexpert/train/patient05591/study1/view1_frontal.jpg,Pneumonia,chexpert,patient05591,42d8689b3737af6a2654c60cca6a12e7025311d95b368761b3919703385698f7
/lab/px/AnichLabs/cxr-cnn-k8s-benchmark/data/chexpert/train/patient56127/study1/view1_frontal.jpg,Pneumonia,chexpert,patient56127,9a80af3f9acf3a3ca6d91ca25ae298d3e92ec5cd4b69184aecbdbf1e7f570dbb
/lab/px/AnichLabs/cxr-cnn-k8s-benchmark/data/chexpert/train/patient16921/study8/view1_frontal.jpg,Pneumonia,chexpert,patient16921,a8015cf4bd90946acac80dc6712139e4e9f732bf37ec77b9fd5922acf217b50b
/lab/px/AnichLabs/cxr-cnn-k8s-benchmark/data/chexpert/train/patient15732/study2/view1_frontal.jpg,Pneumonia,chexpert,patient15732,ec8335a794b5dbca2e5cb0df434767d3c6c3b911b868321c0f41acbad0dce2fd
/lab/px/AnichLabs/cxr-cnn-k8s-benchmark/data/chexpert/train/patient26309/study4/view1_frontal.jpg,Pneumonia,chexpert,patient26309,d384afd47011409c0ca32568c57e3eba85f905ebb4be52f967b32faff1e550ee
/lab/px/AnichLabs/cxr-cnn-k8s-benchmark/data/chexpert/train/patient26309/study3/view1_frontal.jpg,Pneumonia,chexpert,patient26309,4f489fce5b301fd31cbd2a0895b33445a5245cf87ba16b9a8b7d617b1a8b0bac
/lab/px/AnichLabs/cxr-cnn-k8s-benchmark/data/chexpert/train/patient08406/study1/view1_frontal.jpg,Pneumonia,chexpert,patient08406,55c20016324cc431eb00d835d6f02c3cf281c2ae5ac6d42882de5626f572f464
/lab/px/AnichLabs/cxr-cnn-k8s-benchmark/data/chexpert/train/patient22247/study1/view1_frontal.jpg,Pneumonia,chexpert,patient22247,8b5bfd6c4bb57fe7ce91c57cec7a0078ae3b9da7dcc0d14b21d46d8e85685bd8
/lab/px/AnichLabs/cxr-cnn-k8s-benchmark/data/chexpert/train/patient28919/study1/view1_frontal.jpg,Pneumonia,chexpert,patient28919,0474f19da4c825eccf719fafef3ad0d1e7f6c16a45436fe61e0bf16c43942674
/lab/px/AnichLabs/cxr-cnn-k8s-benchmark/data/chexpert/train/patient41015/study4/view1_frontal.jpg,Pneumonia,chexpert,patient41015,5069cad766ff90510bc24d220de9b8b1ed986e294d5f5e651a3e64186cd443db
/lab/px/AnichLabs/cxr-cnn-k8s-benchmark/data/chexpert/train/patient33738/study1/view1_frontal.jpg,Pneumonia,chexpert,patient33738,79fefc91dada05503d2ac37db9f9cefd34730ea189f2917c925ab66cf4c22905
/lab/px/AnichLabs/cxr-cnn-k8s-benchmark/data/chexpert/train/patient40513/study1/view1_frontal.jpg,Pneumonia,chexpert,patient40513,d8bb9c8d2a8a359b8a9d19e487988961dceae264d64ce13e305f32f6d6d2ca79
/lab/px/AnichLabs/cxr-cnn-k8s-benchmark/data/chexpert/train/patient54566/study3/view1_frontal.jpg,Pneumonia,chexpert,patient54566,528dfd9bf55c744ac0775c6c1b8ee6f1361f969a14c2bc7024547178a597084e
/lab/px/AnichLabs/cxr-cnn-k8s-benchmark/data/chexpert/train/patient05745/study1/view1_frontal.jpg,Pneumonia,chexpert,patient05745,ccd3f68917774a42ca39d1d8f1a223bad2a46868fb7f83511df4d4865d8ac223
/lab/px/AnichLabs/cxr-cnn-k8s-benchmark/data/chexpert/train/patient42973/study1/view1_frontal.jpg,Pneumonia,chexpert,patient42973,276639578af8989cd9c3e5f6243d2dc66235240e2d2d33e66690e051319872b2
/lab/px/AnichLabs/cxr-cnn-k8s-benchmark/data/chexpert/train/patient01981/study1/view1_frontal.jpg,Pneumonia,chexpert,patient01981,37a18e4c4fabef7ecc9df4ff29efb5cb47eba923c0054e9e5016be0e7a7694fd
/lab/px/AnichLabs/cxr-cnn-k8s-benchmark/data/chexpert/train/patient26338/study1/view1_frontal.jpg,Pneumonia,chexpert,patient26338,a9f9c1114d20cc071953703ae544521896435ddb82d06a31d95f79ac7aacae7b
/lab/px/AnichLabs/cxr-cnn-k8s-benchmark/data/chexpert/train/patient18528/study1/view1_frontal.jpg,Pneumonia,chexpert,patient18528,858433af6e163df91ea6efa5ffb852c6cce0473dd8e4e92e3247cd6ccad36e9d
/lab/px/AnichLabs/cxr-cnn-k8s-benchmark/data/chexpert/train/patient45655/study1/view1_frontal.jpg,Pneumonia,chexpert,patient45655,b11da742627b0ce6f04f23a41ecf11a00c63a86576fa0a10ad2081b8364e1f93
/lab/px/AnichLabs/cxr-cnn-k8s-benchmark/data/chexpert/train/patient50343/study1/view1_frontal.jpg,Pneumonia,chexpert,patient50343,7d16729b453470f8eeec52a10aecfe084123681bc290f89686e8ffac9dd48a76
/lab/px/AnichLabs/cxr-cnn-k8s-benchmark/data/chexpert/train/patient33357/study1/view1_frontal.jpg,Pneumonia,chexpert,patient33357,45232e65c253bc623f6d7bfde572865156f57f06b3b44270676accdf617dedf1
/lab/px/AnichLabs/cxr-cnn-k8s-benchmark/data/chexpert/train/patient45810/study1/view1_frontal.jpg,Pneumonia,chexpert,patient45810,fd2262d2858314fc624f3cf7abd2da3575d5ed275b95e4d6bdeba5a16d6224f4
/lab/px/AnichLabs/cxr-cnn-k8s-benchmark/data/chexpert/train/patient05728/study7/view1_frontal.jpg,Pneumonia,chexpert,patient05728,851986acf436c649e21e12fbc8279bbd1f2f494664da79c06b630707c15ca9ed
/lab/px/AnichLabs/cxr-cnn-k8s-benchmark/data/chexpert/train/patient27763/study1/view1_frontal.jpg,Pneumonia,chexpert,patient27763,9962542aa6110b531ea9b0471a247c859af7081cc7a2d48196a5a52dd8f97b01
/lab/px/AnichLabs/cxr-cnn-k8s-benchmark/data/chexpert/train/patient03152/study2/view1_frontal.jpg,Pneumonia,chexpert,patient03152,081bd87a7646044ec04dccdfc893e2d36f5bc40f338ef43343192dd71782667f
/lab/px/AnichLabs/cxr-cnn-k8s-benchmark/data/chexpert/train/patient26694/study8/view1_frontal.jpg,Pneumonia,chexpert,patient26694,2cf19703014297695a8a67edeede019fb2a755ad278f536ceae2c03baccd0603
/lab/px/AnichLabs/cxr-cnn-k8s-benchmark/data/chexpert/train/patient26694/study15/view1_frontal.jpg,Pneumonia,chexpert,patient26694,185ed18eff7c27cd0080c1e2440916f2defb2461b6ee9c5248b14a7b39fd6b00
/lab/px/AnichLabs/cxr-cnn-k8s-benchmark/data/chexpert/train/patient26694/study2/view1_frontal.jpg,Pneumonia,chexpert,patient26694,c8e3b76f17180d943c877f189bdfcd6f22c86bb26d3dc693f01aa897e2d9d68a
/lab/px/AnichLabs/cxr-cnn-k8s-benchmark/data/chexpert/train/patient10791/study4/view1_frontal.jpg,Pneumonia,chexpert,patient10791,b6cda27aca1530700bb553dc4e3181dcb47b56f026902dac5e6fe08f6b0b3b5f
/lab/px/AnichLabs/cxr-cnn-k8s-benchmark/data/chexpert/train/patient10791/study5/view1_frontal.jpg,Pneumonia,chexpert,patient10791,9f3f20d6b4e68558142e436128d64390ebbdea1749a859924e913a1d7d2ae54f
/lab/px/AnichLabs/cxr-cnn-k8s-benchmark/data/chexpert/train/patient09981/study1/view1_frontal.jpg,Pneumonia,chexpert,patient09981,ef4cd9c67ea5ae168b3441e7792f147fb5c372ae9ce0ded7114470034478249e
/lab/px/AnichLabs/cxr-cnn-k8s-benchmark/data/chexpert/train/patient34301/study2/view1_frontal.jpg,Pneumonia,chexpert,patient34301,2bb35e948d052067f5bd0261d37658dec97286f86af481bc2dacad25fba115ff
/lab/px/AnichLabs/cxr-cnn-k8s-benchmark/data/chexpert/train/patient30842/study1/view1_frontal.jpg,Pneumonia,chexpert,patient30842,1c5a57ec378fc9a0a6ffc497df777076dcd2c55db67b31a122d6bbf236f7b162
/lab/px/AnichLabs/cxr-cnn-k8s-benchmark/data/chexpert/train/patient20046/study12/view1_frontal.jpg,Pneumonia,chexpert,patient20046,b065e0a38c2818b3ac1a91c3b8d91086c6f9628c3a7effd0453bb93e5a3d946e
/lab/px/AnichLabs/cxr-cnn-k8s-benchmark/data/chexpert/train/patient20046/study9/view1_frontal.jpg,Pneumonia,chexpert,patient20046,582945b041f5f7a1e7f176a8d5ab5467225ce0efc8cd136c56b2019a6f88c31a
/lab/px/AnichLabs/cxr-cnn-k8s-benchmark/data/chexpert/train/patient48833/study1/view1_frontal.jpg,Pneumonia,chexpert,patient48833,0f1f94d6b5b0293cfc7081a12997d07c446e49e3687da9c946b69e2bc97b5f2c
/lab/px/AnichLabs/cxr-cnn-k8s-benchmark/data/chexpert/train/patient58719/study1/view1_frontal.jpg,Pneumonia,chexpert,patient58719,3690168d7bbeb750208a0b9e6e8f99a8c275bdf07af7e0efae738222ac726045
/lab/px/AnichLabs/cxr-cnn-k8s-benchmark/data/chexpert/train/patient40067/study1/view1_frontal.jpg,Pneumonia,chexpert,patient40067,f6a3000abc476871362e0f2f798284496b24d109f86df90e099483580358e44b
/lab/px/AnichLabs/cxr-cnn-k8s-benchmark/data/chexpert/train/patient28890/study4/view1_frontal.jpg,Pneumonia,chexpert,patient28890,962f3302a5378a76a05ff3d4b2db893b8b41292277b79076767a60c429a50d15
/lab/px/AnichLabs/cxr-cnn-k8s-benchmark/data/chexpert/train/patient28775/study1/view1_frontal.jpg,Pneumonia,chexpert,patient28775,f32f256fde97908894fd51ab8b66c619022edc96de3729cec488f7179c9de969
/lab/px/AnichLabs/cxr-cnn-k8s-benchmark/data/chexpert/train/patient39317/study8/view1_frontal.jpg,Pneumonia,chexpert,patient39317,2a0ec2f29109338f13027e5a12a7e1e6c0fb36cbd362ea9c2b24ca6caf8b79d2
/lab/px/AnichLabs/cxr-cnn-k8s-benchmark/data/chexpert/train/patient21504/study5/view1_frontal.jpg,Pneumonia,chexpert,patient21504,1c1c7da3576ff49d411a21e93318162d5824c25f3c61c2180ead55bec80d03b1
/lab/px/AnichLabs/cxr-cnn-k8s-benchmark/data/chexpert/train/patient50693/study4/view1_frontal.jpg,Pneumonia,chexpert,patient50693,bad08468a2facb69ac95c50e32b0cebba4225ad13834b6b74f960d7b57f5fbf0
/lab/px/AnichLabs/cxr-cnn-k8s-benchmark/data/chexpert/train/patient50693/study3/view1_frontal.jpg,Pneumonia,chexpert,patient50693,e696b6f034727fa97b4760072ba8e6ab86ebe6edcc53c51bf5f34042c5da8d75
/lab/px/AnichLabs/cxr-cnn-k8s-benchmark/data/chexpert/train/patient11318/study28/view1_frontal.jpg,Pneumonia,chexpert,patient11318,7cf8dd01e30f3db6172a2080c682047b5ee9b2cfc2e3c0114b9449a54d130a2a
/lab/px/AnichLabs/cxr-cnn-k8s-benchmark/data/chexpert/train/patient47673/study4/view1_frontal.jpg,Pneumonia,chexpert,patient47673,95af70c7addd1135e0b89595324844d82bf46f9a8f7eba249e2047d71c934359
/lab/px/AnichLabs/cxr-cnn-k8s-benchmark/data/chexpert/train/patient38449/study6/view1_frontal.jpg,Pneumonia,chexpert,patient38449,547c270e3f6ac2931a701c0a421949ea9a8f2d62f8cd9de9748117c354153abf
/lab/px/AnichLabs/cxr-cnn-k8s-benchmark/data/chexpert/train/patient52754/study1/view1_frontal.jpg,Pneumonia,chexpert,patient52754,a9a43eb741b42161485237eca52acfdcf7b85281fd4a8d3497c1bd51f793bbb2
/lab/px/AnichLabs/cxr-cnn-k8s-benchmark/data/chexpert/train/patient23951/study4/view1_frontal.jpg,Pneumonia,chexpert,patient23951,8b1e1153716fdb5f272fee640666469810276c6b55d54120cf03d37680217e93
/lab/px/AnichLabs/cxr-cnn-k8s-benchmark/data/chexpert/train/patient14471/study1/view1_frontal.jpg,Pneumonia,chexpert,patient14471,40e5222bf72606a02615cf0db63014d8766def97d83d633700e48c2ce88a822c
/lab/px/AnichLabs/cxr-cnn-k8s-benchmark/data/chexpert/train/patient47326/study8/view1_frontal.jpg,Pneumonia,chexpert,patient47326,966372d016dea5722c76099d9c1e35ec4c49c1f929741e406c0e74b4d2386e43
/lab/px/AnichLabs/cxr-cnn-k8s-benchmark/data/chexpert/train/patient58657/study1/view1_frontal.jpg,Pneumonia,chexpert,patient58657,b9e419930f88020a1089672e2ef410d04fc108f6d1e86761ca4128cb9e865944
/lab/px/AnichLabs/cxr-cnn-k8s-benchmark/data/chexpert/train/patient03429/study1/view1_frontal.jpg,Pneumonia,chexpert,patient03429,8a0219e84da915f9fdce340f8b2bddc037eef049329c575d389c07ebf94409bc
/lab/px/AnichLabs/cxr-cnn-k8s-benchmark/data/chexpert/train/patient03429/study2/view1_frontal.jpg,Pneumonia,chexpert,patient03429,4026b4899fa7e9816867366221018ccc1afc9fb71f74f7a452bbb3cdeb4e42ab
/lab/px/AnichLabs/cxr-cnn-k8s-benchmark/data/chexpert/train/patient26401/study1/view1_frontal.jpg,Pneumonia,chexpert,patient26401,39fd3be018b27126f2cd26906fc3568c1d6015f4f130bb26e7e093c275aa5492
/lab/px/AnichLabs/cxr-cnn-k8s-benchmark/data/chexpert/train/patient45938/study1/view1_frontal.jpg,Pneumonia,chexpert,patient45938,28383dbe4dae934d3c3e15e7f185a9e178bd783b90324306a06def9cfd6688d9
/lab/px/AnichLabs/cxr-cnn-k8s-benchmark/data/chexpert/train/patient25207/study5/view1_frontal.jpg,Pneumonia,chexpert,patient25207,f00b415f9426dc24b78626e31adb95a1124df44efe013a569dea1f192705ea46
/lab/px/AnichLabs/cxr-cnn-k8s-benchmark/data/chexpert/train/patient01208/study1/view1_frontal.jpg,Pneumonia,chexpert,patient01208,6c8adbc94bd65918e473e8634c0bd47a0c2254f97e6987995ddc1cf6b0f5156e
/lab/px/AnichLabs/cxr-cnn-k8s-benchmark/data/chexpert/train/patient19016/study2/view1_frontal.jpg,Pneumonia,chexpert,patient19016,5040f6445fe4920ea9ee9bbcf71962d0262c26e45fd1e2671d26f69c0c45c790
/lab/px/AnichLabs/cxr-cnn-k8s-benchmark/data/chexpert/train/patient02672/study1/view1_frontal.jpg,Pneumonia,chexpert,patient02672,528daf3f41de3a71e5132a34523554e4dd8f1222e3cdf693862b8337a4821557
/lab/px/AnichLabs/cxr-cnn-k8s-benchmark/data/chexpert/train/patient02700/study1/view1_frontal.jpg,Pneumonia,chexpert,patient02700,579a601d4226c627129ae6dd981f7017bb71345d47591388158a9e511d54596a
/lab/px/AnichLabs/cxr-cnn-k8s-benchmark/data/chexpert/train/patient21316/study3/view1_frontal.jpg,Pneumonia,chexpert,patient21316,bdfb1f69aa07532787e88a09d0bdd390f42a30f0975b5b4efa27be2036b3a1da
/lab/px/AnichLabs/cxr-cnn-k8s-benchmark/data/chexpert/train/patient06708/study9/view1_frontal.jpg,Pneumonia,chexpert,patient06708,3edec09361646b94ad457577268b1aaaa93df737b4fdebbb4f4b62c30b057bb3
/lab/px/AnichLabs/cxr-cnn-k8s-benchmark/data/chexpert/train/patient06708/study10/view1_frontal.jpg,Pneumonia,chexpert,patient06708,90633e9873993343acb20ce51f2b77d6df97aedb7cce16cc256cf7d7081a184d
/lab/px/AnichLabs/cxr-cnn-k8s-benchmark/data/chexpert/train/patient03904/study1/view1_frontal.jpg,Pneumonia,chexpert,patient03904,117fee8a95b55ab12f472d616d4634299bf3eec2981eea6af427e16bf31129b3
/lab/px/AnichLabs/cxr-cnn-k8s-benchmark/data/chexpert/train/patient06999/study8/view1_frontal.jpg,Pneumonia,chexpert,patient06999,1b37be8d23c546d840db1c9a952b45da222e3720471790c64b682dfffbd9aba4
/lab/px/AnichLabs/cxr-cnn-k8s-benchmark/data/chexpert/train/patient18809/study1/view1_frontal.jpg,Pneumonia,chexpert,patient18809,a38ba49b75939384a2fe7052080f0df9b743417583015e060c09bb50eca2b639
/lab/px/AnichLabs/cxr-cnn-k8s-benchmark/data/chexpert/train/patient18809/study1/view2_frontal.jpg,Pneumonia,chexpert,patient18809,e77c72346e8d634681dba14479e3fee8cd41e1c9797ab7080d8b3a1aa01ccc07
/lab/px/AnichLabs/cxr-cnn-k8s-benchmark/data/chexpert/train/patient33642/study4/view1_frontal.jpg,Pneumonia,chexpert,patient33642,66e16b6150146827937c57b0907c98d79cd92daa63a698cb101865bca1e69bb7
/lab/px/AnichLabs/cxr-cnn-k8s-benchmark/data/chexpert/train/patient31110/study1/view1_frontal.jpg,Pneumonia,chexpert,patient31110,a7136bac15cac15614025e5ea8e986483436cabdabb1a1f807b8061d5c111cf9
/lab/px/AnichLabs/cxr-cnn-k8s-benchmark/data/chexpert/train/patient23720/study5/view1_frontal.jpg,Pneumonia,chexpert,patient23720,3ee24311800174082838e1ac2fc0f07617a538b626342540478770112dade87f
/lab/px/AnichLabs/cxr-cnn-k8s-benchmark/data/chexpert/train/patient23720/study1/view1_frontal.jpg,Pneumonia,chexpert,patient23720,6b22abff156614dc9d0f426a7e3169f741989fb5c247e7b736c5bb43a247676d
/lab/px/AnichLabs/cxr-cnn-k8s-benchmark/data/chexpert/train/patient23720/study2/view1_frontal.jpg,Pneumonia,chexpert,patient23720,2027c8f2f4335ef89f7e0b1a6c51f39c14f9f406efc5445b43444f1f06a8c79b
/lab/px/AnichLabs/cxr-cnn-k8s-benchmark/data/chexpert/train/patient36506/study1/view1_frontal.jpg,Pneumonia,chexpert,patient36506,b55252708938679ee517a1433c311e01b8639d51dce82a91791cd95cae03ea79
/lab/px/AnichLabs/cxr-cnn-k8s-benchmark/data/chexpert/train/patient43497/study6/view1_frontal.jpg,Pneumonia,chexpert,patient43497,8f2ea6b05318dd1ffcca56f028ae6aca4fd0540932afd233f48db437c4767d95
/lab/px/AnichLabs/cxr-cnn-k8s-benchmark/data/chexpert/train/patient26454/study1/view1_frontal.jpg,Pneumonia,chexpert,patient26454,4c660c1e718ae786cd9bebb5979f966b4f890fa786ad2c27145e56ca44a3d7ce
/lab/px/AnichLabs/cxr-cnn-k8s-benchmark/data/chexpert/train/patient44401/study1/view1_frontal.jpg,Pneumonia,chexpert,patient44401,e5cd24f5847b26df7a4de6c39d3cee47cfc3ae4010f13ff506381f984c992fd6
/lab/px/AnichLabs/cxr-cnn-k8s-benchmark/data/chexpert/train/patient50243/study2/view1_frontal.jpg,Pneumonia,chexpert,patient50243,4ac76f4251fb19b1b8c245a94873e366422ce9154da1033f768f42e454ab1c4f
/lab/px/AnichLabs/cxr-cnn-k8s-benchmark/data/chexpert/train/patient50243/study1/view1_frontal.jpg,Pneumonia,chexpert,patient50243,5fa7247aafc6ff04bdd16eaee2ca12e362c0e14c8149b3d9082c01ba57edf097
/lab/px/AnichLabs/cxr-cnn-k8s-benchmark/data/chexpert/train/patient25725/study3/view1_frontal.jpg,Pneumonia,chexpert,patient25725,904cf2f97779a9e4274413ac2998a1a007f56d3b280a19de7209f8953dca2c6f
/lab/px/AnichLabs/cxr-cnn-k8s-benchmark/data/chexpert/train/patient32197/study26/view1_frontal.jpg,Pneumonia,chexpert,patient32197,3e950b857cfb9586fe23eaee75de6088599799dc9cd24153df80da1d77592f73
/lab/px/AnichLabs/cxr-cnn-k8s-benchmark/data/chexpert/train/patient32197/study37/view1_frontal.jpg,Pneumonia,chexpert,patient32197,3b449db593e4d7705d2c9df317b64a536e8348f9892540d36d3b448ccb949491
/lab/px/AnichLabs/cxr-cnn-k8s-benchmark/data/chexpert/train/patient48712/study5/view1_frontal.jpg,Pneumonia,chexpert,patient48712,aab81c93872814b3adab6cf284889ab856d8530cafbfa20643496eb387c95b46
/lab/px/AnichLabs/cxr-cnn-k8s-benchmark/data/chexpert/train/patient51804/study1/view1_frontal.jpg,Pneumonia,chexpert,patient51804,d8fadbf76b26abb322e294d75eac367b96e4227fdbe36064cf9a3423bc12dd02
/lab/px/AnichLabs/cxr-cnn-k8s-benchmark/data/chexpert/train/patient40985/study1/view1_frontal.jpg,Pneumonia,chexpert,patient40985,c96905c3b415571af5961078e3140d27a71a6dd09bd5dffea1a3667adfca977f
/lab/px/AnichLabs/cxr-cnn-k8s-benchmark/data/chexpert/train/patient40985/study4/view1_frontal.jpg,Pneumonia,chexpert,patient40985,1f8b0c72eda2ec535780a47fe98c36ce9ebd6439c267495978491153de1d21bd
/lab/px/AnichLabs/cxr-cnn-k8s-benchmark/data/chexpert/train/patient40985/study4/view2_frontal.jpg,Pneumonia,chexpert,patient40985,e177f98b1979f5f2d5aba08098e7807f26962c718898e85ba74771d8d0c622cf
/lab/px/AnichLabs/cxr-cnn-k8s-benchmark/data/chexpert/train/patient05052/study6/view1_frontal.jpg,Pneumonia,chexpert,patient05052,fba3778658d39c58ab85af95bbcdab4a9d34a91ac1a9dc5d533d26e94d6c5ffe
/lab/px/AnichLabs/cxr-cnn-k8s-benchmark/data/chexpert/train/patient62317/study1/view1_frontal.jpg,Pneumonia,chexpert,patient62317,a29ab9a14c190ee4237938d73fd446267b78a45271c6743f8f40ea6ebe3d8644
/lab/px/AnichLabs/cxr-cnn-k8s-benchmark/data/chexpert/train/patient36818/study6/view1_frontal.jpg,Pneumonia,chexpert,patient36818,51f579a710dba3afff9a68b05c016cb8cbb26c27dec36fc991cb25424254c73e
/lab/px/AnichLabs/cxr-cnn-k8s-benchmark/data/chexpert/train/patient47175/study1/view1_frontal.jpg,Pneumonia,chexpert,patient47175,47cc1e731e83db2eb27f99149405c603f34f6f3beeaffa359eb6ef84560a48d3
/lab/px/AnichLabs/cxr-cnn-k8s-benchmark/data/chexpert/train/patient40498/study1/view1_frontal.jpg,Pneumonia,chexpert,patient40498,97d92c0f3a9b780033dbb8fb9b6a06aa9fe4a143cb40e69a8614f44ba4e7f515
/lab/px/AnichLabs/cxr-cnn-k8s-benchmark/data/chexpert/train/patient13465/study2/view1_frontal.jpg,Pneumonia,chexpert,patient13465,fac4ebb9625a2430e30288b3647469ab995224124103f0265575ff7ffa688aba
/lab/px/AnichLabs/cxr-cnn-k8s-benchmark/data/chexpert/train/patient13465/study1/view1_frontal.jpg,Pneumonia,chexpert,patient13465,ed3b0f751c7bbdb2cb61e50c7d62d3572c64cf8a0487b3ba85557fc33ddb4650
/lab/px/AnichLabs/cxr-cnn-k8s-benchmark/data/chexpert/train/patient35464/study5/view1_frontal.jpg,Pneumonia,chexpert,patient35464,8c4cdc961895f89be43af4cc41ea768eaa3b482f3554da07dbf5fc22dd233e65
/lab/px/AnichLabs/cxr-cnn-k8s-benchmark/data/chexpert/train/patient39238/study6/view1_frontal.jpg,Pneumonia,chexpert,patient39238,9b57d15c6da1f2aae2b3cc8cb1f1f29aa8e98a2f6872f3c86ac0c605fafd1ed7
/lab/px/AnichLabs/cxr-cnn-k8s-benchmark/data/chexpert/train/patient25170/study1/view1_frontal.jpg,Pneumonia,chexpert,patient25170,8c5f68d9c1eda315b7ff5938988c14f063cfb6a72f1aeebd1d0efaac97c8d0af
/lab/px/AnichLabs/cxr-cnn-k8s-benchmark/data/chexpert/train/patient62290/study1/view1_frontal.jpg,Pneumonia,chexpert,patient62290,4dafcb8f6fbcdbca04cfc294df834f2555524e511bb24e1253bd14e954f3e8ae
/lab/px/AnichLabs/cxr-cnn-k8s-benchmark/data/chexpert/train/patient04761/study1/view1_frontal.jpg,Pneumonia,chexpert,patient04761,bf8561c6a1abc62f5fcb13ba35248e98cd41bbd09070b34d98e31c7b9eaf5dfe
/lab/px/AnichLabs/cxr-cnn-k8s-benchmark/data/chexpert/train/patient49587/study1/view1_frontal.jpg,Pneumonia,chexpert,patient49587,c29bde7bc0c21b33a2c4613bc97b2eeccfa4612a95a47a582bef57814de10667
/lab/px/AnichLabs/cxr-cnn-k8s-benchmark/data/chexpert/train/patient33769/study1/view1_frontal.jpg,Pneumonia,chexpert,patient33769,8187660ee4b8aee84377ce30da5b3de715abb6ac67791ba53c81d162609dea3f
/lab/px/AnichLabs/cxr-cnn-k8s-benchmark/data/chexpert/train/patient16565/study1/view1_frontal.jpg,Pneumonia,chexpert,patient16565,207994c5bad34a8a2678feb9a7fc84616f06d24be8ff750cefdc091c5596642e
/lab/px/AnichLabs/cxr-cnn-k8s-benchmark/data/chexpert/train/patient49974/study1/view1_frontal.jpg,Pneumonia,chexpert,patient49974,15feaa7d09be5da90d90afb4a01a73352c65ccdeacde6b8a949726ec04aa8f7e
/lab/px/AnichLabs/cxr-cnn-k8s-benchmark/data/chexpert/train/patient25752/study1/view1_frontal.jpg,Pneumonia,chexpert,patient25752,7af97f06d8cf1afabaf338bb427102d0d246b5c8c0a5c0c70333a2c918d58abb
/lab/px/AnichLabs/cxr-cnn-k8s-benchmark/data/chexpert/train/patient14882/study1/view1_frontal.jpg,Pneumonia,chexpert,patient14882,9a66ea4df24f08eca65c663dc9a4165e35940b2dd6628ebd38e763f488eb212b
/lab/px/AnichLabs/cxr-cnn-k8s-benchmark/data/chexpert/train/patient14882/study2/view1_frontal.jpg,Pneumonia,chexpert,patient14882,039d3472b8b87242241187bdf44220314aa0e31b02a647149d1168a18bc7cda6
/lab/px/AnichLabs/cxr-cnn-k8s-benchmark/data/chexpert/train/patient07944/study2/view1_frontal.jpg,Pneumonia,chexpert,patient07944,2e0467c97ca2607053b8d74a476afe2a9100e54e202d98a2a9bddbff5ea9447f
/lab/px/AnichLabs/cxr-cnn-k8s-benchmark/data/chexpert/train/patient04701/study5/view1_frontal.jpg,Pneumonia,chexpert,patient04701,0e3e35b402c7daa9b3ca4b766f732f327cdc6c81693480ff4426b6ee8170dbe3
/lab/px/AnichLabs/cxr-cnn-k8s-benchmark/data/chexpert/train/patient16274/study11/view1_frontal.jpg,Pneumonia,chexpert,patient16274,613de73b4ae71ef89c4864e2adbe1be6281e6ff268fb303a405087d03f5b29be
/lab/px/AnichLabs/cxr-cnn-k8s-benchmark/data/chexpert/train/patient07303/study7/view1_frontal.jpg,Pneumonia,chexpert,patient07303,d937c5deef0e487cc2cc5a1b8195d259eafef71af964d205512eaedb79e66596
/lab/px/AnichLabs/cxr-cnn-k8s-benchmark/data/chexpert/train/patient08635/study1/view1_frontal.jpg,Pneumonia,chexpert,patient08635,e7e7e4f1447fc4425015cad1c098a9ca5d31963eb72583509d2e474c0400d9a6
/lab/px/AnichLabs/cxr-cnn-k8s-benchmark/data/chexpert/train/patient38528/study2/view1_frontal.jpg,Pneumonia,chexpert,patient38528,6f0cfccbafe17e814e0c35cc6c881f4136bab2ed365dff994775fd4d283856c5
/lab/px/AnichLabs/cxr-cnn-k8s-benchmark/data/chexpert/train/patient38528/study4/view1_frontal.jpg,Pneumonia,chexpert,patient38528,67467d2480d78c49cde321821fc77d98729a3dea8dddb804d2c8391bfc49d72f
/lab/px/AnichLabs/cxr-cnn-k8s-benchmark/data/chexpert/train/patient21901/study13/view1_frontal.jpg,Pneumonia,chexpert,patient21901,039c3291dddd65ef4e3b80fe8ab572be6db7638a1e86d7bcc5122e8f15582af2
/lab/px/AnichLabs/cxr-cnn-k8s-benchmark/data/chexpert/train/patient05122/study1/view1_frontal.jpg,Pneumonia,chexpert,patient05122,2cfe7c610ace4ac8c355b177524bf409b06a0afbad5291c4a5463697eec00f3b
/lab/px/AnichLabs/cxr-cnn-k8s-benchmark/data/chexpert/train/patient27826/study10/view1_frontal.jpg,Pneumonia,chexpert,patient27826,e500d49b7ae075d1b9f2baeddd7522165d009862d7e0af0af242d838442f49c5
/lab/px/AnichLabs/cxr-cnn-k8s-benchmark/data/chexpert/train/patient27826/study11/view1_frontal.jpg,Pneumonia,chexpert,patient27826,ce4716ac7e30d0532809ec0b6b4e0a47b9c36a6a379a52950588fa625e6b1977
/lab/px/AnichLabs/cxr-cnn-k8s-benchmark/data/chexpert/train/patient15839/study2/view1_frontal.jpg,Pneumonia,chexpert,patient15839,032fb1bb6fbc5739d76e75075dca07faef651198f709d92e7ee2247628c76744
/lab/px/AnichLabs/cxr-cnn-k8s-benchmark/data/chexpert/train/patient05026/study1/view1_frontal.jpg,Pneumonia,chexpert,patient05026,8867c05916b62fabeabf816382a2b0701352563a6e82c56bf86a55fffb987128
/lab/px/AnichLabs/cxr-cnn-k8s-benchmark/data/chexpert/train/patient05365/study1/view1_frontal.jpg,Pneumonia,chexpert,patient05365,01cd7988e4a9f49692c62d0b9d18c12faa15d722ff50eac77cd8cde3d464286b
/lab/px/AnichLabs/cxr-cnn-k8s-benchmark/data/chexpert/train/patient51962/study1/view1_frontal.jpg,Pneumonia,chexpert,patient51962,e3aeebafff85ed58efa9a716e3aece60a8c01022c9423c789fe051b148bd64ad
/lab/px/AnichLabs/cxr-cnn-k8s-benchmark/data/chexpert/train/patient07278/study2/view1_frontal.jpg,Pneumonia,chexpert,patient07278,f1878cc28cc477b2eb2262021f51794dfcb77435e13e35f02faa682bab02a07c
/lab/px/AnichLabs/cxr-cnn-k8s-benchmark/data/chexpert/train/patient09030/study3/view1_frontal.jpg,Pneumonia,chexpert,patient09030,c75f035ae5bf7ea6db2070fc2ced90f3e8c99ae8025616ebabc6b6c7d9d29f57
/lab/px/AnichLabs/cxr-cnn-k8s-benchmark/data/chexpert/train/patient60064/study2/view1_frontal.jpg,Pneumonia,chexpert,patient60064,86bf3874bce17777786685ab1b2649490c250b7a52f00c6ed79f26eca747e923
/lab/px/AnichLabs/cxr-cnn-k8s-benchmark/data/chexpert/train/patient17054/study1/view1_frontal.jpg,Pneumonia,chexpert,patient17054,6df9e243f7eb984a74c4a1b1e59535b9f68cf81170434e681351c45964d06a4a
/lab/px/AnichLabs/cxr-cnn-k8s-benchmark/data/chexpert/train/patient04532/study3/view1_frontal.jpg,Pneumonia,chexpert,patient04532,4a972295224190f01b57467dec7627ce04e87e8b7353e4bd58b4ab94af20a6b0
/lab/px/AnichLabs/cxr-cnn-k8s-benchmark/data/chexpert/train/patient05957/study2/view1_frontal.jpg,Pneumonia,chexpert,patient05957,ba671890d092c43431b7c48103ae5b5960ab1bb36c9d3387be5bea35c3c28dde
/lab/px/AnichLabs/cxr-cnn-k8s-benchmark/data/chexpert/train/patient20978/study3/view1_frontal.jpg,Pneumonia,chexpert,patient20978,1d91979c525432a3260ab779024c5233dd79e4dc7e93a76b192d23bcd3567a8e
/lab/px/AnichLabs/cxr-cnn-k8s-benchmark/data/chexpert/train/patient19689/study46/view1_frontal.jpg,Pneumonia,chexpert,patient19689,6055ae296fb6921c710e9bdc65fc0465ddcce550f18c97f3b576dc763a8c47fd
/lab/px/AnichLabs/cxr-cnn-k8s-benchmark/data/chexpert/train/patient15644/study16/view1_frontal.jpg,Pneumonia,chexpert,patient15644,e5efc187a61c88bd33bed272e1dafc586af23072c28bdedd6307068a8ef25e8c
/lab/px/AnichLabs/cxr-cnn-k8s-benchmark/data/chexpert/train/patient52676/study1/view1_frontal.jpg,Pneumonia,chexpert,patient52676,e407e0a3138440f74f266673f0a17a60da261f5d850c0ebcb77cc1d50c00727b
/lab/px/AnichLabs/cxr-cnn-k8s-benchmark/data/chexpert/train/patient50405/study7/view1_frontal.jpg,Pneumonia,chexpert,patient50405,a22a19aa2346bd8bd035a2af16a7d18c3f9fabf9e1b1b3c783ae3c5dfaa0eae8
/lab/px/AnichLabs/cxr-cnn-k8s-benchmark/data/chexpert/train/patient26285/study1/view1_frontal.jpg,Pneumonia,chexpert,patient26285,8d76e6ae3dc840c20710c379040c3d132dca55da05f56ccb87894a2d98e77bfb
/lab/px/AnichLabs/cxr-cnn-k8s-benchmark/data/chexpert/train/patient26285/study1/view2_frontal.jpg,Pneumonia,chexpert,patient26285,a5e277ce2e4b72dce2d8c855ae2fe5957d8ad3f1b672908d8664c37c9c7ba7ab
/lab/px/AnichLabs/cxr-cnn-k8s-benchmark/data/chexpert/train/patient34030/study1/view1_frontal.jpg,Pneumonia,chexpert,patient34030,3980cad9dd7c28bf42f74548a88fb7118f78402f7905b253edfab38770bd0d87
/lab/px/AnichLabs/cxr-cnn-k8s-benchmark/data/chexpert/train/patient13951/study1/view1_frontal.jpg,Pneumonia,chexpert,patient13951,76149fcb42b2a2de20482890f570d7b88fb8d1035d013c6c47fc94e1b5dc5738
/lab/px/AnichLabs/cxr-cnn-k8s-benchmark/data/chexpert/train/patient26582/study1/view1_frontal.jpg,Pneumonia,chexpert,patient26582,23f09b1069080aa727e6eea8b695e6c8413da579918ae3f669b22a30cebafc8c
/lab/px/AnichLabs/cxr-cnn-k8s-benchmark/data/chexpert/train/patient04854/study2/view1_frontal.jpg,Pneumonia,chexpert,patient04854,a8f4d66b53d908af137662503f793a5ed698ce291111d879f3f0112a0eb2ade0
/lab/px/AnichLabs/cxr-cnn-k8s-benchmark/data/chexpert/train/patient04854/study3/view1_frontal.jpg,Pneumonia,chexpert,patient04854,3c8de8cbee858ef50d98944919a66fe2bde2ea6d3c6ed81e1090a418197be247
/lab/px/AnichLabs/cxr-cnn-k8s-benchmark/data/chexpert/train/patient01700/study2/view1_frontal.jpg,Pneumonia,chexpert,patient01700,1d35c5e12f784cd5f61124beabd8dd70bfc722e0aa64e1f7ef435448662a3767
/lab/px/AnichLabs/cxr-cnn-k8s-benchmark/data/chexpert/train/patient01700/study6/view1_frontal.jpg,Pneumonia,chexpert,patient01700,f3214b4fa43b3f631af33528a87723c04a70bb100864e3e74e49832f81ef9b92
/lab/px/AnichLabs/cxr-cnn-k8s-benchmark/data/chexpert/train/patient05824/study1/view1_frontal.jpg,Pneumonia,chexpert,patient05824,0ccf0bdb095083b124d0c8082e12f69737f1719c8af49daf19062dfd15f93ee6
/lab/px/AnichLabs/cxr-cnn-k8s-benchmark/data/chexpert/train/patient13742/study2/view1_frontal.jpg,Pneumonia,chexpert,patient13742,d19e314617aeca832ca3c9733beb70114f7e176549e0087c5a7ffe29934717c4
/lab/px/AnichLabs/cxr-cnn-k8s-benchmark/data/chexpert/train/patient14971/study3/view1_frontal.jpg,Pneumonia,chexpert,patient14971,1d7dc157faf7e568e240ab7cae9bd040a67def0f62c51c44266992f527ac9580
/lab/px/AnichLabs/cxr-cnn-k8s-benchmark/data/chexpert/train/patient11076/study1/view1_frontal.jpg,Pneumonia,chexpert,patient11076,7b9b131e80f6689ff28ccb6dee147f4c1b0153f3fc93f54fe5d2b318c2c9580d
/lab/px/AnichLabs/cxr-cnn-k8s-benchmark/data/chexpert/train/patient00262/study3/view1_frontal.jpg,Pneumonia,chexpert,patient00262,630a565893b4c1beb1280f7511340da1cb0a5e86453ed13e6ea8f7cb8a0eb3ab
/lab/px/AnichLabs/cxr-cnn-k8s-benchmark/data/chexpert/train/patient50077/study1/view1_frontal.jpg,Pneumonia,chexpert,patient50077,9b570d8db51db5f2427c47b5893649b0ae125bda32656f6865e4d0e1ca62d071
/lab/px/AnichLabs/cxr-cnn-k8s-benchmark/data/chexpert/train/patient27255/study1/view1_frontal.jpg,Pneumonia,chexpert,patient27255,3b7dac1fdd64ac661e0df9fdbc4af94ff149d6fdee8873bf73ff86306f8947fc
/lab/px/AnichLabs/cxr-cnn-k8s-benchmark/data/chexpert/train/patient16475/study13/view1_frontal.jpg,Pneumonia,chexpert,patient16475,7b899375f3a2be22b601f7fd51393797f762335a3d2c9cd8fc3fb4c76f3f6c9c
/lab/px/AnichLabs/cxr-cnn-k8s-benchmark/data/chexpert/train/patient19744/study2/view1_frontal.jpg,Pneumonia,chexpert,patient19744,aee0900097466a8593cb0b889efbb662c2f0c66f5037a5945799d2c2a4b1449f
/lab/px/AnichLabs/cxr-cnn-k8s-benchmark/data/chexpert/train/patient21077/study17/view1_frontal.jpg,Pneumonia,chexpert,patient21077,879bad547171b2e360f57e190dc8e70f8c4c76dbdceb61de547d65d738a4ef09
/lab/px/AnichLabs/cxr-cnn-k8s-benchmark/data/chexpert/train/patient27073/study1/view1_frontal.jpg,Pneumonia,chexpert,patient27073,8394171d979d26563fc122431190a58dc23840aadcc9a641313d79b74b341d41
/lab/px/AnichLabs/cxr-cnn-k8s-benchmark/data/chexpert/train/patient04277/study4/view1_frontal.jpg,Pneumonia,chexpert,patient04277,e71a63721e7a05d75d3142d43c354c914bad110d1764ac4663185e4c395aa468
/lab/px/AnichLabs/cxr-cnn-k8s-benchmark/data/chexpert/train/patient21981/study1/view1_frontal.jpg,Pneumonia,chexpert,patient21981,52043ad017c3bdb602019a4c3abe244666e15b68766db2f941557b18e5b728e5
/lab/px/AnichLabs/cxr-cnn-k8s-benchmark/data/chexpert/train/patient00114/study15/view1_frontal.jpg,Pneumonia,chexpert,patient00114,43233bfee818d8165c5d3b3291f5636e83325610349c32f2ebba5c7c187b2cdb
/lab/px/AnichLabs/cxr-cnn-k8s-benchmark/data/chexpert/train/patient49437/study1/view1_frontal.jpg,Pneumonia,chexpert,patient49437,6aeef5decd3fffe29638c312fab2aae07e0371fdadca5d0a6f94fd29548c73a3
/lab/px/AnichLabs/cxr-cnn-k8s-benchmark/data/chexpert/train/patient05884/study6/view1_frontal.jpg,Pneumonia,chexpert,patient05884,866e92a11131cf283bf133e1c09efe932a754c21ea34f7514e4b54adf44199eb
/lab/px/AnichLabs/cxr-cnn-k8s-benchmark/data/chexpert/train/patient05884/study2/view1_frontal.jpg,Pneumonia,chexpert,patient05884,973827652427d902521109967f747f812848d591c584a9a5efde9eb09141639e
/lab/px/AnichLabs/cxr-cnn-k8s-benchmark/data/chexpert/train/patient00394/study1/view1_frontal.jpg,Pneumonia,chexpert,patient00394,16499428c28e587a8d5b2f75cca7f94a4a5a6d91438276d11081d2375edccb31
/lab/px/AnichLabs/cxr-cnn-k8s-benchmark/data/chexpert/train/patient29017/study6/view1_frontal.jpg,Pneumonia,chexpert,patient29017,0f1839713d7c660e39ebc0993b6f2799367398ae3027a930e97fe12cbbc49717
/lab/px/AnichLabs/cxr-cnn-k8s-benchmark/data/chexpert/train/patient49975/study1/view1_frontal.jpg,Pneumonia,chexpert,patient49975,d88d062103f6c7e0fa493e0126ccbfac664760bf52a6ce79f93801b68306b65a
/lab/px/AnichLabs/cxr-cnn-k8s-benchmark/data/chexpert/train/patient31289/study2/view1_frontal.jpg,Pneumonia,chexpert,patient31289,9cc22d91852f5258683aa0e9cc02522de4b3db5bda533e14cf8a4f098efc056d
/lab/px/AnichLabs/cxr-cnn-k8s-benchmark/data/chexpert/train/patient40704/study1/view1_frontal.jpg,Pneumonia,chexpert,patient40704,8b30aeb4e6deced086ccfb8469ff65d03d270aa083771ff1cc50ccd9e5a5cf93
/lab/px/AnichLabs/cxr-cnn-k8s-benchmark/data/chexpert/train/patient51836/study2/view1_frontal.jpg,Pneumonia,chexpert,patient51836,14d1309c238ff66806b31ba900e5b3a5c2bff253e95887433385720895b4855f
/lab/px/AnichLabs/cxr-cnn-k8s-benchmark/data/chexpert/train/patient51836/study1/view1_frontal.jpg,Pneumonia,chexpert,patient51836,2ee79a1443e3cf16b36f89d54f01b35ddd6c55dda13b262e58b58e3c28d882ee
/lab/px/AnichLabs/cxr-cnn-k8s-benchmark/data/chexpert/train/patient62920/study2/view1_frontal.jpg,Pneumonia,chexpert,patient62920,62362f66f7a2307507f55e5f5cc5fe05966476eafbe6e73627de2031b37966d4
/lab/px/AnichLabs/cxr-cnn-k8s-benchmark/data/chexpert/train/patient41329/study5/view1_frontal.jpg,Pneumonia,chexpert,patient41329,47d927e698315437a8f9c3614c472a0b4412dd20366f69af9b27364d7525c8c0
/lab/px/AnichLabs/cxr-cnn-k8s-benchmark/data/chexpert/train/patient24584/study2/view1_frontal.jpg,Pneumonia,chexpert,patient24584,b7fa2df240bc17bbb62378b1331944b52c9cbae4652a0817067ffcf59b854b61
/lab/px/AnichLabs/cxr-cnn-k8s-benchmark/data/chexpert/train/patient17415/study1/view1_frontal.jpg,Pneumonia,chexpert,patient17415,523aab6e0f82df6779cd9be70b68b19ca3bc194a3a997c904bc8e9063c7f6dc7
/lab/px/AnichLabs/cxr-cnn-k8s-benchmark/data/chexpert/train/patient17023/study9/view1_frontal.jpg,Pneumonia,chexpert,patient17023,0ea0aba9bea0e6e7499a84519140081479af690498dfe62c7fbdfac22137e59c
/lab/px/AnichLabs/cxr-cnn-k8s-benchmark/data/chexpert/train/patient39084/study2/view1_frontal.jpg,Pneumonia,chexpert,patient39084,0c88826b264e6104bdb7b8cdb6295a537ffd23f15e0de6eee1f2a6d5c3974c8c
/lab/px/AnichLabs/cxr-cnn-k8s-benchmark/data/chexpert/train/patient62871/study3/view1_frontal.jpg,Pneumonia,chexpert,patient62871,5004c8ef0ac57c312a3b1b026787c5c93de3f45a8e9ee9ec2ec208d5979d3d00
/lab/px/AnichLabs/cxr-cnn-k8s-benchmark/data/chexpert/train/patient21322/study2/view1_frontal.jpg,Pneumonia,chexpert,patient21322,82d4ecbb89f035dc2d7f2a5bfd7fbbb8e9654a181504860744d82c0f2f84cde4
/lab/px/AnichLabs/cxr-cnn-k8s-benchmark/data/chexpert/train/patient21515/study1/view1_frontal.jpg,Pneumonia,chexpert,patient21515,6111864a3501f9cb176002421d7cf95ba4f369ae4a7b00e96fa749bf4391ad8b
/lab/px/AnichLabs/cxr-cnn-k8s-benchmark/data/chexpert/train/patient05427/study1/view1_frontal.jpg,Pneumonia,chexpert,patient05427,4fc2987de333c470122052f7a41936deab1488f185448b80038457e3310ef5dc
/lab/px/AnichLabs/cxr-cnn-k8s-benchmark/data/chexpert/train/patient19317/study5/view1_frontal.jpg,Pneumonia,chexpert,patient19317,5f9cb284fbb5b967c3a6516c6bcb254586d4d49f2fa17644a63825ec164c64f6
/lab/px/AnichLabs/cxr-cnn-k8s-benchmark/data/chexpert/train/patient18404/study1/view1_frontal.jpg,Pneumonia,chexpert,patient18404,434e4ac5b853818a7aef021669987ba1eba726508e0002fcad1657e21b0e7a28
/lab/px/AnichLabs/cxr-cnn-k8s-benchmark/data/chexpert/train/patient35412/study4/view1_frontal.jpg,Pneumonia,chexpert,patient35412,5891a8b047a6fd9165919d3a222f511f60e4db51e85fa47593e6eed932daddaa
/lab/px/AnichLabs/cxr-cnn-k8s-benchmark/data/chexpert/train/patient03511/study1/view1_frontal.jpg,Pneumonia,chexpert,patient03511,bce1f8e9fac9bcea9400a9e8d02c2e8bbfeffa6b4c88fd95bfa36b7ceaaf9e30
/lab/px/AnichLabs/cxr-cnn-k8s-benchmark/data/chexpert/train/patient05953/study1/view1_frontal.jpg,Pneumonia,chexpert,patient05953,01b6427dc051c88d5d8eb19c99965f4ff73cf2f6e8d5322e90dc6483b6767e5f
/lab/px/AnichLabs/cxr-cnn-k8s-benchmark/data/chexpert/train/patient44414/study2/view1_frontal.jpg,Pneumonia,chexpert,patient44414,c89147012bf393338868eab342b2d6b3328ac6871191f148f3477890c76f2cb0
/lab/px/AnichLabs/cxr-cnn-k8s-benchmark/data/chexpert/train/patient21400/study4/view1_frontal.jpg,Pneumonia,chexpert,patient21400,54537663133e1dc0729c28749630261b812d217714ff2ae23fb2cfc08cc5df79
/lab/px/AnichLabs/cxr-cnn-k8s-benchmark/data/chexpert/train/patient21400/study5/view1_frontal.jpg,Pneumonia,chexpert,patient21400,c05c3f99dfd8cb591097fa3adfabb6e7485852ecc68a573a1496b766c91ad901
/lab/px/AnichLabs/cxr-cnn-k8s-benchmark/data/chexpert/train/patient04774/study3/view1_frontal.jpg,Pneumonia,chexpert,patient04774,e675386320f12025d4d0ae7474330b574bb128d6959831cc00b6f1c9808e7a65
/lab/px/AnichLabs/cxr-cnn-k8s-benchmark/data/chexpert/train/patient04774/study13/view1_frontal.jpg,Pneumonia,chexpert,patient04774,8c5f251197947b3374abde44ad4d95b8e2d7365f69ec4c7034dee0ff99078fd3
/lab/px/AnichLabs/cxr-cnn-k8s-benchmark/data/chexpert/train/patient16067/study5/view1_frontal.jpg,Pneumonia,chexpert,patient16067,3d38e1ca6182cebab5fcfd7f2abcd37faea88967456a4fc4efa41e8a847bbf43
/lab/px/AnichLabs/cxr-cnn-k8s-benchmark/data/chexpert/train/patient36492/study3/view1_frontal.jpg,Pneumonia,chexpert,patient36492,cab19f108d385b6f66b802a6893e026854cfa3e473a4536bae6f08b767d6fb07
/lab/px/AnichLabs/cxr-cnn-k8s-benchmark/data/chexpert/train/patient14193/study1/view1_frontal.jpg,Pneumonia,chexpert,patient14193,926299516ce2818f179541d5a6c1151140a4bae4f5e8b0465224410fbc7efdf5
/lab/px/AnichLabs/cxr-cnn-k8s-benchmark/data/chexpert/train/patient14599/study2/view1_frontal.jpg,Pneumonia,chexpert,patient14599,eaa1db5b44e44d7f7e4c16022408692ecf77f18b748a72c673cfc63f7a7aaea8
/lab/px/AnichLabs/cxr-cnn-k8s-benchmark/data/chexpert/train/patient31771/study3/view1_frontal.jpg,Pneumonia,chexpert,patient31771,f6db0ea2838ada46a061f9eb65e406848eaf2e2d0e4d971b737716faaa664f65
/lab/px/AnichLabs/cxr-cnn-k8s-benchmark/data/chexpert/train/patient60933/study2/view1_frontal.jpg,Pneumonia,chexpert,patient60933,f763b6c540023618d6d79bedc2edda05ab67a9ef65d82184b5e0930bd3ddb863
/lab/px/AnichLabs/cxr-cnn-k8s-benchmark/data/chexpert/train/patient03477/study1/view1_frontal.jpg,Pneumonia,chexpert,patient03477,f75a0e9648af68b83388c89e9257632039d0b51e753a3f7841981090481560b5
/lab/px/AnichLabs/cxr-cnn-k8s-benchmark/data/chexpert/train/patient06027/study1/view1_frontal.jpg,Pneumonia,chexpert,patient06027,3cf2eacfeb413addfa4fc9aeb35cedb4bcf6a89031efdbf900240e341841b418
/lab/px/AnichLabs/cxr-cnn-k8s-benchmark/data/chexpert/train/patient14134/study3/view1_frontal.jpg,Pneumonia,chexpert,patient14134,28ca9b6d1fa9278d47fcdcda67b63cf1edede90ebd2b7d2fd6e48666ea62eccd
/lab/px/AnichLabs/cxr-cnn-k8s-benchmark/data/chexpert/train/patient59985/study3/view1_frontal.jpg,Pneumonia,chexpert,patient59985,99de63e2ccd7d1d776bfa20da639cf63bcd6d4b4cb9c20f71d9a9a2e38362cf5
/lab/px/AnichLabs/cxr-cnn-k8s-benchmark/data/chexpert/train/patient35128/study14/view1_frontal.jpg,Pneumonia,chexpert,patient35128,5621da993462655a255dc85cfe84b4cf2016a4409ca65cc6b8053fa20fdad778
/lab/px/AnichLabs/cxr-cnn-k8s-benchmark/data/chexpert/train/patient35128/study8/view1_frontal.jpg,Pneumonia,chexpert,patient35128,a1a3d81f49a667ef62a4ad168e41ed7f1d643d0d4edc4af03f96aef9a5ed7b52
/lab/px/AnichLabs/cxr-cnn-k8s-benchmark/data/chexpert/train/patient00779/study1/view1_frontal.jpg,Pneumonia,chexpert,patient00779,e8c1e7538de8f42ec8e9ca93112e18f8657602fac877b5a4a145b2fba489c46e
/lab/px/AnichLabs/cxr-cnn-k8s-benchmark/data/chexpert/train/patient22092/study1/view1_frontal.jpg,Pneumonia,chexpert,patient22092,5860ccdc6ed1e4c375a62dcadc5ea31b48cb240b5b0aef98b124da80d2ee838a
/lab/px/AnichLabs/cxr-cnn-k8s-benchmark/data/chexpert/train/patient40781/study1/view1_frontal.jpg,Pneumonia,chexpert,patient40781,cd24c6d483fbc5e46149bd7692b9c6a0389599a37b8857cdc0a20d3535689ea5
/lab/px/AnichLabs/cxr-cnn-k8s-benchmark/data/chexpert/train/patient11294/study1/view1_frontal.jpg,Pneumonia,chexpert,patient11294,39a78e4c8bf0fd62958fbbb109cf739b6c7294fb091d621946254039584222fb
/lab/px/AnichLabs/cxr-cnn-k8s-benchmark/data/chexpert/train/patient10881/study5/view1_frontal.jpg,Pneumonia,chexpert,patient10881,5fd5c2b5377a6636b6429908646d33bf068f4eb33a9eed81b78063f9f466766e
/lab/px/AnichLabs/cxr-cnn-k8s-benchmark/data/chexpert/train/patient37596/study4/view1_frontal.jpg,Pneumonia,chexpert,patient37596,3a831eda3a3eaf8809a02dc2f4531b0420e396f24f0a89fa8bcfd4d937f48681
/lab/px/AnichLabs/cxr-cnn-k8s-benchmark/data/chexpert/train/patient53443/study1/view1_frontal.jpg,Pneumonia,chexpert,patient53443,e939e1500cdf6b132b9fce80c8d1defb85a122bd623c56dd216afbada3219891
/lab/px/AnichLabs/cxr-cnn-k8s-benchmark/data/chexpert/train/patient50620/study2/view1_frontal.jpg,Pneumonia,chexpert,patient50620,186ee073ef8d62f421270bd8adb1f0deac565d99c610a62f0e0fba02c22f3353
/lab/px/AnichLabs/cxr-cnn-k8s-benchmark/data/chexpert/train/patient61919/study1/view1_frontal.jpg,Pneumonia,chexpert,patient61919,b16c11f44db603a917250e98cfb779e91e8f52d6ee3b6f501ca6f94f86bafb7b
/lab/px/AnichLabs/cxr-cnn-k8s-benchmark/data/chexpert/train/patient20823/study1/view1_frontal.jpg,Pneumonia,chexpert,patient20823,5fcbd2f132c523b9db9f67a02fb57a094be8757e38b71a30a09607b21946293b
/lab/px/AnichLabs/cxr-cnn-k8s-benchmark/data/chexpert/train/patient41581/study5/view1_frontal.jpg,Pneumonia,chexpert,patient41581,bfd41f514be6cc25d55df7f95f88c584f588cfd8944089239020609ff34ec807
/lab/px/AnichLabs/cxr-cnn-k8s-benchmark/data/chexpert/train/patient21505/study1/view1_frontal.jpg,Pneumonia,chexpert,patient21505,3737cd055a3f8546387c737dd438c9756171935e238dc3187fa06d9969ba762d
/lab/px/AnichLabs/cxr-cnn-k8s-benchmark/data/chexpert/train/patient42900/study1/view1_frontal.jpg,Pneumonia,chexpert,patient42900,686b9b2b0ac0ce24ab7f47126eac2163ba44f614c42782064b447982002960e4
/lab/px/AnichLabs/cxr-cnn-k8s-benchmark/data/chexpert/train/patient38971/study12/view1_frontal.jpg,Pneumonia,chexpert,patient38971,18da20dade74f88e2014b7147394984100faed8226b00181abe942172d10b08f
/lab/px/AnichLabs/cxr-cnn-k8s-benchmark/data/chexpert/train/patient38971/study13/view1_frontal.jpg,Pneumonia,chexpert,patient38971,8be4c566724fd1f478b7ab293499d5c434647bc1374e59e9c8290d5ad4c9c1b8
/lab/px/AnichLabs/cxr-cnn-k8s-benchmark/data/chexpert/train/patient38971/study14/view1_frontal.jpg,Pneumonia,chexpert,patient38971,f069ccd47295fc0528e87288ae5e7a2251383b624014c083ba70f4d6a604ccba
/lab/px/AnichLabs/cxr-cnn-k8s-benchmark/data/chexpert/train/patient40624/study3/view1_frontal.jpg,Pneumonia,chexpert,patient40624,7d89944b9ad54fca57fc2a255b281b5ccff4a6504c8e86244d75df6d4c20f6f1
/lab/px/AnichLabs/cxr-cnn-k8s-benchmark/data/chexpert/train/patient08160/study3/view1_frontal.jpg,Pneumonia,chexpert,patient08160,a9e14c4a5d729e64a6c59779499bcbccf8e763a7a3670b267dabc6a6d4679a5f
/lab/px/AnichLabs/cxr-cnn-k8s-benchmark/data/chexpert/train/patient49364/study3/view1_frontal.jpg,Pneumonia,chexpert,patient49364,505f2f453109943a7426e4051b62e937052e4cae077e496555d170735420ca9b
/lab/px/AnichLabs/cxr-cnn-k8s-benchmark/data/chexpert/train/patient19952/study1/view1_frontal.jpg,Pneumonia,chexpert,patient19952,7b9da4fb93d36c078f4ad8c97b6a07c2523c28e201459097a66138e35e1c8dc8
/lab/px/AnichLabs/cxr-cnn-k8s-benchmark/data/chexpert/train/patient00232/study1/view1_frontal.jpg,Pneumonia,chexpert,patient00232,cb6ac6f50ccb45fba200e75c092964769cc875a8e92dfb8c3a3ed92c20ac7199
/lab/px/AnichLabs/cxr-cnn-k8s-benchmark/data/chexpert/train/patient42264/study1/view1_frontal.jpg,Pneumonia,chexpert,patient42264,b7e000c340689a059518c9a334dee155530f828ba9df162d92653c522b48f853
/lab/px/AnichLabs/cxr-cnn-k8s-benchmark/data/chexpert/train/patient05180/study6/view1_frontal.jpg,Pneumonia,chexpert,patient05180,e58bbde4be7f31038ddd357d8e10a458e4c8abb3b6bf2aa27541a91bf3e88eeb
/lab/px/AnichLabs/cxr-cnn-k8s-benchmark/data/chexpert/train/patient34672/study3/view1_frontal.jpg,Pneumonia,chexpert,patient34672,f6d4c5b2b0497fe977d8550b10dfb95b7bc15d8f6022e7dbbaad433f193aece7
/lab/px/AnichLabs/cxr-cnn-k8s-benchmark/data/chexpert/train/patient58278/study1/view1_frontal.jpg,Pneumonia,chexpert,patient58278,9769a7d7d9a29522c6f92f91e0de7d3300a8dbf30712bda17fd84acf9ae6fa39
/lab/px/AnichLabs/cxr-cnn-k8s-benchmark/data/chexpert/train/patient02144/study2/view1_frontal.jpg,Pneumonia,chexpert,patient02144,c40ba6a4934ebe51044ee05ad282a07ab3a9908303bcad0e40506a995ec2ad9d
/lab/px/AnichLabs/cxr-cnn-k8s-benchmark/data/chexpert/train/patient15996/study2/view1_frontal.jpg,Pneumonia,chexpert,patient15996,1131e904dec0b7069e114c55a00ff55adc6b6848f0b9979084339c4ecf6bdec1
/lab/px/AnichLabs/cxr-cnn-k8s-benchmark/data/chexpert/train/patient32322/study2/view1_frontal.jpg,Pneumonia,chexpert,patient32322,90b4ab1007c409502f3c091be22c91ab48df1fa8df065615007fbce5216df305
/lab/px/AnichLabs/cxr-cnn-k8s-benchmark/data/chexpert/train/patient32322/study3/view1_frontal.jpg,Pneumonia,chexpert,patient32322,d16d227c7caf2e3eddb5495854c1f985717dcc3e6906f460733608ea79e406d2
/lab/px/AnichLabs/cxr-cnn-k8s-benchmark/data/chexpert/train/patient05242/study6/view1_frontal.jpg,Pneumonia,chexpert,patient05242,fabf369f8a2498182a1db2d39b6adaa9945befd12b8a1bc64651b535feb25389
/lab/px/AnichLabs/cxr-cnn-k8s-benchmark/data/chexpert/train/patient23193/study1/view1_frontal.jpg,Pneumonia,chexpert,patient23193,4147838b0810dacb549315adc8351c53e3fa628db99f0004fd32c74d26cb32e2
/lab/px/AnichLabs/cxr-cnn-k8s-benchmark/data/chexpert/train/patient02731/study3/view1_frontal.jpg,Pneumonia,chexpert,patient02731,20aeceeb33e47233a82f31289b8826983ee8ab0df641b5e825ec4c6e580fc06a
/lab/px/AnichLabs/cxr-cnn-k8s-benchmark/data/chexpert/train/patient02731/study2/view1_frontal.jpg,Pneumonia,chexpert,patient02731,e24ad2bb8295eddfcce882d9900a0d6f19fa976a48d0f3de8ddc0e32c0483147
/lab/px/AnichLabs/cxr-cnn-k8s-benchmark/data/chexpert/train/patient37483/study1/view1_frontal.jpg,Pneumonia,chexpert,patient37483,a240e92259a1b3495ca9245b2ab8006bee14acfd829e36f1bd88a5c8d7b2da59
/lab/px/AnichLabs/cxr-cnn-k8s-benchmark/data/chexpert/train/patient41070/study2/view1_frontal.jpg,Pneumonia,chexpert,patient41070,e5820be0aecef9546e242eca1448413426803e2ee5990b640d6eb268e1ad44cf
/lab/px/AnichLabs/cxr-cnn-k8s-benchmark/data/chexpert/train/patient11132/study1/view1_frontal.jpg,Pneumonia,chexpert,patient11132,c9f46ca18c2169962610355d2a52de0add26924f8398afc978854317a935ae47
/lab/px/AnichLabs/cxr-cnn-k8s-benchmark/data/chexpert/train/patient30165/study1/view1_frontal.jpg,Pneumonia,chexpert,patient30165,403e2cbbed3041c5ab6c34ed4e29e4d370d9e316120b91a1c8f50f43f2ba5bbe
/lab/px/AnichLabs/cxr-cnn-k8s-benchmark/data/chexpert/train/patient02195/study7/view1_frontal.jpg,Pneumonia,chexpert,patient02195,77bb537cfc5e9911fe30ad90fb154cf2a9f59b1253b9c7e984c23fa614fcd45b
/lab/px/AnichLabs/cxr-cnn-k8s-benchmark/data/chexpert/train/patient02195/study4/view1_frontal.jpg,Pneumonia,chexpert,patient02195,d910adbf7b4838e9cbab720d4aa6b2ba45744df015a60a7594234efaae15c49f
/lab/px/AnichLabs/cxr-cnn-k8s-benchmark/data/chexpert/train/patient02195/study3/view1_frontal.jpg,Pneumonia,chexpert,patient02195,147b627533e6ee9692bf04e47703d4c68f53e45ccbab697a48b7070104258235
/lab/px/AnichLabs/cxr-cnn-k8s-benchmark/data/chexpert/train/patient02195/study15/view1_frontal.jpg,Pneumonia,chexpert,patient02195,696ec2835ef93fce1377f77ab2514a63c0d0ca52b74e6489436fc567ea42bc4b
/lab/px/AnichLabs/cxr-cnn-k8s-benchmark/data/chexpert/train/patient60310/study1/view1_frontal.jpg,Pneumonia,chexpert,patient60310,88147b0237f5791225fcb50db1b36c84e7988dab8889b2d3c87ce31a73fd05d0
/lab/px/AnichLabs/cxr-cnn-k8s-benchmark/data/chexpert/train/patient42053/study2/view1_frontal.jpg,Pneumonia,chexpert,patient42053,bcea8656ca5afbf9f696a41db4018dbbceb385caf041aec15210167a8d642971
/lab/px/AnichLabs/cxr-cnn-k8s-benchmark/data/chexpert/train/patient42053/study3/view1_frontal.jpg,Pneumonia,chexpert,patient42053,7f05583a63102df8f0546a52ef515f7fef16fa6ccb8028d471957a9df2840c0c
/lab/px/AnichLabs/cxr-cnn-k8s-benchmark/data/chexpert/train/patient21931/study1/view1_frontal.jpg,Pneumonia,chexpert,patient21931,b9ea208779b27dde95234b9b3b260e87c7d2bad632886e095a58026119d0e16b
/lab/px/AnichLabs/cxr-cnn-k8s-benchmark/data/chexpert/train/patient12787/study2/view1_frontal.jpg,Pneumonia,chexpert,patient12787,6798c0a0781ea72d3488181aa2c9d7c82d08363ed9d280f9a671f4ef65ed8098
/lab/px/AnichLabs/cxr-cnn-k8s-benchmark/data/chexpert/train/patient05317/study2/view1_frontal.jpg,Pneumonia,chexpert,patient05317,d92c80350989c8a09b8022a33d6a35bafc926f963b4f30be8b501de34d54c13a
/lab/px/AnichLabs/cxr-cnn-k8s-benchmark/data/chexpert/train/patient38647/study2/view1_frontal.jpg,Pneumonia,chexpert,patient38647,2f23107c2eee303d5201b1cbd47f08b68e5e2b56605e6b47da0e54081c81f1c9
/lab/px/AnichLabs/cxr-cnn-k8s-benchmark/data/chexpert/train/patient56173/study1/view1_frontal.jpg,Pneumonia,chexpert,patient56173,7ff60ab8e25c5f55b0b146ccf99a702e0f14d61dffd14d28725788a44642c2b5
/lab/px/AnichLabs/cxr-cnn-k8s-benchmark/data/chexpert/train/patient54098/study1/view1_frontal.jpg,Pneumonia,chexpert,patient54098,df759692b62b628f6b52ef98ec23ee83224c9237ad189117ac9b6c71c51f213f
/lab/px/AnichLabs/cxr-cnn-k8s-benchmark/data/chexpert/train/patient13856/study1/view1_frontal.jpg,Pneumonia,chexpert,patient13856,939b55bd8c7dfd56221b9afb5a4ff729a390b64c03bddcdc3a2864438be66cae
/lab/px/AnichLabs/cxr-cnn-k8s-benchmark/data/chexpert/train/patient51467/study2/view1_frontal.jpg,Pneumonia,chexpert,patient51467,7598ce7942a8ad7432e69ad0388805f2744e1bacbd268d260171adc0cf4bfa8b
/lab/px/AnichLabs/cxr-cnn-k8s-benchmark/data/chexpert/train/patient07931/study1/view1_frontal.jpg,Pneumonia,chexpert,patient07931,07e95e3f34ce728f6be89f2275d7e6b93b2f31157eb36f4ab2d1fa732a220af5
/lab/px/AnichLabs/cxr-cnn-k8s-benchmark/data/chexpert/train/patient19431/study1/view1_frontal.jpg,Pneumonia,chexpert,patient19431,6f478b8b8a76422bf52b0cb0e8efd6cd56c5bf6dfcda051411c0ea14afd16e6a
/lab/px/AnichLabs/cxr-cnn-k8s-benchmark/data/chexpert/train/patient20236/study1/view1_frontal.jpg,Pneumonia,chexpert,patient20236,c7b1e760add181a4b989e42a8de652dc67cdab7aec22e834a923b3cc2860b5f1
/lab/px/AnichLabs/cxr-cnn-k8s-benchmark/data/chexpert/train/patient32055/study2/view1_frontal.jpg,Pneumonia,chexpert,patient32055,de58613d44903215c55643b7957a4097aa439506abdf29e68d3d33565b0186bb
/lab/px/AnichLabs/cxr-cnn-k8s-benchmark/data/chexpert/train/patient23939/study1/view1_frontal.jpg,Pneumonia,chexpert,patient23939,64b290ae6c6ec1ed2085882beddec3c92fd13ad73c5a2e4d557d31c9c05b02b4
/lab/px/AnichLabs/cxr-cnn-k8s-benchmark/data/chexpert/train/patient46799/study1/view1_frontal.jpg,Pneumonia,chexpert,patient46799,5e56f16a4f9a1bff25f41cbd42b102f8278edb5604c019fb7f1f3433e40e486a
/lab/px/AnichLabs/cxr-cnn-k8s-benchmark/data/chexpert/train/patient08553/study3/view1_frontal.jpg,Pneumonia,chexpert,patient08553,2f33e6a3e0876d51af708b16ab3f36a57ccfb8b972c43cf205c5b5057f96fd2b
/lab/px/AnichLabs/cxr-cnn-k8s-benchmark/data/chexpert/train/patient58182/study1/view1_frontal.jpg,Pneumonia,chexpert,patient58182,4caaab25f1c4a1ceeccf34b0d376a0568896172c420e7a197b9436af369e2eb6
/lab/px/AnichLabs/cxr-cnn-k8s-benchmark/data/chexpert/train/patient42892/study5/view1_frontal.jpg,Pneumonia,chexpert,patient42892,7bd8d2224217cfd67d47ba7edd092764c2a6712b866811ac69133ea573569539
/lab/px/AnichLabs/cxr-cnn-k8s-benchmark/data/chexpert/train/patient16126/study3/view1_frontal.jpg,Pneumonia,chexpert,patient16126,5ab24549e1d07381cf06a8056800609053fbd091d9e755f6e1a62f5dea7af79e
/lab/px/AnichLabs/cxr-cnn-k8s-benchmark/data/chexpert/train/patient16126/study2/view1_frontal.jpg,Pneumonia,chexpert,patient16126,ee4938776f1033ab5886a56bbc5a7833a34242723d454737397a760149f02ba2
/lab/px/AnichLabs/cxr-cnn-k8s-benchmark/data/chexpert/train/patient05959/study1/view1_frontal.jpg,Pneumonia,chexpert,patient05959,f4b2080de73a82a27b748449cde3a17b61b6ce9138e2b8394c802b94620461a4
/lab/px/AnichLabs/cxr-cnn-k8s-benchmark/data/chexpert/train/patient02378/study23/view1_frontal.jpg,Pneumonia,chexpert,patient02378,235e5239585208a3cf79665f84eadc691002907b8d2da9613440d2e28fb19a60
/lab/px/AnichLabs/cxr-cnn-k8s-benchmark/data/chexpert/train/patient24074/study1/view1_frontal.jpg,Pneumonia,chexpert,patient24074,ad6217bbf25c67ab315313103426dcf72fd726257a77e011ba1fafb902d63db3
/lab/px/AnichLabs/cxr-cnn-k8s-benchmark/data/chexpert/train/patient12309/study2/view1_frontal.jpg,Pneumonia,chexpert,patient12309,00886a72482a3939ab188c448f7ac253b656e2920b2ef541f236bc056ae6f7e1
/lab/px/AnichLabs/cxr-cnn-k8s-benchmark/data/chexpert/train/patient21014/study8/view1_frontal.jpg,Pneumonia,chexpert,patient21014,1a0f32f3cac5181b8642c3eb23430041ea8ec5fd59122ae31736a67c24a96cdd
/lab/px/AnichLabs/cxr-cnn-k8s-benchmark/data/chexpert/train/patient20028/study11/view1_frontal.jpg,Pneumonia,chexpert,patient20028,106ad8bcbbd1440ffe43e576e77b20cd1366153805eb95e1d8c7efae1bc98874
/lab/px/AnichLabs/cxr-cnn-k8s-benchmark/data/chexpert/train/patient41341/study1/view1_frontal.jpg,Pneumonia,chexpert,patient41341,f6daf22042b1d9481a8e4446723d45803d299f13c158063a1dbe3e1f7843cf55
/lab/px/AnichLabs/cxr-cnn-k8s-benchmark/data/chexpert/train/patient35750/study15/view1_frontal.jpg,Pneumonia,chexpert,patient35750,f3e29b0cee2a042aade50c9b2f89067da8939a0c71c89175420abc4f590a5bf0
/lab/px/AnichLabs/cxr-cnn-k8s-benchmark/data/chexpert/train/patient11580/study1/view1_frontal.jpg,Pneumonia,chexpert,patient11580,260678dbe38adaa9079c43b912dda02027487b04ff4dcf8982694c1d0bf44f03
/lab/px/AnichLabs/cxr-cnn-k8s-benchmark/data/chexpert/train/patient13410/study1/view1_frontal.jpg,Pneumonia,chexpert,patient13410,40bc1abc75c18074a1b09521ab145d62ce0b0fc33a85c3f50fcb62e4151e8cd3
/lab/px/AnichLabs/cxr-cnn-k8s-benchmark/data/chexpert/train/patient16442/study1/view1_frontal.jpg,Pneumonia,chexpert,patient16442,293d1fdee4aa1c872186bf8c846ed4d267169ddb5936e63b8ab6261707d42563
/lab/px/AnichLabs/cxr-cnn-k8s-benchmark/data/chexpert/train/patient16442/study7/view1_frontal.jpg,Pneumonia,chexpert,patient16442,f37bfd5c324ef3c280131f8014d50382792776db7701beb88b07249125fee717
/lab/px/AnichLabs/cxr-cnn-k8s-benchmark/data/chexpert/train/patient32504/study2/view1_frontal.jpg,Pneumonia,chexpert,patient32504,1aa9c40f495b6f603b2d466b6fbc2ed885daab53b5aaa9d0290f80f129171aa3
/lab/px/AnichLabs/cxr-cnn-k8s-benchmark/data/chexpert/train/patient22462/study1/view1_frontal.jpg,Pneumonia,chexpert,patient22462,2b9ff25e6fe2bc5e14b5c84bd5b1687f1262cb85133945d2b6874bdeb7bac36e
/lab/px/AnichLabs/cxr-cnn-k8s-benchmark/data/chexpert/train/patient59382/study2/view1_frontal.jpg,Pneumonia,chexpert,patient59382,8ca0cbed4b329de93679d70385000f4dd65bcce18753c0e21daf5b2d497aa124
/lab/px/AnichLabs/cxr-cnn-k8s-benchmark/data/chexpert/train/patient59382/study1/view1_frontal.jpg,Pneumonia,chexpert,patient59382,ca9fbb6946ac0fc968ee4aa6f6c598f28271cbf68d50e7e557cc5583540a3324
/lab/px/AnichLabs/cxr-cnn-k8s-benchmark/data/chexpert/train/patient12259/study1/view1_frontal.jpg,Pneumonia,chexpert,patient12259,9c2da51d8a2faa6c3f9625ce63db1395b6e088fdbef360a9ad7026666910d425
/lab/px/AnichLabs/cxr-cnn-k8s-benchmark/data/chexpert/train/patient31290/study1/view1_frontal.jpg,Pneumonia,chexpert,patient31290,c4e250477af0ce91106cfcce70feb3c8225b8501d5435e9fb1e5c962200b3b35
/lab/px/AnichLabs/cxr-cnn-k8s-benchmark/data/chexpert/train/patient39426/study3/view1_frontal.jpg,Pneumonia,chexpert,patient39426,c5ecafa206f5651d8b73d0679f2a42978d287de3d490f9e3aefc6e31029bd66a
/lab/px/AnichLabs/cxr-cnn-k8s-benchmark/data/chexpert/train/patient08837/study2/view1_frontal.jpg,Pneumonia,chexpert,patient08837,1d8a14308e358c7e036cca9e862fa7682e182414c8f88d278d5c24d83b6d7c77
/lab/px/AnichLabs/cxr-cnn-k8s-benchmark/data/chexpert/train/patient26098/study1/view1_frontal.jpg,Pneumonia,chexpert,patient26098,834adeca8c00479f23901640d4299e21bf4d91bcd4d3b925611fdef4be4f100f
/lab/px/AnichLabs/cxr-cnn-k8s-benchmark/data/chexpert/train/patient14743/study1/view1_frontal.jpg,Pneumonia,chexpert,patient14743,84cdf62907ab2045957f38a2d0a5c63fce7e8c4aafcd5d21bcc8ef6e815622bf
/lab/px/AnichLabs/cxr-cnn-k8s-benchmark/data/chexpert/train/patient31903/study1/view1_frontal.jpg,Pneumonia,chexpert,patient31903,16860fab5bd745f30c78f9f5f05f570a85de367c02a859bc019aacf192f6c1ab
/lab/px/AnichLabs/cxr-cnn-k8s-benchmark/data/chexpert/train/patient24155/study1/view1_frontal.jpg,Pneumonia,chexpert,patient24155,38fecec8fad34508e86aba3816f5854e3e35501635adb4175ead97fc10bc2ab0
/lab/px/AnichLabs/cxr-cnn-k8s-benchmark/data/chexpert/train/patient37922/study1/view1_frontal.jpg,Pneumonia,chexpert,patient37922,1b100e4e31b74395f7d0e76b23deb04c04a8fac224e2d88e9507e6f3256885c4
/lab/px/AnichLabs/cxr-cnn-k8s-benchmark/data/chexpert/train/patient37922/study2/view1_frontal.jpg,Pneumonia,chexpert,patient37922,ea349c67b3793f4b03cb224784361c1d02ada4c9bd9af2a37ce57d9ff5183258
/lab/px/AnichLabs/cxr-cnn-k8s-benchmark/data/chexpert/train/patient27450/study1/view1_frontal.jpg,Pneumonia,chexpert,patient27450,91792978ebec7e34680bd270904ba006bbc8bb53cc946fd686ac9f51a1bab62e
/lab/px/AnichLabs/cxr-cnn-k8s-benchmark/data/chexpert/train/patient34295/study16/view1_frontal.jpg,Pneumonia,chexpert,patient34295,f98418b97e2783f5db3b53892bfd71e07e70bad45eb2263d706b77a2c56bb649
/lab/px/AnichLabs/cxr-cnn-k8s-benchmark/data/chexpert/train/patient02153/study5/view1_frontal.jpg,Pneumonia,chexpert,patient02153,04fb99fd000c61a78961cf9a25834c67e28ff6ce9bcdca278372374ebb3d0652
/lab/px/AnichLabs/cxr-cnn-k8s-benchmark/data/chexpert/train/patient02153/study4/view1_frontal.jpg,Pneumonia,chexpert,patient02153,d5d94e9621904a8b74b688f5e9a055112d17e6a5fa668e5a943eea4fae73b582
/lab/px/AnichLabs/cxr-cnn-k8s-benchmark/data/chexpert/train/patient13064/study3/view1_frontal.jpg,Pneumonia,chexpert,patient13064,1faa0329832877444f17f3a37ca70395f70aef217c3214a6b041a36ca5acd7f2
/lab/px/AnichLabs/cxr-cnn-k8s-benchmark/data/chexpert/train/patient29374/study1/view1_frontal.jpg,Pneumonia,chexpert,patient29374,a21a5c1b5eb90d762b718a082d7995048bac805a539bc408dbaacbb6e91ac4bb
/lab/px/AnichLabs/cxr-cnn-k8s-benchmark/data/chexpert/train/patient36758/study2/view1_frontal.jpg,Pneumonia,chexpert,patient36758,bd453165105a163949bfff32df0960e9ec5626578e637014d99b6e03afeb3491
/lab/px/AnichLabs/cxr-cnn-k8s-benchmark/data/chexpert/train/patient28201/study1/view1_frontal.jpg,Pneumonia,chexpert,patient28201,d89bb683a7a4457c2131b27c1d959b3684f554e4d32fd8577f564659aef119c1
/lab/px/AnichLabs/cxr-cnn-k8s-benchmark/data/chexpert/train/patient49496/study2/view1_frontal.jpg,Pneumonia,chexpert,patient49496,954855657b6253eb254abd1f388e4178275af4206be827149241f6dbc09c59f9
/lab/px/AnichLabs/cxr-cnn-k8s-benchmark/data/chexpert/train/patient34903/study7/view1_frontal.jpg,Pneumonia,chexpert,patient34903,a1cfe25d783d35be71226376036c72d58469fb9ff8e46e88c85523e314d1dc59
/lab/px/AnichLabs/cxr-cnn-k8s-benchmark/data/chexpert/train/patient01375/study1/view1_frontal.jpg,Pneumonia,chexpert,patient01375,610e759e3633895ccf9c894f3f20966da9a98b3c1b5cff3a6f92de2a14e6015b
/lab/px/AnichLabs/cxr-cnn-k8s-benchmark/data/chexpert/train/patient57250/study1/view1_frontal.jpg,Pneumonia,chexpert,patient57250,201ec0cc0fdeca27fa37cd929fa6daea81e5271f886076ca707336af5cf65d46
/lab/px/AnichLabs/cxr-cnn-k8s-benchmark/data/chexpert/train/patient38539/study6/view1_frontal.jpg,Pneumonia,chexpert,patient38539,ed6edb5765abb60e3ad2a528413293fc89f9a5d995c870e9abf5c04a27a59df3
/lab/px/AnichLabs/cxr-cnn-k8s-benchmark/data/chexpert/train/patient38539/study6/view2_frontal.jpg,Pneumonia,chexpert,patient38539,b32df1ac89e161647d9cf456deb86472b1976a3acb7da061ded0da1ab7010c12
/lab/px/AnichLabs/cxr-cnn-k8s-benchmark/data/chexpert/train/patient38539/study7/view1_frontal.jpg,Pneumonia,chexpert,patient38539,e4307cc4a8e4010bb2b90b9a3e79161f6ae909b07b8d24a0fa88f3de9f4d2a81
/lab/px/AnichLabs/cxr-cnn-k8s-benchmark/data/chexpert/train/patient12013/study4/view1_frontal.jpg,Pneumonia,chexpert,patient12013,7e8307ffb974fe6d21abd04131c4600478f505fc4bc74af309c6a8ff94d8747a
/lab/px/AnichLabs/cxr-cnn-k8s-benchmark/data/chexpert/train/patient12013/study4/view2_frontal.jpg,Pneumonia,chexpert,patient12013,0bb4c7121ec3361100586b886bbc402f029c59390e235e38efa224fc8aa701c9
/lab/px/AnichLabs/cxr-cnn-k8s-benchmark/data/chexpert/train/patient12013/study3/view1_frontal.jpg,Pneumonia,chexpert,patient12013,c28b625c4a8559e52ccada2590566cf73642c90ed971fb8fa2e04dc57eeb991d
/lab/px/AnichLabs/cxr-cnn-k8s-benchmark/data/chexpert/train/patient12013/study7/view1_frontal.jpg,Pneumonia,chexpert,patient12013,39050d7df94284b4a2a037c3bf39481961aad4b0bf5c82559a0ea72cc4533cd7
/lab/px/AnichLabs/cxr-cnn-k8s-benchmark/data/chexpert/train/patient12013/study5/view1_frontal.jpg,Pneumonia,chexpert,patient12013,994b7494d12c210c4853eddf1060ec18595a07619406418929b22e4dc6eb55e7
/lab/px/AnichLabs/cxr-cnn-k8s-benchmark/data/chexpert/train/patient40514/study3/view1_frontal.jpg,Pneumonia,chexpert,patient40514,76547a0e8c7e41075551b510ddb24544cd0e5ec15a8bf6be04bc85214356a25f
/lab/px/AnichLabs/cxr-cnn-k8s-benchmark/data/chexpert/train/patient40514/study1/view1_frontal.jpg,Pneumonia,chexpert,patient40514,3436ff2992ad65cbba5e50ffd89354aee0cf6cb7f45589e39c9e5335c011d41d
/lab/px/AnichLabs/cxr-cnn-k8s-benchmark/data/chexpert/train/patient63273/study1/view1_frontal.jpg,Pneumonia,chexpert,patient63273,c2059880351fb21c4512862b238b2597485d1248172d472db34eaab18aa0de14
/lab/px/AnichLabs/cxr-cnn-k8s-benchmark/data/chexpert/train/patient34742/study6/view1_frontal.jpg,Pneumonia,chexpert,patient34742,2e976139c6f2ff2da5b3fdecaf1c7106aca7ca32b02231a5ca9a817ae7a9d9bd
/lab/px/AnichLabs/cxr-cnn-k8s-benchmark/data/chexpert/train/patient34742/study7/view1_frontal.jpg,Pneumonia,chexpert,patient34742,d71f4aad225342d395569cd9f8dbdb70cf4e45b80ed6e5be62f0d9771ed1ce29
/lab/px/AnichLabs/cxr-cnn-k8s-benchmark/data/chexpert/train/patient36736/study1/view1_frontal.jpg,Pneumonia,chexpert,patient36736,3a06b9e200f433a2188e6eca652ae21ff7095c31a572b8ff7050cc1c27fe7a62
/lab/px/AnichLabs/cxr-cnn-k8s-benchmark/data/chexpert/train/patient36927/study4/view1_frontal.jpg,Pneumonia,chexpert,patient36927,a92467928947e0527c4894c95012c1590d9ec384ee5401d2e82ad3de929265b3
/lab/px/AnichLabs/cxr-cnn-k8s-benchmark/data/chexpert/train/patient39549/study2/view1_frontal.jpg,Pneumonia,chexpert,patient39549,ca30ca12c6b3c23681774c5da5dd5d29f5ec441395c76e187705b853e186d6a3
/lab/px/AnichLabs/cxr-cnn-k8s-benchmark/data/chexpert/train/patient37003/study1/view1_frontal.jpg,Pneumonia,chexpert,patient37003,a3380f6b06977b5cdae4b0ccdf305bb6a820b4435570347559e8a66d901b8bba
/lab/px/AnichLabs/cxr-cnn-k8s-benchmark/data/chexpert/train/patient31634/study5/view1_frontal.jpg,Pneumonia,chexpert,patient31634,16a9ce06d00ff8c264128bb19eca5ed505a56f8876a14f73996205dc0254325c
/lab/px/AnichLabs/cxr-cnn-k8s-benchmark/data/chexpert/train/patient31634/study4/view1_frontal.jpg,Pneumonia,chexpert,patient31634,bf52939a7f7f456aae43ef62792631426ba894eb39d6c0e3bc15b49f60f69bb6
/lab/px/AnichLabs/cxr-cnn-k8s-benchmark/data/chexpert/train/patient31634/study6/view1_frontal.jpg,Pneumonia,chexpert,patient31634,451ce59366ad584f401c546363790235485f4e1d12ab5396fb2b5f93ad0dc525
/lab/px/AnichLabs/cxr-cnn-k8s-benchmark/data/chexpert/train/patient08886/study1/view1_frontal.jpg,Pneumonia,chexpert,patient08886,5a5de1bc19ffaa6f8eb06f7c4e8b4f28890a055a1c4a8e805f48f7e52759b628
/lab/px/AnichLabs/cxr-cnn-k8s-benchmark/data/chexpert/train/patient58625/study3/view1_frontal.jpg,Pneumonia,chexpert,patient58625,59796b4b183a3e4c0d3be2375b6d8ad45ba389a853d6f4aed9f6d513dd87909a
/lab/px/AnichLabs/cxr-cnn-k8s-benchmark/data/chexpert/train/patient34876/study2/view1_frontal.jpg,Pneumonia,chexpert,patient34876,107bd2fa83ccc3a19c2606085730807afa2b70b7a3f86ce1b4dd9e0616283e69
/lab/px/AnichLabs/cxr-cnn-k8s-benchmark/data/chexpert/train/patient34876/study2/view2_frontal.jpg,Pneumonia,chexpert,patient34876,b4ed5d7a126ada9b3f5b2853bccb99073b904298dc6da420a8003383c1020826
/lab/px/AnichLabs/cxr-cnn-k8s-benchmark/data/chexpert/train/patient03419/study5/view1_frontal.jpg,Pneumonia,chexpert,patient03419,02c35e432c3b1323716b0961521daebe0d7e67b01e64bef62bd7c239c5a1eb47
/lab/px/AnichLabs/cxr-cnn-k8s-benchmark/data/chexpert/train/patient42948/study2/view1_frontal.jpg,Pneumonia,chexpert,patient42948,5d74ff917ef5cb4b74620097e3fcc2e1c897ab65e52383428d12af636adc9e9c
/lab/px/AnichLabs/cxr-cnn-k8s-benchmark/data/chexpert/train/patient36496/study2/view1_frontal.jpg,Pneumonia,chexpert,patient36496,f2df814ebfe94a081d885c37d07267456054aefa5c912713fa6eeeab7ab60cae
/lab/px/AnichLabs/cxr-cnn-k8s-benchmark/data/chexpert/train/patient63011/study1/view1_frontal.jpg,Pneumonia,chexpert,patient63011,201a2d65cc0e2267ac86bc120a06488ebecd9b8fe6d43bd5a66786fe85abffb6
/lab/px/AnichLabs/cxr-cnn-k8s-benchmark/data/chexpert/train/patient25500/study2/view1_frontal.jpg,Pneumonia,chexpert,patient25500,3f2c01e8a53cb440a9b2beda2a9d38b344f9bead40b57c8f377b6c9201bb214d
/lab/px/AnichLabs/cxr-cnn-k8s-benchmark/data/chexpert/train/patient06988/study1/view1_frontal.jpg,Pneumonia,chexpert,patient06988,3b5cb21f7ad70f42df8f791ed9d24e7b8b26cdb09f125af40d2804c857ea93c8
/lab/px/AnichLabs/cxr-cnn-k8s-benchmark/data/chexpert/train/patient22520/study26/view1_frontal.jpg,Pneumonia,chexpert,patient22520,dc70070b5d80ef1fedbf0315b696600eb904f962f7e66dec066a42ebbe087fbf
/lab/px/AnichLabs/cxr-cnn-k8s-benchmark/data/chexpert/train/patient47293/study8/view1_frontal.jpg,Pneumonia,chexpert,patient47293,3238677dc3f114f938e4d4b7283563572c2ce80cdf33aa4be1c0896c6c1522d5
/lab/px/AnichLabs/cxr-cnn-k8s-benchmark/data/chexpert/train/patient50407/study1/view1_frontal.jpg,Pneumonia,chexpert,patient50407,3c8c7ae2c53861b9b31d589ab04406f04d2fb9ccb9351cdb58d80f47add15609
/lab/px/AnichLabs/cxr-cnn-k8s-benchmark/data/chexpert/train/patient41011/study2/view1_frontal.jpg,Pneumonia,chexpert,patient41011,dbdf6fe8ba9171ebc397ec19a1f421f7873f2fae0309fd8bb2126a81f6bda1c6
/lab/px/AnichLabs/cxr-cnn-k8s-benchmark/data/chexpert/train/patient14151/study1/view1_frontal.jpg,Pneumonia,chexpert,patient14151,ef1cb63e039ee8e98fd471cb4a1b67b05ea0a4c00bd9e7066c02430e08fd762d
/lab/px/AnichLabs/cxr-cnn-k8s-benchmark/data/chexpert/train/patient46817/study1/view1_frontal.jpg,Pneumonia,chexpert,patient46817,c786da80d005cb674849d21168cd872d7d2c2011eef87ab5e921e0578c3e9564
/lab/px/AnichLabs/cxr-cnn-k8s-benchmark/data/chexpert/train/patient32796/study18/view1_frontal.jpg,Pneumonia,chexpert,patient32796,69b5e5f39dd6571a37a7c7c6a93ba72f827fd89bbaf786b240ddd103bedf1592
/lab/px/AnichLabs/cxr-cnn-k8s-benchmark/data/chexpert/train/patient33564/study1/view1_frontal.jpg,Pneumonia,chexpert,patient33564,bfddb3069d2f83b6ff299e2a6f62e74fc6359c2e0169c1c56189fec786918d22
/lab/px/AnichLabs/cxr-cnn-k8s-benchmark/data/chexpert/train/patient18849/study1/view1_frontal.jpg,Pneumonia,chexpert,patient18849,7f7dbba407eab93da4056138561296fd92bafe8aa333c9ffbb8407dc487d5458
/lab/px/AnichLabs/cxr-cnn-k8s-benchmark/data/chexpert/train/patient15421/study1/view1_frontal.jpg,Pneumonia,chexpert,patient15421,0918ef48b580c1229215a2bda2aa7144d44e16155ffead99b130bba283c94031
/lab/px/AnichLabs/cxr-cnn-k8s-benchmark/data/chexpert/train/patient26640/study1/view1_frontal.jpg,Pneumonia,chexpert,patient26640,5129d6966858b0dd3bb8ed4422c7b51b0dcf92d9ca6d4ab67a49bb6b5f8308e9
/lab/px/AnichLabs/cxr-cnn-k8s-benchmark/data/chexpert/train/patient25408/study1/view1_frontal.jpg,Pneumonia,chexpert,patient25408,664212adb29416ce9e55131f5860a99c69cca812a481738bb679c31df9e94e0e
/lab/px/AnichLabs/cxr-cnn-k8s-benchmark/data/chexpert/train/patient37319/study12/view1_frontal.jpg,Pneumonia,chexpert,patient37319,0a1edaadd867e3ad29dabdadb9c27f0c61f8a1d1078af4f1f0b001ce73a6f3ef
/lab/px/AnichLabs/cxr-cnn-k8s-benchmark/data/chexpert/train/patient54294/study1/view1_frontal.jpg,Pneumonia,chexpert,patient54294,38d1c41e737127a7a1376cbe1b18a6b492310f0c0843a5c57459e94fd7aec752
/lab/px/AnichLabs/cxr-cnn-k8s-benchmark/data/chexpert/train/patient54294/study2/view1_frontal.jpg,Pneumonia,chexpert,patient54294,737056c774712f30dab52295317cee27ef0d89fa3c34bf848b524a86fc607ec2
/lab/px/AnichLabs/cxr-cnn-k8s-benchmark/data/chexpert/train/patient02476/study21/view1_frontal.jpg,Pneumonia,chexpert,patient02476,9ea8943c403fde0643f1b23f0db69dc864f54a97c1f157b54aaddd4059ea9bd4
/lab/px/AnichLabs/cxr-cnn-k8s-benchmark/data/chexpert/train/patient28729/study13/view1_frontal.jpg,Pneumonia,chexpert,patient28729,39eaf8c4751a1e311d408cee83de0e97e9794cf685563a6123e08e38a3f49e99
/lab/px/AnichLabs/cxr-cnn-k8s-benchmark/data/chexpert/train/patient28729/study14/view1_frontal.jpg,Pneumonia,chexpert,patient28729,af10b59d9bb319d2d81e75993475523b5d2b5e5ab978300944024b8940dbd029
/lab/px/AnichLabs/cxr-cnn-k8s-benchmark/data/chexpert/train/patient00161/study1/view1_frontal.jpg,Pneumonia,chexpert,patient00161,b78543f988fc2bfb8666d088ddfefc25679fd8a074e16c47783db3f0dc932dc6
/lab/px/AnichLabs/cxr-cnn-k8s-benchmark/data/chexpert/train/patient47981/study3/view1_frontal.jpg,Pneumonia,chexpert,patient47981,d084c66d182338d925a77c8e3f12e0f2ab6b9ae0c3260a7a484a78d80a56b8fb
/lab/px/AnichLabs/cxr-cnn-k8s-benchmark/data/chexpert/train/patient47981/study2/view1_frontal.jpg,Pneumonia,chexpert,patient47981,6b669b4891d6705d3334f0f3064b1a403a591b2f00e7959fa2f738dbcd3a8ad8
/lab/px/AnichLabs/cxr-cnn-k8s-benchmark/data/chexpert/train/patient03541/study9/view1_frontal.jpg,Pneumonia,chexpert,patient03541,c85758b12f33620660f6d0ab49955e8e8000474e3b257ab4d17765bc60cf3723
/lab/px/AnichLabs/cxr-cnn-k8s-benchmark/data/chexpert/train/patient09247/study1/view1_frontal.jpg,Pneumonia,chexpert,patient09247,bd675462edf63221cef5f89b65e685ae8e97a2137e459f19bee0ef8a7e4f5929
/lab/px/AnichLabs/cxr-cnn-k8s-benchmark/data/chexpert/train/patient30543/study1/view1_frontal.jpg,Pneumonia,chexpert,patient30543,bb2030c269963951304384e2bfc30d8ea13771aaf70c819a7eead0d7612863b3
/lab/px/AnichLabs/cxr-cnn-k8s-benchmark/data/chexpert/train/patient53189/study3/view1_frontal.jpg,Pneumonia,chexpert,patient53189,e0712c29bccc72e0851d409c6e6bed741711f991541f19a852e47936ffaf6909
/lab/px/AnichLabs/cxr-cnn-k8s-benchmark/data/chexpert/train/patient53189/study4/view1_frontal.jpg,Pneumonia,chexpert,patient53189,3499fe09bb03eb7fd34644a77da4b0b6f586fc6522b76fa222e50690f4def5d7
/lab/px/AnichLabs/cxr-cnn-k8s-benchmark/data/chexpert/train/patient03677/study1/view1_frontal.jpg,Pneumonia,chexpert,patient03677,3eb5c97c005c93305cf3dd9cf208771d62401941c872f6ecd99a040639ca02db
/lab/px/AnichLabs/cxr-cnn-k8s-benchmark/data/chexpert/train/patient14125/study2/view1_frontal.jpg,Pneumonia,chexpert,patient14125,9ad87eb617f0299d5443eae4ad18531dd7f82b2b5835ca6a08d02e287779511d
/lab/px/AnichLabs/cxr-cnn-k8s-benchmark/data/chexpert/train/patient33944/study1/view1_frontal.jpg,Pneumonia,chexpert,patient33944,2fd1551daf94c3b5a0b5d640170a27b27ccff6928f1d8752979b594339d70749
/lab/px/AnichLabs/cxr-cnn-k8s-benchmark/data/chexpert/train/patient34745/study2/view1_frontal.jpg,Pneumonia,chexpert,patient34745,461b65d43e75fce5c27206f988924de1e7e8cfe1fb3c6adeb6a509842d550c50
/lab/px/AnichLabs/cxr-cnn-k8s-benchmark/data/chexpert/train/patient27263/study2/view1_frontal.jpg,Pneumonia,chexpert,patient27263,49adca38bfe194c8b4721d890477a83753eb9275372913b271678b3960a1f136
/lab/px/AnichLabs/cxr-cnn-k8s-benchmark/data/chexpert/train/patient27263/study4/view1_frontal.jpg,Pneumonia,chexpert,patient27263,a54ef7e6fd032b381fd40ed548ed275498fe9ad9c44fb60fcbb557354f71bf1b
/lab/px/AnichLabs/cxr-cnn-k8s-benchmark/data/chexpert/train/patient00497/study2/view1_frontal.jpg,Pneumonia,chexpert,patient00497,9154e390b1a6f9011777dc8cecb684025143150b47d3926ee6ee4697e11ce3c2
/lab/px/AnichLabs/cxr-cnn-k8s-benchmark/data/chexpert/train/patient08112/study14/view1_frontal.jpg,Pneumonia,chexpert,patient08112,1e02f7be79e7a75a53f4a9a88f5f74b62bd3f26a7997387a593731ca4307e3f3
/lab/px/AnichLabs/cxr-cnn-k8s-benchmark/data/chexpert/train/patient08112/study15/view1_frontal.jpg,Pneumonia,chexpert,patient08112,da5d05a12629535a2791a8f33d2abda3a71efff3dbf1df2065464b5f2edae3da
/lab/px/AnichLabs/cxr-cnn-k8s-benchmark/data/chexpert/train/patient59824/study2/view1_frontal.jpg,Pneumonia,chexpert,patient59824,ab9eb019ecf804f7a75ac45ae9dfe7e9b7ae769e3629ec6e57e7e4bc99dc3144
/lab/px/AnichLabs/cxr-cnn-k8s-benchmark/data/chexpert/train/patient39740/study3/view1_frontal.jpg,Pneumonia,chexpert,patient39740,51593631cd012f02489461671445cfc9c18706179eaf63cdb4efa335bb06c156
/lab/px/AnichLabs/cxr-cnn-k8s-benchmark/data/chexpert/train/patient59550/study2/view1_frontal.jpg,Pneumonia,chexpert,patient59550,5734dbcfcfe0e3573f6f75d5403031d8b9434052b700c07ea9746f5729aa412c
/lab/px/AnichLabs/cxr-cnn-k8s-benchmark/data/chexpert/train/patient59550/study1/view1_frontal.jpg,Pneumonia,chexpert,patient59550,d56a2c031408666b2246a580742d8baaccf15e265cde898eb64a1c078bbb5ecb
/lab/px/AnichLabs/cxr-cnn-k8s-benchmark/data/chexpert/train/patient27689/study4/view1_frontal.jpg,Pneumonia,chexpert,patient27689,4927e36f095a735b25f3833f6bc9b2d0806e449cd951ef8a6238d5542c9fef6d
/lab/px/AnichLabs/cxr-cnn-k8s-benchmark/data/chexpert/train/patient18716/study2/view1_frontal.jpg,Pneumonia,chexpert,patient18716,0016e27750b985e400315929c8a4cb480b075f7ebc291ca285ed7f0a209af93c
/lab/px/AnichLabs/cxr-cnn-k8s-benchmark/data/chexpert/train/patient16307/study1/view1_frontal.jpg,Pneumonia,chexpert,patient16307,22821e60ad428ddbf3aa53e1f7fba6b9cecb559afdfcc4c6b801fdc464c75fd5
/lab/px/AnichLabs/cxr-cnn-k8s-benchmark/data/chexpert/train/patient14963/study2/view1_frontal.jpg,Pneumonia,chexpert,patient14963,6bccd0a918a2c2acf47f393b111896b6d809bd4d8b0a39a666b2385c5ad0ae92
/lab/px/AnichLabs/cxr-cnn-k8s-benchmark/data/chexpert/train/patient08950/study2/view1_frontal.jpg,Pneumonia,chexpert,patient08950,657b5771650c86335ba03277efa58d5df080e2480347ad82f4ad83aee1734c78
/lab/px/AnichLabs/cxr-cnn-k8s-benchmark/data/chexpert/train/patient48608/study1/view1_frontal.jpg,Pneumonia,chexpert,patient48608,2d85f67d5ea55b3e5e8bb74a776c7e4be3f8707471c3a214b8b27bad4b132c41
/lab/px/AnichLabs/cxr-cnn-k8s-benchmark/data/chexpert/train/patient54830/study1/view1_frontal.jpg,Pneumonia,chexpert,patient54830,4307247e034612b459e0b08b2f89877b58869d71abe8709db59ec71ecb5a6fdd
/lab/px/AnichLabs/cxr-cnn-k8s-benchmark/data/chexpert/train/patient39658/study10/view1_frontal.jpg,Pneumonia,chexpert,patient39658,ae4a71f1091c69dd7ae563053b4ffe488456e44ea2ad483b5b4e5b65603bf43c
/lab/px/AnichLabs/cxr-cnn-k8s-benchmark/data/chexpert/train/patient39658/study11/view1_frontal.jpg,Pneumonia,chexpert,patient39658,ad768aa6091c198d28436e15b13ec665f16391fa3f33f4e636cdf152ce1a6859
/lab/px/AnichLabs/cxr-cnn-k8s-benchmark/data/chexpert/train/patient48887/study1/view1_frontal.jpg,Pneumonia,chexpert,patient48887,df564aa900876b0065e789973ea4cd1195e0a28dcdb1335c8a955db52ebaccad
/lab/px/AnichLabs/cxr-cnn-k8s-benchmark/data/chexpert/train/patient15058/study49/view1_frontal.jpg,Pneumonia,chexpert,patient15058,01e60fc15c511a9e88bf84eb1ac0a49e23733e4e1b93d9b8893c69091b77c292
/lab/px/AnichLabs/cxr-cnn-k8s-benchmark/data/chexpert/train/patient27882/study1/view1_frontal.jpg,Pneumonia,chexpert,patient27882,076823adc9917a5ee601cc9964c2157f60165b1eac1821052c3934741b4c97d4
/lab/px/AnichLabs/cxr-cnn-k8s-benchmark/data/chexpert/train/patient27882/study2/view1_frontal.jpg,Pneumonia,chexpert,patient27882,14210c3d645eaa1561fa22d1246e6af71607cc6388d261dc46cd30b256b1118b
/lab/px/AnichLabs/cxr-cnn-k8s-benchmark/data/chexpert/train/patient35481/study1/view1_frontal.jpg,Pneumonia,chexpert,patient35481,183e82da3f411483a9b42e85c2a25e054c9e8f473517aa9efc2508082426db38
/lab/px/AnichLabs/cxr-cnn-k8s-benchmark/data/chexpert/train/patient24224/study1/view1_frontal.jpg,Pneumonia,chexpert,patient24224,023dbbd4cae5bb17b826138139fb8346aaa39e624536969eac7e1d5807c29472
/lab/px/AnichLabs/cxr-cnn-k8s-benchmark/data/chexpert/train/patient02587/study1/view1_frontal.jpg,Pneumonia,chexpert,patient02587,6f6e2f1e6ba551554fa2ad27f83a34528b470be9908450b3040f05a21027658f
/lab/px/AnichLabs/cxr-cnn-k8s-benchmark/data/chexpert/train/patient20324/study10/view1_frontal.jpg,Pneumonia,chexpert,patient20324,73317b8111c6238f821569e1f89f08f75bd2a9def855dab485671b79a514c3be
/lab/px/AnichLabs/cxr-cnn-k8s-benchmark/data/chexpert/train/patient50038/study2/view1_frontal.jpg,Pneumonia,chexpert,patient50038,84a21a4bab57c05cf2abb1a3236ef396f6dd831a482a48cc4efab57fb9df9ee5
/lab/px/AnichLabs/cxr-cnn-k8s-benchmark/data/chexpert/train/patient44326/study1/view1_frontal.jpg,Pneumonia,chexpert,patient44326,2a125a58122434efa23d32be09353d4e84f7c147a9a055703d66319bc1415079
/lab/px/AnichLabs/cxr-cnn-k8s-benchmark/data/chexpert/train/patient29608/study3/view1_frontal.jpg,Pneumonia,chexpert,patient29608,91712b6e86b324669cfa787ba0efe2ac73a2fc893c1bcf73adc9f6881df11ea8
/lab/px/AnichLabs/cxr-cnn-k8s-benchmark/data/chexpert/train/patient29608/study4/view1_frontal.jpg,Pneumonia,chexpert,patient29608,246c5461ed09248ee498b099e6b653a988e43c68ccdfec7d0ff6a982b01ffe84
/lab/px/AnichLabs/cxr-cnn-k8s-benchmark/data/chexpert/train/patient05678/study4/view1_frontal.jpg,Pneumonia,chexpert,patient05678,39532756253d74dffe78f88f0b2c5a8f1d3f76936a06c3d88ad88bc460b071ee
/lab/px/AnichLabs/cxr-cnn-k8s-benchmark/data/chexpert/train/patient49825/study1/view1_frontal.jpg,Pneumonia,chexpert,patient49825,db256f06ba3c51f1d14e814c12efe9b36abeda4b2b57eea4bffc7c0562142371
/lab/px/AnichLabs/cxr-cnn-k8s-benchmark/data/chexpert/train/patient12781/study2/view1_frontal.jpg,Pneumonia,chexpert,patient12781,dc32f7684c7179603fd4f2dc3f94f23568053a881d392d7f54facb23ca11dc62
/lab/px/AnichLabs/cxr-cnn-k8s-benchmark/data/chexpert/train/patient19337/study3/view1_frontal.jpg,Pneumonia,chexpert,patient19337,11e8f09632326db7e70d0272bb6e1b51763d39fc605e18a4b153e4346a8e99da
/lab/px/AnichLabs/cxr-cnn-k8s-benchmark/data/chexpert/train/patient47459/study1/view1_frontal.jpg,Pneumonia,chexpert,patient47459,5195957e55c5bf09e23a7f0eb66ec81b73495375f45607ba06a2130bf89986bf
/lab/px/AnichLabs/cxr-cnn-k8s-benchmark/data/chexpert/train/patient21323/study6/view1_frontal.jpg,Pneumonia,chexpert,patient21323,45ccd667993b603a1960d70780491c737e093d4b73c3c7e81b4f2e2bdfd3a658
/lab/px/AnichLabs/cxr-cnn-k8s-benchmark/data/chexpert/train/patient21323/study5/view1_frontal.jpg,Pneumonia,chexpert,patient21323,d10794c32e7a6af1a1481f2a1e43737db7f96b57588b01fea301dfb93585ef0c
/lab/px/AnichLabs/cxr-cnn-k8s-benchmark/data/chexpert/train/patient49113/study1/view1_frontal.jpg,Pneumonia,chexpert,patient49113,b3ccc59fa75ba3725e189b4dd2cd21fdc1b81b5b783f48460dc92a554b124d2e
/lab/px/AnichLabs/cxr-cnn-k8s-benchmark/data/chexpert/train/patient36569/study1/view1_frontal.jpg,Pneumonia,chexpert,patient36569,29e96004611ac58466706808138362d8053da25b45fc23e0f99f5ec97b3d3257
/lab/px/AnichLabs/cxr-cnn-k8s-benchmark/data/chexpert/train/patient20474/study7/view1_frontal.jpg,Pneumonia,chexpert,patient20474,9968fd744e5a034a4f432ad1defe351c9f6646a39f7d1b14dabd2362cf1d17a5
/lab/px/AnichLabs/cxr-cnn-k8s-benchmark/data/chexpert/train/patient41469/study11/view1_frontal.jpg,Pneumonia,chexpert,patient41469,c194f92d53e287a73860de4f2ad33ec0590fe226c49e7420a8b600e8d78731e5
/lab/px/AnichLabs/cxr-cnn-k8s-benchmark/data/chexpert/train/patient39521/study10/view1_frontal.jpg,Pneumonia,chexpert,patient39521,7778955d3c791d08d07c5a7fe48f12f9fa7077c204c4ecc7fe66ba9dc3b7b1fc
/lab/px/AnichLabs/cxr-cnn-k8s-benchmark/data/chexpert/train/patient39521/study8/view1_frontal.jpg,Pneumonia,chexpert,patient39521,e22e4420fa5f043222db13c036ef9bec1f4df3f027dd61c4b4284e7d2f0f2f3c
/lab/px/AnichLabs/cxr-cnn-k8s-benchmark/data/chexpert/train/patient39521/study9/view1_frontal.jpg,Pneumonia,chexpert,patient39521,b09d2000e79996afd8038999db1bb7d2603343cc8a7026e7c5ee9718db704b45
/lab/px/AnichLabs/cxr-cnn-k8s-benchmark/data/chexpert/train/patient34908/study15/view1_frontal.jpg,Pneumonia,chexpert,patient34908,0cc155244715f8e795cd27c9f0df858b843568354f2e3c2e7c85593269e20e97
/lab/px/AnichLabs/cxr-cnn-k8s-benchmark/data/chexpert/train/patient35200/study7/view1_frontal.jpg,Pneumonia,chexpert,patient35200,a85ea559a3b47516cf6dd68a2d0d57556669071198e1b3805ceb44fb88b066b4
/lab/px/AnichLabs/cxr-cnn-k8s-benchmark/data/chexpert/train/patient24701/study1/view1_frontal.jpg,Pneumonia,chexpert,patient24701,fd714b9c027d91035e1c801e4ea36a202289d000034fe6a8157da636faa5a84a
/lab/px/AnichLabs/cxr-cnn-k8s-benchmark/data/chexpert/train/patient39060/study1/view1_frontal.jpg,Pneumonia,chexpert,patient39060,b40c1cd216ccc03e9f94b20156d4239b42cb448acae46143a24fd7af4af14d9b
/lab/px/AnichLabs/cxr-cnn-k8s-benchmark/data/chexpert/train/patient05151/study1/view1_frontal.jpg,Pneumonia,chexpert,patient05151,4f0fe24df3a497098ca9f92fd7dd0e56a90d5215a3a50b3ac96b32249cd14252
/lab/px/AnichLabs/cxr-cnn-k8s-benchmark/data/chexpert/train/patient22411/study1/view1_frontal.jpg,Pneumonia,chexpert,patient22411,aae643d9aa8806dda05647759c8c43227c3790d7d4a1c9ad5e2f8e1c9b1f682e
/lab/px/AnichLabs/cxr-cnn-k8s-benchmark/data/chexpert/train/patient07315/study1/view1_frontal.jpg,Pneumonia,chexpert,patient07315,7a529328f9ec751c23b3701f25773f181e37ccdfeb611426ab52fcbfae4f424f
/lab/px/AnichLabs/cxr-cnn-k8s-benchmark/data/chexpert/train/patient42493/study1/view1_frontal.jpg,Pneumonia,chexpert,patient42493,566d4f2f123a5e988c59db77bd670210c41ca1ec0304525d64c7eeb504be2531
/lab/px/AnichLabs/cxr-cnn-k8s-benchmark/data/chexpert/train/patient41568/study1/view1_frontal.jpg,Pneumonia,chexpert,patient41568,6e937dd369cfd382f43bab47b6c907b0d5ae4820b665dc79f8b82e90a2d38c98
/lab/px/AnichLabs/cxr-cnn-k8s-benchmark/data/chexpert/train/patient31805/study1/view1_frontal.jpg,Pneumonia,chexpert,patient31805,939aabc1bb781fe6151e37a31f814596558ec53d502eb22ff956e87a439adc3b
/lab/px/AnichLabs/cxr-cnn-k8s-benchmark/data/chexpert/train/patient30222/study6/view1_frontal.jpg,Pneumonia,chexpert,patient30222,e811f95e0ec00c6c6f6572b3e8bd8f664a3c8e42b1875e6c077c53bc8733ffb1
/lab/px/AnichLabs/cxr-cnn-k8s-benchmark/data/chexpert/train/patient35924/study2/view1_frontal.jpg,Pneumonia,chexpert,patient35924,cbb8a1727e8be9b22382122beb7c5fe3a77bc79b827a7252021016026ab9fbec
/lab/px/AnichLabs/cxr-cnn-k8s-benchmark/data/chexpert/train/patient37682/study6/view1_frontal.jpg,Pneumonia,chexpert,patient37682,699d2902dd3c530461dc3ba61eb0414fa28704ad5b23d20ba9d598c7d16c19ec
/lab/px/AnichLabs/cxr-cnn-k8s-benchmark/data/chexpert/train/patient17111/study18/view1_frontal.jpg,Pneumonia,chexpert,patient17111,801909c976e585895e910eab2acd307cba0b242f6d47fe5bebcf359bd2df5645
/lab/px/AnichLabs/cxr-cnn-k8s-benchmark/data/chexpert/train/patient32729/study1/view1_frontal.jpg,Pneumonia,chexpert,patient32729,de520c90318b0d6f282f17963cd6be4b2742022653d6fc82996527841bd1f75b
/lab/px/AnichLabs/cxr-cnn-k8s-benchmark/data/chexpert/train/patient11747/study2/view1_frontal.jpg,Pneumonia,chexpert,patient11747,422e8f7741a933660d46d3425df3019ae02f345401484e6645106331fa8d1253
/lab/px/AnichLabs/cxr-cnn-k8s-benchmark/data/chexpert/train/patient37925/study1/view1_frontal.jpg,Pneumonia,chexpert,patient37925,f3a39bfaa3f452739ddf4236e7240f421274cd0768ea3a8011c68ac3ae585dd4
/lab/px/AnichLabs/cxr-cnn-k8s-benchmark/data/chexpert/train/patient14889/study5/view1_frontal.jpg,Pneumonia,chexpert,patient14889,1512bca9eead5c99b148bf06b0e9c720d3422ff0f5890941d2babffff343786a
/lab/px/AnichLabs/cxr-cnn-k8s-benchmark/data/chexpert/train/patient04653/study1/view1_frontal.jpg,Pneumonia,chexpert,patient04653,f46c6e083db0e805a7c5ad95fa0c7a9dfc601e65ec3531a65a1e90f54651d649
/lab/px/AnichLabs/cxr-cnn-k8s-benchmark/data/chexpert/train/patient41048/study1/view1_frontal.jpg,Pneumonia,chexpert,patient41048,ff670ea7b0b07f06027acb6fea338c1a8bc80d3b72e36cf3cb48356814830d17
/lab/px/AnichLabs/cxr-cnn-k8s-benchmark/data/chexpert/train/patient07894/study1/view1_frontal.jpg,Pneumonia,chexpert,patient07894,f6cd446b244e0b14c0bbe4aef38dde1ab9ab6921054288ad6d757370980bddc0
/lab/px/AnichLabs/cxr-cnn-k8s-benchmark/data/chexpert/train/patient02263/study5/view1_frontal.jpg,Pneumonia,chexpert,patient02263,87bddf6d73d1df081e34e02e346551c09d24ecbe54da967cf730d3b444d7437a
/lab/px/AnichLabs/cxr-cnn-k8s-benchmark/data/chexpert/train/patient58254/study2/view1_frontal.jpg,Pneumonia,chexpert,patient58254,0346d98cc4376c0b94aa3485385aea34036bac328a6065e6684b834eb0ecad3d
/lab/px/AnichLabs/cxr-cnn-k8s-benchmark/data/chexpert/train/patient54107/study1/view1_frontal.jpg,Pneumonia,chexpert,patient54107,f0b5ea50b3f82387bf27fc019ca18e8589036c00f26d2b7981721104e4d4f39d
/lab/px/AnichLabs/cxr-cnn-k8s-benchmark/data/chexpert/train/patient54107/study1/view2_frontal.jpg,Pneumonia,chexpert,patient54107,6bc1cc9862d3caf004cb7ff6284af52fc5ca70c5a437dd58c41c9b019ac9b905
/lab/px/AnichLabs/cxr-cnn-k8s-benchmark/data/chexpert/train/patient53709/study2/view1_frontal.jpg,Pneumonia,chexpert,patient53709,3deafd35cbe3168b709ebd78dc824510ef6ee301df62661fd5891568292c352c
/lab/px/AnichLabs/cxr-cnn-k8s-benchmark/data/chexpert/train/patient01165/study4/view1_frontal.jpg,Pneumonia,chexpert,patient01165,8067088d29dbd8b8625751f87a45d10db363c36c54289bf0d5ccb7fde0ab7252
/lab/px/AnichLabs/cxr-cnn-k8s-benchmark/data/chexpert/train/patient01165/study2/view1_frontal.jpg,Pneumonia,chexpert,patient01165,a4fc4aacbe8e4f297a43d27e5f5afaa46af4b26e03e9e7b340f0023602cc7c87
/lab/px/AnichLabs/cxr-cnn-k8s-benchmark/data/chexpert/train/patient01165/study1/view1_frontal.jpg,Pneumonia,chexpert,patient01165,53d653577eb259c616b6bd25d5b3086d9f2191aaf342a666a07b2e1263baa136
/lab/px/AnichLabs/cxr-cnn-k8s-benchmark/data/chexpert/train/patient18707/study4/view1_frontal.jpg,Pneumonia,chexpert,patient18707,72364d3e73338bc4d154e0dd7c32bfb38dc136e13665c3d6ed8def8eeb10603f
/lab/px/AnichLabs/cxr-cnn-k8s-benchmark/data/chexpert/train/patient59649/study1/view1_frontal.jpg,Pneumonia,chexpert,patient59649,584b9dc27b05cc44f20908b7bf4d7c27ebc0a1c70c24dd084eb13e8babd8024c
/lab/px/AnichLabs/cxr-cnn-k8s-benchmark/data/chexpert/train/patient43863/study1/view1_frontal.jpg,Pneumonia,chexpert,patient43863,d9bba94b1354081a2e5a6714b0435a8342009bc930035126932fcb8159cd4ffc
/lab/px/AnichLabs/cxr-cnn-k8s-benchmark/data/chexpert/train/patient20592/study2/view1_frontal.jpg,Pneumonia,chexpert,patient20592,5b39d59734e33b1a5929857de87b0ca7fc692cae51620c00b2794b5ea7c9a4ab
/lab/px/AnichLabs/cxr-cnn-k8s-benchmark/data/chexpert/train/patient13164/study7/view1_frontal.jpg,Pneumonia,chexpert,patient13164,74969460933ad12e2eb720f5947ac6564227bf0f03c45a84f93be10fd49be648
/lab/px/AnichLabs/cxr-cnn-k8s-benchmark/data/chexpert/train/patient14503/study1/view1_frontal.jpg,Pneumonia,chexpert,patient14503,ca10c223fab17e4431c49f2ba20898ede0e4b7a8bd94a6e3dbd63fdd2d8907e1
/lab/px/AnichLabs/cxr-cnn-k8s-benchmark/data/chexpert/train/patient33373/study1/view1_frontal.jpg,Pneumonia,chexpert,patient33373,cb57a257030ba467500a045bffc941afa55ab3652fc9ee312c9392c6ef8e3228
/lab/px/AnichLabs/cxr-cnn-k8s-benchmark/data/chexpert/train/patient29216/study6/view1_frontal.jpg,Pneumonia,chexpert,patient29216,40915f5d082b510330754b419dd8f07fbf78cd8d2825ea7f853ddce9e8f53756
/lab/px/AnichLabs/cxr-cnn-k8s-benchmark/data/chexpert/train/patient22269/study1/view1_frontal.jpg,Pneumonia,chexpert,patient22269,e1997a40341ab36a97880c54cdc6592a47c9a8ed44e4e81a40155d040e147676
/lab/px/AnichLabs/cxr-cnn-k8s-benchmark/data/chexpert/train/patient24752/study7/view1_frontal.jpg,Pneumonia,chexpert,patient24752,9e2692f86463d58eb39fe1ff7fd6267a139820b1b5f8d025cb8c5d8a73bebda5
/lab/px/AnichLabs/cxr-cnn-k8s-benchmark/data/chexpert/train/patient13363/study1/view1_frontal.jpg,Pneumonia,chexpert,patient13363,4c0b83082bcec7d4a19b32ded046e0bd798046dd338265947f44ff7bf75fe6d0
/lab/px/AnichLabs/cxr-cnn-k8s-benchmark/data/chexpert/train/patient11177/study1/view1_frontal.jpg,Pneumonia,chexpert,patient11177,63d5719be9318ab51aabe7ee8e6aab5b3db3dc3167d8ea72ae6a9db86335dd40
/lab/px/AnichLabs/cxr-cnn-k8s-benchmark/data/chexpert/train/patient20050/study1/view1_frontal.jpg,Pneumonia,chexpert,patient20050,78bfe6d0b45bb794657e47cb4a6d046652224afe996222cba3779e83209e233e
/lab/px/AnichLabs/cxr-cnn-k8s-benchmark/data/chexpert/train/patient23834/study1/view1_frontal.jpg,Pneumonia,chexpert,patient23834,f625d157794fd8a314fad9f844a872db1b5195d7a2cf250a65ec8cc3ca9a53ff
/lab/px/AnichLabs/cxr-cnn-k8s-benchmark/data/chexpert/train/patient32366/study5/view1_frontal.jpg,Pneumonia,chexpert,patient32366,c8ec0030e7531bd744763a6d3767a6145885de9a0a92fcbb2ba24346bef24b98
/lab/px/AnichLabs/cxr-cnn-k8s-benchmark/data/chexpert/train/patient04093/study2/view1_frontal.jpg,Pneumonia,chexpert,patient04093,f585c7c98427bf268771937aad3a53fcfaf6baf52c17618d831377c7ec18d28d
/lab/px/AnichLabs/cxr-cnn-k8s-benchmark/data/chexpert/train/patient28693/study1/view1_frontal.jpg,Pneumonia,chexpert,patient28693,cd9efe424ade75886f4347a3629eb22e3bd002e6e916326acf004686b834804d
/lab/px/AnichLabs/cxr-cnn-k8s-benchmark/data/chexpert/train/patient24125/study7/view1_frontal.jpg,Pneumonia,chexpert,patient24125,8a253fccfd536040789ebc9fba08b58b260504f67057ce6eb22d7bbc8f863897
/lab/px/AnichLabs/cxr-cnn-k8s-benchmark/data/chexpert/train/patient00825/study4/view1_frontal.jpg,Pneumonia,chexpert,patient00825,2e8ca568362cdd7ad99df7f1926942d4a8b133ac76997a03cf146dd3853ff643
/lab/px/AnichLabs/cxr-cnn-k8s-benchmark/data/chexpert/train/patient59183/study1/view1_frontal.jpg,Pneumonia,chexpert,patient59183,3af953029d360d9ffc57ad129aeed940f3641cd2e38b32900ec93c4ba9ff05df
/lab/px/AnichLabs/cxr-cnn-k8s-benchmark/data/chexpert/train/patient38072/study1/view1_frontal.jpg,Pneumonia,chexpert,patient38072,7a4ebf728f9ffe909d08ecf7ade00a4cf966cb3d3fc901e143bbc7a1e791a84f
/lab/px/AnichLabs/cxr-cnn-k8s-benchmark/data/chexpert/train/patient26941/study1/view1_frontal.jpg,Pneumonia,chexpert,patient26941,36c5a49fe437e8eff0e19ae174333625366de4929e11c85a76fd76fecfdb791a
/lab/px/AnichLabs/cxr-cnn-k8s-benchmark/data/chexpert/train/patient03781/study2/view1_frontal.jpg,Pneumonia,chexpert,patient03781,12136c4b21b4a816b57d459be1f192863948f5774428b6d9108d2619bc3e9441
/lab/px/AnichLabs/cxr-cnn-k8s-benchmark/data/chexpert/train/patient18860/study2/view1_frontal.jpg,Pneumonia,chexpert,patient18860,9a1d6e830837c675276dc42a0015e329f23a89c21e9318e1ce16b5ea6dcbcfd2
/lab/px/AnichLabs/cxr-cnn-k8s-benchmark/data/chexpert/train/patient14092/study1/view1_frontal.jpg,Pneumonia,chexpert,patient14092,a22caae5745918481788b8eef53f23638154d6811863e5c25b51b78bd6a1345c
/lab/px/AnichLabs/cxr-cnn-k8s-benchmark/data/chexpert/train/patient13145/study5/view1_frontal.jpg,Pneumonia,chexpert,patient13145,c53ffb6c5f1d760135c88d4c96484092201f3dc81849f032e27adfa739511075
/lab/px/AnichLabs/cxr-cnn-k8s-benchmark/data/chexpert/train/patient13145/study4/view1_frontal.jpg,Pneumonia,chexpert,patient13145,4aab817d9ac5d6e8c0244cbaff0283e37af92b29e337e013208278689b17bb8b
/lab/px/AnichLabs/cxr-cnn-k8s-benchmark/data/chexpert/train/patient13145/study6/view1_frontal.jpg,Pneumonia,chexpert,patient13145,978a5dc279f0c2111c0079c41ef900ad742f8ae822420a7a63ede2b8a0cec988
/lab/px/AnichLabs/cxr-cnn-k8s-benchmark/data/tbx11k/imgs/tb/tb1188.png,TB,tbx11k,tb1188,32142770fa68eae014400bb86429ce43cc06cba61369540042e7c1d7e78db86f
/lab/px/AnichLabs/cxr-cnn-k8s-benchmark/data/tbx11k/imgs/tb/tb1179.png,TB,tbx11k,tb1179,359b3ea5901de71209cab8ad8cd923df98fe0cced27ac49c8a2714e98aa48a51
/lab/px/AnichLabs/cxr-cnn-k8s-benchmark/data/tbx11k/imgs/tb/tb0880.png,TB,tbx11k,tb0880,650286c60961792d8bfd18a6fc6b5e6c45de8b6233aaa2166a30fbca64314fbc
/lab/px/AnichLabs/cxr-cnn-k8s-benchmark/data/tbx11k/imgs/tb/tb1042.png,TB,tbx11k,tb1042,6892e9d59bc47312bc4a3ad276e4ba2e8a0c8a3a7118e2bac704d1e3cb861610
/lab/px/AnichLabs/cxr-cnn-k8s-benchmark/data/tbx11k/imgs/extra/mc+shenzhen/train/CHNCXR_0523_1.png,TB,mc+shenzhen,CHNCXR_0523_1,6ce9889f85acfa5127152931098036d199b47d858b40d28ec7ed5b19627d7b8b
/lab/px/AnichLabs/cxr-cnn-k8s-benchmark/data/tbx11k/imgs/tb/tb0813.png,TB,tbx11k,tb0813,9c0e6c3c9c92cb7ded6b58fbf2a072dd2b032afff0c279438f16fac719d00462
/lab/px/AnichLabs/cxr-cnn-k8s-benchmark/data/tbx11k/imgs/tb/tb0256.png,TB,tbx11k,tb0256,c6e72dfb947f614ac3a3a3acd6249f27dd5a3fa160dfc516953874c675478bce
/lab/px/AnichLabs/cxr-cnn-k8s-benchmark/data/tbx11k/imgs/tb/tb0435.png,TB,tbx11k,tb0435,9db99ef5f776abb1597010a36f313b59a6f05a88d9ba8867e0b2c9ee090ef427
/lab/px/AnichLabs/cxr-cnn-k8s-benchmark/data/tbx11k/imgs/tb/tb0743.png,TB,tbx11k,tb0743,924d136a598f448acb4b0d61ae03fec2605f1e30d1227c3aabd1849f4b7585c5
/lab/px/AnichLabs/cxr-cnn-k8s-benchmark/data/tbx11k/imgs/extra/mc+shenzhen/train/CHNCXR_0463_1.png,TB,mc+shenzhen,CHNCXR_0463_1,4802a0b10116b50a9604e1699d94b7caa0d9518c64e5ab3d6c0403e3bd96fe6c
/lab/px/AnichLabs/cxr-cnn-k8s-benchmark/data/tbx11k/imgs/tb/tb0954.png,TB,tbx11k,tb0954,0ffbc43bf753b86678693be6ab4b2082f6d03d8b9b6c8f1c49b811fb467225de
/lab/px/AnichLabs/cxr-cnn-k8s-benchmark/data/tbx11k/imgs/tb/tb1036.png,TB,tbx11k,tb1036,a3dc41086e9906e2659aa9ae3e03ee48123d4675390f3a86d14ffb2d1e26e43f
/lab/px/AnichLabs/cxr-cnn-k8s-benchmark/data/tbx11k/imgs/tb/tb0625.png,TB,tbx11k,tb0625,138dff12efcab2e0b21ee3ed73eb014a3ebffe7250e58e1027459b7525034ced
/lab/px/AnichLabs/cxr-cnn-k8s-benchmark/data/tbx11k/imgs/extra/mc+shenzhen/train/CHNCXR_0589_1.png,TB,mc+shenzhen,CHNCXR_0589_1,72491fc23f5376b072b80027006bf09873b434bd5e8339253db57103df712cf3
/lab/px/AnichLabs/cxr-cnn-k8s-benchmark/data/tbx11k/imgs/tb/tb0654.png,TB,tbx11k,tb0654,48541b9549a49233a4b5ff1242d48bfb70a9d70654d02d6bedcaa5d548fce4a6
/lab/px/AnichLabs/cxr-cnn-k8s-benchmark/data/tbx11k/imgs/tb/tb0552.png,TB,tbx11k,tb0552,8b036043f49ef779f208b4e35f9da59fdc59f42be13ae96a40b6b8a73acb7297
/lab/px/AnichLabs/cxr-cnn-k8s-benchmark/data/tbx11k/imgs/tb/tb0865.png,TB,tbx11k,tb0865,3bcc410c6b6f175d176811ab0f1fcfcac8fff99ae338f05b150624550cdcf14d
/lab/px/AnichLabs/cxr-cnn-k8s-benchmark/data/tbx11k/imgs/tb/tb1086.png,TB,tbx11k,tb1086,6ce50b6d3055de96de97c271ba250a2ef02df118ba548b7e0ce1f6fc0cace592
/lab/px/AnichLabs/cxr-cnn-k8s-benchmark/data/tbx11k/imgs/extra/da+db/val/px13.jpg,TB,da+db,px13,653b1c99b5a3c92f6cee322715e417efc35281c202d00073274a9e22c45efdfc
/lab/px/AnichLabs/cxr-cnn-k8s-benchmark/data/tbx11k/imgs/extra/mc+shenzhen/train/CHNCXR_0399_1.png,TB,mc+shenzhen,CHNCXR_0399_1,2a048c209b796ee0b36f8c41c2dee3e7ccf2bdf41ec94cc90d300777ccb0a201
/lab/px/AnichLabs/cxr-cnn-k8s-benchmark/data/tbx11k/imgs/tb/tb0755.png,TB,tbx11k,tb0755,6356e1b995f134bdba40a434a3479114f7d5643067fd55f1925c82afe2ab84dd
/lab/px/AnichLabs/cxr-cnn-k8s-benchmark/data/tbx11k/imgs/tb/tb1059.png,TB,tbx11k,tb1059,b770650f80d54d14ce62cbb2c0a1498a096f4e0ee5413a0963fcfd29946c80de
/lab/px/AnichLabs/cxr-cnn-k8s-benchmark/data/tbx11k/imgs/tb/tb0882.png,TB,tbx11k,tb0882,23a5455060be95d667f207c2f78cc3b1aca25a544ae707c7fd19cdc05a9af0a3
/lab/px/AnichLabs/cxr-cnn-k8s-benchmark/data/tbx11k/imgs/tb/tb0805.png,TB,tbx11k,tb0805,fc84844837f30b0b0f14a110725333f27c64792d6352a95b9726ea15335e6954
/lab/px/AnichLabs/cxr-cnn-k8s-benchmark/data/tbx11k/imgs/tb/tb1126.png,TB,tbx11k,tb1126,c0070de6ef3b27c4bf2dea3c274bd015086efc04b3a77fc9510b87a70abcb628
/lab/px/AnichLabs/cxr-cnn-k8s-benchmark/data/tbx11k/imgs/extra/da+db/val/px35.jpg,TB,da+db,px35,3f51a5e91588d9dbbd5da051400679c646f962a625d099b2902c4b53049d5329
/lab/px/AnichLabs/cxr-cnn-k8s-benchmark/data/tbx11k/imgs/tb/tb0540.png,TB,tbx11k,tb0540,93aaa35fdaa7c3ac71c47b6597895805b730721f5e66b942a65b8b4bee0ff404
/lab/px/AnichLabs/cxr-cnn-k8s-benchmark/data/tbx11k/imgs/tb/tb0520.png,TB,tbx11k,tb0520,3f7663384a3eba41dedb8272352a35437691e9418e0f3af501cd45269c61cde0
/lab/px/AnichLabs/cxr-cnn-k8s-benchmark/data/tbx11k/imgs/tb/tb0442.png,TB,tbx11k,tb0442,fc0937e390f4bf62eb67ab9cc2b30aeb387f4c86520b823002a7e4d393dbae7b
/lab/px/AnichLabs/cxr-cnn-k8s-benchmark/data/tbx11k/imgs/tb/tb0512.png,TB,tbx11k,tb0512,e16abeb6f74296a2466832fd1c949c94d323380bdfcb21d0c16188ae31c26ef8
/lab/px/AnichLabs/cxr-cnn-k8s-benchmark/data/tbx11k/imgs/extra/mc+shenzhen/train/MCUCXR_0375_1.png,TB,mc+shenzhen,MCUCXR_0375_1,ddbc347339774420bbbd7c135eb74a9885f37ab285387dc2e75dd3cbb6bc1999
/lab/px/AnichLabs/cxr-cnn-k8s-benchmark/data/tbx11k/imgs/tb/tb1154.png,TB,tbx11k,tb1154,82d6b62ef0567e600233754668b3b1f8d5480f361d4462047fc133ec4351cf9d
/lab/px/AnichLabs/cxr-cnn-k8s-benchmark/data/tbx11k/imgs/tb/tb0721.png,TB,tbx11k,tb0721,cd3fc787babf59ed508ad2ec7e0c4518b9fffae50519da329b9604adb1b49220
/lab/px/AnichLabs/cxr-cnn-k8s-benchmark/data/tbx11k/imgs/tb/tb0535.png,TB,tbx11k,tb0535,1bd3585ce7c7a477fe8d7181ecddbab35cdfadca7c0dabc64846055c1d1a669e
/lab/px/AnichLabs/cxr-cnn-k8s-benchmark/data/tbx11k/imgs/tb/tb0202.png,TB,tbx11k,tb0202,f4be3b2f120b20683721b01240e649add9da1220fbeb25daef59c0fab53298fa
/lab/px/AnichLabs/cxr-cnn-k8s-benchmark/data/tbx11k/imgs/extra/da+db/train/px38.jpg,TB,da+db,px38,ee94bcf6195fc7f8c2196db70f599bc4f13f19c6a67f4aeec6be6888cf2da3bf
/lab/px/AnichLabs/cxr-cnn-k8s-benchmark/data/tbx11k/imgs/tb/tb1037.png,TB,tbx11k,tb1037,61af607f952afcc9ddf4e80f0e6fba7531a0993e296a6b3bb0e63a40c2efead7
/lab/px/AnichLabs/cxr-cnn-k8s-benchmark/data/tbx11k/imgs/tb/tb0175.png,TB,tbx11k,tb0175,db05dd3bde75ff7bdc2e54be5808df6439ad739203839d5afecbd64f3a08e20d
/lab/px/AnichLabs/cxr-cnn-k8s-benchmark/data/tbx11k/imgs/tb/tb0777.png,TB,tbx11k,tb0777,905a7dce298f5e9e5218641fc84c5c7417a8fad44961bc7ceb28e8bf821b5a61
/lab/px/AnichLabs/cxr-cnn-k8s-benchmark/data/tbx11k/imgs/tb/tb1148.png,TB,tbx11k,tb1148,9c02c24a2c6b9d323abd278c07ac60c8551176a5bb12f9bd5e053ad0e24f2606
/lab/px/AnichLabs/cxr-cnn-k8s-benchmark/data/tbx11k/imgs/extra/mc+shenzhen/val/CHNCXR_0341_1.png,TB,mc+shenzhen,CHNCXR_0341_1,b6a540406389d55c81d26e29955cd30e7e30ebab8ba73523d53761b8403209b4
/lab/px/AnichLabs/cxr-cnn-k8s-benchmark/data/tbx11k/imgs/tb/tb0927.png,TB,tbx11k,tb0927,8d436bfc9d05d751c91cd901fa52099b1d05a73856c6ea96f91a3efeacf1953a
/lab/px/AnichLabs/cxr-cnn-k8s-benchmark/data/tbx11k/imgs/tb/tb0056.png,TB,tbx11k,tb0056,d7b88042d8ee0391bc65e21c50b158f122ee797fb7f533b8d3662e3e8ae3d37f
/lab/px/AnichLabs/cxr-cnn-k8s-benchmark/data/tbx11k/imgs/extra/mc+shenzhen/val/CHNCXR_0506_1.png,TB,mc+shenzhen,CHNCXR_0506_1,b8980a6f241bbdc9f69b2c73f0b4d4ee01e4cb819efba2cebfe63a82b873199a
/lab/px/AnichLabs/cxr-cnn-k8s-benchmark/data/tbx11k/imgs/tb/tb0107.png,TB,tbx11k,tb0107,175d20979ba4b1e4458b90f3ec61fae2fa9b709c89f8a12417fdef473bfb3324
/lab/px/AnichLabs/cxr-cnn-k8s-benchmark/data/tbx11k/imgs/tb/tb1113.png,TB,tbx11k,tb1113,3477e13923d3833abbefb540d968c51a19d85049caa93a22e881b38586333b84
/lab/px/AnichLabs/cxr-cnn-k8s-benchmark/data/tbx11k/imgs/tb/tb0962.png,TB,tbx11k,tb0962,8bd5a24f630fe39c6e960bc03be8a1ffe9a638ed8701fbd7d2decb2e30c63701
/lab/px/AnichLabs/cxr-cnn-k8s-benchmark/data/tbx11k/imgs/tb/tb0890.png,TB,tbx11k,tb0890,e2be2efe0f218437ad9775daa1c8d679aa259d9dd06f8519c45b1193dd047025
/lab/px/AnichLabs/cxr-cnn-k8s-benchmark/data/tbx11k/imgs/tb/tb0608.png,TB,tbx11k,tb0608,32b4b747d8cf52338e07e4c298cee9317fbdbab51b50729c28cd3df8dfd6fa13
/lab/px/AnichLabs/cxr-cnn-k8s-benchmark/data/tbx11k/imgs/tb/tb0639.png,TB,tbx11k,tb0639,7a64295bd8f6d3e1aff324a4542e39a70991d3c8657f243f328d6ba8a575057d
/lab/px/AnichLabs/cxr-cnn-k8s-benchmark/data/tbx11k/imgs/tb/tb1131.png,TB,tbx11k,tb1131,498b713edf85e722a334999a880414adfdc89b4761a931e824c50e187321d261
/lab/px/AnichLabs/cxr-cnn-k8s-benchmark/data/tbx11k/imgs/tb/tb0154.png,TB,tbx11k,tb0154,a0378274a628cc72ddf1f6197646a6eb6652a3e964cd81f798ff00d490f5babd
/lab/px/AnichLabs/cxr-cnn-k8s-benchmark/data/tbx11k/imgs/tb/tb1004.png,TB,tbx11k,tb1004,cedcd9bc3d173a9b3797b1f2033dbca86908390f1668c4a1bc8120a739f0386f
/lab/px/AnichLabs/cxr-cnn-k8s-benchmark/data/tbx11k/imgs/tb/tb0125.png,TB,tbx11k,tb0125,0d199c94849c1638bb69efc8c5a5ccff54dac54c43e8b49efc00e64d2a5e1e02
/lab/px/AnichLabs/cxr-cnn-k8s-benchmark/data/tbx11k/imgs/tb/tb0795.png,TB,tbx11k,tb0795,e6cf8f2e4b7c5b649acb46240728a1d78d0ec982a95fa8f5190941b9a91ce0b3
/lab/px/AnichLabs/cxr-cnn-k8s-benchmark/data/tbx11k/imgs/tb/tb0644.png,TB,tbx11k,tb0644,e02eb44f8fa1054fb99d2bebe84b3a4a5cee658b1bd36eba049bd7b0f4c0c648
/lab/px/AnichLabs/cxr-cnn-k8s-benchmark/data/tbx11k/imgs/tb/tb0870.png,TB,tbx11k,tb0870,5ebb1cf8f08995fea807c7b3f0b7a285652d3859553c62b61a6e485fd9fcf22c
/lab/px/AnichLabs/cxr-cnn-k8s-benchmark/data/tbx11k/imgs/extra/mc+shenzhen/train/CHNCXR_0547_1.png,TB,mc+shenzhen,CHNCXR_0547_1,408fe4213269743426c48f24877b9e9c493af447bb2209b4fe784b55d175f6ce
/lab/px/AnichLabs/cxr-cnn-k8s-benchmark/data/tbx11k/imgs/tb/tb0343.png,TB,tbx11k,tb0343,714ed30871e77d47bc9d2a4054bbbdc8ac315a56072be2fa2bfe085447ae3e24
/lab/px/AnichLabs/cxr-cnn-k8s-benchmark/data/tbx11k/imgs/tb/tb0206.png,TB,tbx11k,tb0206,afb6d60cdff2a1de08d2e0323e04cdf0129395c7cb67cc0d105481b56e603d03
/lab/px/AnichLabs/cxr-cnn-k8s-benchmark/data/tbx11k/imgs/tb/tb0447.png,TB,tbx11k,tb0447,2f513d7872cb6c7ca4838a70db57ba9e7aea4c2a26212580d6563634b5f07094
/lab/px/AnichLabs/cxr-cnn-k8s-benchmark/data/tbx11k/imgs/tb/tb0345.png,TB,tbx11k,tb0345,3dd0204aeef2a47843c40faded5494427ad002ca938bd7d91bfc9830b7559781
/lab/px/AnichLabs/cxr-cnn-k8s-benchmark/data/tbx11k/imgs/tb/tb1031.png,TB,tbx11k,tb1031,253bfa8d8d2c94ec56a3583d51b55c0b00317a01bd05e33a2e95548d184b52bb
/lab/px/AnichLabs/cxr-cnn-k8s-benchmark/data/tbx11k/imgs/tb/tb1027.png,TB,tbx11k,tb1027,93bcc2cfdd20089cd49c241ef5c4683cfc1170b4d628dcb685e8a0c7e4d8108b
/lab/px/AnichLabs/cxr-cnn-k8s-benchmark/data/tbx11k/imgs/extra/da+db/val/p13.png,TB,da+db,p13,0db8aed9d0ec23ef063b91a550ecec8550f8a79cd29247821e749b374de2e3dd
/lab/px/AnichLabs/cxr-cnn-k8s-benchmark/data/tbx11k/imgs/tb/tb0083.png,TB,tbx11k,tb0083,d47489e722e96a02cf1570ed2082ee1bfc1d1df24c1ce9bd2388bcdd08b16ad2
/lab/px/AnichLabs/cxr-cnn-k8s-benchmark/data/tbx11k/imgs/tb/tb0528.png,TB,tbx11k,tb0528,a5d7acc1b505a68106a5890ecceba11ff5084c382ee7cdf6620b9ce96ae5e5ba
/lab/px/AnichLabs/cxr-cnn-k8s-benchmark/data/tbx11k/imgs/extra/mc+shenzhen/train/CHNCXR_0500_1.png,TB,mc+shenzhen,CHNCXR_0500_1,bb5e9ba2e59d5bb3e5c227f4fa603e11bd4f430a9fc7d2f7fd76825406403732
/lab/px/AnichLabs/cxr-cnn-k8s-benchmark/data/tbx11k/imgs/tb/tb0618.png,TB,tbx11k,tb0618,b29e43437bc4b09a2e710c7c5489c708519fc4661b13acaff5a5a82416794d1b
/lab/px/AnichLabs/cxr-cnn-k8s-benchmark/data/tbx11k/imgs/tb/tb0848.png,TB,tbx11k,tb0848,79168321428780c44a5b807cc9c15d2d739b25ef226f5f8953c7085e6eb0c803
/lab/px/AnichLabs/cxr-cnn-k8s-benchmark/data/tbx11k/imgs/extra/mc+shenzhen/train/CHNCXR_0456_1.png,TB,mc+shenzhen,CHNCXR_0456_1,f00a287e8a4a18ec01d45c3a17261db31f812c9180352ebc732ea34b49b9f409
/lab/px/AnichLabs/cxr-cnn-k8s-benchmark/data/tbx11k/imgs/tb/tb0801.png,TB,tbx11k,tb0801,93107905106ee8540351da0a054b679bd356e0c0d512dca61bc469fd41724f8b
/lab/px/AnichLabs/cxr-cnn-k8s-benchmark/data/tbx11k/imgs/tb/tb0413.png,TB,tbx11k,tb0413,04354e8e78f66b37591d7b0913577e0528c1eab47df34ff341700b320352a69d
/lab/px/AnichLabs/cxr-cnn-k8s-benchmark/data/tbx11k/imgs/extra/mc+shenzhen/train/CHNCXR_0607_1.png,TB,mc+shenzhen,CHNCXR_0607_1,cb6f552574eb5a76665010c44e27f5f56b4e461c9724a22cb57d0e60eb35f80f
/lab/px/AnichLabs/cxr-cnn-k8s-benchmark/data/tbx11k/imgs/extra/da+db/val/px44.jpg,TB,da+db,px44,0ac83e34936c9901611a11d9afeb79c0acfd24cecdc3df36581823e2e5dff515
/lab/px/AnichLabs/cxr-cnn-k8s-benchmark/data/tbx11k/imgs/tb/tb0313.png,TB,tbx11k,tb0313,aaa16b7e95d332d87f0e92597c959506b6fe6109903797c30a015cdc82d09fef
/lab/px/AnichLabs/cxr-cnn-k8s-benchmark/data/tbx11k/imgs/tb/tb0863.png,TB,tbx11k,tb0863,f203030c491d7bf7ca49bc2bd90bde6d65a2cef2458df580ff65beb04ba915a2
/lab/px/AnichLabs/cxr-cnn-k8s-benchmark/data/tbx11k/imgs/extra/mc+shenzhen/train/CHNCXR_0481_1.png,TB,mc+shenzhen,CHNCXR_0481_1,4ececaa5ff6c37139715da3d211cf83e7832649c6a545a90bf775beb08eab127
/lab/px/AnichLabs/cxr-cnn-k8s-benchmark/data/tbx11k/imgs/tb/tb0164.png,TB,tbx11k,tb0164,077218245e2181f7c36ee3697b5dc6d6e10597880ba8997f6d5a47e55dc4b7af
/lab/px/AnichLabs/cxr-cnn-k8s-benchmark/data/tbx11k/imgs/tb/tb0126.png,TB,tbx11k,tb0126,0d1a6f2c23ea71f639d9e4c65a812e6ae8b92d42d1d6d7a441d4b7c4570ad676
/lab/px/AnichLabs/cxr-cnn-k8s-benchmark/data/tbx11k/imgs/tb/tb0027.png,TB,tbx11k,tb0027,8ab4de5af4ecf10cfa810b597706de2b8ad0759dc981738f3c7a5079224bc7d9
/lab/px/AnichLabs/cxr-cnn-k8s-benchmark/data/tbx11k/imgs/extra/da+db/train/p17.png,TB,da+db,p17,83141cf85323c37f679364cc45af80f917bc60248dec8b6dd5712d4d999fdb34
/lab/px/AnichLabs/cxr-cnn-k8s-benchmark/data/tbx11k/imgs/extra/mc+shenzhen/train/CHNCXR_0598_1.png,TB,mc+shenzhen,CHNCXR_0598_1,490b5479a6e2eceba7f02915878f58268fddd4105ead2407fbbd2e9494983fd5
/lab/px/AnichLabs/cxr-cnn-k8s-benchmark/data/tbx11k/imgs/tb/tb0366.png,TB,tbx11k,tb0366,58330c568558ce4ce4621bb31157ef71e6438a565ecee5b3d247a41e137bff7d
/lab/px/AnichLabs/cxr-cnn-k8s-benchmark/data/tbx11k/imgs/tb/tb0407.png,TB,tbx11k,tb0407,89606b7dd2f6974cb07c7c8ce936ea655e70376b2fe3c98352551a146c7d8a02
/lab/px/AnichLabs/cxr-cnn-k8s-benchmark/data/tbx11k/imgs/extra/mc+shenzhen/val/CHNCXR_0520_1.png,TB,mc+shenzhen,CHNCXR_0520_1,3c1f2fce46eb491bb9618a656aaf235f79419386a0bad475053419f0433e23d7
/lab/px/AnichLabs/cxr-cnn-k8s-benchmark/data/tbx11k/imgs/extra/da+db/val/p4.png,TB,da+db,p4,c01d6d4069f133ba2f1dec5e848edc7a2c22bdc6d69432d1b8298b90a5972942
/lab/px/AnichLabs/cxr-cnn-k8s-benchmark/data/tbx11k/imgs/tb/tb0833.png,TB,tbx11k,tb0833,33695380c9603b746f199edf9c5d146692bc7f24726ffef6048574c177ea97a4
/lab/px/AnichLabs/cxr-cnn-k8s-benchmark/data/tbx11k/imgs/tb/tb0203.png,TB,tbx11k,tb0203,2dd0120c8b11f74fb3cf456698dd010edd932006f8d91b1e69bf026a35cb87e8
/lab/px/AnichLabs/cxr-cnn-k8s-benchmark/data/tbx11k/imgs/tb/tb1054.png,TB,tbx11k,tb1054,b6cfbe016b31be47d3eaae7b0f21516d045c790c3cd5da54404d38e50aa27f85
/lab/px/AnichLabs/cxr-cnn-k8s-benchmark/data/tbx11k/imgs/extra/mc+shenzhen/train/MCUCXR_0369_1.png,TB,mc+shenzhen,MCUCXR_0369_1,170d524e1b04b86e5f4b36fee70d86a095ba38da4a501893c6c3a24ae7e345e3
/lab/px/AnichLabs/cxr-cnn-k8s-benchmark/data/tbx11k/imgs/tb/tb0267.png,TB,tbx11k,tb0267,4ee50e3c7088c882b448dd24c4722abb5743322ffd8a2370c43e781f05676e27
/lab/px/AnichLabs/cxr-cnn-k8s-benchmark/data/tbx11k/imgs/tb/tb0342.png,TB,tbx11k,tb0342,25556a987ffe0a7aecb296478a8aab989eaf96d65a0a82b5cc09e6ddbdc4161d
/lab/px/AnichLabs/cxr-cnn-k8s-benchmark/data/tbx11k/imgs/tb/tb0237.png,TB,tbx11k,tb0237,5c5bfb4b1f87f6fb1ddc16fee85019b82297c809916277b22746f2c9344f6a6a
/lab/px/AnichLabs/cxr-cnn-k8s-benchmark/data/tbx11k/imgs/extra/mc+shenzhen/train/CHNCXR_0432_1.png,TB,mc+shenzhen,CHNCXR_0432_1,c672570a43d49ec0c6d0c308d4a57843ddaf1718fe743796049429f2701c41dd
/lab/px/AnichLabs/cxr-cnn-k8s-benchmark/data/tbx11k/imgs/tb/tb0323.png,TB,tbx11k,tb0323,be83ef23866848e682e2debd752e7325c0164e9e3ccb5e1517ac89b43a390bec
/lab/px/AnichLabs/cxr-cnn-k8s-benchmark/data/tbx11k/imgs/tb/tb1085.png,TB,tbx11k,tb1085,d74980e6e8cfecb6ae70e4292b6b14c651e8a4aab3578e3e51b52acd506f9aed
/lab/px/AnichLabs/cxr-cnn-k8s-benchmark/data/tbx11k/imgs/tb/tb0717.png,TB,tbx11k,tb0717,29aab7dec61a72ea10e9669694fed1ec896cf7084f0ad576da38846902ca8f39
/lab/px/AnichLabs/cxr-cnn-k8s-benchmark/data/tbx11k/imgs/tb/tb0191.png,TB,tbx11k,tb0191,a68b098d8370a2fb5e830169ae821ecbe28c56ec8461725b0866ff1ad0070f4d
/lab/px/AnichLabs/cxr-cnn-k8s-benchmark/data/tbx11k/imgs/tb/tb0068.png,TB,tbx11k,tb0068,d51dc48a2dc34c03c04ee9be3848cef92ef2d52901d84920ccf80070ce31aa78
/lab/px/AnichLabs/cxr-cnn-k8s-benchmark/data/tbx11k/imgs/tb/tb0733.png,TB,tbx11k,tb0733,8e63471a369f9df1d58db4ca78029c49042fa05dba29a9ec813a02d05587f03e
/lab/px/AnichLabs/cxr-cnn-k8s-benchmark/data/tbx11k/imgs/extra/mc+shenzhen/train/CHNCXR_0552_1.png,TB,mc+shenzhen,CHNCXR_0552_1,56fd70c48dc6ec3aee4446a4055f3fc5b88da982f037f2fff2944a7792307d82
/lab/px/AnichLabs/cxr-cnn-k8s-benchmark/data/tbx11k/imgs/extra/mc+shenzhen/train/CHNCXR_0423_1.png,TB,mc+shenzhen,CHNCXR_0423_1,ca8d15947693d5b526ceb959500c0e7300040b1160e7295171477c0190444ec4
/lab/px/AnichLabs/cxr-cnn-k8s-benchmark/data/tbx11k/imgs/tb/tb0419.png,TB,tbx11k,tb0419,7f7606ed29066010c73c374bd2f58b7a8ae8f7e797944966307cb7b4d559fcd3
/lab/px/AnichLabs/cxr-cnn-k8s-benchmark/data/tbx11k/imgs/tb/tb0592.png,TB,tbx11k,tb0592,506170131a78ad7125eeea90de007a2c3c33ad33aa01ba2a128ff4e07c4a384f
/lab/px/AnichLabs/cxr-cnn-k8s-benchmark/data/tbx11k/imgs/extra/mc+shenzhen/train/CHNCXR_0397_1.png,TB,mc+shenzhen,CHNCXR_0397_1,1c04e8c2ecfa5491e555378033d73bb28eeb50f77cb75e4b49aa1bd6d124acd4
/lab/px/AnichLabs/cxr-cnn-k8s-benchmark/data/tbx11k/imgs/extra/mc+shenzhen/train/CHNCXR_0626_1.png,TB,mc+shenzhen,CHNCXR_0626_1,cf72eeb5610da0d83ff75cf4bba03a1ac6aa567ab4239696a83984a46031bf40
/lab/px/AnichLabs/cxr-cnn-k8s-benchmark/data/tbx11k/imgs/tb/tb0612.png,TB,tbx11k,tb0612,dc51c3f6769615b5375b7c9c91d66d94edeea8e01f4f9e4a2e75087aebcc9287
/lab/px/AnichLabs/cxr-cnn-k8s-benchmark/data/tbx11k/imgs/tb/tb0472.png,TB,tbx11k,tb0472,95f99a002d23c799178a2db8402c6f434a4bb1b5865291489ee52a77434c32ef
/lab/px/AnichLabs/cxr-cnn-k8s-benchmark/data/tbx11k/imgs/extra/mc+shenzhen/val/CHNCXR_0566_1.png,TB,mc+shenzhen,CHNCXR_0566_1,e6cc3e6649bf6016574bc5a680a2160a72461dab902b24c806c3f4fa9a4c298c
/lab/px/AnichLabs/cxr-cnn-k8s-benchmark/data/tbx11k/imgs/extra/mc+shenzhen/train/CHNCXR_0518_1.png,TB,mc+shenzhen,CHNCXR_0518_1,3dbe41f5bddca78796625be0a613d3640ebadfc7072e7e72b923ce45e38e6a97
/lab/px/AnichLabs/cxr-cnn-k8s-benchmark/data/tbx11k/imgs/tb/tb0255.png,TB,tbx11k,tb0255,03c1c20e4f7a83f720ac05e3f74b6f74d82f4fefee4623daddaefa9e3a1e6dfe
/lab/px/AnichLabs/cxr-cnn-k8s-benchmark/data/tbx11k/imgs/extra/mc+shenzhen/val/CHNCXR_0449_1.png,TB,mc+shenzhen,CHNCXR_0449_1,33bb5d4b7ee4da1516c2adfe3cc8ea7bc9e1e5e6dfe30f78db0eabc6fe34cb21
/lab/px/AnichLabs/cxr-cnn-k8s-benchmark/data/tbx11k/imgs/extra/mc+shenzhen/val/CHNCXR_0433_1.png,TB,mc+shenzhen,CHNCXR_0433_1,2d4b8ad0d0ef21ad67bda4e8230dd00a32839fdea79b09b238cfc8ec1797056b
/lab/px/AnichLabs/cxr-cnn-k8s-benchmark/data/tbx11k/imgs/tb/tb0966.png,TB,tbx11k,tb0966,c8171984881aa95b698d7358b7056c39aa2b2fbe776c8a4078f6bcf9f9974839
/lab/px/AnichLabs/cxr-cnn-k8s-benchmark/data/tbx11k/imgs/tb/tb0425.png,TB,tbx11k,tb0425,e0a213e9f4c46306d7fe18d49670f4fc41ce31e714693340fa2aad19924c1191
/lab/px/AnichLabs/cxr-cnn-k8s-benchmark/data/tbx11k/imgs/extra/mc+shenzhen/val/MCUCXR_0253_1.png,TB,mc+shenzhen,MCUCXR_0253_1,26cd70ffbcb3464045b588bcc742e35c1ee33b394f5f04e28a3312b43a823684
/lab/px/AnichLabs/cxr-cnn-k8s-benchmark/data/tbx11k/imgs/tb/tb1060.png,TB,tbx11k,tb1060,bfae33b719e47979787a32b1dee691c5175dac8571df1d8b42e9f23efacf53d8
/lab/px/AnichLabs/cxr-cnn-k8s-benchmark/data/tbx11k/imgs/tb/tb0787.png,TB,tbx11k,tb0787,fdd32f6b405df9f2755dc9516d9cedba2f940284946ecee50b473fe697cbe835
/lab/px/AnichLabs/cxr-cnn-k8s-benchmark/data/tbx11k/imgs/tb/tb0518.png,TB,tbx11k,tb0518,764209287efad287cd2689c80b2d33d6414c25bdc88ca0dc561da63083abe8e9
/lab/px/AnichLabs/cxr-cnn-k8s-benchmark/data/tbx11k/imgs/tb/tb0953.png,TB,tbx11k,tb0953,726b6a78904ee0ac460cddb13c3736cc30035c7eebb4809d008dac5c963b1216
/lab/px/AnichLabs/cxr-cnn-k8s-benchmark/data/tbx11k/imgs/tb/tb0566.png,TB,tbx11k,tb0566,b6ef08a3550b12d2a1c83a7a6181a92dfcf877e135bc556cec26e0aa5e5017f5
/lab/px/AnichLabs/cxr-cnn-k8s-benchmark/data/tbx11k/imgs/tb/tb0212.png,TB,tbx11k,tb0212,71f5ae5f3512b75f56064ad729dfe170b2a5151d7ff7957e971eead733a75bcb
/lab/px/AnichLabs/cxr-cnn-k8s-benchmark/data/tbx11k/imgs/tb/tb0790.png,TB,tbx11k,tb0790,2485da2c13be2ea5b466f635a3d84f98e54d93db518ce7a0134bdd30cc52341f
/lab/px/AnichLabs/cxr-cnn-k8s-benchmark/data/tbx11k/imgs/tb/tb0498.png,TB,tbx11k,tb0498,d26ba78144c8eccf33f3ee8748bb1741b40f8fc991675036162c6362366dad58
/lab/px/AnichLabs/cxr-cnn-k8s-benchmark/data/tbx11k/imgs/tb/tb0514.png,TB,tbx11k,tb0514,b69d11e710dd82f011af8b7a05462e9037684787d9823df3a53e88f1eded6bc5
/lab/px/AnichLabs/cxr-cnn-k8s-benchmark/data/tbx11k/imgs/tb/tb0575.png,TB,tbx11k,tb0575,745572a9c8de82d32ed996b2d1ccfa0583bfdca52c6a7b152fc64053a75aa11a
/lab/px/AnichLabs/cxr-cnn-k8s-benchmark/data/tbx11k/imgs/tb/tb0221.png,TB,tbx11k,tb0221,ec821313bab5dfe5342887a16562d36bf42a0006d342459660fad40cdaa16ee4
/lab/px/AnichLabs/cxr-cnn-k8s-benchmark/data/tbx11k/imgs/tb/tb0297.png,TB,tbx11k,tb0297,d288d23e1a87e883b622db5818160019314626345d3b2a016d7bfd83caf47550
/lab/px/AnichLabs/cxr-cnn-k8s-benchmark/data/tbx11k/imgs/tb/tb1056.png,TB,tbx11k,tb1056,9a461d17f764212ebbe6c80d05ed992dd8f7d1b239302699a50f8ae13bc3d89a
/lab/px/AnichLabs/cxr-cnn-k8s-benchmark/data/tbx11k/imgs/tb/tb0688.png,TB,tbx11k,tb0688,76f9e36db0f6ea2de5d0c3ac0ba0f7787776434365295037173d2d19589c111b
/lab/px/AnichLabs/cxr-cnn-k8s-benchmark/data/tbx11k/imgs/extra/mc+shenzhen/train/CHNCXR_0536_1.png,TB,mc+shenzhen,CHNCXR_0536_1,a4c71b121d31691dcf1224256053aa4ccd47eaf59f7dedb20445a94995af1727
/lab/px/AnichLabs/cxr-cnn-k8s-benchmark/data/tbx11k/imgs/tb/tb1122.png,TB,tbx11k,tb1122,34e9a1cd755544d0d4e3f6e657a6c1af231463e5445aa4c1d8276213fa317a59
/lab/px/AnichLabs/cxr-cnn-k8s-benchmark/data/tbx11k/imgs/tb/tb0504.png,TB,tbx11k,tb0504,a980ad000b7afc8f9735cbf972a4e6b3b792d0709435eb205bd4c7fc8ec42c8f
/lab/px/AnichLabs/cxr-cnn-k8s-benchmark/data/tbx11k/imgs/tb/tb1011.png,TB,tbx11k,tb1011,f6b365697baf74ff42b96b07667a9c5fd67116004ddb883ef95320f12259d7c7
/lab/px/AnichLabs/cxr-cnn-k8s-benchmark/data/tbx11k/imgs/tb/tb0018.png,TB,tbx11k,tb0018,78bee5715a424fa64cbc6089dbbf461940adc878bace1fc27aae451e0dd9903c
/lab/px/AnichLabs/cxr-cnn-k8s-benchmark/data/tbx11k/imgs/tb/tb0867.png,TB,tbx11k,tb0867,ff356355c914dcdc597b9359d296e873b6b2e4b4e00ed1894b0bb14705f78513
/lab/px/AnichLabs/cxr-cnn-k8s-benchmark/data/tbx11k/imgs/extra/mc+shenzhen/val/CHNCXR_0327_1.png,TB,mc+shenzhen,CHNCXR_0327_1,dadb2baf462cf70dde6d6b78ac9e236ec4c928bfa4f176e7193246e289c0468e
/lab/px/AnichLabs/cxr-cnn-k8s-benchmark/data/tbx11k/imgs/tb/tb0287.png,TB,tbx11k,tb0287,c1dd81b70a7422e6ff7879ddae7a9d6a122c930facc6ad86b19483a306340189
/lab/px/AnichLabs/cxr-cnn-k8s-benchmark/data/tbx11k/imgs/extra/mc+shenzhen/val/MCUCXR_0188_1.png,TB,mc+shenzhen,MCUCXR_0188_1,6e97162f710798c26443d7cdfbb0d12d882f439489eaacc79ac624c1556c8653
/lab/px/AnichLabs/cxr-cnn-k8s-benchmark/data/tbx11k/imgs/tb/tb0349.png,TB,tbx11k,tb0349,e8ee603c73dcd67b83d0ee491c8df2b90a0ce822af2ddb37b61eed61f4747581
/lab/px/AnichLabs/cxr-cnn-k8s-benchmark/data/tbx11k/imgs/tb/tb0424.png,TB,tbx11k,tb0424,406af773c6a0707ffdec9da617010d1dad2890fde73b57399d981ace4bd30636
/lab/px/AnichLabs/cxr-cnn-k8s-benchmark/data/tbx11k/imgs/tb/tb0767.png,TB,tbx11k,tb0767,e26a243baf3730b7d3e49c43b226c37946a66428541d64306f510c3ef08375da
/lab/px/AnichLabs/cxr-cnn-k8s-benchmark/data/tbx11k/imgs/tb/tb0327.png,TB,tbx11k,tb0327,817fbf04f067f1a08b747b0e13d61ce0bf6abafee2ae9e3748daf4f80c5b02ca
/lab/px/AnichLabs/cxr-cnn-k8s-benchmark/data/tbx11k/imgs/tb/tb0899.png,TB,tbx11k,tb0899,12f0e91e669356d97fe1bb582ef3d4e95a3544bf94bee429d6ed52f7f02ce7e9
/lab/px/AnichLabs/cxr-cnn-k8s-benchmark/data/tbx11k/imgs/tb/tb1192.png,TB,tbx11k,tb1192,39320f6624687ada6a27badd57972ca3e137aa6538bbb995e4fc2897bc070a8e
/lab/px/AnichLabs/cxr-cnn-k8s-benchmark/data/tbx11k/imgs/tb/tb0007.png,TB,tbx11k,tb0007,d259d43025664aa95de52e61728acf09c36e392ae135c4895cb1560db673992c
/lab/px/AnichLabs/cxr-cnn-k8s-benchmark/data/tbx11k/imgs/tb/tb0859.png,TB,tbx11k,tb0859,84c573d253cc6c9df131a27ac379f5d7d5ef1b956c8a2c72b33b5d980e7515ea
/lab/px/AnichLabs/cxr-cnn-k8s-benchmark/data/tbx11k/imgs/extra/da+db/val/px22.jpg,TB,da+db,px22,0493d226968b783b8e8cbc66f38f8dbe8a6765251dcd9a3fc5674bcfe3e2566e
/lab/px/AnichLabs/cxr-cnn-k8s-benchmark/data/tbx11k/imgs/tb/tb0831.png,TB,tbx11k,tb0831,7db4d2290286c24979441eb7ed1dd2fddf1b31883f63504f6ea0b5984f562c81
/lab/px/AnichLabs/cxr-cnn-k8s-benchmark/data/tbx11k/imgs/extra/da+db/val/px17.jpg,TB,da+db,px17,3e9f079aaab8b6bdc5446f9ff46d3a37c3d390429a7767ffc9832dec545f3510
/lab/px/AnichLabs/cxr-cnn-k8s-benchmark/data/tbx11k/imgs/tb/tb0200.png,TB,tbx11k,tb0200,83586d7ee5d04ee8f39aafb00dcf7a23912deba138f9172cbeae693307f8b381
/lab/px/AnichLabs/cxr-cnn-k8s-benchmark/data/tbx11k/imgs/tb/tb0445.png,TB,tbx11k,tb0445,7b62e94d02486b67fe198f786f1e631b6896589a6289bd41e892cfc6694e55d1
/lab/px/AnichLabs/cxr-cnn-k8s-benchmark/data/tbx11k/imgs/tb/tb0095.png,TB,tbx11k,tb0095,3f87a0c41053de44a28208ab8461922e81452e35a1035368b233e50ec3d92a21
/lab/px/AnichLabs/cxr-cnn-k8s-benchmark/data/tbx11k/imgs/tb/tb0192.png,TB,tbx11k,tb0192,11216d036bec2ea90e7ba23e2f4c25184f05c1baa99289c543c8f3889c2d4bd2
/lab/px/AnichLabs/cxr-cnn-k8s-benchmark/data/tbx11k/imgs/tb/tb0999.png,TB,tbx11k,tb0999,172cb396d19da3bf8b13f48d959b93b00d77a3da42988755d05db719eec237ef
/lab/px/AnichLabs/cxr-cnn-k8s-benchmark/data/tbx11k/imgs/tb/tb1034.png,TB,tbx11k,tb1034,abc4a6142ba384fe8f968624996790c0da1dc10258039489ea88047b766359da
/lab/px/AnichLabs/cxr-cnn-k8s-benchmark/data/tbx11k/imgs/extra/mc+shenzhen/val/CHNCXR_0647_1.png,TB,mc+shenzhen,CHNCXR_0647_1,aab63232da8de1fa54ff801248ad5459e3caa7f0aa68e24164dc078ccf1eacc7
/lab/px/AnichLabs/cxr-cnn-k8s-benchmark/data/tbx11k/imgs/tb/tb0710.png,TB,tbx11k,tb0710,2e11e64027673e62feaadbfea6117728d1fe0d92b4a22e7c1f4bb38f60d0cd7a
/lab/px/AnichLabs/cxr-cnn-k8s-benchmark/data/tbx11k/imgs/extra/mc+shenzhen/val/CHNCXR_0467_1.png,TB,mc+shenzhen,CHNCXR_0467_1,1f2d11385f9235cd174f1edccb43d067d9fc7bc181a1f5bee12f8498ece14f0f
/lab/px/AnichLabs/cxr-cnn-k8s-benchmark/data/tbx11k/imgs/tb/tb0059.png,TB,tbx11k,tb0059,1f65bcb3c987ef71dacfd602afc9462b3e3b9e0d73c23174342248a894cfd716
/lab/px/AnichLabs/cxr-cnn-k8s-benchmark/data/tbx11k/imgs/tb/tb0738.png,TB,tbx11k,tb0738,6b33cbcf8d7ed3767b5387c10815ac0c04101df4e5ae824ff82633c95326b196
/lab/px/AnichLabs/cxr-cnn-k8s-benchmark/data/tbx11k/imgs/extra/mc+shenzhen/train/CHNCXR_0545_1.png,TB,mc+shenzhen,CHNCXR_0545_1,9bb19574e3b2198b105b5206c9ea1369c56b3dc82a7e364fb4e2e24a9e7b4911
/lab/px/AnichLabs/cxr-cnn-k8s-benchmark/data/tbx11k/imgs/tb/tb0548.png,TB,tbx11k,tb0548,b28bdad2c3ae6b705569b7dc1dab353c726cece87d859e69febba15c0bcb8cdc
/lab/px/AnichLabs/cxr-cnn-k8s-benchmark/data/tbx11k/imgs/tb/tb0262.png,TB,tbx11k,tb0262,ada9e763aa5ee4e93173e3f574cfba242b384748278a6fc91bd1a332d6ed235b
/lab/px/AnichLabs/cxr-cnn-k8s-benchmark/data/tbx11k/imgs/extra/mc+shenzhen/val/MCUCXR_0362_1.png,TB,mc+shenzhen,MCUCXR_0362_1,399a2a7382d2ba3c5ad8e95aac39bcd32c16b8f3579f7645315baa5bb6662e39
/lab/px/AnichLabs/cxr-cnn-k8s-benchmark/data/tbx11k/imgs/tb/tb0562.png,TB,tbx11k,tb0562,b1f76e9a9b0caf300e8b8cc9c7e321322d5b62ceb39175fe4c8bd3292aa29199
/lab/px/AnichLabs/cxr-cnn-k8s-benchmark/data/tbx11k/imgs/extra/mc+shenzhen/val/CHNCXR_0655_1.png,TB,mc+shenzhen,CHNCXR_0655_1,03554d8d058681be77869ce7bc6fc1b8063d9aa6dcc9ae5a9aadb38f037682d9
/lab/px/AnichLabs/cxr-cnn-k8s-benchmark/data/tbx11k/imgs/tb/tb0570.png,TB,tbx11k,tb0570,c5dd87c3a3bcb4331df088e4d8cf23f3d5fd2600fe13d8c4a6f29f49a1ed678c
/lab/px/AnichLabs/cxr-cnn-k8s-benchmark/data/tbx11k/imgs/tb/tb0420.png,TB,tbx11k,tb0420,c9a54b09d86d3f3e8504bbdb978533dc2ccd9080d6bcb8add23338a6ec77defc
/lab/px/AnichLabs/cxr-cnn-k8s-benchmark/data/tbx11k/imgs/tb/tb0470.png,TB,tbx11k,tb0470,90f1a8a62eb3c72f891bcda976da32935a5df8dcf394658d11b90cae8aa9cf63
/lab/px/AnichLabs/cxr-cnn-k8s-benchmark/data/tbx11k/imgs/tb/tb0841.png,TB,tbx11k,tb0841,a465dc6c7466eff1239fcc6546c3059071f4dcccc3732d3dfcae014d54eaf626
/lab/px/AnichLabs/cxr-cnn-k8s-benchmark/data/tbx11k/imgs/tb/tb0633.png,TB,tbx11k,tb0633,1be98edaab41e16791820a44526ff49fb5667e5daab173f152d5fda2a25d2813
/lab/px/AnichLabs/cxr-cnn-k8s-benchmark/data/tbx11k/imgs/tb/tb0545.png,TB,tbx11k,tb0545,44629c62b943db7d5b2d166b71add18c08bc0ce950d38a01c0b01f79fda92f3e
/lab/px/AnichLabs/cxr-cnn-k8s-benchmark/data/tbx11k/imgs/tb/tb1057.png,TB,tbx11k,tb1057,dbb41cc984ee44b8ab897fd3ebad39cdca8704339a7e595d6b35adc5d692edb5
/lab/px/AnichLabs/cxr-cnn-k8s-benchmark/data/tbx11k/imgs/extra/da+db/val/px29.jpg,TB,da+db,px29,4f9c30c7d9f30a500d4472188340703fe193f3ebd28bdb630413e07b9d0d86f1
/lab/px/AnichLabs/cxr-cnn-k8s-benchmark/data/tbx11k/imgs/tb/tb0205.png,TB,tbx11k,tb0205,e4209935f373ace5da104bff944d1f2a89f9f59ff28bf86eb4396a6bc43c75b5
/lab/px/AnichLabs/cxr-cnn-k8s-benchmark/data/tbx11k/imgs/tb/tb0075.png,TB,tbx11k,tb0075,40d113f507080965ffea9097fd98e016e078a77c5af4c0fac0dd4568728f9b8e
/lab/px/AnichLabs/cxr-cnn-k8s-benchmark/data/tbx11k/imgs/tb/tb1019.png,TB,tbx11k,tb1019,8ace271da0b59e391a17b93a003025cb66dbda43e65d6f0144f49bfa57c7d3d4
/lab/px/AnichLabs/cxr-cnn-k8s-benchmark/data/tbx11k/imgs/extra/da+db/val/px3.jpg,TB,da+db,px3,1a372a7858e7e1b938f5eac34ea1c48da269e9685871129662cc6feaf5592bd9
/lab/px/AnichLabs/cxr-cnn-k8s-benchmark/data/tbx11k/imgs/tb/tb0760.png,TB,tbx11k,tb0760,3b455e179934901ed8e68eacb90a5d43ae210333352b882716cba54b8eb8f307
/lab/px/AnichLabs/cxr-cnn-k8s-benchmark/data/tbx11k/imgs/tb/tb0453.png,TB,tbx11k,tb0453,b9ff51bbc4687916e4b9b29e5dd3a7592388cdb9f9e34fcd4dd0345611b6fe00
/lab/px/AnichLabs/cxr-cnn-k8s-benchmark/data/tbx11k/imgs/tb/tb1115.png,TB,tbx11k,tb1115,557c823baf1e678283a3892e1ce9d87a52cd8de3d01d7b2d43de5d2aa97f91ff
/lab/px/AnichLabs/cxr-cnn-k8s-benchmark/data/tbx11k/imgs/tb/tb1133.png,TB,tbx11k,tb1133,8c6e0ee95305f16e0e13a337dd7e740f823a88a5bf0051a6ce32f236c066bdcd
/lab/px/AnichLabs/cxr-cnn-k8s-benchmark/data/tbx11k/imgs/tb/tb0758.png,TB,tbx11k,tb0758,f8288c7131120b6026065b86153e5227feb2f01546816bc6c552f2c29ebee195
/lab/px/AnichLabs/cxr-cnn-k8s-benchmark/data/tbx11k/imgs/tb/tb0582.png,TB,tbx11k,tb0582,edd3ea816238c299f45351c202c955f2bbf24d358adf6adc09494406bcea1345
/lab/px/AnichLabs/cxr-cnn-k8s-benchmark/data/tbx11k/imgs/tb/tb0307.png,TB,tbx11k,tb0307,3d939d1c2fa0801e48f8184f36da59f4706e5aa3a6cc12a24dadf53e01b7cd7e
/lab/px/AnichLabs/cxr-cnn-k8s-benchmark/data/tbx11k/imgs/tb/tb0024.png,TB,tbx11k,tb0024,a0ab538e5130d58aaf580e1761265a5a7327c4d3fa1304c73fefd8280e5cfdb3
/lab/px/AnichLabs/cxr-cnn-k8s-benchmark/data/tbx11k/imgs/tb/tb0311.png,TB,tbx11k,tb0311,121e4a1b249862f1bd5c80913f42d929b4c4b0c6343f2b8c3ad3bb7ed83eddd3
/lab/px/AnichLabs/cxr-cnn-k8s-benchmark/data/tbx11k/imgs/extra/mc+shenzhen/train/CHNCXR_0409_1.png,TB,mc+shenzhen,CHNCXR_0409_1,0f731e305f368c9ee3ed997d42747b735d5e2244668ad6a4751f31867ed3b9e6
/lab/px/AnichLabs/cxr-cnn-k8s-benchmark/data/tbx11k/imgs/tb/tb0404.png,TB,tbx11k,tb0404,c438f41b14707780505ddbd12980bac861b46de6a31f2a191922c90f7c7ee0c1
/lab/px/AnichLabs/cxr-cnn-k8s-benchmark/data/tbx11k/imgs/tb/tb0974.png,TB,tbx11k,tb0974,122ea93f68b1fa7e5d918e25395c3d441c6a438da91c39ad457144ce8ce9e185
/lab/px/AnichLabs/cxr-cnn-k8s-benchmark/data/tbx11k/imgs/tb/tb0617.png,TB,tbx11k,tb0617,c5903fab9613ba294315508f3e750ecda991e912f9a8ccaf2e773e5b4d9033b5
/lab/px/AnichLabs/cxr-cnn-k8s-benchmark/data/tbx11k/imgs/tb/tb0235.png,TB,tbx11k,tb0235,1a33da2a403dfba5313bc0cbbb06462d1688a70adfc6ca1ae244d125ab367abe
/lab/px/AnichLabs/cxr-cnn-k8s-benchmark/data/tbx11k/imgs/extra/mc+shenzhen/train/MCUCXR_0399_1.png,TB,mc+shenzhen,MCUCXR_0399_1,b09d1f3037bf5e84ffa183bc7df543b6560e81f2843c234a5bb15e0aa17f9dcf
/lab/px/AnichLabs/cxr-cnn-k8s-benchmark/data/tbx11k/imgs/extra/mc+shenzhen/val/CHNCXR_0495_1.png,TB,mc+shenzhen,CHNCXR_0495_1,c22948674fc803cf06bde6b7d349e19c34b3229d13e43e0e48f63907a80c51f6
/lab/px/AnichLabs/cxr-cnn-k8s-benchmark/data/tbx11k/imgs/tb/tb0852.png,TB,tbx11k,tb0852,f2866a3159e08a923d574473a376737b8e4ee147bcf872e4316abfcb3c64f123
/lab/px/AnichLabs/cxr-cnn-k8s-benchmark/data/tbx11k/imgs/extra/mc+shenzhen/train/CHNCXR_0575_1.png,TB,mc+shenzhen,CHNCXR_0575_1,7a85e5e7ef7e30db673e20a367d9974c4e01705b5fdf14b95a9e95f068ce3684
/lab/px/AnichLabs/cxr-cnn-k8s-benchmark/data/tbx11k/imgs/tb/tb0429.png,TB,tbx11k,tb0429,6c022d8ed9e0cb30a65812c5b8395aafdc09120804769a1b41b0ee2e26fc8e0d
/lab/px/AnichLabs/cxr-cnn-k8s-benchmark/data/tbx11k/imgs/tb/tb1032.png,TB,tbx11k,tb1032,38d9f1d3e1b45e70cb19ce538da40c26f5afaa867fa0e016d840f2901e68c001
/lab/px/AnichLabs/cxr-cnn-k8s-benchmark/data/tbx11k/imgs/tb/tb0163.png,TB,tbx11k,tb0163,37e80a6ded7047f95a9b8c2d96d6be888f66b07c1a5381b4a814bb3be267f311
/lab/px/AnichLabs/cxr-cnn-k8s-benchmark/data/tbx11k/imgs/extra/da+db/val/p8.png,TB,da+db,p8,909a7fd67b46c2432484e86ebe3e4c4cc5bb23b11367cc76f376b800c08fa1c1
/lab/px/AnichLabs/cxr-cnn-k8s-benchmark/data/tbx11k/imgs/extra/mc+shenzhen/val/CHNCXR_0529_1.png,TB,mc+shenzhen,CHNCXR_0529_1,99ce308319eba70b527e35693c4f41c6927802774c6374aea0cc5335e7c13563
/lab/px/AnichLabs/cxr-cnn-k8s-benchmark/data/tbx11k/imgs/extra/da+db/val/px2.jpg,TB,da+db,px2,38db9b863e34eb408bffd2583e40bca189711182b6cde55bf1887e8d875c4330
/lab/px/AnichLabs/cxr-cnn-k8s-benchmark/data/tbx11k/imgs/tb/tb0943.png,TB,tbx11k,tb0943,57a32287c551587cd5b447a7fa70ee898c1eed61fed65ae04b93249a782b3c3e
/lab/px/AnichLabs/cxr-cnn-k8s-benchmark/data/tbx11k/imgs/extra/da+db/val/px20.jpg,TB,da+db,px20,43bd520cd4046d6e82bb2f596fda640eaf5312d404e815b126a78339acd60776
/lab/px/AnichLabs/cxr-cnn-k8s-benchmark/data/tbx11k/imgs/extra/mc+shenzhen/val/CHNCXR_0385_1.png,TB,mc+shenzhen,CHNCXR_0385_1,cc641b9145f98b52b7c4cda3353a8d415d9735306d18ed8768e1cc9e0b51a298
/lab/px/AnichLabs/cxr-cnn-k8s-benchmark/data/tbx11k/imgs/tb/tb0719.png,TB,tbx11k,tb0719,f44ff7f4114519014aebcfa0010ffd2835aa7b33890921bab414d9f6c0a8b3ee
/lab/px/AnichLabs/cxr-cnn-k8s-benchmark/data/tbx11k/imgs/tb/tb0960.png,TB,tbx11k,tb0960,c242fc29f2e51f4c49a279a786439f7e69e993ea7756bbf553394061bcad7e11
/lab/px/AnichLabs/cxr-cnn-k8s-benchmark/data/tbx11k/imgs/tb/tb0050.png,TB,tbx11k,tb0050,11370e92cf2e76786495f23db67edc6d2a53e4e3685c42cd5949fdf134aec868
/lab/px/AnichLabs/cxr-cnn-k8s-benchmark/data/tbx11k/imgs/extra/mc+shenzhen/train/MCUCXR_0104_1.png,TB,mc+shenzhen,MCUCXR_0104_1,74500d7ed9f2b29cc8966dbb4695f56f9667794b7978b93af816b5490ae37de8
/lab/px/AnichLabs/cxr-cnn-k8s-benchmark/data/tbx11k/imgs/tb/tb0133.png,TB,tbx11k,tb0133,1842b1afa1b312a59a02c90a4e3ba33c7b2d934b64483e7168b113017ecd6147
/lab/px/AnichLabs/cxr-cnn-k8s-benchmark/data/tbx11k/imgs/tb/tb0832.png,TB,tbx11k,tb0832,0f560cfa901835a90064e15abb1ee0f2ae4ff6622b8e98d233349f97499d2f2d
/lab/px/AnichLabs/cxr-cnn-k8s-benchmark/data/tbx11k/imgs/tb/tb0501.png,TB,tbx11k,tb0501,a8d00a48f149771e6cf11a13da9e3816c0937102d247ba0d7e93f59814def589
/lab/px/AnichLabs/cxr-cnn-k8s-benchmark/data/tbx11k/imgs/tb/tb0293.png,TB,tbx11k,tb0293,011737c8ff56010ccd4357d1586b281850dd93c062918323c0afacd431268957
/lab/px/AnichLabs/cxr-cnn-k8s-benchmark/data/tbx11k/imgs/tb/tb0240.png,TB,tbx11k,tb0240,6a8b659e971c7cda445484a1ee5a2597f9209b18b86af3da48cb1610795c5532
/lab/px/AnichLabs/cxr-cnn-k8s-benchmark/data/tbx11k/imgs/tb/tb1045.png,TB,tbx11k,tb1045,2bb97ccc2ab5b26eee2a252e1316ecd76a3e8cf379792bc21340c5d1bb36ae18
/lab/px/AnichLabs/cxr-cnn-k8s-benchmark/data/tbx11k/imgs/tb/tb0871.png,TB,tbx11k,tb0871,eeb576ac2eeab90ec648b112bc199356bb6a67abed46204306809f54c608e21c
/lab/px/AnichLabs/cxr-cnn-k8s-benchmark/data/tbx11k/imgs/tb/tb1005.png,TB,tbx11k,tb1005,734ce9f400774ecb6568c3ca0bb57a3455bf50b7ef0f7a652d49ec7ac93ab92b
/lab/px/AnichLabs/cxr-cnn-k8s-benchmark/data/tbx11k/imgs/tb/tb1178.png,TB,tbx11k,tb1178,d2142dc6e843883ecb4f9ebb8e8b7dff4bcd8990a2a380e48344cc2d8c93f13a
/lab/px/AnichLabs/cxr-cnn-k8s-benchmark/data/tbx11k/imgs/tb/tb0672.png,TB,tbx11k,tb0672,eb13a49e01fd86056c271ac85b65f8373c57339869fc62cbf5962b566cbf60c1
/lab/px/AnichLabs/cxr-cnn-k8s-benchmark/data/tbx11k/imgs/tb/tb0361.png,TB,tbx11k,tb0361,155a8c40e6534703b800c4e25a63b1b41ca33a3068b88a82e6f050ede6634235
/lab/px/AnichLabs/cxr-cnn-k8s-benchmark/data/tbx11k/imgs/tb/tb0515.png,TB,tbx11k,tb0515,0c8bb01fe894bd84231d19d513d41657b2720a76929ff3f7bf57bbc83b66f980
/lab/px/AnichLabs/cxr-cnn-k8s-benchmark/data/tbx11k/imgs/tb/tb1129.png,TB,tbx11k,tb1129,62f7c99d20f16aa0136b68cabd5cd53afc569513849ca959f7a38d1ee0d6d464
/lab/px/AnichLabs/cxr-cnn-k8s-benchmark/data/tbx11k/imgs/tb/tb1138.png,TB,tbx11k,tb1138,b665067c891dfc0708c58d85d920315fa7775e3fbd88a698351165d3c43927fb
/lab/px/AnichLabs/cxr-cnn-k8s-benchmark/data/tbx11k/imgs/tb/tb0879.png,TB,tbx11k,tb0879,f9c5fb22843f808cf0a4699832f42aec7d5d3a3c08bd2f39aad761d5208a6109
/lab/px/AnichLabs/cxr-cnn-k8s-benchmark/data/tbx11k/imgs/tb/tb0686.png,TB,tbx11k,tb0686,95898a626a51082a7951ddd8dd098000442c43ea194c2961a2b2ef0b66a03fd0
/lab/px/AnichLabs/cxr-cnn-k8s-benchmark/data/tbx11k/imgs/tb/tb0746.png,TB,tbx11k,tb0746,920be87f6fb0437b399b46721d1d3a35da26a9ec68071d3a6f1354f98801b323
/lab/px/AnichLabs/cxr-cnn-k8s-benchmark/data/tbx11k/imgs/tb/tb0917.png,TB,tbx11k,tb0917,4cffc46a9a41d01176d164eab0799b194b31f6268b750ca29f51db53911f0112
/lab/px/AnichLabs/cxr-cnn-k8s-benchmark/data/tbx11k/imgs/tb/tb0135.png,TB,tbx11k,tb0135,1672b56fea79ad13c63d04d61cb8e3cf40fe7154064bc4e3b23c2427ad2ad449
/lab/px/AnichLabs/cxr-cnn-k8s-benchmark/data/tbx11k/imgs/tb/tb0054.png,TB,tbx11k,tb0054,49433d326715a29ff657d2bdfe251699d917a4588588a7731b8eec86017ab9a7
/lab/px/AnichLabs/cxr-cnn-k8s-benchmark/data/tbx11k/imgs/tb/tb1160.png,TB,tbx11k,tb1160,1d566d1a4fccaef0eb0147c8626c3a67a6d015f0b5bd5587583bde9e91c141d9
/lab/px/AnichLabs/cxr-cnn-k8s-benchmark/data/tbx11k/imgs/extra/mc+shenzhen/val/CHNCXR_0613_1.png,TB,mc+shenzhen,CHNCXR_0613_1,9c203176e07bde7c25fb8b429ea904527c723387ca085741a1f4287049185f4e
/lab/px/AnichLabs/cxr-cnn-k8s-benchmark/data/tbx11k/imgs/extra/da+db/train/p12.png,TB,da+db,p12,d3891eefeeeb42bfb34e9f6147423a6ab3e05844fd1a2d75ecdc07d6f4cfbe06
/lab/px/AnichLabs/cxr-cnn-k8s-benchmark/data/tbx11k/imgs/tb/tb0606.png,TB,tbx11k,tb0606,99456dded799b7430568696fa3fddb8bf164cec62e75874288864006ddd34c4f
/lab/px/AnichLabs/cxr-cnn-k8s-benchmark/data/tbx11k/imgs/tb/tb0167.png,TB,tbx11k,tb0167,7326d52c52a2c6819148b1a8ea7b3b89e42882ac327e991e518be4ea2d3b0eb4
/lab/px/AnichLabs/cxr-cnn-k8s-benchmark/data/tbx11k/imgs/extra/mc+shenzhen/train/CHNCXR_0375_1.png,TB,mc+shenzhen,CHNCXR_0375_1,42ea62e115c97f0c63df931f665c431fbc60ae83252ab63a037e99d0fd8b2ca0
/lab/px/AnichLabs/cxr-cnn-k8s-benchmark/data/tbx11k/imgs/tb/tb0553.png,TB,tbx11k,tb0553,c53c02877bfa9992751c189e97f587d113a132615ecf814130ac28c71f5ecf08
/lab/px/AnichLabs/cxr-cnn-k8s-benchmark/data/tbx11k/imgs/extra/da+db/train/px5.jpg,TB,da+db,px5,6e1e5a6e5ccc8d2a8bc1fe8941fed0a389a64804b1e853e3a066e544abcc31fd
/lab/px/AnichLabs/cxr-cnn-k8s-benchmark/data/tbx11k/imgs/tb/tb0794.png,TB,tbx11k,tb0794,30377cac7ba19091ab76338f9c264cf67551e1461798bf54c7a2ee587d01b21e
/lab/px/AnichLabs/cxr-cnn-k8s-benchmark/data/tbx11k/imgs/extra/mc+shenzhen/train/CHNCXR_0346_1.png,TB,mc+shenzhen,CHNCXR_0346_1,ec3fe37bfa4e4f0df888b43dfc38c2c962b714bbe411b25dd6b98ec3c18d9a6a
/lab/px/AnichLabs/cxr-cnn-k8s-benchmark/data/tbx11k/imgs/extra/mc+shenzhen/train/CHNCXR_0516_1.png,TB,mc+shenzhen,CHNCXR_0516_1,4e539cd3b6d42d70b35d5bd26ac471cac25e41305955dcd06c17692f3e331c77
/lab/px/AnichLabs/cxr-cnn-k8s-benchmark/data/tbx11k/imgs/extra/mc+shenzhen/val/CHNCXR_0628_1.png,TB,mc+shenzhen,CHNCXR_0628_1,d5cbf85667697ce641523e34f22d5e18903b45b710ac07096ef34f0e8220b046
/lab/px/AnichLabs/cxr-cnn-k8s-benchmark/data/tbx11k/imgs/tb/tb0918.png,TB,tbx11k,tb0918,05b39bff6c231987e0ddeeddd357c5afda5020be752c6f7fd3550c4e1a7ef156
/lab/px/AnichLabs/cxr-cnn-k8s-benchmark/data/tbx11k/imgs/extra/da+db/train/px32.jpg,TB,da+db,px32,6e534688d008add707edda3eac3c8d755e4afa2115804711e717992268033cfa
/lab/px/AnichLabs/cxr-cnn-k8s-benchmark/data/tbx11k/imgs/extra/mc+shenzhen/train/CHNCXR_0428_1.png,TB,mc+shenzhen,CHNCXR_0428_1,31bd54be627331bc918b805fad7ed84f89dc05f63621f19fc25f15d218c92c70
/lab/px/AnichLabs/cxr-cnn-k8s-benchmark/data/tbx11k/imgs/tb/tb1100.png,TB,tbx11k,tb1100,66503035f0aad3bbbf3725ce282663476c78cca6f84381dc265e865720bc24ed
/lab/px/AnichLabs/cxr-cnn-k8s-benchmark/data/tbx11k/imgs/extra/mc+shenzhen/train/CHNCXR_0488_1.png,TB,mc+shenzhen,CHNCXR_0488_1,f80f39eb2982587d6e0e0449d8c592934524354750eed7a69cb99d7260aeb529
/lab/px/AnichLabs/cxr-cnn-k8s-benchmark/data/tbx11k/imgs/tb/tb0642.png,TB,tbx11k,tb0642,7276a53fc2e6c4fe164ecc27314ae4670761d18d2f5bd98a488fb5bd04a0d63c
/lab/px/AnichLabs/cxr-cnn-k8s-benchmark/data/tbx11k/imgs/tb/tb1028.png,TB,tbx11k,tb1028,da5ec1665c5993d384f4ef1bc28248905b2ebf32722b896896739fcc3843c858
/lab/px/AnichLabs/cxr-cnn-k8s-benchmark/data/tbx11k/imgs/tb/tb0071.png,TB,tbx11k,tb0071,9d5e0e7d75f25e7a7749d782e12f807767b11d3b762a281f4603b92f9ddd7c0e
/lab/px/AnichLabs/cxr-cnn-k8s-benchmark/data/tbx11k/imgs/tb/tb0229.png,TB,tbx11k,tb0229,989a212ee3ab54f937f7f525338c4f6c489cf1bed365d4477b823faa41ebed85
/lab/px/AnichLabs/cxr-cnn-k8s-benchmark/data/tbx11k/imgs/tb/tb0742.png,TB,tbx11k,tb0742,a5440de949cd303ee14bffa1dcd3f2cc51636e284293696fdea0ce0ba30dc6f2
/lab/px/AnichLabs/cxr-cnn-k8s-benchmark/data/tbx11k/imgs/tb/tb0788.png,TB,tbx11k,tb0788,816c8c7213228f92013827467d88565657a1124f4e0274c0bd4554243980f7dc
/lab/px/AnichLabs/cxr-cnn-k8s-benchmark/data/tbx11k/imgs/extra/mc+shenzhen/val/CHNCXR_0560_1.png,TB,mc+shenzhen,CHNCXR_0560_1,b06798bdcfb203e97108aa71a75d4d407fe835e9d9c83a21eaf0ae73588378bb
/lab/px/AnichLabs/cxr-cnn-k8s-benchmark/data/tbx11k/imgs/tb/tb0666.png,TB,tbx11k,tb0666,f75504f816392c6262f9fbd0c22af524fea6984bd61685cf8c34d722d51f39c6
/lab/px/AnichLabs/cxr-cnn-k8s-benchmark/data/tbx11k/imgs/tb/tb0104.png,TB,tbx11k,tb0104,15fa8d47139d04880f9ddf3132ef3770afe6e3421cb186f8ceb088850b873495
/lab/px/AnichLabs/cxr-cnn-k8s-benchmark/data/tbx11k/imgs/tb/tb0277.png,TB,tbx11k,tb0277,c36edc38dd5585693b5831c9123ded676edb61d33d68fb45a0413b3e45242f96
/lab/px/AnichLabs/cxr-cnn-k8s-benchmark/data/tbx11k/imgs/tb/tb0026.png,TB,tbx11k,tb0026,23c8701a7f293973ac1703cd9fc92262654f9ac9c2c456030c18397e1d9d34c6
/lab/px/AnichLabs/cxr-cnn-k8s-benchmark/data/tbx11k/imgs/tb/tb0806.png,TB,tbx11k,tb0806,7b230c787721f22727e6ba01da81e72f093fe2dc51b69b5b68bad823fb304ca2
/lab/px/AnichLabs/cxr-cnn-k8s-benchmark/data/tbx11k/imgs/extra/mc+shenzhen/val/CHNCXR_0543_1.png,TB,mc+shenzhen,CHNCXR_0543_1,39823a736717b6d12c3cb7c6135bb1ab368a8aa979c0f0b5796270233c068808
/lab/px/AnichLabs/cxr-cnn-k8s-benchmark/data/tbx11k/imgs/extra/da+db/val/px10.jpg,TB,da+db,px10,e53b8191daf3b6446e6e2487fd69d0132320156fc672f0edbc774bdebe8e8269
/lab/px/AnichLabs/cxr-cnn-k8s-benchmark/data/tbx11k/imgs/tb/tb0653.png,TB,tbx11k,tb0653,e2da740312e8bcabd8cb048c19f4d2051e84fab4d8520378108767f71a6e267f
/lab/px/AnichLabs/cxr-cnn-k8s-benchmark/data/tbx11k/imgs/tb/tb0577.png,TB,tbx11k,tb0577,3300340fca6584bf65117de4a55b96a6f65cdbff64fc69a5289b5f85811430ca
/lab/px/AnichLabs/cxr-cnn-k8s-benchmark/data/tbx11k/imgs/tb/tb0201.png,TB,tbx11k,tb0201,e1b3721a78148aa95003a925ffbcc76ff9156960c5b95770e16251126c24e025
/lab/px/AnichLabs/cxr-cnn-k8s-benchmark/data/tbx11k/imgs/tb/tb0914.png,TB,tbx11k,tb0914,e5a1483a84ad6081816302ca3d9b5ba04f9120723812d73ee057c5181b14ab76
/lab/px/AnichLabs/cxr-cnn-k8s-benchmark/data/tbx11k/imgs/tb/tb0076.png,TB,tbx11k,tb0076,79e7d2c1de1d8a638f9a659c35fcecdf7227cb679162924a103bef0b17f76dac
/lab/px/AnichLabs/cxr-cnn-k8s-benchmark/data/tbx11k/imgs/tb/tb0923.png,TB,tbx11k,tb0923,359de26fb492bd512165ed0e110b4874c8a665e50dcc48a1db3ac842c309a6da
/lab/px/AnichLabs/cxr-cnn-k8s-benchmark/data/tbx11k/imgs/extra/mc+shenzhen/val/CHNCXR_0590_1.png,TB,mc+shenzhen,CHNCXR_0590_1,c4abbc47dc5958ec39b3dfc6371500353db347aad501426c9003c355ab9b7666
/lab/px/AnichLabs/cxr-cnn-k8s-benchmark/data/tbx11k/imgs/tb/tb0282.png,TB,tbx11k,tb0282,1ca3971af90e5901e1b18c48da8f3a9137edc2f37e79887c77e71db3844a2c7f
/lab/px/AnichLabs/cxr-cnn-k8s-benchmark/data/tbx11k/imgs/tb/tb1127.png,TB,tbx11k,tb1127,9dfb2a362a999f487fc0a523aa3771f55fbb656a80a150081e483727d56c358b
/lab/px/AnichLabs/cxr-cnn-k8s-benchmark/data/tbx11k/imgs/extra/da+db/train/p11.png,TB,da+db,p11,d9dc519045d9f8d1e53e497f98f94739d8ed39b25deb98b9dec89cfef14fc54f
/lab/px/AnichLabs/cxr-cnn-k8s-benchmark/data/tbx11k/imgs/extra/da+db/train/p6.png,TB,da+db,p6,a920d8ae24005b612bc5f108ed283b301117f794acf5a69dcd451650ed221ec1
/lab/px/AnichLabs/cxr-cnn-k8s-benchmark/data/tbx11k/imgs/tb/tb0103.png,TB,tbx11k,tb0103,f366832cf6206ed69f22e3056a8a4052ea930367c808ce025dde4dee6d3e8453
/lab/px/AnichLabs/cxr-cnn-k8s-benchmark/data/tbx11k/imgs/tb/tb0893.png,TB,tbx11k,tb0893,01c7ccf0859ed0b29593526764c3b6bcf63fa98140d500491905a6653e24328d
/lab/px/AnichLabs/cxr-cnn-k8s-benchmark/data/tbx11k/imgs/tb/tb0876.png,TB,tbx11k,tb0876,12b3fbf0e2ade449224320f23302a6ffa0a2ea16b4d3608a4e8803d0ce3f0f98
/lab/px/AnichLabs/cxr-cnn-k8s-benchmark/data/tbx11k/imgs/tb/tb0118.png,TB,tbx11k,tb0118,8c1f0d366d9b10dfd50b13f67d744d6ca54eacfe7dbb09e01f0d9fff7a41c32b
/lab/px/AnichLabs/cxr-cnn-k8s-benchmark/data/tbx11k/imgs/tb/tb0177.png,TB,tbx11k,tb0177,63af7471d87987952c3e145442d995307defa2f780a7c9a2aa3d9f5dcffdd23d
/lab/px/AnichLabs/cxr-cnn-k8s-benchmark/data/tbx11k/imgs/tb/tb1099.png,TB,tbx11k,tb1099,abeadc2527d22222fcb7b9369c6e1c28c2ee4d8ce10ab2316211c76923a1c25f
/lab/px/AnichLabs/cxr-cnn-k8s-benchmark/data/tbx11k/imgs/extra/mc+shenzhen/val/MCUCXR_0141_1.png,TB,mc+shenzhen,MCUCXR_0141_1,e3095ed8bccecd389da2b7000856d724ea00604e5652f5e89993ab2d4827600f
/lab/px/AnichLabs/cxr-cnn-k8s-benchmark/data/tbx11k/imgs/tb/tb0732.png,TB,tbx11k,tb0732,03997798b5c3f84d2313065702cf32ff7436a45e14d84c18ddd1080f568f2af7
/lab/px/AnichLabs/cxr-cnn-k8s-benchmark/data/tbx11k/imgs/tb/tb0427.png,TB,tbx11k,tb0427,487e0279a564efbcfb7c3719f6b71da2d0ebb1569f3be9fd2405e26e5ca0ab6e
/lab/px/AnichLabs/cxr-cnn-k8s-benchmark/data/tbx11k/imgs/tb/tb1194.png,TB,tbx11k,tb1194,4d7a79b3dcf5e4acc386fdd20d9a20dc4b410ab2c95c1e170ab3b1979f975985
/lab/px/AnichLabs/cxr-cnn-k8s-benchmark/data/tbx11k/imgs/tb/tb0290.png,TB,tbx11k,tb0290,b241ad94408abd83e5f3e29705b6ec51ac2d568335c58f250a6ab2623e6577e2
/lab/px/AnichLabs/cxr-cnn-k8s-benchmark/data/tbx11k/imgs/tb/tb1018.png,TB,tbx11k,tb1018,69b35f22acfd066cac80a4fdf666508dad3d2aad0ba925856ed7e3b42ad31312
/lab/px/AnichLabs/cxr-cnn-k8s-benchmark/data/tbx11k/imgs/tb/tb0079.png,TB,tbx11k,tb0079,b93251537df92d6a6e6be2df41b156d2bd0ab96f4d74e17d4561c68e6a8186f8
/lab/px/AnichLabs/cxr-cnn-k8s-benchmark/data/tbx11k/imgs/tb/tb0849.png,TB,tbx11k,tb0849,72ca288bbea6d4964ef29d76bc6e299b1ef6156a2e5bd67d133cee4fb276370f
/lab/px/AnichLabs/cxr-cnn-k8s-benchmark/data/tbx11k/imgs/extra/da+db/train/p22.png,TB,da+db,p22,d7e42ce9d15e967ad2025cbb86ef89fd8f4ff3f090e786b0c727f4bb89caeb59
/lab/px/AnichLabs/cxr-cnn-k8s-benchmark/data/tbx11k/imgs/tb/tb1010.png,TB,tbx11k,tb1010,8d75bf53d8d9bf9cc17ddd1e33149c43f9fb5fc5fd5e909e342f17aa2cbd04f8
/lab/px/AnichLabs/cxr-cnn-k8s-benchmark/data/tbx11k/imgs/extra/mc+shenzhen/val/CHNCXR_0383_1.png,TB,mc+shenzhen,CHNCXR_0383_1,9d266a4b07deb9f7f9b1f244c75da35e53a6343898450371b6b7010170d7e584
/lab/px/AnichLabs/cxr-cnn-k8s-benchmark/data/tbx11k/imgs/tb/tb1104.png,TB,tbx11k,tb1104,08d00f13b41fb6127c5704b0020b549d6e6ce80bb4a30a36ae35b4f4faa35cdd
/lab/px/AnichLabs/cxr-cnn-k8s-benchmark/data/tbx11k/imgs/extra/mc+shenzhen/train/CHNCXR_0438_1.png,TB,mc+shenzhen,CHNCXR_0438_1,f2554b6c29914be73da689aefcf4a25a09420e6b048684906de019cce3c84efe
/lab/px/AnichLabs/cxr-cnn-k8s-benchmark/data/tbx11k/imgs/tb/tb0292.png,TB,tbx11k,tb0292,593c5060fbd6beeb9e6120839fcc086a110d4762a438f1d5701051304f1ae1a4
/lab/px/AnichLabs/cxr-cnn-k8s-benchmark/data/tbx11k/imgs/tb/tb0951.png,TB,tbx11k,tb0951,adf22eae8ebe6f4d97091a07b1f3d19bccc854d7a681824d7ebfeb067455e96d
/lab/px/AnichLabs/cxr-cnn-k8s-benchmark/data/tbx11k/imgs/tb/tb0711.png,TB,tbx11k,tb0711,add77d3b9f029844198eec1159386d7f9cb89dba99bfe2cc6c879db1f9ee2888
/lab/px/AnichLabs/cxr-cnn-k8s-benchmark/data/tbx11k/imgs/tb/tb1013.png,TB,tbx11k,tb1013,8f54e739d4d906d82a57868834cf57d9b445db9093b95e486123b886d6e5cedf
/lab/px/AnichLabs/cxr-cnn-k8s-benchmark/data/tbx11k/imgs/tb/tb1012.png,TB,tbx11k,tb1012,fd866cde5f825e27f6fa502597355499bf096efd9db616fc484aee29ebfe4309
/lab/px/AnichLabs/cxr-cnn-k8s-benchmark/data/tbx11k/imgs/tb/tb1136.png,TB,tbx11k,tb1136,ebc66b4bb98108d168f7454ed4ebd1f985ff77c4b41eeefb8857b4474e0fa631
/lab/px/AnichLabs/cxr-cnn-k8s-benchmark/data/tbx11k/imgs/tb/tb0609.png,TB,tbx11k,tb0609,525c140b7d03c7ca8a05b54bec2b7dfff93ade7fb19791bad4b613c9d49bc315
/lab/px/AnichLabs/cxr-cnn-k8s-benchmark/data/tbx11k/imgs/extra/mc+shenzhen/train/CHNCXR_0374_1.png,TB,mc+shenzhen,CHNCXR_0374_1,b244ef8dbb57f7d11806ac0dc143dd16f75e2f05d31b6e121c2987a0940e0bbf
/lab/px/AnichLabs/cxr-cnn-k8s-benchmark/data/tbx11k/imgs/extra/mc+shenzhen/train/CHNCXR_0606_1.png,TB,mc+shenzhen,CHNCXR_0606_1,e445e37c28a1f79e3b735b2b13cd537e03435330d1bb3bb35c23f96e7b77af3c
/lab/px/AnichLabs/cxr-cnn-k8s-benchmark/data/tbx11k/imgs/tb/tb0270.png,TB,tbx11k,tb0270,d8aad3a8c1daa201309e454d674bfd11951279fbfd6456c81601e2384dd9149b
/lab/px/AnichLabs/cxr-cnn-k8s-benchmark/data/tbx11k/imgs/extra/mc+shenzhen/val/CHNCXR_0363_1.png,TB,mc+shenzhen,CHNCXR_0363_1,66b01dd1860c28fa46c492eeebf504b1134c6ca4a351ae83a21e440c01640875
/lab/px/AnichLabs/cxr-cnn-k8s-benchmark/data/tbx11k/imgs/tb/tb0762.png,TB,tbx11k,tb0762,ed52aadfc700819e2d1147760ae758a06d2220bd5a3de38a549d48a6d2e3a6ee
/lab/px/AnichLabs/cxr-cnn-k8s-benchmark/data/tbx11k/imgs/tb/tb0826.png,TB,tbx11k,tb0826,2581ccce54964721a087e6af904ac47e4d306362ad13c8d35053f848f06685f1
/lab/px/AnichLabs/cxr-cnn-k8s-benchmark/data/tbx11k/imgs/tb/tb0029.png,TB,tbx11k,tb0029,a2e8fe7d41ddbd322a98eb0cef5ee3015d77f2096847e428eb779e966a1bdcc7
/lab/px/AnichLabs/cxr-cnn-k8s-benchmark/data/tbx11k/imgs/extra/mc+shenzhen/val/CHNCXR_0558_1.png,TB,mc+shenzhen,CHNCXR_0558_1,a86723467afd2f634adc548a201ddd4a93fbcf38c443114637e63daf5e65574b
/lab/px/AnichLabs/cxr-cnn-k8s-benchmark/data/tbx11k/imgs/tb/tb0009.png,TB,tbx11k,tb0009,41a3d1550a62e2702b1b165c2ccc0d1394428a6c46d0936529b613a615e01a55
/lab/px/AnichLabs/cxr-cnn-k8s-benchmark/data/tbx11k/imgs/tb/tb0315.png,TB,tbx11k,tb0315,1cfd1169ef448dc23e7910fb48c331c013cefefaf9a434cf99182c52e7119f4c
/lab/px/AnichLabs/cxr-cnn-k8s-benchmark/data/tbx11k/imgs/tb/tb0063.png,TB,tbx11k,tb0063,64819f02c7c45207233bec67ad79029771c8976e0c29c4c981d166c8d8ad9f16
/lab/px/AnichLabs/cxr-cnn-k8s-benchmark/data/tbx11k/imgs/tb/tb0751.png,TB,tbx11k,tb0751,dc85a56e597da24e45aa1f06efd6c0f4cae6ec4ee6688fa669213b7ac6b2e018
/lab/px/AnichLabs/cxr-cnn-k8s-benchmark/data/tbx11k/imgs/tb/tb0032.png,TB,tbx11k,tb0032,4f2ad3fea5073209df20b7c139dfe2b91cd45a870d81e34386917728e6ae3024
/lab/px/AnichLabs/cxr-cnn-k8s-benchmark/data/tbx11k/imgs/tb/tb0285.png,TB,tbx11k,tb0285,deb827b9742d456d81174cadd7f44fcd54520ea3e48fded0ef04b31facd417b2
/lab/px/AnichLabs/cxr-cnn-k8s-benchmark/data/tbx11k/imgs/tb/tb0858.png,TB,tbx11k,tb0858,7db73e835d10d60bb06628647ba43a49a1bcafc4c41002c2257c2af83d7cac92
/lab/px/AnichLabs/cxr-cnn-k8s-benchmark/data/tbx11k/imgs/tb/tb0332.png,TB,tbx11k,tb0332,6fb000b1aa2ab36a860a2582ce82da981c0de2b28f358d4df652edcca28cf87b
/lab/px/AnichLabs/cxr-cnn-k8s-benchmark/data/tbx11k/imgs/tb/tb0792.png,TB,tbx11k,tb0792,19dcec07bd0349271b0eba4993f56c2f7c5ac5b684e813d649dbe71762e90879
/lab/px/AnichLabs/cxr-cnn-k8s-benchmark/data/tbx11k/imgs/extra/da+db/val/px30.jpg,TB,da+db,px30,9ee4170151caa882c9292c50e628849b4fe69b733b0db4ecdb3a9708568cbf8a
/lab/px/AnichLabs/cxr-cnn-k8s-benchmark/data/tbx11k/imgs/tb/tb0326.png,TB,tbx11k,tb0326,c72d17834b4157711e1a2596309e0e9957669fde90207af5e2ba00228f43e09d
/lab/px/AnichLabs/cxr-cnn-k8s-benchmark/data/tbx11k/imgs/extra/mc+shenzhen/val/CHNCXR_0355_1.png,TB,mc+shenzhen,CHNCXR_0355_1,817c4968085ba0245747e161c3e09dc868a2435a0012a9047c2d3c99f967fb4e
/lab/px/AnichLabs/cxr-cnn-k8s-benchmark/data/tbx11k/imgs/tb/tb0934.png,TB,tbx11k,tb0934,00080f360ecff3fbd2153c7cb8c922c07735186a8805efd64a4388cc55f79561
/lab/px/AnichLabs/cxr-cnn-k8s-benchmark/data/tbx11k/imgs/tb/tb0895.png,TB,tbx11k,tb0895,7371e5d946e66ad9e371fef26908ec6c7e94aa9914ba45fe141e4d3d56bf5033
/lab/px/AnichLabs/cxr-cnn-k8s-benchmark/data/tbx11k/imgs/extra/mc+shenzhen/train/CHNCXR_0403_1.png,TB,mc+shenzhen,CHNCXR_0403_1,b59c1a8b29fb7c37404a5270b2836be18ea07ed7c4ff289f7c2f99161cfa5d23
/lab/px/AnichLabs/cxr-cnn-k8s-benchmark/data/tbx11k/imgs/tb/tb0166.png,TB,tbx11k,tb0166,c01babd8f13451681165ac088b00d225044446f179154a67f0471fa5444113c1
/lab/px/AnichLabs/cxr-cnn-k8s-benchmark/data/tbx11k/imgs/tb/tb1093.png,TB,tbx11k,tb1093,041ebd40454c20a1b41b223fb6e456c6c8898a50756e969a747b448de6737c11
/lab/px/AnichLabs/cxr-cnn-k8s-benchmark/data/tbx11k/imgs/extra/da+db/val/px6.jpg,TB,da+db,px6,daee92e18ce3dbb5109289157e58f6b29e1547117d8fdffd201b46fcb2d3db76
/lab/px/AnichLabs/cxr-cnn-k8s-benchmark/data/tbx11k/imgs/tb/tb0434.png,TB,tbx11k,tb0434,fb135f44e309356cf9aa2f9f5dac2aafc4afa4b8e59271f79144ca29297b9b14
/lab/px/AnichLabs/cxr-cnn-k8s-benchmark/data/tbx11k/imgs/tb/tb0695.png,TB,tbx11k,tb0695,54221c76acd8a041034a2156987999efe8af35a677f22cfe12db929aedfaf12c
/lab/px/AnichLabs/cxr-cnn-k8s-benchmark/data/tbx11k/imgs/tb/tb1082.png,TB,tbx11k,tb1082,4a3ffb33624bdf0bfbdc5b8fd4748587d16533730dad6ec6ffc0b259e284e08c
/lab/px/AnichLabs/cxr-cnn-k8s-benchmark/data/tbx11k/imgs/tb/tb0749.png,TB,tbx11k,tb0749,d53e13d30411a602b300b5061c9ec211cd8caca6d31c56ce67851bc1a148565a
/lab/px/AnichLabs/cxr-cnn-k8s-benchmark/data/tbx11k/imgs/tb/tb0294.png,TB,tbx11k,tb0294,9c681f0801696a7edb55a23a3c7dd5851796851e078a6cdbd6412d39ec377e88
/lab/px/AnichLabs/cxr-cnn-k8s-benchmark/data/tbx11k/imgs/tb/tb0797.png,TB,tbx11k,tb0797,63499f263f05270c414f935f7c3850657edca61e24f4707dd3e6ad164b86351b
/lab/px/AnichLabs/cxr-cnn-k8s-benchmark/data/tbx11k/imgs/tb/tb0274.png,TB,tbx11k,tb0274,44ce4be4bd01ffb01a9fad9d50d7073e59a4b059a59b11da5070ea1879f23ac1
/lab/px/AnichLabs/cxr-cnn-k8s-benchmark/data/tbx11k/imgs/extra/da+db/val/px48.jpg,TB,da+db,px48,95d5b7de9ff4e5230c74ee86d1fa5416e5c507f0a1d0a0cb908b0e39f6ae24a3
/lab/px/AnichLabs/cxr-cnn-k8s-benchmark/data/tbx11k/imgs/tb/tb0668.png,TB,tbx11k,tb0668,b182b72ed0e7c3860aa0c8965e7845478ebb17b5d4c0164abe50091bff6eca45
/lab/px/AnichLabs/cxr-cnn-k8s-benchmark/data/tbx11k/imgs/tb/tb0184.png,TB,tbx11k,tb0184,85fc1a15d6fabdb4769456840e2886f693af9ac734c056d32b8401147bf91f2b
/lab/px/AnichLabs/cxr-cnn-k8s-benchmark/data/tbx11k/imgs/extra/mc+shenzhen/train/CHNCXR_0645_1.png,TB,mc+shenzhen,CHNCXR_0645_1,cd0362bed5b9c99e9e13cd4a8aa84badc321b14a530cd210940c7fb5d3a87dcc
/lab/px/AnichLabs/cxr-cnn-k8s-benchmark/data/tbx11k/imgs/extra/mc+shenzhen/train/CHNCXR_0471_1.png,TB,mc+shenzhen,CHNCXR_0471_1,075938da6efea2e9cdaa39f0e3c163d23bbd317e602207389b51de1972b36ffa
/lab/px/AnichLabs/cxr-cnn-k8s-benchmark/data/tbx11k/imgs/extra/mc+shenzhen/val/CHNCXR_0508_1.png,TB,mc+shenzhen,CHNCXR_0508_1,cda24cb27beb3aaee25c7243e4d01559a5f8ceecc10f474e3c78576579b88ad2
/lab/px/AnichLabs/cxr-cnn-k8s-benchmark/data/tbx11k/imgs/tb/tb0080.png,TB,tbx11k,tb0080,5c2fc6d64cf7e57a2250d913019bf2d5ecbaf90240fe5e3482605d1889d837f5
/lab/px/AnichLabs/cxr-cnn-k8s-benchmark/data/tbx11k/imgs/extra/mc+shenzhen/val/CHNCXR_0592_1.png,TB,mc+shenzhen,CHNCXR_0592_1,113e433bc622a95d428e7377d62155f743ae0c5fba39785a49069c121be35be9
/lab/px/AnichLabs/cxr-cnn-k8s-benchmark/data/tbx11k/imgs/tb/tb0283.png,TB,tbx11k,tb0283,faac7845bede831bf11816025b38d8f3e25cc9b788c38e127e7bf998ed74be7d
/lab/px/AnichLabs/cxr-cnn-k8s-benchmark/data/tbx11k/imgs/tb/tb0047.png,TB,tbx11k,tb0047,42c17395ffa210b30d827f0358d553889416f8529b0e351c22930a7cff4c121d
/lab/px/AnichLabs/cxr-cnn-k8s-benchmark/data/tbx11k/imgs/tb/tb0088.png,TB,tbx11k,tb0088,6cf6858f771803288a22f0f3c3e98f8523f48c9c7fafe1754745d7e981be7a6e
/lab/px/AnichLabs/cxr-cnn-k8s-benchmark/data/tbx11k/imgs/tb/tb0322.png,TB,tbx11k,tb0322,aa15d24b7f0747cb718062ccaea7b7a184d4da59912460a34efe72eae264e91e
/lab/px/AnichLabs/cxr-cnn-k8s-benchmark/data/tbx11k/imgs/extra/mc+shenzhen/val/CHNCXR_0658_1.png,TB,mc+shenzhen,CHNCXR_0658_1,367ef2155524f06b6b4183ea9486cbe5837c599ff926ac8e7139974008488bb8
/lab/px/AnichLabs/cxr-cnn-k8s-benchmark/data/tbx11k/imgs/tb/tb0260.png,TB,tbx11k,tb0260,d16bd9cbc5b3ba126a1fa6bf58c7b997e4377115c319cf702accef59ff828c25
/lab/px/AnichLabs/cxr-cnn-k8s-benchmark/data/tbx11k/imgs/tb/tb0964.png,TB,tbx11k,tb0964,58fc838ce1b88b5cb702793217fb0c1d409a928ddb752fa72e312acd3ecbd8f8
/lab/px/AnichLabs/cxr-cnn-k8s-benchmark/data/tbx11k/imgs/tb/tb0897.png,TB,tbx11k,tb0897,93bc42b2b61947c08184bb2d2e58ecc60371b5621657c805668393379b05d8c1
/lab/px/AnichLabs/cxr-cnn-k8s-benchmark/data/tbx11k/imgs/extra/da+db/train/px19.jpg,TB,da+db,px19,ed1ff5e6e684e7b98411aaa01856995524c9c275361b0c19fbee7760e238c821
/lab/px/AnichLabs/cxr-cnn-k8s-benchmark/data/tbx11k/imgs/tb/tb0228.png,TB,tbx11k,tb0228,92dd466fbf2282145695eccd3f8983b4b823a1046094ef3de4c4dd8c8844eb7d
/lab/px/AnichLabs/cxr-cnn-k8s-benchmark/data/tbx11k/imgs/tb/tb0066.png,TB,tbx11k,tb0066,8158177f4e8b4d03532bc3706754fab907edf14653a0ab3031083db8aec733c1
/lab/px/AnichLabs/cxr-cnn-k8s-benchmark/data/tbx11k/imgs/tb/tb0684.png,TB,tbx11k,tb0684,0ac7723710d50ab078b95bad5a18946453f147ab9d6338f5b0cf61eed13aa47e
/lab/px/AnichLabs/cxr-cnn-k8s-benchmark/data/tbx11k/imgs/tb/tb0317.png,TB,tbx11k,tb0317,f5c36d17fff23d8fe728ac87fbb030a2a9de4d42579a59add97e3d648c90daa8
/lab/px/AnichLabs/cxr-cnn-k8s-benchmark/data/tbx11k/imgs/tb/tb0898.png,TB,tbx11k,tb0898,d3fb9a193eb6f95069b35bd8042418b2f0213d0025cd5be9ff9170bcc8add580
/lab/px/AnichLabs/cxr-cnn-k8s-benchmark/data/tbx11k/imgs/tb/tb0443.png,TB,tbx11k,tb0443,54021cd104b75db17edbef72c4067e57f59d4408f85b32200c560763c28116ce
/lab/px/AnichLabs/cxr-cnn-k8s-benchmark/data/tbx11k/imgs/extra/mc+shenzhen/train/CHNCXR_0597_1.png,TB,mc+shenzhen,CHNCXR_0597_1,4cae1af583e4b59f545d3be9c82cccda4657a73304fffa20227546aef5408983
/lab/px/AnichLabs/cxr-cnn-k8s-benchmark/data/tbx11k/imgs/tb/tb0607.png,TB,tbx11k,tb0607,83a0dcd1ef3574da5a76da325e8b88575e34f27d1e7a96da269863bdfe0310c0
/lab/px/AnichLabs/cxr-cnn-k8s-benchmark/data/tbx11k/imgs/tb/tb0042.png,TB,tbx11k,tb0042,32dfa195fdd4ac272598aaadc4de910d4ebce892e9a460bca414020a828f2d6b
/lab/px/AnichLabs/cxr-cnn-k8s-benchmark/data/tbx11k/imgs/tb/tb0132.png,TB,tbx11k,tb0132,4e02b847c7ab3a5466f2546e11b9b50c0af4d9cd50ea2fd1a1cfc22090e32afc
/lab/px/AnichLabs/cxr-cnn-k8s-benchmark/data/tbx11k/imgs/tb/tb0678.png,TB,tbx11k,tb0678,9186f7fb6af3f1cbc8573eab3a10e66c3517ce1dc6c4fd8bb05f1f144c1b1a1f
/lab/px/AnichLabs/cxr-cnn-k8s-benchmark/data/tbx11k/imgs/tb/tb0250.png,TB,tbx11k,tb0250,6e111682ee60134d674bda8be8161ee8243446a0551223ffb1b8101d3e9c060d
/lab/px/AnichLabs/cxr-cnn-k8s-benchmark/data/tbx11k/imgs/tb/tb1022.png,TB,tbx11k,tb1022,0167350c15bf909ae1bac968996f67f12d7dfcd2e3edc6135dd41ef657487d14
/lab/px/AnichLabs/cxr-cnn-k8s-benchmark/data/tbx11k/imgs/tb/tb0449.png,TB,tbx11k,tb0449,7f9737fcedd4f150d03c0221d411e59ddf65321f2c3598323567e1f495ff204b
/lab/px/AnichLabs/cxr-cnn-k8s-benchmark/data/tbx11k/imgs/tb/tb0324.png,TB,tbx11k,tb0324,d68cb5d6f535b303bad94203c88193a22b9cfd448b3565110ea50dae51c743b3
/lab/px/AnichLabs/cxr-cnn-k8s-benchmark/data/tbx11k/imgs/tb/tb0128.png,TB,tbx11k,tb0128,204638288df3b960833c8cdf668f88b78c73e9c52b9ffdacaadc4d76c79efb5f
/lab/px/AnichLabs/cxr-cnn-k8s-benchmark/data/tbx11k/imgs/extra/mc+shenzhen/val/CHNCXR_0412_1.png,TB,mc+shenzhen,CHNCXR_0412_1,8f7a83b992d30f7d648ac46624f18b487ba8e24b2742f5a6de0079e04e13f60e
/lab/px/AnichLabs/cxr-cnn-k8s-benchmark/data/tbx11k/imgs/tb/tb0660.png,TB,tbx11k,tb0660,cd8571aa889c05e1cf319efe9fcb76f2eb51309372cc353947443ab849a7b039
/lab/px/AnichLabs/cxr-cnn-k8s-benchmark/data/tbx11k/imgs/extra/da+db/train/px4.jpg,TB,da+db,px4,0e28cb8015b163f56efe6a47bde2e2091502461005595f04fb91586678fe3f03
/lab/px/AnichLabs/cxr-cnn-k8s-benchmark/data/tbx11k/imgs/extra/mc+shenzhen/train/MCUCXR_0352_1.png,TB,mc+shenzhen,MCUCXR_0352_1,6c23db0a9beb4e5e986326a885c2cd1e041aa8358786ece5dfda2cbec12ba934
/lab/px/AnichLabs/cxr-cnn-k8s-benchmark/data/tbx11k/imgs/tb/tb0664.png,TB,tbx11k,tb0664,290d7572c8f2b8290ced3c2f256ba851c5544656c1bb8fd4f8ad0f71a357ced5
/lab/px/AnichLabs/cxr-cnn-k8s-benchmark/data/tbx11k/imgs/tb/tb0581.png,TB,tbx11k,tb0581,5a9752ec64dedc13703360f6d096647b25edd92846e90c163cf55d302732e90d
/lab/px/AnichLabs/cxr-cnn-k8s-benchmark/data/tbx11k/imgs/tb/tb0124.png,TB,tbx11k,tb0124,e46f6acef1afec9d9a436c7e222da813dd0f96b98dfd73afd492e578bfbf9c70
/lab/px/AnichLabs/cxr-cnn-k8s-benchmark/data/tbx11k/imgs/tb/tb0305.png,TB,tbx11k,tb0305,f38acb14230d633ab6bc4a1fc5c3ff0584636a2c0458330cc507d9a822f92268
/lab/px/AnichLabs/cxr-cnn-k8s-benchmark/data/tbx11k/imgs/tb/tb0234.png,TB,tbx11k,tb0234,2c87c78a58ab1d5f95fb7ecf3e65af6a095f2cac8b0c8f9892fe8ced4e2c7815
/lab/px/AnichLabs/cxr-cnn-k8s-benchmark/data/tbx11k/imgs/extra/mc+shenzhen/val/CHNCXR_0466_1.png,TB,mc+shenzhen,CHNCXR_0466_1,956ace673a4699adfb6229711b21421b3287f52c3c13566591ba98e80a6e4471
/lab/px/AnichLabs/cxr-cnn-k8s-benchmark/data/tbx11k/imgs/tb/tb0622.png,TB,tbx11k,tb0622,063ade518424ce03960f88aaf05206d0a2f201023046c7d3e48b5f1fed610cbf
/lab/px/AnichLabs/cxr-cnn-k8s-benchmark/data/tbx11k/imgs/tb/tb0713.png,TB,tbx11k,tb0713,81060ac8e036afe1cf7dec7c645bb4372f55b6d3acee2fa3a5e2e86b4e8bb256
/lab/px/AnichLabs/cxr-cnn-k8s-benchmark/data/tbx11k/imgs/extra/da+db/val/p10.png,TB,da+db,p10,5984e6f2defd98cf1c8a69da6ddda3088c1bb6f5507f507c326d7b56fbc3e2e3
/lab/px/AnichLabs/cxr-cnn-k8s-benchmark/data/tbx11k/imgs/tb/tb0843.png,TB,tbx11k,tb0843,5e4be97947ba8d2451b2fcbd39cc7a18a4dfc03b2d9bfe8b4c2a231dcea056ec
/lab/px/AnichLabs/cxr-cnn-k8s-benchmark/data/tbx11k/imgs/tb/tb0816.png,TB,tbx11k,tb0816,2a41d0cfcac4ce7716a506a2d20358113b1d4826aa8542dcfa8c0c8fd52b8101
/lab/px/AnichLabs/cxr-cnn-k8s-benchmark/data/tbx11k/imgs/extra/mc+shenzhen/val/CHNCXR_0519_1.png,TB,mc+shenzhen,CHNCXR_0519_1,6d932ba3a85e0bbf697f80640ea57885976458b4a7f0339853fa5f4bd9cb5e3f
/lab/px/AnichLabs/cxr-cnn-k8s-benchmark/data/tbx11k/imgs/tb/tb0365.png,TB,tbx11k,tb0365,5e368657216b537136dae2bc5786625fe57ba373d069ba2bddb6023cb4496ea8
/lab/px/AnichLabs/cxr-cnn-k8s-benchmark/data/tbx11k/imgs/tb/tb1029.png,TB,tbx11k,tb1029,5e82ce85ee0bdea6190443478a4690b9d12b3ce1b842974cee608e56179cdc8e
/lab/px/AnichLabs/cxr-cnn-k8s-benchmark/data/tbx11k/imgs/extra/da+db/val/px15.jpg,TB,da+db,px15,7961b950679dd83f6ba587af6c9e7c8d4d51b0f0f5db9e14b6386ae1c542ea2f
/lab/px/AnichLabs/cxr-cnn-k8s-benchmark/data/tbx11k/imgs/tb/tb0715.png,TB,tbx11k,tb0715,a460011a93d801ca4eded3b9b8152c5fc63bd85e0dcddf95f4bdbd86bc3c2807
/lab/px/AnichLabs/cxr-cnn-k8s-benchmark/data/tbx11k/imgs/extra/mc+shenzhen/train/CHNCXR_0564_1.png,TB,mc+shenzhen,CHNCXR_0564_1,303044f047109eefbfbc13e5cc341ed2f1beec9dba83e2007a158a046887ec0c
/lab/px/AnichLabs/cxr-cnn-k8s-benchmark/data/tbx11k/imgs/tb/tb0887.png,TB,tbx11k,tb0887,7bc6bd59eda1c6f53bfcda40306a0592b3e9fc7be61cea20011ac6f617fb0626
/lab/px/AnichLabs/cxr-cnn-k8s-benchmark/data/tbx11k/imgs/tb/tb1075.png,TB,tbx11k,tb1075,6457872541b082e04f0db0d32b357c781f4c744848956c289bff53ddd94c6cc3
/lab/px/AnichLabs/cxr-cnn-k8s-benchmark/data/tbx11k/imgs/extra/mc+shenzhen/val/MCUCXR_0255_1.png,TB,mc+shenzhen,MCUCXR_0255_1,b62914396fa82837a1398e4b79d8682f2049b825f48b61c5e3c50fd138191ca0
/lab/px/AnichLabs/cxr-cnn-k8s-benchmark/data/tbx11k/imgs/tb/tb0049.png,TB,tbx11k,tb0049,4efb2dd0aa767a35b6eb8a428d8aff9fdca7df3e20994392acbc8131a77aa221
/lab/px/AnichLabs/cxr-cnn-k8s-benchmark/data/tbx11k/imgs/tb/tb0330.png,TB,tbx11k,tb0330,3962d3d39069b7876234ba850fbf58015f9961b221cad153b1922c99f43cb5b8
/lab/px/AnichLabs/cxr-cnn-k8s-benchmark/data/tbx11k/imgs/tb/tb1006.png,TB,tbx11k,tb1006,25eac0bf86c320e05eadacc2a323d20b3ac77eb5d702918a2247c952b0638012
/lab/px/AnichLabs/cxr-cnn-k8s-benchmark/data/tbx11k/imgs/tb/tb0985.png,TB,tbx11k,tb0985,f0b55409bde5cc727c5ec8a2062f6ca4481876b6bb4b7081a0dd15b76ade56a9
/lab/px/AnichLabs/cxr-cnn-k8s-benchmark/data/tbx11k/imgs/tb/tb0621.png,TB,tbx11k,tb0621,c56ec33c548398d495e807a78f4aaf29866ce9dad19cf07cba6ebae34de24c3c
/lab/px/AnichLabs/cxr-cnn-k8s-benchmark/data/tbx11k/imgs/tb/tb1073.png,TB,tbx11k,tb1073,2cf5f12b1662c016a7127a42ed6ae3966f6e59447521c36e772da9f468fb3801
/lab/px/AnichLabs/cxr-cnn-k8s-benchmark/data/tbx11k/imgs/tb/tb0364.png,TB,tbx11k,tb0364,1788eb595016db92f10d25df7455d9fc7799eaaf723203468911c6fc0598a508
/lab/px/AnichLabs/cxr-cnn-k8s-benchmark/data/tbx11k/imgs/extra/mc+shenzhen/val/CHNCXR_0390_1.png,TB,mc+shenzhen,CHNCXR_0390_1,e4017c0b38d8960d4474d5251a49bbe8525bedc2368940ec119b6f440d26540c
/lab/px/AnichLabs/cxr-cnn-k8s-benchmark/data/tbx11k/imgs/tb/tb0965.png,TB,tbx11k,tb0965,f68b028acfdc8aa6eb39bd9934b8a76edf7843d08c1b4721f23131291a589bbd
/lab/px/AnichLabs/cxr-cnn-k8s-benchmark/data/tbx11k/imgs/tb/tb0693.png,TB,tbx11k,tb0693,fa7646f2e5f5453f0e145d82e259e2cbe7956fde3a663475f64f3a4ddec1092b
/lab/px/AnichLabs/cxr-cnn-k8s-benchmark/data/tbx11k/imgs/tb/tb0527.png,TB,tbx11k,tb0527,a82e48ea8c3b82208f8a123af7fbcb988c45af0c0ea8a55fd76457959ec3417f
/lab/px/AnichLabs/cxr-cnn-k8s-benchmark/data/tbx11k/imgs/tb/tb0085.png,TB,tbx11k,tb0085,082fec15a84f75e7c57eecf42432f5ada3b23eefcd68fe34fdc5ecd6df6f677a
/lab/px/AnichLabs/cxr-cnn-k8s-benchmark/data/tbx11k/imgs/tb/tb0286.png,TB,tbx11k,tb0286,59ae862aab3517c2336fae1814c9096cce6450c72d46f67f1b15edbe704b8ab6
/lab/px/AnichLabs/cxr-cnn-k8s-benchmark/data/tbx11k/imgs/extra/da+db/train/p1.png,TB,da+db,p1,9d8c8bb3bba0268a273e921fa9f081b1d4fbb4d1d6e2d66998d40721d39287e4
/lab/px/AnichLabs/cxr-cnn-k8s-benchmark/data/tbx11k/imgs/tb/tb0352.png,TB,tbx11k,tb0352,0c8c8c1f1fcfd0cbb63425263b0166d49305c244d6c8405d059fdf5233c529ef
/lab/px/AnichLabs/cxr-cnn-k8s-benchmark/data/tbx11k/imgs/tb/tb0216.png,TB,tbx11k,tb0216,c92aaec1b3f3aa33f8cdcb14b760a0d21ebf44b2637ec9ea7d19595dc0b15c13
/lab/px/AnichLabs/cxr-cnn-k8s-benchmark/data/tbx11k/imgs/tb/tb0380.png,TB,tbx11k,tb0380,fb809e625b722aaafcc1ba5d920d12b324cb9c7ce188ea518fae81e878e2e775
/lab/px/AnichLabs/cxr-cnn-k8s-benchmark/data/tbx11k/imgs/tb/tb0619.png,TB,tbx11k,tb0619,ae4ffb79b3215072ca335d65b016439b4d23171a0f399eb4bf2e49eb5eb482d4
/lab/px/AnichLabs/cxr-cnn-k8s-benchmark/data/tbx11k/imgs/tb/tb0543.png,TB,tbx11k,tb0543,a31b5a399f97df783eec875c87604ad953cc7f35f30a0bcee1b68149c478476f
/lab/px/AnichLabs/cxr-cnn-k8s-benchmark/data/tbx11k/imgs/extra/mc+shenzhen/train/CHNCXR_0638_1.png,TB,mc+shenzhen,CHNCXR_0638_1,41ab1cac01d13d17511cd31775af3f60898e16dbfba50075f6accdf3bb7a8a44
/lab/px/AnichLabs/cxr-cnn-k8s-benchmark/data/tbx11k/imgs/tb/tb0945.png,TB,tbx11k,tb0945,0916123390062a08b83eda4a728c812342baa51fb55ccd44be865b0a79a73be3
/lab/px/AnichLabs/cxr-cnn-k8s-benchmark/data/tbx11k/imgs/extra/mc+shenzhen/train/CHNCXR_0419_1.png,TB,mc+shenzhen,CHNCXR_0419_1,70c30792c70f393721abc772c7061e2704df7a089dc298886b8e7a93b2a2cebc
/lab/px/AnichLabs/cxr-cnn-k8s-benchmark/data/tbx11k/imgs/tb/tb1000.png,TB,tbx11k,tb1000,ffebc519fbb76c3db1159f70afe00f7755656d1fb3b225beec3a24fb594bddb4
/lab/px/AnichLabs/cxr-cnn-k8s-benchmark/data/tbx11k/imgs/tb/tb0386.png,TB,tbx11k,tb0386,e9fc613833e2b82ca9bc5abe5b78f18ff392202709860d8188e87c2ed9f6682b
/lab/px/AnichLabs/cxr-cnn-k8s-benchmark/data/tbx11k/imgs/extra/mc+shenzhen/train/CHNCXR_0580_1.png,TB,mc+shenzhen,CHNCXR_0580_1,07ffb10114733cc61f2ea94c5ed0a0c591d3b52d4511abefecc1946e77e8f739
/lab/px/AnichLabs/cxr-cnn-k8s-benchmark/data/tbx11k/imgs/tb/tb0006.png,TB,tbx11k,tb0006,15a20bc53546603b2f2bd9af5506a3f142686f39420d26fbdbcb43b479b86153
/lab/px/AnichLabs/cxr-cnn-k8s-benchmark/data/tbx11k/imgs/tb/tb0907.png,TB,tbx11k,tb0907,66d61f77c3afa523797277bd55b0dd08245bcacf89584d8315f8d75e0c0d25d4
/lab/px/AnichLabs/cxr-cnn-k8s-benchmark/data/tbx11k/imgs/tb/tb0970.png,TB,tbx11k,tb0970,cee7fe5ef4999480920710adb8fe19821163c3572bc3045b53b1491e805a8c70
/lab/px/AnichLabs/cxr-cnn-k8s-benchmark/data/tbx11k/imgs/tb/tb0860.png,TB,tbx11k,tb0860,c2658465c475a90f22e96a34e6a79ab43aab62c4d8dc537dc1479f5d8b802390
/lab/px/AnichLabs/cxr-cnn-k8s-benchmark/data/tbx11k/imgs/tb/tb0409.png,TB,tbx11k,tb0409,84ffe4e01127881da07bd0c838871731a32548d664f606d0e2d7f54915459035
/lab/px/AnichLabs/cxr-cnn-k8s-benchmark/data/tbx11k/imgs/tb/tb0824.png,TB,tbx11k,tb0824,0c4d083336b497d39efd6109b4ee41aa9749f9bc5950cfaafadd19133080f2a8
/lab/px/AnichLabs/cxr-cnn-k8s-benchmark/data/tbx11k/imgs/tb/tb0134.png,TB,tbx11k,tb0134,66bed095f6ad79f819b49ea94d1547a2ed0cfc86bdfb9cc73df53aeccd0f0dc6
/lab/px/AnichLabs/cxr-cnn-k8s-benchmark/data/tbx11k/imgs/tb/tb0821.png,TB,tbx11k,tb0821,2bfbeed506fd581eaad35d9ddefbd68674e0e7893b6cfe39696dc4f461c10e72
/lab/px/AnichLabs/cxr-cnn-k8s-benchmark/data/tbx11k/imgs/tb/tb0900.png,TB,tbx11k,tb0900,7aec9fecb1fdb0cdd6272a11932dbc422f0f49e2f6986952414505aa0164585c
/lab/px/AnichLabs/cxr-cnn-k8s-benchmark/data/tbx11k/imgs/extra/mc+shenzhen/val/CHNCXR_0356_1.png,TB,mc+shenzhen,CHNCXR_0356_1,b1014337cb4e0c08600621ddaee0aabe1e1c62c21827f86b1b6b6c3175d8cfc6
/lab/px/AnichLabs/cxr-cnn-k8s-benchmark/data/tbx11k/imgs/tb/tb0193.png,TB,tbx11k,tb0193,464b11b75f3df208a11927522780eb691b8a8e15b9528ce92fbb6552d1432de1
/lab/px/AnichLabs/cxr-cnn-k8s-benchmark/data/tbx11k/imgs/extra/mc+shenzhen/train/CHNCXR_0615_1.png,TB,mc+shenzhen,CHNCXR_0615_1,ebea240e0843213b85b4417a6a5155f2afb10e0f276ab6024bb3ba43582a143e
/lab/px/AnichLabs/cxr-cnn-k8s-benchmark/data/tbx11k/imgs/extra/da+db/val/px1.jpg,TB,da+db,px1,e6ca8cddb10d976fce6bd1c8732d436e6afd891156a659325c0ec7b2bcace799
/lab/px/AnichLabs/cxr-cnn-k8s-benchmark/data/tbx11k/imgs/tb/tb0073.png,TB,tbx11k,tb0073,489cd011e112b60004d3d5535bf55c254a1b3c517acc4ae1c9e5c204d485ef79
/lab/px/AnichLabs/cxr-cnn-k8s-benchmark/data/tbx11k/imgs/tb/tb1043.png,TB,tbx11k,tb1043,72485e523a060228f353acb6f5b920df3be74267f06756650af8a9d58cc3ca26
/lab/px/AnichLabs/cxr-cnn-k8s-benchmark/data/tbx11k/imgs/extra/da+db/train/px7.jpg,TB,da+db,px7,7b65c175bc9ac384b6ea2cea1a04c74820c0e4ee599e433f02f64c8c3651b440
/lab/px/AnichLabs/cxr-cnn-k8s-benchmark/data/tbx11k/imgs/tb/tb0950.png,TB,tbx11k,tb0950,b1efd4c5524be30082dd253312576d37021ee447ffc5dada5421537e77a3db5c
/lab/px/AnichLabs/cxr-cnn-k8s-benchmark/data/tbx11k/imgs/tb/tb0955.png,TB,tbx11k,tb0955,575dbd294ecbd4e47ccd8a6fafa693e390c479061d1eb80462efce5cd1fab39f
/lab/px/AnichLabs/cxr-cnn-k8s-benchmark/data/tbx11k/imgs/tb/tb0383.png,TB,tbx11k,tb0383,a6bbe5acd3133b8749569c235af7395b658204c42743958dac76eebee1c558d2
/lab/px/AnichLabs/cxr-cnn-k8s-benchmark/data/tbx11k/imgs/tb/tb0275.png,TB,tbx11k,tb0275,34524a13a701b892998390b225d1af9e23fa7cd79577829dd503adb2e1dbc593
/lab/px/AnichLabs/cxr-cnn-k8s-benchmark/data/tbx11k/imgs/tb/tb1123.png,TB,tbx11k,tb1123,3e0e284e6e3266f035a1355f377963d271ad44129021466fceca0dcb7f1a8e15
/lab/px/AnichLabs/cxr-cnn-k8s-benchmark/data/tbx11k/imgs/tb/tb0147.png,TB,tbx11k,tb0147,dc710ed77eb860c6a4f77792ff81e724a28499d67fdccd51caa27f292b36f45d
/lab/px/AnichLabs/cxr-cnn-k8s-benchmark/data/tbx11k/imgs/extra/mc+shenzhen/train/MCUCXR_0162_1.png,TB,mc+shenzhen,MCUCXR_0162_1,60f5580bbecfde7b12f7b17d13ad9da2c083e894f76b0e37806e43343049ae40
/lab/px/AnichLabs/cxr-cnn-k8s-benchmark/data/tbx11k/imgs/tb/tb0659.png,TB,tbx11k,tb0659,800d0e90f290449b24ea162e04d8aba006a02dcd906b04aebae3645629b25cc8
/lab/px/AnichLabs/cxr-cnn-k8s-benchmark/data/tbx11k/imgs/tb/tb0690.png,TB,tbx11k,tb0690,cd242e95ef927b4efc039cf83272e7838e09192a556564cf7f409f0d417ebfab
/lab/px/AnichLabs/cxr-cnn-k8s-benchmark/data/tbx11k/imgs/tb/tb0587.png,TB,tbx11k,tb0587,17af5d996f24db34518a39fd62851e5a409d67b71a9c97f4d83287eb3582e267
/lab/px/AnichLabs/cxr-cnn-k8s-benchmark/data/tbx11k/imgs/tb/tb0495.png,TB,tbx11k,tb0495,80fa913a5d30fba158c7fffed1740f62a5296bdf5204de1f8ee892cafbe5d14a
/lab/px/AnichLabs/cxr-cnn-k8s-benchmark/data/tbx11k/imgs/tb/tb1017.png,TB,tbx11k,tb1017,b0f403da2769faf0e85a6589609f8b6948b10b235e878b8e2b7b9d4093ff6e3a
/lab/px/AnichLabs/cxr-cnn-k8s-benchmark/data/tbx11k/imgs/extra/da+db/val/px14.jpg,TB,da+db,px14,0ecdc0e72e62f153fafa32df7e07fefca3663019d792f40df23a4d8d955feb60
/lab/px/AnichLabs/cxr-cnn-k8s-benchmark/data/tbx11k/imgs/tb/tb0362.png,TB,tbx11k,tb0362,8001fe00eeab371e2801de2ac430bee595f4d1ffbb179bfb969d9cab5ad8e5b6
/lab/px/AnichLabs/cxr-cnn-k8s-benchmark/data/tbx11k/imgs/tb/tb0418.png,TB,tbx11k,tb0418,05a2b0e04bd8de82ce65850ea208cae108b9a8627eece9b030bdcc6e4a158fa7
/lab/px/AnichLabs/cxr-cnn-k8s-benchmark/data/tbx11k/imgs/tb/tb0888.png,TB,tbx11k,tb0888,6936f2279333ace1ece865cc62b266cf1f8c0538d552155366dd7ae57b075325
/lab/px/AnichLabs/cxr-cnn-k8s-benchmark/data/tbx11k/imgs/extra/da+db/train/px16.jpg,TB,da+db,px16,7eaf85af0f06434e62b5a2fe07ffafdc4f30d25db02a3885fff6e587e7298b74
/lab/px/AnichLabs/cxr-cnn-k8s-benchmark/data/tbx11k/imgs/tb/tb0090.png,TB,tbx11k,tb0090,d2321c6907f17ba2d018822943a50e4b67791f1527a817ae1c690f86505c7852
/lab/px/AnichLabs/cxr-cnn-k8s-benchmark/data/tbx11k/imgs/tb/tb0942.png,TB,tbx11k,tb0942,c581124f9d5bd8a7ee57b4bc5c375fd9c08248b19d51f8953259a078cb636c43
/lab/px/AnichLabs/cxr-cnn-k8s-benchmark/data/tbx11k/imgs/extra/mc+shenzhen/train/CHNCXR_0359_1.png,TB,mc+shenzhen,CHNCXR_0359_1,83550d72417139bd7330f4d310106076395be6d58792895b5d4d1deff2c65ffe
/lab/px/AnichLabs/cxr-cnn-k8s-benchmark/data/tbx11k/imgs/tb/tb0459.png,TB,tbx11k,tb0459,38221a804533d9193ea0c3eb53508a8b96682ca2d6ed32605a4b8a2e632f8ff2
/lab/px/AnichLabs/cxr-cnn-k8s-benchmark/data/tbx11k/imgs/tb/tb0355.png,TB,tbx11k,tb0355,a9cfb7d506000147816535c891723bf5210998e9b2f44235e10388518f5c6c6f
/lab/px/AnichLabs/cxr-cnn-k8s-benchmark/data/tbx11k/imgs/extra/da+db/val/px39.jpg,TB,da+db,px39,3896ae362d42f396b6c4cf67191b111c51e64f98d0d31e3de92bef021dc0ea5d
/lab/px/AnichLabs/cxr-cnn-k8s-benchmark/data/tbx11k/imgs/tb/tb0465.png,TB,tbx11k,tb0465,bc3fc3258536bc9bcb5a3e8e454ab7b98f7f3eda514701a58a334d82a5548e7c
/lab/px/AnichLabs/cxr-cnn-k8s-benchmark/data/tbx11k/imgs/tb/tb0069.png,TB,tbx11k,tb0069,f9590387ca863916e0ebbfbcb27c5934c1c38984f8e157c28ed31ea95784d2fb
/lab/px/AnichLabs/cxr-cnn-k8s-benchmark/data/tbx11k/imgs/tb/tb1096.png,TB,tbx11k,tb1096,b80817242d0f08cd72c5d35fb048b4d94325648075fbd0e28f663f55b6d556ea
/lab/px/AnichLabs/cxr-cnn-k8s-benchmark/data/tbx11k/imgs/tb/tb0100.png,TB,tbx11k,tb0100,2a3b21597eca3610c8c47f6e56b20884222af46ac76e0cf776c87145fafb4303
/lab/px/AnichLabs/cxr-cnn-k8s-benchmark/data/tbx11k/imgs/tb/tb1162.png,TB,tbx11k,tb1162,bdc13aa14b61687fc828f8d254e5bd1e164472281e0d599a5ff31e0d594eba07
/lab/px/AnichLabs/cxr-cnn-k8s-benchmark/data/tbx11k/imgs/tb/tb0851.png,TB,tbx11k,tb0851,4990cfe8bf9a440b94a193f37c3f787f43033af5d92ff2b4029d788c493b79cb
/lab/px/AnichLabs/cxr-cnn-k8s-benchmark/data/tbx11k/imgs/tb/tb1003.png,TB,tbx11k,tb1003,ac4c710d4c6185ceafdadc9bb18dddd242fb8ae0aec85c4289b857ca567b53f3
/lab/px/AnichLabs/cxr-cnn-k8s-benchmark/data/tbx11k/imgs/tb/tb1064.png,TB,tbx11k,tb1064,f63c1f338a78f0ad4cdc320bf392633777285896ad5ad32ef34f88b07fdb5b84
/lab/px/AnichLabs/cxr-cnn-k8s-benchmark/data/tbx11k/imgs/tb/tb0720.png,TB,tbx11k,tb0720,90f16b0618703f0d8d739f3b8e2df3f831547da3ae856bddb3f61aa5ea3ac961
/lab/px/AnichLabs/cxr-cnn-k8s-benchmark/data/tbx11k/imgs/tb/tb0783.png,TB,tbx11k,tb0783,2ee9bcec21f1ec6c97083eea2a1a7139808fd5138f81c3fefc6fb8a317006648
/lab/px/AnichLabs/cxr-cnn-k8s-benchmark/data/tbx11k/imgs/tb/tb0837.png,TB,tbx11k,tb0837,6a7f6fc911753331564fb5981221ef2578849d3063fb4a8cea728d560d6db95e
/lab/px/AnichLabs/cxr-cnn-k8s-benchmark/data/tbx11k/imgs/tb/tb0909.png,TB,tbx11k,tb0909,e460f87ba8e27ea0c135d245fc8786f56b9f38e112ac3167f256abe399df1838
/lab/px/AnichLabs/cxr-cnn-k8s-benchmark/data/tbx11k/imgs/tb/tb0137.png,TB,tbx11k,tb0137,c0a7968fbbd32783e1e82c676337751a12ee4a0474b2b17a30d87bc21e456a3f
/lab/px/AnichLabs/cxr-cnn-k8s-benchmark/data/tbx11k/imgs/extra/mc+shenzhen/train/CHNCXR_0637_1.png,TB,mc+shenzhen,CHNCXR_0637_1,a68e2226ea1abc6c0e90bcecdccbe761b872ec457d9a405e7b32e98186773202
/lab/px/AnichLabs/cxr-cnn-k8s-benchmark/data/tbx11k/imgs/extra/mc+shenzhen/val/CHNCXR_0376_1.png,TB,mc+shenzhen,CHNCXR_0376_1,742c8d0355222d89ac988c72a1d22392ab603093f4ef4e473360545b24155fa7
/lab/px/AnichLabs/cxr-cnn-k8s-benchmark/data/tbx11k/imgs/tb/tb0456.png,TB,tbx11k,tb0456,a2fe52f6b4aaab0dfcb5dddc74b3c24d8a318585001c2c775248d6b803d595e5
/lab/px/AnichLabs/cxr-cnn-k8s-benchmark/data/tbx11k/imgs/tb/tb0174.png,TB,tbx11k,tb0174,04e6501354189ebe6e9f6dffd52fc01a693175b8322792355c6c27da99ff455a
/lab/px/AnichLabs/cxr-cnn-k8s-benchmark/data/tbx11k/imgs/tb/tb0542.png,TB,tbx11k,tb0542,a9ddc62dcaa8ff24318238c2cb5cc0d991e2abcfb5b9fe2c45c087a93fe81e6f
/lab/px/AnichLabs/cxr-cnn-k8s-benchmark/data/tbx11k/imgs/tb/tb0702.png,TB,tbx11k,tb0702,c559e11692e36c82760b748b47e90a4114cfb801529efce7f561b28f5dc54bfa
/lab/px/AnichLabs/cxr-cnn-k8s-benchmark/data/tbx11k/imgs/tb/tb1008.png,TB,tbx11k,tb1008,dae9b762655cc70c5934c873f2c597d392102b7c75e0524de03ae9e19902aabc
/lab/px/AnichLabs/cxr-cnn-k8s-benchmark/data/tbx11k/imgs/extra/mc+shenzhen/train/MCUCXR_0243_1.png,TB,mc+shenzhen,MCUCXR_0243_1,2d9303cdc2b21d98d2808d8c85a470052a84a412a5e51a59153a2df73fc688db
/lab/px/AnichLabs/cxr-cnn-k8s-benchmark/data/tbx11k/imgs/tb/tb0299.png,TB,tbx11k,tb0299,9b217b467f88e75540bd5e8c9c54cb79f71ed26a1666d185f373fad9dcd3df7f
/lab/px/AnichLabs/cxr-cnn-k8s-benchmark/data/tbx11k/imgs/extra/mc+shenzhen/val/CHNCXR_0571_1.png,TB,mc+shenzhen,CHNCXR_0571_1,1fb87013b1233eaf7f5e0e93ff376ef90def3a69a111e9368a116ba5ab915bec
/lab/px/AnichLabs/cxr-cnn-k8s-benchmark/data/tbx11k/imgs/tb/tb0433.png,TB,tbx11k,tb0433,0d302541dd1366f41321b0760a35247a9b6d12e86fb1a38bdaac0d0036647879
/lab/px/AnichLabs/cxr-cnn-k8s-benchmark/data/tbx11k/imgs/tb/tb0729.png,TB,tbx11k,tb0729,5630808b82888d76a76e09f059572771ebacd4474ae4f15d2e07b389cbd64943
/lab/px/AnichLabs/cxr-cnn-k8s-benchmark/data/tbx11k/imgs/tb/tb0647.png,TB,tbx11k,tb0647,83a528824a12f25ffc41add39fa137a0d6b2eb2b70b5b7c2458622fdc2b50c03
/lab/px/AnichLabs/cxr-cnn-k8s-benchmark/data/tbx11k/imgs/tb/tb0077.png,TB,tbx11k,tb0077,566dc6e2d1a42aeaabcd4f0b18b2d3eeddad26f21a1376a4b86bc12681a0b4b3
/lab/px/AnichLabs/cxr-cnn-k8s-benchmark/data/tbx11k/imgs/extra/mc+shenzhen/train/MCUCXR_0275_1.png,TB,mc+shenzhen,MCUCXR_0275_1,307114eed747e173f35f330d57f36f5e9a8c9ed58949abe9cd9f613b4e8b5600
/lab/px/AnichLabs/cxr-cnn-k8s-benchmark/data/tbx11k/imgs/tb/tb0353.png,TB,tbx11k,tb0353,8117400a848f957be0b3bbfc826a47d3e9aab813e059e077d046927bc9bc680d
/lab/px/AnichLabs/cxr-cnn-k8s-benchmark/data/tbx11k/imgs/extra/mc+shenzhen/val/CHNCXR_0492_1.png,TB,mc+shenzhen,CHNCXR_0492_1,3e2a1b95c908f2e77e9388abbcd9efef2cd8c3ecf1b9d86033b1b29331445b7a
/lab/px/AnichLabs/cxr-cnn-k8s-benchmark/data/tbx11k/imgs/extra/da+db/val/p21.png,TB,da+db,p21,2be8aa3be0c12604850c5edc10110e5ee3fea11fc39f4482475cfdf5456f6f78
/lab/px/AnichLabs/cxr-cnn-k8s-benchmark/data/tbx11k/imgs/extra/mc+shenzhen/train/CHNCXR_0562_1.png,TB,mc+shenzhen,CHNCXR_0562_1,e3b682f70dbc8d872c0ff900604db1bfd96e1a181d14ab37d22109814db8a764
/lab/px/AnichLabs/cxr-cnn-k8s-benchmark/data/tbx11k/imgs/tb/tb0576.png,TB,tbx11k,tb0576,2c1aacab8fdcfbe2f7b3606105eb4c99e6ff88c7ce61431932e24a2d4c0deb1d
/lab/px/AnichLabs/cxr-cnn-k8s-benchmark/data/tbx11k/imgs/tb/tb0929.png,TB,tbx11k,tb0929,7e974351a7ffc3e4fafc7ceb6997bbd76a413443667bc7b5a8e047afd5d95ca8
/lab/px/AnichLabs/cxr-cnn-k8s-benchmark/data/tbx11k/imgs/tb/tb1181.png,TB,tbx11k,tb1181,feb81167d34528a402126a57b194fe1915eba9dae215fe95118a83eaffc93dcb
/lab/px/AnichLabs/cxr-cnn-k8s-benchmark/data/tbx11k/imgs/tb/tb0716.png,TB,tbx11k,tb0716,a069fc81fc5d643f9ef838899087565cd14720d24f6b6ff9ef7a9b46b6d1cee7
/lab/px/AnichLabs/cxr-cnn-k8s-benchmark/data/tbx11k/imgs/tb/tb0555.png,TB,tbx11k,tb0555,7327fe240e7221cf9f142828ddb2d4a06a6a3001bf33da55191f75759f9a6ca6
/lab/px/AnichLabs/cxr-cnn-k8s-benchmark/data/tbx11k/imgs/tb/tb0493.png,TB,tbx11k,tb0493,b4ba9b7d00a4e18ea1f3ec3b1cc58ad0fd96770829f9b806f4001ea61755ae30
/lab/px/AnichLabs/cxr-cnn-k8s-benchmark/data/tbx11k/imgs/tb/tb1197.png,TB,tbx11k,tb1197,dd6ef757e3870ad1b6e920c8c28b2ff34001fb0ae2c6b1a58a2783c8d7b7da8a
/lab/px/AnichLabs/cxr-cnn-k8s-benchmark/data/tbx11k/imgs/tb/tb1120.png,TB,tbx11k,tb1120,89ec93791493d482c844a3fbf9fb6a14a959f0f01de1d9ac20a2ccf51c68532e
/lab/px/AnichLabs/cxr-cnn-k8s-benchmark/data/tbx11k/imgs/extra/mc+shenzhen/train/CHNCXR_0605_1.png,TB,mc+shenzhen,CHNCXR_0605_1,d7d09e6862e7fcdee43b91321c6df844e8b08919ed25662f56b711b28b7f8f3f
/lab/px/AnichLabs/cxr-cnn-k8s-benchmark/data/tbx11k/imgs/extra/mc+shenzhen/train/CHNCXR_0339_1.png,TB,mc+shenzhen,CHNCXR_0339_1,7e2a136585d210a626dfc45ea31d6e4025fb0a6e87aa9793e26b337e7bfb42b5
/lab/px/AnichLabs/cxr-cnn-k8s-benchmark/data/tbx11k/imgs/tb/tb0920.png,TB,tbx11k,tb0920,be14884a867d840007583ca2086596d45facdc0ff02c7b2c38d29ecd3ab27522
/lab/px/AnichLabs/cxr-cnn-k8s-benchmark/data/tbx11k/imgs/extra/mc+shenzhen/val/CHNCXR_0421_1.png,TB,mc+shenzhen,CHNCXR_0421_1,2da758d2b78237a35cb7de6a55b2815c7431abe07f0637a0cb668467fe92b874
/lab/px/AnichLabs/cxr-cnn-k8s-benchmark/data/tbx11k/imgs/tb/tb1114.png,TB,tbx11k,tb1114,9f96a88c709e7a5ee7c217570e499b7c26a545d40b0f410ddb84f68272cc081c
/lab/px/AnichLabs/cxr-cnn-k8s-benchmark/data/tbx11k/imgs/tb/tb0484.png,TB,tbx11k,tb0484,2f5ebaf7c90fa991b8c6f9a0ac2d71dda86451c0f5a056b0fd5e6a5f709fb350
/lab/px/AnichLabs/cxr-cnn-k8s-benchmark/data/tbx11k/imgs/tb/tb1047.png,TB,tbx11k,tb1047,f9c57b21e5da93ddb1ea396df793ade75096a5e992fd702cdaa249972330ae9c
/lab/px/AnichLabs/cxr-cnn-k8s-benchmark/data/tbx11k/imgs/tb/tb0479.png,TB,tbx11k,tb0479,3ad14a92511e864ae28be874b7d6eebcb82eedf7f9ae812e0c8b8b5787433d70
/lab/px/AnichLabs/cxr-cnn-k8s-benchmark/data/tbx11k/imgs/tb/tb0616.png,TB,tbx11k,tb0616,b8266d9b67682bed6eb5e31873e3dedc19b050a3b232f388aa6c885c6664c7c7
/lab/px/AnichLabs/cxr-cnn-k8s-benchmark/data/tbx11k/imgs/tb/tb0754.png,TB,tbx11k,tb0754,c852c918aa166e0968c6fd7b04fe911d19870841a32f4c1ec464a35cf3678971
/lab/px/AnichLabs/cxr-cnn-k8s-benchmark/data/tbx11k/imgs/extra/mc+shenzhen/train/CHNCXR_0357_1.png,TB,mc+shenzhen,CHNCXR_0357_1,39e8a3d595a987233af458c212658700b92165dea139566799546a9f24931f19
/lab/px/AnichLabs/cxr-cnn-k8s-benchmark/data/tbx11k/imgs/tb/tb0406.png,TB,tbx11k,tb0406,133082a074bc08f0d5ab542d8c73f3e6cbfcf317e0b05123b80e0c22115953af
/lab/px/AnichLabs/cxr-cnn-k8s-benchmark/data/tbx11k/imgs/tb/tb1183.png,TB,tbx11k,tb1183,b50f121073efe0178d3fb06faeb8fa900114b0f823734caac8fc6dbabdc02da6
/lab/px/AnichLabs/cxr-cnn-k8s-benchmark/data/tbx11k/imgs/extra/da+db/val/px50.jpg,TB,da+db,px50,8decc9b2c4a950ff68838d926415d6491ab2968b6e4ab08be08af1b865694c72
/lab/px/AnichLabs/cxr-cnn-k8s-benchmark/data/tbx11k/imgs/tb/tb1152.png,TB,tbx11k,tb1152,87005822a00324fff7a90ce2144bc4e46d09dfa36d389c87a140373ea67052f9
/lab/px/AnichLabs/cxr-cnn-k8s-benchmark/data/tbx11k/imgs/tb/tb0040.png,TB,tbx11k,tb0040,4a7b2485f2723cf1cee8da0d6152b5e95efa00844b36a6644cfd2d0a248b4020
/lab/px/AnichLabs/cxr-cnn-k8s-benchmark/data/tbx11k/imgs/extra/da+db/train/px37.jpg,TB,da+db,px37,f1d9490a974149984359a0b5d238e35bbc79bba6c875de20c5966258c696e035
/lab/px/AnichLabs/cxr-cnn-k8s-benchmark/data/tbx11k/imgs/tb/tb0506.png,TB,tbx11k,tb0506,4ef0cf288d37c305a439d96fd1992e73c245e2c82802ec690dba08d28d0f7cf5
/lab/px/AnichLabs/cxr-cnn-k8s-benchmark/data/tbx11k/imgs/tb/tb1143.png,TB,tbx11k,tb1143,d5969d2a7e898a0a7c771d86565c476a3eda17b724f8029b21ef7b60f5126165
/lab/px/AnichLabs/cxr-cnn-k8s-benchmark/data/tbx11k/imgs/extra/da+db/val/px49.jpg,TB,da+db,px49,96426723be22d1b0a5550bd83a7d046e6d175d30d0efec7cac2b4b34beae0e39
/lab/px/AnichLabs/cxr-cnn-k8s-benchmark/data/tbx11k/imgs/tb/tb0925.png,TB,tbx11k,tb0925,7a5713707778d8bf0c3aeda90b35a2af781fcf24f9e3709d5f62d30b1f692193
/lab/px/AnichLabs/cxr-cnn-k8s-benchmark/data/tbx11k/imgs/tb/tb0289.png,TB,tbx11k,tb0289,74e88c7db2c105e06128c078713c1cb7728613ea0c52b0501f91e23920b57384
/lab/px/AnichLabs/cxr-cnn-k8s-benchmark/data/tbx11k/imgs/tb/tb0373.png,TB,tbx11k,tb0373,b7f32b943640b0dbf1075d369a162b61bb36b23c2900759fa7bf0f1c0fd8e2dd
/lab/px/AnichLabs/cxr-cnn-k8s-benchmark/data/tbx11k/imgs/extra/mc+shenzhen/train/CHNCXR_0642_1.png,TB,mc+shenzhen,CHNCXR_0642_1,db567fe864a32fe134249470ae68a0e86a1b541bd76e6eb06232432020ec60f8
/lab/px/AnichLabs/cxr-cnn-k8s-benchmark/data/tbx11k/imgs/tb/tb0726.png,TB,tbx11k,tb0726,bc924668fbe7a9ec2622ff106daa9b2a9884ace1566f310a97842aa01dbcdfdd
/lab/px/AnichLabs/cxr-cnn-k8s-benchmark/data/tbx11k/imgs/tb/tb0478.png,TB,tbx11k,tb0478,7c294cc1a189dcdb4aabfa2c88700905af55f0c98d7fceaf70597e6a28f6f116
/lab/px/AnichLabs/cxr-cnn-k8s-benchmark/data/tbx11k/imgs/tb/tb0269.png,TB,tbx11k,tb0269,f19349bb74372d062184aa60f1eec0fe722a6e2fcc7631948bda801e75c3026e
/lab/px/AnichLabs/cxr-cnn-k8s-benchmark/data/tbx11k/imgs/tb/tb0388.png,TB,tbx11k,tb0388,ed6aca28aebd9937eeabca8fabfe1bb33ac8632d262ae118ad46492ac4a95c10
/lab/px/AnichLabs/cxr-cnn-k8s-benchmark/data/tbx11k/imgs/tb/tb1116.png,TB,tbx11k,tb1116,823e2de9042539466138ff8803278bd8271fb2be2427fdf99331c112552c9709
/lab/px/AnichLabs/cxr-cnn-k8s-benchmark/data/tbx11k/imgs/tb/tb0529.png,TB,tbx11k,tb0529,59fdc66d6437ca339e2c55d76eca2de66c5b21c91ca7aedcbbcfae67dc953afb
/lab/px/AnichLabs/cxr-cnn-k8s-benchmark/data/tbx11k/imgs/tb/tb0251.png,TB,tbx11k,tb0251,453c7882dc69bba40795ec20ab3a7238a14118f4920346ef4456c86b2e915e89
/lab/px/AnichLabs/cxr-cnn-k8s-benchmark/data/tbx11k/imgs/tb/tb0846.png,TB,tbx11k,tb0846,69acbe6988038a215d66c8272bca5fa2e2fed43cd995e056b5174229eeea54d8
/lab/px/AnichLabs/cxr-cnn-k8s-benchmark/data/tbx11k/imgs/extra/mc+shenzhen/val/MCUCXR_0331_1.png,TB,mc+shenzhen,MCUCXR_0331_1,09d1dc0f08b00d7e29759046e83e08e0a46a6c5568e37de2bc10eb2cb4d49379
/lab/px/AnichLabs/cxr-cnn-k8s-benchmark/data/tbx11k/imgs/tb/tb0584.png,TB,tbx11k,tb0584,cb694bb79b83f33b95950aea193d3099166b1eb4c89e2d223e2b02c7b04392d6
/lab/px/AnichLabs/cxr-cnn-k8s-benchmark/data/tbx11k/imgs/tb/tb0019.png,TB,tbx11k,tb0019,f419ac2f168fe969a97fc84e9acd14b9782b6f513b12075e5c99facc25024e05
/lab/px/AnichLabs/cxr-cnn-k8s-benchmark/data/tbx11k/imgs/tb/tb0980.png,TB,tbx11k,tb0980,470fc4025fa81cc9cd13917901b1a9e3d0b6e2a279302f7788f234a0b6ee25ab
/lab/px/AnichLabs/cxr-cnn-k8s-benchmark/data/tbx11k/imgs/tb/tb0226.png,TB,tbx11k,tb0226,a7fda02179039f54cbac14e68ad7d805c1a7cfc06a7a20a03c25c9f9b76b1c75
/lab/px/AnichLabs/cxr-cnn-k8s-benchmark/data/tbx11k/imgs/extra/mc+shenzhen/val/MCUCXR_0194_1.png,TB,mc+shenzhen,MCUCXR_0194_1,82f695079b4705a424b16c89f2c78e28173a06ef8a170e76840db1ce70efdf03
/lab/px/AnichLabs/cxr-cnn-k8s-benchmark/data/tbx11k/imgs/extra/mc+shenzhen/train/CHNCXR_0473_1.png,TB,mc+shenzhen,CHNCXR_0473_1,3bea9543989bd7b1d2d6cdc74f4d6fb8406f720b54a9942ca35117302312de8c
/lab/px/AnichLabs/cxr-cnn-k8s-benchmark/data/tbx11k/imgs/tb/tb0919.png,TB,tbx11k,tb0919,ee07bb795e36fc028695ab84ee0647041407bc24223c5e840e281b508e946f07
/lab/px/AnichLabs/cxr-cnn-k8s-benchmark/data/tbx11k/imgs/extra/mc+shenzhen/val/CHNCXR_0347_1.png,TB,mc+shenzhen,CHNCXR_0347_1,8b374c400f3102401a248c6d5896f5ac4f77960b9b915401c5953ea7cbaa2c66
/lab/px/AnichLabs/cxr-cnn-k8s-benchmark/data/tbx11k/imgs/tb/tb0961.png,TB,tbx11k,tb0961,14b6ce3ca9a91f2211463a9086aaf932883608d335bfca30ca42b23c2af97a85
/lab/px/AnichLabs/cxr-cnn-k8s-benchmark/data/tbx11k/imgs/tb/tb1196.png,TB,tbx11k,tb1196,73f6db2a10e8ae6ce39703ba23e590d96e9e09ee48a39365ac24a7d55667abb0
/lab/px/AnichLabs/cxr-cnn-k8s-benchmark/data/tbx11k/imgs/tb/tb1078.png,TB,tbx11k,tb1078,7a37ae0ad03bff0fccf66d48cb58799eb2d3ff370e61602501b98ed2b6ec4653
/lab/px/AnichLabs/cxr-cnn-k8s-benchmark/data/tbx11k/imgs/tb/tb0822.png,TB,tbx11k,tb0822,36da7a9df91076ae29a61ff4420e7661ccdf2fdda36dc20d7715ff6c8cb38850
/lab/px/AnichLabs/cxr-cnn-k8s-benchmark/data/tbx11k/imgs/tb/tb0864.png,TB,tbx11k,tb0864,570ecad32ae8f13f44cdb708e356960e75315837a69d61fb87b33c63d89564a0
/lab/px/AnichLabs/cxr-cnn-k8s-benchmark/data/tbx11k/imgs/tb/tb0765.png,TB,tbx11k,tb0765,c0f681d7248f7bda2298a439fce0de4e6719ed3d0a038c234c3044650daea6bf
/lab/px/AnichLabs/cxr-cnn-k8s-benchmark/data/tbx11k/imgs/tb/tb0136.png,TB,tbx11k,tb0136,6670c123b98df8e0689020f9c0cdccaf9cd6c3ca1befcb0ffdd37c0a1d5af03c
/lab/px/AnichLabs/cxr-cnn-k8s-benchmark/data/tbx11k/imgs/tb/tb0114.png,TB,tbx11k,tb0114,599e7ed7c9c57516c74dfb9df773fd0b1f3ef46896b31469c29ce795cabda191
/lab/px/AnichLabs/cxr-cnn-k8s-benchmark/data/tbx11k/imgs/tb/tb0796.png,TB,tbx11k,tb0796,cc0f9b94e7ed0468511c3724e5f4af3e2d80bb1db45b56291df7b3cb8fce7d5c
/lab/px/AnichLabs/cxr-cnn-k8s-benchmark/data/tbx11k/imgs/tb/tb0537.png,TB,tbx11k,tb0537,70dcb80830882413de9f44a5df6e2a90c3e7d6542222f46bd0667a39415d674e
/lab/px/AnichLabs/cxr-cnn-k8s-benchmark/data/tbx11k/imgs/tb/tb0875.png,TB,tbx11k,tb0875,888b19b8b774ac396dc910b0bda87c8643a15bc524f473f03feb3ee78f14b51e
/lab/px/AnichLabs/cxr-cnn-k8s-benchmark/data/tbx11k/imgs/tb/tb0591.png,TB,tbx11k,tb0591,b8150c16c1fb2a091be9258ac0c66ba8c1f0032389eaf8e3a3f26de46f808abc
/lab/px/AnichLabs/cxr-cnn-k8s-benchmark/data/tbx11k/imgs/tb/tb0319.png,TB,tbx11k,tb0319,d3c77798d38157d370e6bba927cd754565b127e8c8dd8e70d6c0e6b1d9f28e1a
/lab/px/AnichLabs/cxr-cnn-k8s-benchmark/data/tbx11k/imgs/tb/tb0567.png,TB,tbx11k,tb0567,3867fcc0ed9b9dfe76349ac395aa4a11b3ad09356d3b4041bfbca1ee2a3090b7
/lab/px/AnichLabs/cxr-cnn-k8s-benchmark/data/tbx11k/imgs/tb/tb1137.png,TB,tbx11k,tb1137,67d8a59ab3f7ed7d27f849b13f32f706bf4418fc246783f6084c94130f0558bc
/lab/px/AnichLabs/cxr-cnn-k8s-benchmark/data/tbx11k/imgs/tb/tb0500.png,TB,tbx11k,tb0500,f96221f52c495922b3160d77b6886c4f947de6d4da0b38946257458afbb769a4
/lab/px/AnichLabs/cxr-cnn-k8s-benchmark/data/tbx11k/imgs/tb/tb0921.png,TB,tbx11k,tb0921,9b599f63582b914c3d519ed05b6f0131ae75ac2b918791a5a482a65834716281
/lab/px/AnichLabs/cxr-cnn-k8s-benchmark/data/tbx11k/imgs/tb/tb0081.png,TB,tbx11k,tb0081,0fead60660a5cf31f73b5eca0c59ce812b5f48352af58a64729ea9abce2c1bb5
/lab/px/AnichLabs/cxr-cnn-k8s-benchmark/data/tbx11k/imgs/tb/tb0982.png,TB,tbx11k,tb0982,319b4cacecfb43814f304194ba3d37947e7b95b893d588528b26ad18d758b0ec
/lab/px/AnichLabs/cxr-cnn-k8s-benchmark/data/tbx11k/imgs/tb/tb0084.png,TB,tbx11k,tb0084,74338bce3fa7fe072bce1edeae12d879a173fb6a1cca1ae7c915773d18862fda
/lab/px/AnichLabs/cxr-cnn-k8s-benchmark/data/tbx11k/imgs/tb/tb0631.png,TB,tbx11k,tb0631,33a7ce6f5fad8349888389f26827eea6b466cf24ed1ed26299454cfb92873d83
/lab/px/AnichLabs/cxr-cnn-k8s-benchmark/data/tbx11k/imgs/tb/tb0475.png,TB,tbx11k,tb0475,a886cbb34d2a949b0812c3e5f115d5acee2e62ad9c97c3e8d8d8a08efd061c3f
/lab/px/AnichLabs/cxr-cnn-k8s-benchmark/data/tbx11k/imgs/tb/tb0266.png,TB,tbx11k,tb0266,5b4eac9ab52c7005e4fe1989c74ad9b374634449946cc0e3edf93a103e01b7a3
/lab/px/AnichLabs/cxr-cnn-k8s-benchmark/data/tbx11k/imgs/tb/tb0981.png,TB,tbx11k,tb0981,1d5fdfd84dc2b346aac61c7010b05e1780b75173ab42a373bd9da4a8e81d35b4
/lab/px/AnichLabs/cxr-cnn-k8s-benchmark/data/tbx11k/imgs/tb/tb0784.png,TB,tbx11k,tb0784,a67804431034c0b159265dc1ea6d17d827564247e0c4e5363fa056a010354864
/lab/px/AnichLabs/cxr-cnn-k8s-benchmark/data/tbx11k/imgs/tb/tb0129.png,TB,tbx11k,tb0129,109d9205bdd5ba3284a07be48f87d22827992568cad7b1f34d58986fe65361ae
/lab/px/AnichLabs/cxr-cnn-k8s-benchmark/data/tbx11k/imgs/tb/tb1105.png,TB,tbx11k,tb1105,e24aa423e8a2355309c970029ec302f3904c6dfe9d8e39e81a6a02d0805ad825
/lab/px/AnichLabs/cxr-cnn-k8s-benchmark/data/tbx11k/imgs/tb/tb0776.png,TB,tbx11k,tb0776,17ddf7cf03db2ae886ba38f97617dc743f88635aab58de721e412886c1458e0b
/lab/px/AnichLabs/cxr-cnn-k8s-benchmark/data/tbx11k/imgs/tb/tb0662.png,TB,tbx11k,tb0662,2c6d6c0a02893cbac4656873691a5587fbebf0c26ec8b41b4eabf4747c11a54e
/lab/px/AnichLabs/cxr-cnn-k8s-benchmark/data/tbx11k/imgs/tb/tb0734.png,TB,tbx11k,tb0734,fd38ac36f55278f5ed30eaf00ec5ca375848de794062b1ffdd7e3e5b6a8ab215
/lab/px/AnichLabs/cxr-cnn-k8s-benchmark/data/tbx11k/imgs/tb/tb0637.png,TB,tbx11k,tb0637,5678280e088390ca597608ba39ed8c154a92765308708355ca1f59548ea541ce
/lab/px/AnichLabs/cxr-cnn-k8s-benchmark/data/tbx11k/imgs/tb/tb0196.png,TB,tbx11k,tb0196,ac3d84a1e0e61bb9681646292837ee10068305f3d84ceba5f6a1525c3db473d6
/lab/px/AnichLabs/cxr-cnn-k8s-benchmark/data/tbx11k/imgs/tb/tb0601.png,TB,tbx11k,tb0601,0f72d8ce1ed00ff10ec6bd9ab0e52c502265b10ffe8fd33215a1756083887907
/lab/px/AnichLabs/cxr-cnn-k8s-benchmark/data/tbx11k/imgs/tb/tb0539.png,TB,tbx11k,tb0539,525d31e70e7b29a3b2d2df1a535d4e252bd70f35cc0bc49ace9f3f11b7bdf7c9
/lab/px/AnichLabs/cxr-cnn-k8s-benchmark/data/tbx11k/imgs/tb/tb0997.png,TB,tbx11k,tb0997,7eb960fe9033f63e17a51e5120dd3f9c27fbecc35fccb3d371bedb5c96c12476
/lab/px/AnichLabs/cxr-cnn-k8s-benchmark/data/tbx11k/imgs/tb/tb1112.png,TB,tbx11k,tb1112,537435c3b4b47a3b9606529918e12324bedc08f876d90a140c722403ca4faa46
/lab/px/AnichLabs/cxr-cnn-k8s-benchmark/data/tbx11k/imgs/extra/mc+shenzhen/train/CHNCXR_0445_1.png,TB,mc+shenzhen,CHNCXR_0445_1,683b4fc25e5578f24e2686415e7a7c7d3144703733c749d55cb9750c6d2f0b8f
/lab/px/AnichLabs/cxr-cnn-k8s-benchmark/data/tbx11k/imgs/tb/tb0392.png,TB,tbx11k,tb0392,a48c144d5c49f31a598a87792ef366ec3c9b8da42748768aa9d3062515bbf69c
/lab/px/AnichLabs/cxr-cnn-k8s-benchmark/data/tbx11k/imgs/tb/tb0595.png,TB,tbx11k,tb0595,8ce7a70bf991d49af2df7312e4ac3cd75fae76c000bf08552ad05f515177aa8e
/lab/px/AnichLabs/cxr-cnn-k8s-benchmark/data/tbx11k/imgs/extra/mc+shenzhen/val/CHNCXR_0504_1.png,TB,mc+shenzhen,CHNCXR_0504_1,cff930d451cd6d1ed3c35491cc2c4424dbda3f101eb8dcec922a7cfc77883ade
/lab/px/AnichLabs/cxr-cnn-k8s-benchmark/data/tbx11k/imgs/extra/mc+shenzhen/train/CHNCXR_0469_1.png,TB,mc+shenzhen,CHNCXR_0469_1,244fc8dfd9b04dfb64d9a07e0d54503d8f165454da0b28ddabb724d5ec1cb0b3
/lab/px/AnichLabs/cxr-cnn-k8s-benchmark/data/tbx11k/imgs/tb/tb0679.png,TB,tbx11k,tb0679,e52dcc55e1a107d1ed41b5b5f0cb559851663f2f5fa63c0834b7dd8e29a6c7b6
/lab/px/AnichLabs/cxr-cnn-k8s-benchmark/data/tbx11k/imgs/tb/tb1165.png,TB,tbx11k,tb1165,b1e4f5382cefcaf3062a0bf8718218f1610d7ec2875a2979f5f2f340b622ef66
/lab/px/AnichLabs/cxr-cnn-k8s-benchmark/data/tbx11k/imgs/tb/tb0467.png,TB,tbx11k,tb0467,a061ea9f6f9a827f74e008f4449fa5a2b0b711e8f44ad7c6ae6d5465fb2efcb5
/lab/px/AnichLabs/cxr-cnn-k8s-benchmark/data/tbx11k/imgs/tb/tb1150.png,TB,tbx11k,tb1150,bc5392ef7caf39de128b15fcdfb521caea9f063de3cfff5df45de00a371a2768
/lab/px/AnichLabs/cxr-cnn-k8s-benchmark/data/tbx11k/imgs/tb/tb0594.png,TB,tbx11k,tb0594,0e1d808e78fdc35cadf92de321eb2b86d1bc7743955a1de48271c9690c7c3f05
/lab/px/AnichLabs/cxr-cnn-k8s-benchmark/data/tbx11k/imgs/tb/tb0194.png,TB,tbx11k,tb0194,4c1418b9c7d41f9b05e92c04c90e48b0362726eaa10f33b213187b88ae8ef21e
/lab/px/AnichLabs/cxr-cnn-k8s-benchmark/data/tbx11k/imgs/extra/mc+shenzhen/train/CHNCXR_0454_1.png,TB,mc+shenzhen,CHNCXR_0454_1,9a4794b53fc14edbd731e9b2907035b175c59ae53a46ae575477fdeb4e49cf1e
/lab/px/AnichLabs/cxr-cnn-k8s-benchmark/data/tbx11k/imgs/tb/tb0931.png,TB,tbx11k,tb0931,b3b830a3cd6b6509b25fa2481c84d83e8b11fd779462b85a7c554038fe23f508
/lab/px/AnichLabs/cxr-cnn-k8s-benchmark/data/tbx11k/imgs/extra/mc+shenzhen/train/CHNCXR_0442_1.png,TB,mc+shenzhen,CHNCXR_0442_1,49b679c6c0d9044bbed53806a97833610ea772ef1bc4074044b18e94229f641b
/lab/px/AnichLabs/cxr-cnn-k8s-benchmark/data/tbx11k/imgs/tb/tb0374.png,TB,tbx11k,tb0374,845118d57c5a1ef1b97f59eea7d7327863edf575ad65fca3841b7c41abc64252
/lab/px/AnichLabs/cxr-cnn-k8s-benchmark/data/tbx11k/imgs/tb/tb0968.png,TB,tbx11k,tb0968,1fb29bb3d40a2f86a783bec50ea2bb1e85bec3e19261610162136831c60f8dc9
/lab/px/AnichLabs/cxr-cnn-k8s-benchmark/data/tbx11k/imgs/tb/tb0004.png,TB,tbx11k,tb0004,47298ed465cf69708ab229014e724dad11f29eef85cb49599db0312e53056426
/lab/px/AnichLabs/cxr-cnn-k8s-benchmark/data/tbx11k/imgs/extra/mc+shenzhen/val/CHNCXR_0461_1.png,TB,mc+shenzhen,CHNCXR_0461_1,fb50f25afef37fd2721142dbbbdc0dfd68f296f1bf3a16813fa262c0f33fec14
/lab/px/AnichLabs/cxr-cnn-k8s-benchmark/data/tbx11k/imgs/tb/tb0242.png,TB,tbx11k,tb0242,79564ffef303427e814a9af954c8139576fddb82fca5c3052075456190cfcaa9
/lab/px/AnichLabs/cxr-cnn-k8s-benchmark/data/tbx11k/imgs/extra/da+db/train/p2.png,TB,da+db,p2,7450e39af5d1745bcc667eaf1c4213ba93ed738727e1bd8a68c1fdd2a636a831
/lab/px/AnichLabs/cxr-cnn-k8s-benchmark/data/tbx11k/imgs/tb/tb0759.png,TB,tbx11k,tb0759,f62b5d5be501fd8e6c527992a19217afd5465b1c08f86b81c7f38a5dab8e6c12
/lab/px/AnichLabs/cxr-cnn-k8s-benchmark/data/tbx11k/imgs/tb/tb0881.png,TB,tbx11k,tb0881,6d700f16fc7f78079304fea6bbacc43ee21554fcf7e1480824f2a1886959d59e
/lab/px/AnichLabs/cxr-cnn-k8s-benchmark/data/tbx11k/imgs/extra/mc+shenzhen/val/CHNCXR_0367_1.png,TB,mc+shenzhen,CHNCXR_0367_1,5cbd9caa8e050d7ffa65e6d587ca6e4534d8b5e57f4734bbf9226c67491fc904
/lab/px/AnichLabs/cxr-cnn-k8s-benchmark/data/tbx11k/imgs/extra/da+db/train/px18.jpg,TB,da+db,px18,0f425ce06bbb62b04b0bc47a83e0920d13919d6a46a9da891453c53200182532
/lab/px/AnichLabs/cxr-cnn-k8s-benchmark/data/tbx11k/imgs/tb/tb0526.png,TB,tbx11k,tb0526,435acabdf2daadc937347822c0d724b1beef7d43a671b565452a38d5def3c2e5
/lab/px/AnichLabs/cxr-cnn-k8s-benchmark/data/tbx11k/imgs/tb/tb0571.png,TB,tbx11k,tb0571,1e4760850708768fbcc7b868ee569b2f13f28e02a611a8b2342edd7fc15d001f
/lab/px/AnichLabs/cxr-cnn-k8s-benchmark/data/tbx11k/imgs/tb/tb0463.png,TB,tbx11k,tb0463,7fc195722a8fc7f18d1e1e4732497957d3da093c976f9a7d9dfab7b29bc90517
/lab/px/AnichLabs/cxr-cnn-k8s-benchmark/data/tbx11k/imgs/tb/tb1050.png,TB,tbx11k,tb1050,5d8f3114ad3d872e87f0cd492ec6f22f0027e61181df9ab8ef1669e1f92c2175
/lab/px/AnichLabs/cxr-cnn-k8s-benchmark/data/tbx11k/imgs/extra/da+db/val/p20.png,TB,da+db,p20,583d4bb8bb4eaecbecd3e80fc960e62e3e818ae5bb2310301cd0c107a18c4232
/lab/px/AnichLabs/cxr-cnn-k8s-benchmark/data/tbx11k/imgs/tb/tb0284.png,TB,tbx11k,tb0284,61db09e639423b8ae06aa2c281e13b1cd6ad59410a4d3366c45df80a39805a22
/lab/px/AnichLabs/cxr-cnn-k8s-benchmark/data/tbx11k/imgs/tb/tb0554.png,TB,tbx11k,tb0554,e16e1e45f910f124959d70d67bb7005d8efb32c0cec2dbdb222d23b638c9e075
/lab/px/AnichLabs/cxr-cnn-k8s-benchmark/data/tbx11k/imgs/tb/tb0271.png,TB,tbx11k,tb0271,bebd2082afce9070b05a315c676d06e97227eb5fcfe4d0753ef3775c9ada1d0b
/lab/px/AnichLabs/cxr-cnn-k8s-benchmark/data/tbx11k/imgs/extra/mc+shenzhen/train/CHNCXR_0332_1.png,TB,mc+shenzhen,CHNCXR_0332_1,0406a78d705b79b963bbd8b4443b137571090fe02818fd63892ed0df95b0f381
/lab/px/AnichLabs/cxr-cnn-k8s-benchmark/data/tbx11k/imgs/tb/tb0786.png,TB,tbx11k,tb0786,7d8698d11aaca4a7f2920abf85a5fa855f6cdd9e063ce64576b01b8503f3858e
/lab/px/AnichLabs/cxr-cnn-k8s-benchmark/data/tbx11k/imgs/extra/da+db/val/p9.png,TB,da+db,p9,42d7b6c601eb3e8efada76d6baa50fdee408c2e7a7a5248220dd1ea29248cd61
/lab/px/AnichLabs/cxr-cnn-k8s-benchmark/data/tbx11k/imgs/extra/da+db/train/px31.jpg,TB,da+db,px31,f134823feb83cc0ad4056d5ee1b5870637f81529e4ced0afd83dad5661dc06a7
/lab/px/AnichLabs/cxr-cnn-k8s-benchmark/data/tbx11k/imgs/tb/tb0700.png,TB,tbx11k,tb0700,6f9a030074c95033cf856fe39d2b8c7e114950f253b5b8e695d1e5af621970b6
/lab/px/AnichLabs/cxr-cnn-k8s-benchmark/data/tbx11k/imgs/tb/tb0725.png,TB,tbx11k,tb0725,6d3be7ea4911d17728ea3d86fb43d48e41c0dcff7905713d316d3eb59401fd2e
/lab/px/AnichLabs/cxr-cnn-k8s-benchmark/data/tbx11k/imgs/tb/tb1166.png,TB,tbx11k,tb1166,3140eb853e87be9d2d52c251f3b9cd769ac8b8773603a3f5cb3437eeaa829f2d
/lab/px/AnichLabs/cxr-cnn-k8s-benchmark/data/tbx11k/imgs/extra/mc+shenzhen/val/CHNCXR_0513_1.png,TB,mc+shenzhen,CHNCXR_0513_1,c06f47f1553885871dc3d95cb87a97f56145be2ee7ad62071a0ad9df0bfc822a
/lab/px/AnichLabs/cxr-cnn-k8s-benchmark/data/tbx11k/imgs/tb/tb0199.png,TB,tbx11k,tb0199,ef507df3270d30a3182cd972f4b95a91e8d3c3e215caea4f96b171cc4123c6ed
/lab/px/AnichLabs/cxr-cnn-k8s-benchmark/data/tbx11k/imgs/extra/mc+shenzhen/val/CHNCXR_0514_1.png,TB,mc+shenzhen,CHNCXR_0514_1,6562e621d1e5b42663edca644818285a97c04511db0629d7497a0341c85317fa
/lab/px/AnichLabs/cxr-cnn-k8s-benchmark/data/tbx11k/imgs/extra/da+db/train/p16.png,TB,da+db,p16,b5f780460a8a9e0ea95e55d0baa5523ffb0f627e942acd6436bce6f38ef0aedc
/lab/px/AnichLabs/cxr-cnn-k8s-benchmark/data/tbx11k/imgs/tb/tb1055.png,TB,tbx11k,tb1055,3e18c2e5e42548bd9010f9387974b66c7253d77d32ec97cbb3c704b580565f77
/lab/px/AnichLabs/cxr-cnn-k8s-benchmark/data/tbx11k/imgs/tb/tb0372.png,TB,tbx11k,tb0372,b8fec579121adb3ad283c58769c5791a37c28d59c99a59b2ff5c82c23316a62c
/lab/px/AnichLabs/cxr-cnn-k8s-benchmark/data/tbx11k/imgs/extra/mc+shenzhen/val/MCUCXR_0117_1.png,TB,mc+shenzhen,MCUCXR_0117_1,4cecd4a6888e68dbbc36bca37c4591c97dd754ed2ec2b1867f740a9014d0e95d
/lab/px/AnichLabs/cxr-cnn-k8s-benchmark/data/tbx11k/imgs/tb/tb0814.png,TB,tbx11k,tb0814,b12604c6ae85d04779d1ef925ed96f06582c31d880c2da836ba5f0c7b2fa9d61
/lab/px/AnichLabs/cxr-cnn-k8s-benchmark/data/tbx11k/imgs/tb/tb1041.png,TB,tbx11k,tb1041,4316007d751c5064dc084604afd9321a47f8b974ab2fa4626e9f5d18548b1e91
/lab/px/AnichLabs/cxr-cnn-k8s-benchmark/data/tbx11k/imgs/tb/tb0496.png,TB,tbx11k,tb0496,43b9dd7fc0e6c93f85f092a4da9ed58cb05eecfa0c5abf0c69fd460359595933
/lab/px/AnichLabs/cxr-cnn-k8s-benchmark/data/tbx11k/imgs/tb/tb0389.png,TB,tbx11k,tb0389,1ede84cb407a100a0f5ae999077090e9c1d4b699276442fa648df56b859df5ed
/lab/px/AnichLabs/cxr-cnn-k8s-benchmark/data/tbx11k/imgs/extra/da+db/val/px36.jpg,TB,da+db,px36,672edf874600ed65063096876763aece6e9eec500bd184e5d63cdce7f614f9cb
/lab/px/AnichLabs/cxr-cnn-k8s-benchmark/data/tbx11k/imgs/extra/mc+shenzhen/val/CHNCXR_0643_1.png,TB,mc+shenzhen,CHNCXR_0643_1,34b924e942e0ebde2fd40faf0a9136f78ea22f95bdac9940f1549551d5b0d28c
/lab/px/AnichLabs/cxr-cnn-k8s-benchmark/data/tbx11k/imgs/tb/tb1124.png,TB,tbx11k,tb1124,60ff8960b25f87ae73ffeb8ef5d736aaf66f9c0c9c166cedbe91103ae98facbe
/lab/px/AnichLabs/cxr-cnn-k8s-benchmark/data/tbx11k/imgs/extra/mc+shenzhen/train/MCUCXR_0196_1.png,TB,mc+shenzhen,MCUCXR_0196_1,01ff526d0d84b6c84b695f783f97fbb6a3d648b26572ca32d18e8f64f7578da6
/lab/px/AnichLabs/cxr-cnn-k8s-benchmark/data/tbx11k/imgs/tb/tb0390.png,TB,tbx11k,tb0390,b505287f806e49965be7cba76362881c599005321e1d411a866cd81743667b54
/lab/px/AnichLabs/cxr-cnn-k8s-benchmark/data/tbx11k/imgs/tb/tb0309.png,TB,tbx11k,tb0309,37f3a0992ce0d8eb56eea52e62adce188dc03ab1ec22e20ad862b96fb79b7feb
/lab/px/AnichLabs/cxr-cnn-k8s-benchmark/data/tbx11k/imgs/extra/mc+shenzhen/train/CHNCXR_0426_1.png,TB,mc+shenzhen,CHNCXR_0426_1,b888cf70b6366855be6185d1e0c13b207cfe8f2dc7fda34d4e211127c16b7674
/lab/px/AnichLabs/cxr-cnn-k8s-benchmark/data/tbx11k/imgs/tb/tb1180.png,TB,tbx11k,tb1180,9a5990c66f21a20d49fd68a8d5f96516176b41bdb0594dd594a9b849abdb8575
/lab/px/AnichLabs/cxr-cnn-k8s-benchmark/data/tbx11k/imgs/tb/tb0223.png,TB,tbx11k,tb0223,52cf6f443182d31d7a27b0a7acc8e01a9aa76b2df9ec02f947fb98aa6d589928
/lab/px/AnichLabs/cxr-cnn-k8s-benchmark/data/tbx11k/imgs/extra/mc+shenzhen/val/CHNCXR_0616_1.png,TB,mc+shenzhen,CHNCXR_0616_1,8181bf1e870a742e974258be8291a2d404d92e5d88dd4cd97d184239e1467970
/lab/px/AnichLabs/cxr-cnn-k8s-benchmark/data/tbx11k/imgs/tb/tb1108.png,TB,tbx11k,tb1108,6835115c6663a999fa1e532fb7218bca5b7169cce7352a4b96efb4b806940db9
/lab/px/AnichLabs/cxr-cnn-k8s-benchmark/data/tbx11k/imgs/tb/tb1158.png,TB,tbx11k,tb1158,e35b5b3514057fb89bbf740f53170a5ee8be86cb2452f327b8014d2be9168a84
/lab/px/AnichLabs/cxr-cnn-k8s-benchmark/data/tbx11k/imgs/extra/mc+shenzhen/train/CHNCXR_0579_1.png,TB,mc+shenzhen,CHNCXR_0579_1,d5964ec3f060c149e4242df170a78dabdd7e06d936d2ae6a972220228f248cbe
/lab/px/AnichLabs/cxr-cnn-k8s-benchmark/data/tbx11k/imgs/tb/tb0823.png,TB,tbx11k,tb0823,57bb8736d1e4ad6d5c33e248560663bf5291f1cc8f54a0c8c1def9375f54578c
/lab/px/AnichLabs/cxr-cnn-k8s-benchmark/data/tbx11k/imgs/tb/tb0586.png,TB,tbx11k,tb0586,8aa2f57b2e8dbde6e16c61f58fdc35f0f4afb8294aa87362a973bfde5afea092
/lab/px/AnichLabs/cxr-cnn-k8s-benchmark/data/tbx11k/imgs/extra/mc+shenzhen/val/CHNCXR_0476_1.png,TB,mc+shenzhen,CHNCXR_0476_1,1071b5c0d65a7435419cefe85802a8d7ae96072ccbde480849a5ad49adf17ea9
/lab/px/AnichLabs/cxr-cnn-k8s-benchmark/data/tbx11k/imgs/tb/tb0142.png,TB,tbx11k,tb0142,c457709eb7e4df02d2ac694a946aac3431a5a1b200d654ed361083b661857df7
/lab/px/AnichLabs/cxr-cnn-k8s-benchmark/data/tbx11k/imgs/extra/mc+shenzhen/val/MCUCXR_0258_1.png,TB,mc+shenzhen,MCUCXR_0258_1,3609546387f7f7168f5a1b03c645831f0838c237521bae711bf61cab0c0d627a
/lab/px/AnichLabs/cxr-cnn-k8s-benchmark/data/tbx11k/imgs/tb/tb0244.png,TB,tbx11k,tb0244,d32358071eee1ce510ecc1d63cd81977b586977d587006abf9fc6d323e905984
/lab/px/AnichLabs/cxr-cnn-k8s-benchmark/data/tbx11k/imgs/tb/tb0596.png,TB,tbx11k,tb0596,8a55c6c9eca6ecfedb9097a5d78e0dc9613971e0093e837227eceef619320d65
/lab/px/AnichLabs/cxr-cnn-k8s-benchmark/data/tbx11k/imgs/tb/tb0773.png,TB,tbx11k,tb0773,07fceef3c273a8cefdc62ea6b34b63f3106a57e8094f4a3e2ba77206c334030d
/lab/px/AnichLabs/cxr-cnn-k8s-benchmark/data/tbx11k/imgs/tb/tb1132.png,TB,tbx11k,tb1132,f6eac716c8291371e380764d0d62f6229a7fdef13d341f3dd295201338f1e5a2
/lab/px/AnichLabs/cxr-cnn-k8s-benchmark/data/tbx11k/imgs/tb/tb0232.png,TB,tbx11k,tb0232,cd8d9ec2dafa702e4b73375bbecefe99db0e2a4c122831ff8049ff9df5919160
/lab/px/AnichLabs/cxr-cnn-k8s-benchmark/data/tbx11k/imgs/extra/da+db/train/px52.jpg,TB,da+db,px52,23e54264c7dfc7f762a3131e8fdc0dab3ba4119c189f29819caf1811d87af44a
/lab/px/AnichLabs/cxr-cnn-k8s-benchmark/data/tbx11k/imgs/tb/tb0329.png,TB,tbx11k,tb0329,262c65217aea05b3e57d3290131b474fbaef296b678850856ab7700530582de1
/lab/px/AnichLabs/cxr-cnn-k8s-benchmark/data/tbx11k/imgs/extra/mc+shenzhen/val/CHNCXR_0342_1.png,TB,mc+shenzhen,CHNCXR_0342_1,09b4a8d30359e381b1eeafe8e4dda69e6ea57c8fda3000ff37cf795574431697
/lab/px/AnichLabs/cxr-cnn-k8s-benchmark/data/tbx11k/imgs/tb/tb0209.png,TB,tbx11k,tb0209,fd983dc05ed3f7bb2f92b8028b8afea35473a536c6a59f1ef92777f084a24ad3
/lab/px/AnichLabs/cxr-cnn-k8s-benchmark/data/tbx11k/imgs/tb/tb0598.png,TB,tbx11k,tb0598,ca20fd86b5219a75de9f74530a3e8d3d6468c16a1d9c468100a5e2bedf744261
/lab/px/AnichLabs/cxr-cnn-k8s-benchmark/data/tbx11k/imgs/tb/tb1191.png,TB,tbx11k,tb1191,5eca27b31fe3961f875c91b94c2c4d531b771dfd7378e9d5faac418e930c2ec2
/lab/px/AnichLabs/cxr-cnn-k8s-benchmark/data/tbx11k/imgs/extra/da+db/train/px28.jpg,TB,da+db,px28,9aa3893ff5d4f6a8b9f853de7976948e107c455511d567a2b8bec0e37b20682c
/lab/px/AnichLabs/cxr-cnn-k8s-benchmark/data/tbx11k/imgs/tb/tb0033.png,TB,tbx11k,tb0033,e82cc3af99ac8a2357ab3bbef314720317bc462b20a112cc17fa3320783952c4
/lab/px/AnichLabs/cxr-cnn-k8s-benchmark/data/tbx11k/imgs/tb/tb0280.png,TB,tbx11k,tb0280,09d4d33b3ed1a4daa3f1a3ea2bc8b9329ee27579bc0768f7b8f0872050e1f292
/lab/px/AnichLabs/cxr-cnn-k8s-benchmark/data/tbx11k/imgs/extra/mc+shenzhen/val/CHNCXR_0535_1.png,TB,mc+shenzhen,CHNCXR_0535_1,4425d4fdb811ab03d5e932b503de149ce9de7383d54846905c9a1707498c6795
/lab/px/AnichLabs/cxr-cnn-k8s-benchmark/data/tbx11k/imgs/tb/tb0378.png,TB,tbx11k,tb0378,11df0685771cd7d2e2057af99d9618a8dd30366e3858b7167b8ffd4c9654c85d
/lab/px/AnichLabs/cxr-cnn-k8s-benchmark/data/tbx11k/imgs/tb/tb0680.png,TB,tbx11k,tb0680,5fb46185990f62b07bb6316101a5aeff7a0f53ce2adaec7c4f15c652c3b4716a
/lab/px/AnichLabs/cxr-cnn-k8s-benchmark/data/tbx11k/imgs/tb/tb0190.png,TB,tbx11k,tb0190,83af12af842238e922ee2d8c54fc6aa7a1dd3c2cd6177ed2109b4fe8558c4eb3
/lab/px/AnichLabs/cxr-cnn-k8s-benchmark/data/tbx11k/imgs/tb/tb0636.png,TB,tbx11k,tb0636,f483d6afee1481af77faa85fc2ab2d31af6e998d18b71a576883facb14c48eba
/lab/px/AnichLabs/cxr-cnn-k8s-benchmark/data/tbx11k/imgs/tb/tb0356.png,TB,tbx11k,tb0356,0c68b482165e3461aa794206c75ae951f8d67332ef3c96c5def217ba4436fca1
/lab/px/AnichLabs/cxr-cnn-k8s-benchmark/data/tbx11k/imgs/tb/tb0533.png,TB,tbx11k,tb0533,19282401a5b2c2af94f942011905674ce1c20bc873eea9c843aaa3c7222064b7
/lab/px/AnichLabs/cxr-cnn-k8s-benchmark/data/tbx11k/imgs/extra/da+db/val/px33.jpg,TB,da+db,px33,bfe46de4fb839e01b0ba4a5878c97ea6372b20716824afdf91daac58abdba161
/lab/px/AnichLabs/cxr-cnn-k8s-benchmark/data/tbx11k/imgs/extra/mc+shenzhen/train/CHNCXR_0430_1.png,TB,mc+shenzhen,CHNCXR_0430_1,415f50c23157c353340d50daed0ce671b5f9f197c1a92030f4d68721e329d1c5
/lab/px/AnichLabs/cxr-cnn-k8s-benchmark/data/tbx11k/imgs/tb/tb0643.png,TB,tbx11k,tb0643,162e8b1608ea28cb362ae4016d13e599c4b642f06b1204447fa7eb0fcdf0d64f
/lab/px/AnichLabs/cxr-cnn-k8s-benchmark/data/tbx11k/imgs/extra/mc+shenzhen/train/MCUCXR_0311_1.png,TB,mc+shenzhen,MCUCXR_0311_1,b5a7700d9bcf0374f04c0998caf6f1e9f190c7fb14b46ecff0a4daf0e9d670ef
/lab/px/AnichLabs/cxr-cnn-k8s-benchmark/data/tbx11k/imgs/extra/mc+shenzhen/val/CHNCXR_0381_1.png,TB,mc+shenzhen,CHNCXR_0381_1,81e7abd7d7756a190207c88c490cb6d3f7b81a03252eac0669647afa9c34ce80
/lab/px/AnichLabs/cxr-cnn-k8s-benchmark/data/tbx11k/imgs/extra/mc+shenzhen/val/CHNCXR_0404_1.png,TB,mc+shenzhen,CHNCXR_0404_1,dfa68f38681d7a90b5a060522185c49a6068933e4fc57beb3ab9176280712bc6
/lab/px/AnichLabs/cxr-cnn-k8s-benchmark/data/tbx11k/imgs/tb/tb0829.png,TB,tbx11k,tb0829,cbe59ee305e93085f586ad35eb9f24b3ea005ad3108b70e90d12cfdc2ce93897
/lab/px/AnichLabs/cxr-cnn-k8s-benchmark/data/tbx11k/imgs/tb/tb0902.png,TB,tbx11k,tb0902,05ac56b6a27208e858177f58d8ab15842fa5ba409b9b07379821a3d73dc0c826
/lab/px/AnichLabs/cxr-cnn-k8s-benchmark/data/tbx11k/imgs/tb/tb0150.png,TB,tbx11k,tb0150,6331a89e2719760469abc125001b3271f0a823f1f26106ac1621592e7e04aece
/lab/px/AnichLabs/cxr-cnn-k8s-benchmark/data/tbx11k/imgs/tb/tb0862.png,TB,tbx11k,tb0862,069c2df45de2845703fda87cb5b9f04549bbd0f99b1089bb165814b511c36943
/lab/px/AnichLabs/cxr-cnn-k8s-benchmark/data/tbx11k/imgs/tb/tb0583.png,TB,tbx11k,tb0583,f8fea53d174a6aaca0a2efb2f6be334bcfa0cdcef51a4a968e34c2a3c1efab45
/lab/px/AnichLabs/cxr-cnn-k8s-benchmark/data/tbx11k/imgs/tb/tb0017.png,TB,tbx11k,tb0017,21881667e2953d843c9a05343ca51903e4de8807335bd379361a09982e0e275f
/lab/px/AnichLabs/cxr-cnn-k8s-benchmark/data/tbx11k/imgs/tb/tb0799.png,TB,tbx11k,tb0799,243c19883aac6eb2b4eab5c63b54ccdfeb61614b1088b4e8c370c727b27eec0b
/lab/px/AnichLabs/cxr-cnn-k8s-benchmark/data/tbx11k/imgs/extra/mc+shenzhen/val/CHNCXR_0425_1.png,TB,mc+shenzhen,CHNCXR_0425_1,8c8932f3a56ea7c0f40a976d95883799dc1bd71a32ad1e07b2389ca06c8e0054
/lab/px/AnichLabs/cxr-cnn-k8s-benchmark/data/tbx11k/imgs/tb/tb1174.png,TB,tbx11k,tb1174,19b37101a9647692e22ec3344456671d772d72055473dc6fbdb1523f879bab75
/lab/px/AnichLabs/cxr-cnn-k8s-benchmark/data/tbx11k/imgs/tb/tb0995.png,TB,tbx11k,tb0995,9d14573a83341980255a6748dee653818f14515f2e1fed482ba6f8af2f4cec0a
/lab/px/AnichLabs/cxr-cnn-k8s-benchmark/data/tbx11k/imgs/tb/tb1068.png,TB,tbx11k,tb1068,f773f82cadf890ebcbe38d9a4b60cdbee8450ce70d5da51218c36254b3f35038
/lab/px/AnichLabs/cxr-cnn-k8s-benchmark/data/tbx11k/imgs/tb/tb0089.png,TB,tbx11k,tb0089,7c157e0da0868ff67899e939dc1ddeb883c4873671c53284abb84f0d2a00d11c
/lab/px/AnichLabs/cxr-cnn-k8s-benchmark/data/tbx11k/imgs/tb/tb0963.png,TB,tbx11k,tb0963,9dd6bc195ddf2cf591c29b08d8c201c1be7d65f65b5b5fdb9196579d9319783d
/lab/px/AnichLabs/cxr-cnn-k8s-benchmark/data/tbx11k/imgs/tb/tb0098.png,TB,tbx11k,tb0098,340ad155b471ac5fbfc8afe3a74def9454b2c8c61e988331eb0df50ee39e4774
/lab/px/AnichLabs/cxr-cnn-k8s-benchmark/data/tbx11k/imgs/tb/tb0337.png,TB,tbx11k,tb0337,71f10e5668ab4298797cb5be721d8cf1ee9bdcb814eee3cb7599fbe69e6c2084
/lab/px/AnichLabs/cxr-cnn-k8s-benchmark/data/tbx11k/imgs/tb/tb0983.png,TB,tbx11k,tb0983,e67fd91d5c09ad59ca4296e9c81047cb8bc0beb8116d2ea60cb16690503c1e9d
/lab/px/AnichLabs/cxr-cnn-k8s-benchmark/data/tbx11k/imgs/tb/tb0804.png,TB,tbx11k,tb0804,ca12ef37fe984e28cd3dbab90059c670e39d9015804eb88b8bcd67c08792d224
/lab/px/AnichLabs/cxr-cnn-k8s-benchmark/data/tbx11k/imgs/tb/tb1102.png,TB,tbx11k,tb1102,83682ce35638f5a00a267bf8d718bcfcc70ed8d1488d5e30ceef4a6936038db3
/lab/px/AnichLabs/cxr-cnn-k8s-benchmark/data/tbx11k/imgs/tb/tb1070.png,TB,tbx11k,tb1070,98b1945317210350123b8800f350c02644762ec696f651c28d8c8fc6baa9d4c9
/lab/px/AnichLabs/cxr-cnn-k8s-benchmark/data/tbx11k/imgs/tb/tb0628.png,TB,tbx11k,tb0628,720c4a7382f31c786a285aa3f38357bdd850a693b0976efa1e84b2a29dde4a0e
/lab/px/AnichLabs/cxr-cnn-k8s-benchmark/data/tbx11k/imgs/extra/mc+shenzhen/val/CHNCXR_0411_1.png,TB,mc+shenzhen,CHNCXR_0411_1,eb46a8be8f9f0468956714295b52a8bfcffb4aafb6fd62f7504913c26a501033
/lab/px/AnichLabs/cxr-cnn-k8s-benchmark/data/tbx11k/imgs/extra/mc+shenzhen/train/CHNCXR_0619_1.png,TB,mc+shenzhen,CHNCXR_0619_1,f6c4da66ce3c512454dc6c1fa417a1fd8607d149524519858cc71eb183124c6f
/lab/px/AnichLabs/cxr-cnn-k8s-benchmark/data/tbx11k/imgs/tb/tb0153.png,TB,tbx11k,tb0153,da42b04b34006da1530fa18769fe696313c1596478fe517d1b2fdf57d3949bb3
/lab/px/AnichLabs/cxr-cnn-k8s-benchmark/data/tbx11k/imgs/extra/mc+shenzhen/val/CHNCXR_0641_1.png,TB,mc+shenzhen,CHNCXR_0641_1,1080eb728f612c652a522a093e65a1594c1b05a280d4dfee387f44f33bbc585a
/lab/px/AnichLabs/cxr-cnn-k8s-benchmark/data/tbx11k/imgs/tb/tb0045.png,TB,tbx11k,tb0045,0d8369b595574186fa0f11e5ce758c636339711908f8796e31e7aba6fd698f17
/lab/px/AnichLabs/cxr-cnn-k8s-benchmark/data/tbx11k/imgs/extra/mc+shenzhen/train/CHNCXR_0632_1.png,TB,mc+shenzhen,CHNCXR_0632_1,7b7aa9ed05fe0d6a876b7c45f57c9a5c75aca6eca9c05d543fd68261cf8f5d5d
/lab/px/AnichLabs/cxr-cnn-k8s-benchmark/data/tbx11k/imgs/tb/tb0505.png,TB,tbx11k,tb0505,2f2c8286630061882918cf47a7dc40701f90dd97914661aa42a446bfabfc563d
/lab/px/AnichLabs/cxr-cnn-k8s-benchmark/data/tbx11k/imgs/extra/mc+shenzhen/val/MCUCXR_0367_1.png,TB,mc+shenzhen,MCUCXR_0367_1,8c9bf4d9cd8f87f5d2fdb2c1869a18937c4ebd3aeca62db9601bd741a42c22e5
/lab/px/AnichLabs/cxr-cnn-k8s-benchmark/data/tbx11k/imgs/extra/mc+shenzhen/train/CHNCXR_0510_1.png,TB,mc+shenzhen,CHNCXR_0510_1,5b14095b5b2170a26cca0dace3310316e0457cc0349fa95959dc0d109e07ecd1
/lab/px/AnichLabs/cxr-cnn-k8s-benchmark/data/tbx11k/imgs/tb/tb0978.png,TB,tbx11k,tb0978,bd4880bca3aedd2615e02822005215cbaf944fcdcec7c421fc2e0cb1f0b7f89f
/lab/px/AnichLabs/cxr-cnn-k8s-benchmark/data/tbx11k/imgs/tb/tb0096.png,TB,tbx11k,tb0096,d9f3d6c244fa4a5e82f0dc48860fe115cd9744f7b44d96cd02643b8403ecf7fa
/lab/px/AnichLabs/cxr-cnn-k8s-benchmark/data/tbx11k/imgs/tb/tb1173.png,TB,tbx11k,tb1173,8c80522cbf078942b12cced8362bf56f9e5fbcfb69a7ddd4237abd8260b69e63
/lab/px/AnichLabs/cxr-cnn-k8s-benchmark/data/tbx11k/imgs/tb/tb0603.png,TB,tbx11k,tb0603,2459d8d9002c27f8f028ad14667b029843377bcc337a657faa4626980d0f25e5
/lab/px/AnichLabs/cxr-cnn-k8s-benchmark/data/tbx11k/imgs/tb/tb1079.png,TB,tbx11k,tb1079,12f2aaf8a3b58e8d4086c491051f7454cffe286f7a73baef7e245cbab1db9a08
/lab/px/AnichLabs/cxr-cnn-k8s-benchmark/data/tbx11k/imgs/tb/tb0844.png,TB,tbx11k,tb0844,343f3426b26b6c433a89dd4bf4855310fb53f65eb76a0e2bebc90c20fb30abb0
/lab/px/AnichLabs/cxr-cnn-k8s-benchmark/data/tbx11k/imgs/tb/tb0663.png,TB,tbx11k,tb0663,26978f25387d9d6cbf4622ab8f998b39bcfc58fbfdc95719b2a4ea3e96aba218
/lab/px/AnichLabs/cxr-cnn-k8s-benchmark/data/tbx11k/imgs/tb/tb0170.png,TB,tbx11k,tb0170,979316a773d9ca7f0f0d556de42177539eaca2f94b543d1cb5741736642b6626
/lab/px/AnichLabs/cxr-cnn-k8s-benchmark/data/tbx11k/imgs/tb/tb1052.png,TB,tbx11k,tb1052,9c0989ade3abbb9db36ca0e900db986b1ece8ef81a6e24d499bc2fd82319faa5
/lab/px/AnichLabs/cxr-cnn-k8s-benchmark/data/tbx11k/imgs/extra/mc+shenzhen/train/CHNCXR_0378_1.png,TB,mc+shenzhen,CHNCXR_0378_1,4434c85f8743655c7735643f9751b59737c0deb5dee488071cee9208f6f7c705
/lab/px/AnichLabs/cxr-cnn-k8s-benchmark/data/tbx11k/imgs/tb/tb0417.png,TB,tbx11k,tb0417,2606d75d8b572124c1ec24a9abda62061bc9b577819a941331a777a0710c9a0a
/lab/px/AnichLabs/cxr-cnn-k8s-benchmark/data/tbx11k/imgs/extra/da+db/train/px23.jpg,TB,da+db,px23,53de770b7d18476bb16587960cbf500996a8045621136b1032eca4ab15c718ed
/lab/px/AnichLabs/cxr-cnn-k8s-benchmark/data/tbx11k/imgs/tb/tb0908.png,TB,tbx11k,tb0908,7fb911e3aff03654d8e96b9366722836ad6caf96f20ff5bb0be0e75eed31d02d
/lab/px/AnichLabs/cxr-cnn-k8s-benchmark/data/tbx11k/imgs/tb/tb1106.png,TB,tbx11k,tb1106,40735ecfe0977500fda7077c14134accfbf2a21bcff6b2ee0d0e7ad1d660a7f2
/lab/px/AnichLabs/cxr-cnn-k8s-benchmark/data/tbx11k/imgs/extra/mc+shenzhen/val/MCUCXR_0316_1.png,TB,mc+shenzhen,MCUCXR_0316_1,a1bd1e91dfc4735d91f8078d636b7dd5fe90ac4fe7ce3c154dfcbfa3844530e8
/lab/px/AnichLabs/cxr-cnn-k8s-benchmark/data/tbx11k/imgs/tb/tb0377.png,TB,tbx11k,tb0377,5c265db985c2df347f24c73d2792a896716a9ac4cdffdc992d803435b486fc9e
/lab/px/AnichLabs/cxr-cnn-k8s-benchmark/data/tbx11k/imgs/tb/tb0398.png,TB,tbx11k,tb0398,f8c36c1123d48f74b2ffef43219e782f171c59b07d46dd5f21742d36ee4017ec
/lab/px/AnichLabs/cxr-cnn-k8s-benchmark/data/tbx11k/imgs/tb/tb0452.png,TB,tbx11k,tb0452,c82c62a8770985124241d5a67a3f034f724370d1f00192fc08bf957b3bcefc69
/lab/px/AnichLabs/cxr-cnn-k8s-benchmark/data/tbx11k/imgs/extra/mc+shenzhen/val/CHNCXR_0482_1.png,TB,mc+shenzhen,CHNCXR_0482_1,cb1ba6dcb3dbc69c6e10db7e56e8242b0d4360445e41fa1c54294b3fa41e448e
/lab/px/AnichLabs/cxr-cnn-k8s-benchmark/data/tbx11k/imgs/extra/mc+shenzhen/train/CHNCXR_0372_1.png,TB,mc+shenzhen,CHNCXR_0372_1,7dfb5d19e7749ebb122601193a4e61bc62efde2fa3958504b9dbf6a95e4bda8b
/lab/px/AnichLabs/cxr-cnn-k8s-benchmark/data/tbx11k/imgs/extra/mc+shenzhen/train/MCUCXR_0294_1.png,TB,mc+shenzhen,MCUCXR_0294_1,ea1fafe77a732b431e555b78c83baa6f168e757c756ad5595035ad6ec2d4f569
/lab/px/AnichLabs/cxr-cnn-k8s-benchmark/data/tbx11k/imgs/extra/mc+shenzhen/val/CHNCXR_0470_1.png,TB,mc+shenzhen,CHNCXR_0470_1,06fc6c19206ba21758582afffb59cf587647b245fdf73bd49d140aaf2e6ba977
/lab/px/AnichLabs/cxr-cnn-k8s-benchmark/data/tbx11k/imgs/tb/tb0494.png,TB,tbx11k,tb0494,7e51e6270ebcca846d585889a1b6ece531bea7f8399bae7188900f2a30f4cf7d
/lab/px/AnichLabs/cxr-cnn-k8s-benchmark/data/tbx11k/imgs/extra/mc+shenzhen/train/CHNCXR_0646_1.png,TB,mc+shenzhen,CHNCXR_0646_1,9d272a06a9703cf423c2313b6275ab166bcf7a5c1180768a2d9f25909c797027
/lab/px/AnichLabs/cxr-cnn-k8s-benchmark/data/tbx11k/imgs/tb/tb0724.png,TB,tbx11k,tb0724,fcf346e756f8d899a1ce39709227d3c5d50fd64a0d95d163b4c34bc5d0adc117
/lab/px/AnichLabs/cxr-cnn-k8s-benchmark/data/tbx11k/imgs/tb/tb0239.png,TB,tbx11k,tb0239,89bdde6c1d42cd04f22219ba2f8d5e2765cb540752abd52fe8f7279434f7a9a6
/lab/px/AnichLabs/cxr-cnn-k8s-benchmark/data/tbx11k/imgs/tb/tb0677.png,TB,tbx11k,tb0677,bcf00c71d26849ccf37aaf952b2b3c6692d138bf37404e253d967bfc71a29d5e
/lab/px/AnichLabs/cxr-cnn-k8s-benchmark/data/tbx11k/imgs/extra/mc+shenzhen/val/CHNCXR_0620_1.png,TB,mc+shenzhen,CHNCXR_0620_1,ae3fa8048729023d23a09fe96ccedd9743c8cbbc7be0d0eef1e77862cbeb71ef
/lab/px/AnichLabs/cxr-cnn-k8s-benchmark/data/tbx11k/imgs/tb/tb0667.png,TB,tbx11k,tb0667,d92384727077ae66d124676f0634472fc1f20b4b384263b33c1c4adc3c3b8d93
/lab/px/AnichLabs/cxr-cnn-k8s-benchmark/data/tbx11k/imgs/tb/tb1170.png,TB,tbx11k,tb1170,54565fda60ec9692f7325431816e28ea6e39c39d3d19a1fcc33b7947008abea0
/lab/px/AnichLabs/cxr-cnn-k8s-benchmark/data/tbx11k/imgs/extra/da+db/val/px21.jpg,TB,da+db,px21,527d08a12eb11cc2c5bef176a68a11bba2dab13cf75238612edcbdd4a99cf3b6
/lab/px/AnichLabs/cxr-cnn-k8s-benchmark/data/tbx11k/imgs/tb/tb0645.png,TB,tbx11k,tb0645,a13eb24afd0231af94b3294d1e95b36dd2258929324ae61950848de2120dfbfa
/lab/px/AnichLabs/cxr-cnn-k8s-benchmark/data/tbx11k/imgs/extra/mc+shenzhen/train/CHNCXR_0358_1.png,TB,mc+shenzhen,CHNCXR_0358_1,3a9b851252880a2eb0059e44581e1893cf36940ad0b2b2a9a25c922201cf5d61
/lab/px/AnichLabs/cxr-cnn-k8s-benchmark/data/tbx11k/imgs/tb/tb0346.png,TB,tbx11k,tb0346,84d3e37a5116e9ae2889ee0ff0156ab116195d4f84a66e2d70d673226a87fe87
/lab/px/AnichLabs/cxr-cnn-k8s-benchmark/data/tbx11k/imgs/tb/tb0301.png,TB,tbx11k,tb0301,1b0d9fa5b494d2e9efff93698e94b6bc599db3cc6d82b8ee46327d3fae889036
/lab/px/AnichLabs/cxr-cnn-k8s-benchmark/data/tbx11k/imgs/extra/mc+shenzhen/val/MCUCXR_0282_1.png,TB,mc+shenzhen,MCUCXR_0282_1,fd774f0c19c0f6fef4bce7cba7b36123604123d337ce0908f54117f81d8c6be0
/lab/px/AnichLabs/cxr-cnn-k8s-benchmark/data/tbx11k/imgs/tb/tb1080.png,TB,tbx11k,tb1080,c43d9841838486f1cb63bd222122da49b2778ceeed2094e56dc8c2c2a52ce976
/lab/px/AnichLabs/cxr-cnn-k8s-benchmark/data/tbx11k/imgs/extra/da+db/train/px43.jpg,TB,da+db,px43,e428d9789410f07a68fa07491f41388e690fac08e93259bea2d39d1bdeee1d0c
/lab/px/AnichLabs/cxr-cnn-k8s-benchmark/data/tbx11k/imgs/tb/tb0052.png,TB,tbx11k,tb0052,d2492f14651503257a1a1574a46af100b64ce7d829c879b09ac8f4e2ad9174f9
/lab/px/AnichLabs/cxr-cnn-k8s-benchmark/data/tbx11k/imgs/tb/tb0264.png,TB,tbx11k,tb0264,db1f5552ae26ca25f6441443e7699b3d0ffd0d697716ff3fea873df761fdb1ad
/lab/px/AnichLabs/cxr-cnn-k8s-benchmark/data/tbx11k/imgs/tb/tb0325.png,TB,tbx11k,tb0325,0f679dabf9f208884508812d6852f11ba57a8e176170a510886d01c2763f0d41
/lab/px/AnichLabs/cxr-cnn-k8s-benchmark/data/tbx11k/imgs/extra/mc+shenzhen/val/CHNCXR_0527_1.png,TB,mc+shenzhen,CHNCXR_0527_1,e2cf1a9e9f78544f72effd9b1adc3a0f7c88436bcd27584fa4bfa5478995b77a
/lab/px/AnichLabs/cxr-cnn-k8s-benchmark/data/tbx11k/imgs/tb/tb0569.png,TB,tbx11k,tb0569,36f54ed6175418b6f2c27908c695cde70e8620c7be08d77e7678b23999862015
/lab/px/AnichLabs/cxr-cnn-k8s-benchmark/data/tbx11k/imgs/tb/tb0397.png,TB,tbx11k,tb0397,536ac9b7f7d4c27d9a728f3c2f2dc2c11c2f0b0951882e4925e6e5e477b5e675
/lab/px/AnichLabs/cxr-cnn-k8s-benchmark/data/tbx11k/imgs/tb/tb0817.png,TB,tbx11k,tb0817,0707008dc1d510b27238245208ed93ecd68156cf66cad73596bfb70f0e4646a9
/lab/px/AnichLabs/cxr-cnn-k8s-benchmark/data/tbx11k/imgs/tb/tb0825.png,TB,tbx11k,tb0825,03c08562fb38b7a7d77cb1367def82998748ecf7caa62f41222d54b51fce0791
/lab/px/AnichLabs/cxr-cnn-k8s-benchmark/data/tbx11k/imgs/tb/tb0370.png,TB,tbx11k,tb0370,9e13a58e48f6fdaa747e3527ebe3293efa19a1a38ae16069df7e7bfa805b18f6
/lab/px/AnichLabs/cxr-cnn-k8s-benchmark/data/tbx11k/imgs/tb/tb0524.png,TB,tbx11k,tb0524,ef0b710c3af3db69dc95e63ed725deae65d57e75d22376cfb4b05b62c63acc6a
/lab/px/AnichLabs/cxr-cnn-k8s-benchmark/data/tbx11k/imgs/tb/tb0087.png,TB,tbx11k,tb0087,ef8ebfdce1a560d1cf7779dc2cae8e4d1521b0f04a2e7b634d468fab6cd428f7
/lab/px/AnichLabs/cxr-cnn-k8s-benchmark/data/tbx11k/imgs/extra/mc+shenzhen/train/CHNCXR_0635_1.png,TB,mc+shenzhen,CHNCXR_0635_1,2b310d8834142bfd30878b83ff3afd5ffbf3cd9dc0f63164ad0c4a24c097365b
/lab/px/AnichLabs/cxr-cnn-k8s-benchmark/data/tbx11k/imgs/tb/tb0626.png,TB,tbx11k,tb0626,f1adea0f7e5cb62c605a9e6d6d86e30c18275846e1747cfbc8b301a20ddd8ae0
/lab/px/AnichLabs/cxr-cnn-k8s-benchmark/data/tbx11k/imgs/tb/tb1014.png,TB,tbx11k,tb1014,36e897605f246906af78c138e63e168244b4fdab1bb7d3e437662d1177a05f4c
/lab/px/AnichLabs/cxr-cnn-k8s-benchmark/data/tbx11k/imgs/tb/tb0916.png,TB,tbx11k,tb0916,4f2390ab2860b52e4f6a40295b46c08f935492def9e61a0b1c858403412fd3e2
/lab/px/AnichLabs/cxr-cnn-k8s-benchmark/data/tbx11k/imgs/tb/tb0408.png,TB,tbx11k,tb0408,40a8fcdaa317ae6c329ff19513921221816f6000f9a73537b2ea255488680c31
/lab/px/AnichLabs/cxr-cnn-k8s-benchmark/data/tbx11k/imgs/tb/tb0357.png,TB,tbx11k,tb0357,95c7b5fb819025cd5f953b639a6585dae719681c9bae4899a0478d8fba7862ab
/lab/px/AnichLabs/cxr-cnn-k8s-benchmark/data/tbx11k/imgs/extra/da+db/val/px26.jpg,TB,da+db,px26,8cba44dc615c38bb63e6cb96d21c4d66143ab1dc0c7d51a0928fb62efc65d4e6
/lab/px/AnichLabs/cxr-cnn-k8s-benchmark/data/tbx11k/imgs/extra/da+db/val/px9.jpg,TB,da+db,px9,12769fc63950d3015660fb6ee6f42b26626088bc34cbf726bd8e75d85b03f309
