model,regime,class,rel_path,correct,predicted,topk,iou,gradcam_coverage,lime_coverage
mobilenet_v2,imagenet,Normal,health/h3086.png,True,Normal,0.1,0.10343759038135768,0.100006103515625,0.7150115966796875
mobilenet_v2,imagenet,Normal,health/h3086.png,True,Normal,0.2,0.23313249295687757,0.1999969482421875,0.7150115966796875
mobilenet_v2,imagenet,Normal,health/h3086.png,True,Normal,0.3,0.36342208284654326,0.3000030517578125,0.7150115966796875
mobilenet_v2,imagenet,Normal,health/h1322.png,True,Normal,0.1,0.11101407910711623,0.100006103515625,0.6959075927734375
mobilenet_v2,imagenet,Normal,health/h1322.png,True,Normal,0.2,0.22576200417536535,0.1999969482421875,0.6959075927734375
mobilenet_v2,imagenet,Normal,health/h1322.png,True,Normal,0.3,0.33461475543922786,0.3000030517578125,0.6959075927734375
mobilenet_v2,imagenet,Normal,extra/mc+shenzhen/train/CHNCXR_0226_0.png,False,TB,0.1,0.13624360455520712,0.100006103515625,0.5302886962890625
mobilenet_v2,imagenet,Normal,extra/mc+shenzhen/train/CHNCXR_0226_0.png,False,TB,0.2,0.23576647989878385,0.1999969482421875,0.5302886962890625
mobilenet_v2,imagenet,Normal,extra/mc+shenzhen/train/CHNCXR_0226_0.png,False,TB,0.3,0.3142208482272244,0.3000030517578125,0.5302886962890625
mobilenet_v2,imagenet,Normal,health/h2764.png,True,Normal,0.1,0.22183837973311657,0.100006103515625,0.450469970703125
mobilenet_v2,imagenet,Normal,health/h2764.png,True,Normal,0.2,0.39274046001045476,0.1999969482421875,0.450469970703125
mobilenet_v2,imagenet,Normal,health/h2764.png,True,Normal,0.3,0.5013125763125763,0.3000030517578125,0.450469970703125
mobilenet_v2,imagenet,Normal,health/h4743.png,True,Normal,0.1,0.09414565523211774,0.100006103515625,0.6714019775390625
mobilenet_v2,imagenet,Normal,health/h4743.png,True,Normal,0.2,0.19816209638503662,0.1999969482421875,0.6714019775390625
mobilenet_v2,imagenet,Normal,health/h4743.png,True,Normal,0.3,0.3226818474579793,0.3000030517578125,0.6714019775390625
mobilenet_v2,imagenet,Normal,health/h1337.png,True,Normal,0.1,0.11283487923160224,0.100006103515625,0.6212921142578125
mobilenet_v2,imagenet,Normal,health/h1337.png,True,Normal,0.2,0.21444043321299638,0.1999969482421875,0.6212921142578125
mobilenet_v2,imagenet,Normal,health/h1337.png,True,Normal,0.3,0.32550328203552065,0.3000030517578125,0.6212921142578125
mobilenet_v2,imagenet,Normal,health/h0036.png,True,Normal,0.1,0.11110563779217261,0.100006103515625,0.588348388671875
mobilenet_v2,imagenet,Normal,health/h0036.png,True,Normal,0.2,0.24680245185578453,0.1999969482421875,0.588348388671875
mobilenet_v2,imagenet,Normal,health/h0036.png,True,Normal,0.3,0.3573710102352475,0.3000030517578125,0.588348388671875
mobilenet_v2,imagenet,Normal,health/h0564.png,True,Normal,0.1,0.07161032351872046,0.100006103515625,0.439788818359375
mobilenet_v2,imagenet,Normal,health/h0564.png,True,Normal,0.2,0.13196188007883156,0.1999969482421875,0.439788818359375
mobilenet_v2,imagenet,Normal,health/h0564.png,True,Normal,0.3,0.25509332366874626,0.3000030517578125,0.439788818359375
mobilenet_v2,imagenet,Normal,health/h3275.png,True,Normal,0.1,0.11124217034084438,0.100006103515625,0.7337646484375
mobilenet_v2,imagenet,Normal,health/h3275.png,True,Normal,0.2,0.21428287959361855,0.1999969482421875,0.7337646484375
mobilenet_v2,imagenet,Normal,health/h3275.png,True,Normal,0.3,0.3251638141809291,0.3000030517578125,0.7337646484375
mobilenet_v2,imagenet,Normal,health/h3793.png,True,Normal,0.1,0.1444116386494595,0.100006103515625,0.6333770751953125
mobilenet_v2,imagenet,Normal,health/h3793.png,True,Normal,0.2,0.26026259316519373,0.1999969482421875,0.6333770751953125
mobilenet_v2,imagenet,Normal,health/h3793.png,True,Normal,0.3,0.36336282791361135,0.3000030517578125,0.6333770751953125
mobilenet_v2,imagenet,Normal,health/h0150.png,True,Normal,0.1,0.120935710959542,0.100006103515625,0.5244140625
mobilenet_v2,imagenet,Normal,health/h0150.png,True,Normal,0.2,0.23852133987269122,0.1999969482421875,0.5244140625
mobilenet_v2,imagenet,Normal,health/h0150.png,True,Normal,0.3,0.36257944113789975,0.3000030517578125,0.5244140625
mobilenet_v2,imagenet,Normal,health/h1833.png,True,Normal,0.1,0.060304693226618064,0.100006103515625,0.7166595458984375
mobilenet_v2,imagenet,Normal,health/h1833.png,True,Normal,0.2,0.14594738950460676,0.1999969482421875,0.7166595458984375
mobilenet_v2,imagenet,Normal,health/h1833.png,True,Normal,0.3,0.24813607583080438,0.3000030517578125,0.7166595458984375
mobilenet_v2,imagenet,Normal,health/h4592.png,True,Normal,0.1,0.14031396283512224,0.100006103515625,0.6359710693359375
mobilenet_v2,imagenet,Normal,health/h4592.png,True,Normal,0.2,0.26936978683966634,0.1999969482421875,0.6359710693359375
mobilenet_v2,imagenet,Normal,health/h4592.png,True,Normal,0.3,0.38277727682596935,0.3000030517578125,0.6359710693359375
mobilenet_v2,imagenet,Normal,health/h1314.png,True,Normal,0.1,0.11112948960302457,0.100006103515625,0.6175079345703125
mobilenet_v2,imagenet,Normal,health/h1314.png,True,Normal,0.2,0.2105108565489505,0.1999969482421875,0.6175079345703125
mobilenet_v2,imagenet,Normal,health/h1314.png,True,Normal,0.3,0.2857356683131268,0.3000030517578125,0.6175079345703125
mobilenet_v2,imagenet,Normal,health/h3770.png,True,Normal,0.1,0.1562664120315111,0.100006103515625,0.639068603515625
mobilenet_v2,imagenet,Normal,health/h3770.png,True,Normal,0.2,0.2942851762933672,0.1999969482421875,0.639068603515625
mobilenet_v2,imagenet,Normal,health/h3770.png,True,Normal,0.3,0.4206929984533346,0.3000030517578125,0.639068603515625
mobilenet_v2,imagenet,Normal,health/h2888.png,True,Normal,0.1,0.08652798954476149,0.100006103515625,0.5089111328125
mobilenet_v2,imagenet,Normal,health/h2888.png,True,Normal,0.2,0.1807207481955881,0.1999969482421875,0.5089111328125
mobilenet_v2,imagenet,Normal,health/h2888.png,True,Normal,0.3,0.2709596988803913,0.3000030517578125,0.5089111328125
mobilenet_v2,imagenet,Normal,health/h2302.png,True,Normal,0.1,0.07639881803450577,0.100006103515625,0.5892333984375
mobilenet_v2,imagenet,Normal,health/h2302.png,True,Normal,0.2,0.16716687351912446,0.1999969482421875,0.5892333984375
mobilenet_v2,imagenet,Normal,health/h2302.png,True,Normal,0.3,0.25052572850950605,0.3000030517578125,0.5892333984375
mobilenet_v2,imagenet,Normal,extra/mc+shenzhen/val/CHNCXR_0294_0.png,False,TB,0.1,0.19451371571072318,0.100006103515625,0.4920196533203125
mobilenet_v2,imagenet,Normal,extra/mc+shenzhen/val/CHNCXR_0294_0.png,False,TB,0.2,0.3557741173656991,0.1999969482421875,0.4920196533203125
mobilenet_v2,imagenet,Normal,extra/mc+shenzhen/val/CHNCXR_0294_0.png,False,TB,0.3,0.3883435418728435,0.3000030517578125,0.4920196533203125
mobilenet_v2,imagenet,Normal,health/h0882.png,True,Normal,0.1,0.07810323864264397,0.100006103515625,0.644134521484375
mobilenet_v2,imagenet,Normal,health/h0882.png,True,Normal,0.2,0.19008282241583307,0.1999969482421875,0.644134521484375
mobilenet_v2,imagenet,Normal,health/h0882.png,True,Normal,0.3,0.30684098253321224,0.3000030517578125,0.644134521484375
mobilenet_v2,imagenet,Normal,extra/mc+shenzhen/val/CHNCXR_0142_0.png,False,TB,0.1,0.10443239795918367,0.100006103515625,0.5341796875
mobilenet_v2,imagenet,Normal,extra/mc+shenzhen/val/CHNCXR_0142_0.png,False,TB,0.2,0.250682332146292,0.1999969482421875,0.5341796875
mobilenet_v2,imagenet,Normal,extra/mc+shenzhen/val/CHNCXR_0142_0.png,False,TB,0.3,0.315455136071609,0.3000030517578125,0.5341796875
mobilenet_v2,imagenet,Pneumonia,train/patient40094/study1/view1_frontal.jpg,True,Pneumonia,0.1,0.10299741356055918,0.100006103515625,0.960662841796875
mobilenet_v2,imagenet,Pneumonia,train/patient40094/study1/view1_frontal.jpg,True,Pneumonia,0.2,0.19552062868369352,0.1999969482421875,0.960662841796875
mobilenet_v2,imagenet,Pneumonia,train/patient40094/study1/view1_frontal.jpg,True,Pneumonia,0.3,0.2964317097665077,0.3000030517578125,0.960662841796875
mobilenet_v2,imagenet,Pneumonia,train/patient11183/study1/view1_frontal.jpg,True,Pneumonia,0.1,0.10791497209095549,0.100006103515625,0.9267120361328125
mobilenet_v2,imagenet,Pneumonia,train/patient11183/study1/view1_frontal.jpg,True,Pneumonia,0.2,0.21547325102880657,0.1999969482421875,0.9267120361328125
mobilenet_v2,imagenet,Pneumonia,train/patient11183/study1/view1_frontal.jpg,True,Pneumonia,0.3,0.32064065708418893,0.3000030517578125,0.9267120361328125
mobilenet_v2,imagenet,Pneumonia,train/patient19029/study11/view1_frontal.jpg,True,Pneumonia,0.1,0.10241425111336823,0.100006103515625,0.9764862060546875
mobilenet_v2,imagenet,Pneumonia,train/patient19029/study11/view1_frontal.jpg,True,Pneumonia,0.2,0.20481287600593798,0.1999969482421875,0.9764862060546875
mobilenet_v2,imagenet,Pneumonia,train/patient19029/study11/view1_frontal.jpg,True,Pneumonia,0.3,0.3072271271193062,0.3000030517578125,0.9764862060546875
mobilenet_v2,imagenet,Pneumonia,train/patient28600/study2/view1_frontal.jpg,True,Pneumonia,0.1,0.10592168254328882,0.100006103515625,0.939849853515625
mobilenet_v2,imagenet,Pneumonia,train/patient28600/study2/view1_frontal.jpg,True,Pneumonia,0.2,0.19972697342005943,0.1999969482421875,0.939849853515625
mobilenet_v2,imagenet,Pneumonia,train/patient28600/study2/view1_frontal.jpg,True,Pneumonia,0.3,0.2907248264578336,0.3000030517578125,0.939849853515625
mobilenet_v2,imagenet,Pneumonia,train/patient41882/study1/view1_frontal.jpg,True,Pneumonia,0.1,0.0879731011294077,0.100006103515625,0.8627777099609375
mobilenet_v2,imagenet,Pneumonia,train/patient41882/study1/view1_frontal.jpg,True,Pneumonia,0.2,0.18229193189726875,0.1999969482421875,0.8627777099609375
mobilenet_v2,imagenet,Pneumonia,train/patient41882/study1/view1_frontal.jpg,True,Pneumonia,0.3,0.2793204176879428,0.3000030517578125,0.8627777099609375
mobilenet_v2,imagenet,Pneumonia,train/patient07050/study1/view1_frontal.jpg,True,Pneumonia,0.1,0.11203013956674372,0.100006103515625,0.8908538818359375
mobilenet_v2,imagenet,Pneumonia,train/patient07050/study1/view1_frontal.jpg,True,Pneumonia,0.2,0.2188219248145938,0.1999969482421875,0.8908538818359375
mobilenet_v2,imagenet,Pneumonia,train/patient07050/study1/view1_frontal.jpg,True,Pneumonia,0.3,0.3178433326016109,0.3000030517578125,0.8908538818359375
mobilenet_v2,imagenet,Pneumonia,train/patient16682/study9/view1_frontal.jpg,True,Pneumonia,0.1,0.1052486635347481,0.100006103515625,0.9410552978515625
mobilenet_v2,imagenet,Pneumonia,train/patient16682/study9/view1_frontal.jpg,True,Pneumonia,0.2,0.20866332632940035,0.1999969482421875,0.9410552978515625
mobilenet_v2,imagenet,Pneumonia,train/patient16682/study9/view1_frontal.jpg,True,Pneumonia,0.3,0.3127915422484061,0.3000030517578125,0.9410552978515625
mobilenet_v2,imagenet,Pneumonia,train/patient40446/study2/view1_frontal.jpg,True,Pneumonia,0.1,0.10375368336458612,0.100006103515625,0.9059295654296875
mobilenet_v2,imagenet,Pneumonia,train/patient40446/study2/view1_frontal.jpg,True,Pneumonia,0.2,0.18968517120252126,0.1999969482421875,0.9059295654296875
mobilenet_v2,imagenet,Pneumonia,train/patient40446/study2/view1_frontal.jpg,True,Pneumonia,0.3,0.27823513238124503,0.3000030517578125,0.9059295654296875
mobilenet_v2,imagenet,Pneumonia,train/patient17254/study1/view1_frontal.jpg,True,Pneumonia,0.1,0.095036790998522,0.100006103515625,0.9513702392578125
mobilenet_v2,imagenet,Pneumonia,train/patient17254/study1/view1_frontal.jpg,True,Pneumonia,0.2,0.19179315464438582,0.1999969482421875,0.9513702392578125
mobilenet_v2,imagenet,Pneumonia,train/patient17254/study1/view1_frontal.jpg,True,Pneumonia,0.3,0.29074397595102064,0.3000030517578125,0.9513702392578125
mobilenet_v2,imagenet,Pneumonia,train/patient03139/study1/view1_frontal.jpg,True,Pneumonia,0.1,0.10128890674744227,0.100006103515625,0.987335205078125
mobilenet_v2,imagenet,Pneumonia,train/patient03139/study1/view1_frontal.jpg,True,Pneumonia,0.2,0.2024880234894143,0.1999969482421875,0.987335205078125
mobilenet_v2,imagenet,Pneumonia,train/patient03139/study1/view1_frontal.jpg,True,Pneumonia,0.3,0.30266347564270824,0.3000030517578125,0.987335205078125
mobilenet_v2,imagenet,Pneumonia,train/patient24588/study9/view1_frontal.jpg,True,Pneumonia,0.1,0.10916237778777128,0.100006103515625,0.9161224365234375
mobilenet_v2,imagenet,Pneumonia,train/patient24588/study9/view1_frontal.jpg,True,Pneumonia,0.2,0.21830809973517215,0.1999969482421875,0.9161224365234375
mobilenet_v2,imagenet,Pneumonia,train/patient24588/study9/view1_frontal.jpg,True,Pneumonia,0.3,0.3267633300594297,0.3000030517578125,0.9161224365234375
mobilenet_v2,imagenet,Pneumonia,train/patient00773/study7/view1_frontal.jpg,True,Pneumonia,0.1,0.07104753055764702,0.100006103515625,0.920166015625
mobilenet_v2,imagenet,Pneumonia,train/patient00773/study7/view1_frontal.jpg,True,Pneumonia,0.2,0.16440376867683915,0.1999969482421875,0.920166015625
mobilenet_v2,imagenet,Pneumonia,train/patient00773/study7/view1_frontal.jpg,True,Pneumonia,0.3,0.2609593793364451,0.3000030517578125,0.920166015625
mobilenet_v2,imagenet,Pneumonia,train/patient11653/study1/view1_frontal.jpg,True,Pneumonia,0.1,0.10348475518292201,0.100006103515625,0.9663848876953125
mobilenet_v2,imagenet,Pneumonia,train/patient11653/study1/view1_frontal.jpg,True,Pneumonia,0.2,0.20695372080905688,0.1999969482421875,0.9663848876953125
mobilenet_v2,imagenet,Pneumonia,train/patient11653/study1/view1_frontal.jpg,True,Pneumonia,0.3,0.3104177850759466,0.3000030517578125,0.9663848876953125
mobilenet_v2,imagenet,Pneumonia,train/patient37678/study3/view1_frontal.jpg,True,Pneumonia,0.1,0.10506925018762366,0.100006103515625,0.888580322265625
mobilenet_v2,imagenet,Pneumonia,train/patient37678/study3/view1_frontal.jpg,True,Pneumonia,0.2,0.202383159455952,0.1999969482421875,0.888580322265625
mobilenet_v2,imagenet,Pneumonia,train/patient37678/study3/view1_frontal.jpg,True,Pneumonia,0.3,0.288884108809319,0.3000030517578125,0.888580322265625
mobilenet_v2,imagenet,Pneumonia,train/patient30627/study4/view1_frontal.jpg,True,Pneumonia,0.1,0.07261193080641058,0.100006103515625,0.9293975830078125
mobilenet_v2,imagenet,Pneumonia,train/patient30627/study4/view1_frontal.jpg,True,Pneumonia,0.2,0.16456094529320137,0.1999969482421875,0.9293975830078125
mobilenet_v2,imagenet,Pneumonia,train/patient30627/study4/view1_frontal.jpg,True,Pneumonia,0.3,0.2621009430119991,0.3000030517578125,0.9293975830078125
mobilenet_v2,imagenet,Pneumonia,train/patient29345/study8/view1_frontal.jpg,True,Pneumonia,0.1,0.10342028985507247,0.100006103515625,0.9165191650390625
mobilenet_v2,imagenet,Pneumonia,train/patient29345/study8/view1_frontal.jpg,True,Pneumonia,0.2,0.20267582715602966,0.1999969482421875,0.9165191650390625
mobilenet_v2,imagenet,Pneumonia,train/patient29345/study8/view1_frontal.jpg,True,Pneumonia,0.3,0.3011603805917778,0.3000030517578125,0.9165191650390625
mobilenet_v2,imagenet,Pneumonia,train/patient54094/study2/view1_frontal.jpg,True,Pneumonia,0.1,0.10099065849653005,0.100006103515625,0.851348876953125
mobilenet_v2,imagenet,Pneumonia,train/patient54094/study2/view1_frontal.jpg,True,Pneumonia,0.2,0.1713076295389637,0.1999969482421875,0.851348876953125
mobilenet_v2,imagenet,Pneumonia,train/patient54094/study2/view1_frontal.jpg,True,Pneumonia,0.3,0.25002070804963306,0.3000030517578125,0.851348876953125
mobilenet_v2,imagenet,Pneumonia,train/patient08448/study5/view1_frontal.jpg,True,Pneumonia,0.1,0.11800436185360755,0.100006103515625,0.846466064453125
mobilenet_v2,imagenet,Pneumonia,train/patient08448/study5/view1_frontal.jpg,True,Pneumonia,0.2,0.22313179953629392,0.1999969482421875,0.846466064453125
mobilenet_v2,imagenet,Pneumonia,train/patient08448/study5/view1_frontal.jpg,True,Pneumonia,0.3,0.31700262927256795,0.3000030517578125,0.846466064453125
mobilenet_v2,imagenet,Pneumonia,train/patient17052/study6/view1_frontal.jpg,True,Pneumonia,0.1,0.10840045649261508,0.100006103515625,0.9225616455078125
mobilenet_v2,imagenet,Pneumonia,train/patient17052/study6/view1_frontal.jpg,True,Pneumonia,0.2,0.21678437339772746,0.1999969482421875,0.9225616455078125
mobilenet_v2,imagenet,Pneumonia,train/patient17052/study6/view1_frontal.jpg,True,Pneumonia,0.3,0.32371794871794873,0.3000030517578125,0.9225616455078125
mobilenet_v2,imagenet,Pneumonia,train/patient40518/study1/view1_frontal.jpg,True,Pneumonia,0.1,0.1036156387839312,0.100006103515625,0.9651641845703125
mobilenet_v2,imagenet,Pneumonia,train/patient40518/study1/view1_frontal.jpg,True,Pneumonia,0.2,0.20576671035386632,0.1999969482421875,0.9651641845703125
mobilenet_v2,imagenet,Pneumonia,train/patient40518/study1/view1_frontal.jpg,True,Pneumonia,0.3,0.30694661181255023,0.3000030517578125,0.9651641845703125
mobilenet_v2,imagenet,TB,tb/tb1139.png,True,TB,0.1,0.13858772100673028,0.100006103515625,0.7028045654296875
mobilenet_v2,imagenet,TB,tb/tb1139.png,True,TB,0.2,0.25770040176009185,0.1999969482421875,0.7028045654296875
mobilenet_v2,imagenet,TB,tb/tb1139.png,True,TB,0.3,0.3579634680552112,0.3000030517578125,0.7028045654296875
mobilenet_v2,imagenet,TB,tb/tb0940.png,True,TB,0.1,0.11342747820598793,0.100006103515625,0.7613983154296875
mobilenet_v2,imagenet,TB,tb/tb0940.png,True,TB,0.2,0.19642246781360373,0.1999969482421875,0.7613983154296875
mobilenet_v2,imagenet,TB,tb/tb0940.png,True,TB,0.3,0.27609612915061454,0.3000030517578125,0.7613983154296875
mobilenet_v2,imagenet,TB,tb/tb0989.png,True,TB,0.1,0.1249316702280972,0.100006103515625,0.5908203125
mobilenet_v2,imagenet,TB,tb/tb0989.png,True,TB,0.2,0.2500482392667632,0.1999969482421875,0.5908203125
mobilenet_v2,imagenet,TB,tb/tb0989.png,True,TB,0.3,0.3320480058410149,0.3000030517578125,0.5908203125
mobilenet_v2,imagenet,TB,tb/tb0273.png,True,TB,0.1,0.13559083883658846,0.100006103515625,0.639923095703125
mobilenet_v2,imagenet,TB,tb/tb0273.png,True,TB,0.2,0.2361329440826409,0.1999969482421875,0.639923095703125
mobilenet_v2,imagenet,TB,tb/tb0273.png,True,TB,0.3,0.3335137358474228,0.3000030517578125,0.639923095703125
mobilenet_v2,imagenet,TB,tb/tb0503.png,True,TB,0.1,0.11420678582390857,0.100006103515625,0.62005615234375
mobilenet_v2,imagenet,TB,tb/tb0503.png,True,TB,0.2,0.2441373243512281,0.1999969482421875,0.62005615234375
mobilenet_v2,imagenet,TB,tb/tb0503.png,True,TB,0.3,0.3534072544442449,0.3000030517578125,0.62005615234375
mobilenet_v2,imagenet,TB,tb/tb0003.png,True,TB,0.1,0.13381518232675896,0.100006103515625,0.747344970703125
mobilenet_v2,imagenet,TB,tb/tb0003.png,True,TB,0.2,0.2556883684242461,0.1999969482421875,0.747344970703125
mobilenet_v2,imagenet,TB,tb/tb0003.png,True,TB,0.3,0.3618849206349206,0.3000030517578125,0.747344970703125
mobilenet_v2,imagenet,TB,tb/tb1077.png,True,TB,0.1,0.1170938012877162,0.100006103515625,0.7100982666015625
mobilenet_v2,imagenet,TB,tb/tb1077.png,True,TB,0.2,0.20876314776158725,0.1999969482421875,0.7100982666015625
mobilenet_v2,imagenet,TB,tb/tb1077.png,True,TB,0.3,0.28692237407414606,0.3000030517578125,0.7100982666015625
mobilenet_v2,imagenet,TB,tb/tb1161.png,True,TB,0.1,0.0903975838815109,0.100006103515625,0.704315185546875
mobilenet_v2,imagenet,TB,tb/tb1161.png,True,TB,0.2,0.14179751469029958,0.1999969482421875,0.704315185546875
mobilenet_v2,imagenet,TB,tb/tb1161.png,True,TB,0.3,0.200923239732151,0.3000030517578125,0.704315185546875
mobilenet_v2,imagenet,TB,tb/tb0241.png,True,TB,0.1,0.10964450113693085,0.100006103515625,0.815887451171875
mobilenet_v2,imagenet,TB,tb/tb0241.png,True,TB,0.2,0.21699630753482252,0.1999969482421875,0.815887451171875
mobilenet_v2,imagenet,TB,tb/tb0241.png,True,TB,0.3,0.32582171540455773,0.3000030517578125,0.815887451171875
mobilenet_v2,imagenet,TB,tb/tb0752.png,True,TB,0.1,0.1297076926121633,0.100006103515625,0.7710113525390625
mobilenet_v2,imagenet,TB,tb/tb0752.png,True,TB,0.2,0.2550489113284948,0.1999969482421875,0.7710113525390625
mobilenet_v2,imagenet,TB,tb/tb0752.png,True,TB,0.3,0.35748269059683596,0.3000030517578125,0.7710113525390625
mobilenet_v2,imagenet,TB,tb/tb0508.png,True,TB,0.1,0.14661864387821302,0.100006103515625,0.6820831298828125
mobilenet_v2,imagenet,TB,tb/tb0508.png,True,TB,0.2,0.2870533229433374,0.1999969482421875,0.6820831298828125
mobilenet_v2,imagenet,TB,tb/tb0508.png,True,TB,0.3,0.40556004455023914,0.3000030517578125,0.6820831298828125
mobilenet_v2,imagenet,TB,tb/tb0321.png,True,TB,0.1,0.10793449103487222,0.100006103515625,0.857940673828125
mobilenet_v2,imagenet,TB,tb/tb0321.png,True,TB,0.2,0.19708898787941573,0.1999969482421875,0.857940673828125
mobilenet_v2,imagenet,TB,tb/tb0321.png,True,TB,0.3,0.28761707615040044,0.3000030517578125,0.857940673828125
mobilenet_v2,imagenet,TB,tb/tb0827.png,True,TB,0.1,0.14000384508576677,0.100006103515625,0.7143096923828125
mobilenet_v2,imagenet,TB,tb/tb0827.png,True,TB,0.2,0.2773940479235951,0.1999969482421875,0.7143096923828125
mobilenet_v2,imagenet,TB,tb/tb0827.png,True,TB,0.3,0.38831686890415823,0.3000030517578125,0.7143096923828125
mobilenet_v2,imagenet,TB,tb/tb0186.png,True,TB,0.1,0.12210981312764332,0.100006103515625,0.8189849853515625
mobilenet_v2,imagenet,TB,tb/tb0186.png,True,TB,0.2,0.24420099491364372,0.1999969482421875,0.8189849853515625
mobilenet_v2,imagenet,TB,tb/tb0186.png,True,TB,0.3,0.36483594200740727,0.3000030517578125,0.8189849853515625
mobilenet_v2,imagenet,TB,tb/tb0335.png,True,TB,0.1,0.10149653196622437,0.100006103515625,0.7917327880859375
mobilenet_v2,imagenet,TB,tb/tb0335.png,True,TB,0.2,0.22245001598736058,0.1999969482421875,0.7917327880859375
mobilenet_v2,imagenet,TB,tb/tb0335.png,True,TB,0.3,0.300447126394998,0.3000030517578125,0.7917327880859375
mobilenet_v2,imagenet,TB,tb/tb0559.png,True,TB,0.1,0.1038816237054955,0.100006103515625,0.7913055419921875
mobilenet_v2,imagenet,TB,tb/tb0559.png,True,TB,0.2,0.20506019179759233,0.1999969482421875,0.7913055419921875
mobilenet_v2,imagenet,TB,tb/tb0559.png,True,TB,0.3,0.30425268072069445,0.3000030517578125,0.7913055419921875
mobilenet_v2,imagenet,TB,extra/mc+shenzhen/val/CHNCXR_0352_1.png,True,TB,0.1,0.09580817051509768,0.100006103515625,0.84136962890625
mobilenet_v2,imagenet,TB,extra/mc+shenzhen/val/CHNCXR_0352_1.png,True,TB,0.2,0.16506196865717504,0.1999969482421875,0.84136962890625
mobilenet_v2,imagenet,TB,extra/mc+shenzhen/val/CHNCXR_0352_1.png,True,TB,0.3,0.2373004714250269,0.3000030517578125,0.84136962890625
mobilenet_v2,imagenet,TB,tb/tb0669.png,True,TB,0.1,0.1281087813992111,0.100006103515625,0.7291717529296875
mobilenet_v2,imagenet,TB,tb/tb0669.png,True,TB,0.2,0.23901764095468697,0.1999969482421875,0.7291717529296875
mobilenet_v2,imagenet,TB,tb/tb0669.png,True,TB,0.3,0.32897225725094575,0.3000030517578125,0.7291717529296875
mobilenet_v2,imagenet,TB,tb/tb0549.png,True,TB,0.1,0.10996563573883161,0.100006103515625,0.7132110595703125
mobilenet_v2,imagenet,TB,tb/tb0549.png,True,TB,0.2,0.19380834596664806,0.1999969482421875,0.7132110595703125
mobilenet_v2,imagenet,TB,tb/tb0549.png,True,TB,0.3,0.26760079413561394,0.3000030517578125,0.7132110595703125
mobilenet_v2,imagenet,TB,tb/tb0117.png,True,TB,0.1,0.10285786029284828,0.100006103515625,0.9722747802734375
mobilenet_v2,imagenet,TB,tb/tb0117.png,True,TB,0.2,0.2057000266796403,0.1999969482421875,0.9722747802734375
mobilenet_v2,imagenet,TB,tb/tb0117.png,True,TB,0.3,0.30376995606148266,0.3000030517578125,0.9722747802734375
mobilenet_v2,cxr,Normal,health/h3086.png,True,Normal,0.1,0.11351802234467419,0.100006103515625,0.5721893310546875
mobilenet_v2,cxr,Normal,health/h3086.png,True,Normal,0.2,0.19842754635659648,0.1999969482421875,0.5721893310546875
mobilenet_v2,cxr,Normal,health/h3086.png,True,Normal,0.3,0.2716917326688618,0.3000030517578125,0.5721893310546875
mobilenet_v2,cxr,Normal,health/h1322.png,True,Normal,0.1,0.13229571984435798,0.100006103515625,0.6415252685546875
mobilenet_v2,cxr,Normal,health/h1322.png,True,Normal,0.2,0.2296818212223238,0.1999969482421875,0.6415252685546875
mobilenet_v2,cxr,Normal,health/h1322.png,True,Normal,0.3,0.3369734789391576,0.3000030517578125,0.6415252685546875
mobilenet_v2,cxr,Normal,extra/mc+shenzhen/train/CHNCXR_0226_0.png,False,TB,0.1,0.008014516860728868,0.100006103515625,0.4085693359375
mobilenet_v2,cxr,Normal,extra/mc+shenzhen/train/CHNCXR_0226_0.png,False,TB,0.2,0.07541929569109637,0.1999969482421875,0.4085693359375
mobilenet_v2,cxr,Normal,extra/mc+shenzhen/train/CHNCXR_0226_0.png,False,TB,0.3,0.11993536561836773,0.3000030517578125,0.4085693359375
mobilenet_v2,cxr,Normal,health/h2764.png,True,Normal,0.1,0.11699542439302056,0.100006103515625,0.6785125732421875
mobilenet_v2,cxr,Normal,health/h2764.png,True,Normal,0.2,0.22025348649908863,0.1999969482421875,0.6785125732421875
mobilenet_v2,cxr,Normal,health/h2764.png,True,Normal,0.3,0.29803254797182416,0.3000030517578125,0.6785125732421875
mobilenet_v2,cxr,Normal,health/h4743.png,False,TB,0.1,0.13834526650755768,0.100006103515625,0.5550079345703125
mobilenet_v2,cxr,Normal,health/h4743.png,False,TB,0.2,0.2028393621159082,0.1999969482421875,0.5550079345703125
mobilenet_v2,cxr,Normal,health/h4743.png,False,TB,0.3,0.27494880546075084,0.3000030517578125,0.5550079345703125
mobilenet_v2,cxr,Normal,health/h1337.png,True,Normal,0.1,0.1338753166108342,0.100006103515625,0.74700927734375
mobilenet_v2,cxr,Normal,health/h1337.png,True,Normal,0.2,0.26666938792170947,0.1999969482421875,0.74700927734375
mobilenet_v2,cxr,Normal,health/h1337.png,True,Normal,0.3,0.37677320973534784,0.3000030517578125,0.74700927734375
mobilenet_v2,cxr,Normal,health/h0036.png,True,Normal,0.1,0.11127510896888909,0.100006103515625,0.63525390625
mobilenet_v2,cxr,Normal,health/h0036.png,True,Normal,0.2,0.18272762629099867,0.1999969482421875,0.63525390625
mobilenet_v2,cxr,Normal,health/h0036.png,True,Normal,0.3,0.2716653872486981,0.3000030517578125,0.63525390625
mobilenet_v2,cxr,Normal,health/h0564.png,True,Normal,0.1,0.06110317379324421,0.100006103515625,0.5346221923828125
mobilenet_v2,cxr,Normal,health/h0564.png,True,Normal,0.2,0.15212865245171944,0.1999969482421875,0.5346221923828125
mobilenet_v2,cxr,Normal,health/h0564.png,True,Normal,0.3,0.21694440118361627,0.3000030517578125,0.5346221923828125
mobilenet_v2,cxr,Normal,health/h3275.png,True,Normal,0.1,0.09705457940752059,0.100006103515625,0.88604736328125
mobilenet_v2,cxr,Normal,health/h3275.png,True,Normal,0.2,0.19387087575691497,0.1999969482421875,0.88604736328125
mobilenet_v2,cxr,Normal,health/h3275.png,True,Normal,0.3,0.2924460850335046,0.3000030517578125,0.88604736328125
mobilenet_v2,cxr,Normal,health/h3793.png,True,Normal,0.1,0.021592104603977758,0.100006103515625,0.522308349609375
mobilenet_v2,cxr,Normal,health/h3793.png,True,Normal,0.2,0.08354888181838992,0.1999969482421875,0.522308349609375
mobilenet_v2,cxr,Normal,health/h3793.png,True,Normal,0.3,0.1697634035163881,0.3000030517578125,0.522308349609375
mobilenet_v2,cxr,Normal,health/h0150.png,True,Normal,0.1,0.11496599879674026,0.100006103515625,0.8331756591796875
mobilenet_v2,cxr,Normal,health/h0150.png,True,Normal,0.2,0.21951658801916357,0.1999969482421875,0.8331756591796875
mobilenet_v2,cxr,Normal,health/h0150.png,True,Normal,0.3,0.3169243864377926,0.3000030517578125,0.8331756591796875
mobilenet_v2,cxr,Normal,health/h1833.png,True,Normal,0.1,0.06898508430609598,0.100006103515625,0.704864501953125
mobilenet_v2,cxr,Normal,health/h1833.png,True,Normal,0.2,0.16251396757562095,0.1999969482421875,0.704864501953125
mobilenet_v2,cxr,Normal,health/h1833.png,True,Normal,0.3,0.2670270894258889,0.3000030517578125,0.704864501953125
mobilenet_v2,cxr,Normal,health/h4592.png,True,Normal,0.1,0.12007713105992329,0.100006103515625,0.715423583984375
mobilenet_v2,cxr,Normal,health/h4592.png,True,Normal,0.2,0.1693402202514375,0.1999969482421875,0.715423583984375
mobilenet_v2,cxr,Normal,health/h4592.png,True,Normal,0.3,0.2108701189999636,0.3000030517578125,0.715423583984375
mobilenet_v2,cxr,Normal,health/h1314.png,True,Normal,0.1,0.12263074188418,0.100006103515625,0.8155059814453125
mobilenet_v2,cxr,Normal,health/h1314.png,True,Normal,0.2,0.24301002969686783,0.1999969482421875,0.8155059814453125
mobilenet_v2,cxr,Normal,health/h1314.png,True,Normal,0.3,0.3417391623536321,0.3000030517578125,0.8155059814453125
mobilenet_v2,cxr,Normal,health/h3770.png,True,Normal,0.1,0.07168811354465701,0.100006103515625,0.714569091796875
mobilenet_v2,cxr,Normal,health/h3770.png,True,Normal,0.2,0.14126585170798583,0.1999969482421875,0.714569091796875
mobilenet_v2,cxr,Normal,health/h3770.png,True,Normal,0.3,0.22494058694570845,0.3000030517578125,0.714569091796875
mobilenet_v2,cxr,Normal,health/h2888.png,True,Normal,0.1,0.0971055833715665,0.100006103515625,0.7392120361328125
mobilenet_v2,cxr,Normal,health/h2888.png,True,Normal,0.2,0.1944654673885622,0.1999969482421875,0.7392120361328125
mobilenet_v2,cxr,Normal,health/h2888.png,True,Normal,0.3,0.2794664662784144,0.3000030517578125,0.7392120361328125
mobilenet_v2,cxr,Normal,health/h2302.png,True,Normal,0.1,0.10125640461978119,0.100006103515625,0.8937225341796875
mobilenet_v2,cxr,Normal,health/h2302.png,True,Normal,0.2,0.18621123357495117,0.1999969482421875,0.8937225341796875
mobilenet_v2,cxr,Normal,health/h2302.png,True,Normal,0.3,0.28217651397197413,0.3000030517578125,0.8937225341796875
mobilenet_v2,cxr,Normal,extra/mc+shenzhen/val/CHNCXR_0294_0.png,False,TB,0.1,0.1122517955217575,0.100006103515625,0.3017120361328125
mobilenet_v2,cxr,Normal,extra/mc+shenzhen/val/CHNCXR_0294_0.png,False,TB,0.2,0.1253722148064483,0.1999969482421875,0.3017120361328125
mobilenet_v2,cxr,Normal,extra/mc+shenzhen/val/CHNCXR_0294_0.png,False,TB,0.3,0.12897592258581694,0.3000030517578125,0.3017120361328125
mobilenet_v2,cxr,Normal,health/h0882.png,True,Normal,0.1,0.10617306931614584,0.100006103515625,0.625396728515625
mobilenet_v2,cxr,Normal,health/h0882.png,True,Normal,0.2,0.19273681425295466,0.1999969482421875,0.625396728515625
mobilenet_v2,cxr,Normal,health/h0882.png,True,Normal,0.3,0.2751682085786375,0.3000030517578125,0.625396728515625
mobilenet_v2,cxr,Normal,extra/mc+shenzhen/val/CHNCXR_0142_0.png,False,TB,0.1,0.18215666618931692,0.100006103515625,0.2778778076171875
mobilenet_v2,cxr,Normal,extra/mc+shenzhen/val/CHNCXR_0142_0.png,False,TB,0.2,0.19075320330025475,0.1999969482421875,0.2778778076171875
mobilenet_v2,cxr,Normal,extra/mc+shenzhen/val/CHNCXR_0142_0.png,False,TB,0.3,0.19745786827710501,0.3000030517578125,0.2778778076171875
mobilenet_v2,cxr,Pneumonia,train/patient40094/study1/view1_frontal.jpg,True,Pneumonia,0.1,0.11878391019644527,0.100006103515625,0.8124542236328125
mobilenet_v2,cxr,Pneumonia,train/patient40094/study1/view1_frontal.jpg,True,Pneumonia,0.2,0.20390463403128062,0.1999969482421875,0.8124542236328125
mobilenet_v2,cxr,Pneumonia,train/patient40094/study1/view1_frontal.jpg,True,Pneumonia,0.3,0.24941732931176308,0.3000030517578125,0.8124542236328125
mobilenet_v2,cxr,Pneumonia,train/patient11183/study1/view1_frontal.jpg,True,Pneumonia,0.1,0.12014665444546288,0.100006103515625,0.832366943359375
mobilenet_v2,cxr,Pneumonia,train/patient11183/study1/view1_frontal.jpg,True,Pneumonia,0.2,0.24025224102216275,0.1999969482421875,0.832366943359375
mobilenet_v2,cxr,Pneumonia,train/patient11183/study1/view1_frontal.jpg,True,Pneumonia,0.3,0.34943812052223877,0.3000030517578125,0.832366943359375
mobilenet_v2,cxr,Pneumonia,train/patient19029/study11/view1_frontal.jpg,True,Pneumonia,0.1,0.12126033784158818,0.100006103515625,0.8247222900390625
mobilenet_v2,cxr,Pneumonia,train/patient19029/study11/view1_frontal.jpg,True,Pneumonia,0.2,0.24250217395326462,0.1999969482421875,0.8247222900390625
mobilenet_v2,cxr,Pneumonia,train/patient19029/study11/view1_frontal.jpg,True,Pneumonia,0.3,0.35868463254133565,0.3000030517578125,0.8247222900390625
mobilenet_v2,cxr,Pneumonia,train/patient28600/study2/view1_frontal.jpg,True,Pneumonia,0.1,0.11675541051185159,0.100006103515625,0.69366455078125
mobilenet_v2,cxr,Pneumonia,train/patient28600/study2/view1_frontal.jpg,True,Pneumonia,0.2,0.2272022462492666,0.1999969482421875,0.69366455078125
mobilenet_v2,cxr,Pneumonia,train/patient28600/study2/view1_frontal.jpg,True,Pneumonia,0.3,0.2912378799595503,0.3000030517578125,0.69366455078125
mobilenet_v2,cxr,Pneumonia,train/patient41882/study1/view1_frontal.jpg,True,Pneumonia,0.1,0.1112738980230434,0.100006103515625,0.8374786376953125
mobilenet_v2,cxr,Pneumonia,train/patient41882/study1/view1_frontal.jpg,True,Pneumonia,0.2,0.20924111192131895,0.1999969482421875,0.8374786376953125
mobilenet_v2,cxr,Pneumonia,train/patient41882/study1/view1_frontal.jpg,True,Pneumonia,0.3,0.29303406646777214,0.3000030517578125,0.8374786376953125
mobilenet_v2,cxr,Pneumonia,train/patient07050/study1/view1_frontal.jpg,True,Pneumonia,0.1,0.1192692878338279,0.100006103515625,0.8208770751953125
mobilenet_v2,cxr,Pneumonia,train/patient07050/study1/view1_frontal.jpg,True,Pneumonia,0.2,0.20699981959227856,0.1999969482421875,0.8208770751953125
mobilenet_v2,cxr,Pneumonia,train/patient07050/study1/view1_frontal.jpg,True,Pneumonia,0.3,0.30531665363565286,0.3000030517578125,0.8208770751953125
mobilenet_v2,cxr,Pneumonia,train/patient16682/study9/view1_frontal.jpg,True,Pneumonia,0.1,0.13038893862528597,0.100006103515625,0.7669830322265625
mobilenet_v2,cxr,Pneumonia,train/patient16682/study9/view1_frontal.jpg,True,Pneumonia,0.2,0.26075798269173384,0.1999969482421875,0.7669830322265625
mobilenet_v2,cxr,Pneumonia,train/patient16682/study9/view1_frontal.jpg,True,Pneumonia,0.3,0.37956477992384635,0.3000030517578125,0.7669830322265625
mobilenet_v2,cxr,Pneumonia,train/patient40446/study2/view1_frontal.jpg,True,Pneumonia,0.1,0.10942117301367348,0.100006103515625,0.9139556884765625
mobilenet_v2,cxr,Pneumonia,train/patient40446/study2/view1_frontal.jpg,True,Pneumonia,0.2,0.20584057348617488,0.1999969482421875,0.9139556884765625
mobilenet_v2,cxr,Pneumonia,train/patient40446/study2/view1_frontal.jpg,True,Pneumonia,0.3,0.3039943616724853,0.3000030517578125,0.9139556884765625
mobilenet_v2,cxr,Pneumonia,train/patient17254/study1/view1_frontal.jpg,True,Pneumonia,0.1,0.12368137985695685,0.100006103515625,0.8085784912109375
mobilenet_v2,cxr,Pneumonia,train/patient17254/study1/view1_frontal.jpg,True,Pneumonia,0.2,0.24546362420154133,0.1999969482421875,0.8085784912109375
mobilenet_v2,cxr,Pneumonia,train/patient17254/study1/view1_frontal.jpg,True,Pneumonia,0.3,0.3119289248438008,0.3000030517578125,0.8085784912109375
mobilenet_v2,cxr,Pneumonia,train/patient03139/study1/view1_frontal.jpg,True,Pneumonia,0.1,0.115637736648023,0.100006103515625,0.8648223876953125
mobilenet_v2,cxr,Pneumonia,train/patient03139/study1/view1_frontal.jpg,True,Pneumonia,0.2,0.23125782945462886,0.1999969482421875,0.8648223876953125
mobilenet_v2,cxr,Pneumonia,train/patient03139/study1/view1_frontal.jpg,True,Pneumonia,0.3,0.3468955661026519,0.3000030517578125,0.8648223876953125
mobilenet_v2,cxr,Pneumonia,train/patient24588/study9/view1_frontal.jpg,True,Pneumonia,0.1,0.10964937587752198,0.100006103515625,0.78033447265625
mobilenet_v2,cxr,Pneumonia,train/patient24588/study9/view1_frontal.jpg,True,Pneumonia,0.2,0.19986926883929404,0.1999969482421875,0.78033447265625
mobilenet_v2,cxr,Pneumonia,train/patient24588/study9/view1_frontal.jpg,True,Pneumonia,0.3,0.280075935635509,0.3000030517578125,0.78033447265625
mobilenet_v2,cxr,Pneumonia,train/patient00773/study7/view1_frontal.jpg,True,Pneumonia,0.1,0.11972744378071282,0.100006103515625,0.8352813720703125
mobilenet_v2,cxr,Pneumonia,train/patient00773/study7/view1_frontal.jpg,True,Pneumonia,0.2,0.23400385580735514,0.1999969482421875,0.8352813720703125
mobilenet_v2,cxr,Pneumonia,train/patient00773/study7/view1_frontal.jpg,True,Pneumonia,0.3,0.3473497401350935,0.3000030517578125,0.8352813720703125
mobilenet_v2,cxr,Pneumonia,train/patient11653/study1/view1_frontal.jpg,True,Pneumonia,0.1,0.11092493864771093,0.100006103515625,0.9015655517578125
mobilenet_v2,cxr,Pneumonia,train/patient11653/study1/view1_frontal.jpg,True,Pneumonia,0.2,0.22121289012940878,0.1999969482421875,0.9015655517578125
mobilenet_v2,cxr,Pneumonia,train/patient11653/study1/view1_frontal.jpg,True,Pneumonia,0.3,0.31832183754101656,0.3000030517578125,0.9015655517578125
mobilenet_v2,cxr,Pneumonia,train/patient37678/study3/view1_frontal.jpg,True,Pneumonia,0.1,0.11202297907263029,0.100006103515625,0.809722900390625
mobilenet_v2,cxr,Pneumonia,train/patient37678/study3/view1_frontal.jpg,True,Pneumonia,0.2,0.1805012933725805,0.1999969482421875,0.809722900390625
mobilenet_v2,cxr,Pneumonia,train/patient37678/study3/view1_frontal.jpg,True,Pneumonia,0.3,0.26530150666341906,0.3000030517578125,0.809722900390625
mobilenet_v2,cxr,Pneumonia,train/patient30627/study4/view1_frontal.jpg,True,Pneumonia,0.1,0.12463606038987332,0.100006103515625,0.7899932861328125
mobilenet_v2,cxr,Pneumonia,train/patient30627/study4/view1_frontal.jpg,True,Pneumonia,0.2,0.21927384800420957,0.1999969482421875,0.7899932861328125
mobilenet_v2,cxr,Pneumonia,train/patient30627/study4/view1_frontal.jpg,True,Pneumonia,0.3,0.2679316281794139,0.3000030517578125,0.7899932861328125
mobilenet_v2,cxr,Pneumonia,train/patient29345/study8/view1_frontal.jpg,True,Pneumonia,0.1,0.11397478915389499,0.100006103515625,0.8371734619140625
mobilenet_v2,cxr,Pneumonia,train/patient29345/study8/view1_frontal.jpg,True,Pneumonia,0.2,0.20899292092063604,0.1999969482421875,0.8371734619140625
mobilenet_v2,cxr,Pneumonia,train/patient29345/study8/view1_frontal.jpg,True,Pneumonia,0.3,0.3006736709832804,0.3000030517578125,0.8371734619140625
mobilenet_v2,cxr,Pneumonia,train/patient54094/study2/view1_frontal.jpg,True,Pneumonia,0.1,0.10181221812218122,0.100006103515625,0.9251251220703125
mobilenet_v2,cxr,Pneumonia,train/patient54094/study2/view1_frontal.jpg,True,Pneumonia,0.2,0.19036549141159756,0.1999969482421875,0.9251251220703125
mobilenet_v2,cxr,Pneumonia,train/patient54094/study2/view1_frontal.jpg,True,Pneumonia,0.3,0.28176883780332057,0.3000030517578125,0.9251251220703125
mobilenet_v2,cxr,Pneumonia,train/patient08448/study5/view1_frontal.jpg,True,Pneumonia,0.1,0.10800922874093606,0.100006103515625,0.9259033203125
mobilenet_v2,cxr,Pneumonia,train/patient08448/study5/view1_frontal.jpg,True,Pneumonia,0.2,0.21600197758734344,0.1999969482421875,0.9259033203125
mobilenet_v2,cxr,Pneumonia,train/patient08448/study5/view1_frontal.jpg,True,Pneumonia,0.3,0.31267564211489446,0.3000030517578125,0.9259033203125
mobilenet_v2,cxr,Pneumonia,train/patient17052/study6/view1_frontal.jpg,True,Pneumonia,0.1,0.11185939835414985,0.100006103515625,0.88751220703125
mobilenet_v2,cxr,Pneumonia,train/patient17052/study6/view1_frontal.jpg,True,Pneumonia,0.2,0.1958622772576261,0.1999969482421875,0.88751220703125
mobilenet_v2,cxr,Pneumonia,train/patient17052/study6/view1_frontal.jpg,True,Pneumonia,0.3,0.2608343458890239,0.3000030517578125,0.88751220703125
mobilenet_v2,cxr,Pneumonia,train/patient40518/study1/view1_frontal.jpg,True,Pneumonia,0.1,0.11318538986270615,0.100006103515625,0.8835601806640625
mobilenet_v2,cxr,Pneumonia,train/patient40518/study1/view1_frontal.jpg,True,Pneumonia,0.2,0.22635351005958035,0.1999969482421875,0.8835601806640625
mobilenet_v2,cxr,Pneumonia,train/patient40518/study1/view1_frontal.jpg,True,Pneumonia,0.3,0.33681471140754526,0.3000030517578125,0.8835601806640625
mobilenet_v2,cxr,TB,tb/tb1139.png,True,TB,0.1,0.09687906371911574,0.100006103515625,0.414825439453125
mobilenet_v2,cxr,TB,tb/tb1139.png,True,TB,0.2,0.2244879353309427,0.1999969482421875,0.414825439453125
mobilenet_v2,cxr,TB,tb/tb1139.png,True,TB,0.3,0.286864080870234,0.3000030517578125,0.414825439453125
mobilenet_v2,cxr,TB,tb/tb0940.png,False,Normal,0.1,0.056017347307553304,0.100006103515625,0.345855712890625
mobilenet_v2,cxr,TB,tb/tb0940.png,False,Normal,0.2,0.1110662484082368,0.1999969482421875,0.345855712890625
mobilenet_v2,cxr,TB,tb/tb0940.png,False,Normal,0.3,0.16925414364640884,0.3000030517578125,0.345855712890625
mobilenet_v2,cxr,TB,tb/tb0989.png,True,TB,0.1,0.07728065078442765,0.100006103515625,0.352630615234375
mobilenet_v2,cxr,TB,tb/tb0989.png,True,TB,0.2,0.10812960866505522,0.1999969482421875,0.352630615234375
mobilenet_v2,cxr,TB,tb/tb0989.png,True,TB,0.3,0.17832938453909306,0.3000030517578125,0.352630615234375
mobilenet_v2,cxr,TB,tb/tb0273.png,True,TB,0.1,0.0982534223481017,0.100006103515625,0.397003173828125
mobilenet_v2,cxr,TB,tb/tb0273.png,True,TB,0.2,0.1761257740636085,0.1999969482421875,0.397003173828125
mobilenet_v2,cxr,TB,tb/tb0273.png,True,TB,0.3,0.24174957864404936,0.3000030517578125,0.397003173828125
mobilenet_v2,cxr,TB,tb/tb0503.png,True,TB,0.1,0.01053309589663926,0.100006103515625,0.3069610595703125
mobilenet_v2,cxr,TB,tb/tb0503.png,True,TB,0.2,0.04675488342785129,0.1999969482421875,0.3069610595703125
mobilenet_v2,cxr,TB,tb/tb0503.png,True,TB,0.3,0.11133461850082418,0.3000030517578125,0.3069610595703125
mobilenet_v2,cxr,TB,tb/tb0003.png,True,TB,0.1,0.05112316034082107,0.100006103515625,0.314117431640625
mobilenet_v2,cxr,TB,tb/tb0003.png,True,TB,0.2,0.12220223820943245,0.1999969482421875,0.314117431640625
mobilenet_v2,cxr,TB,tb/tb0003.png,True,TB,0.3,0.22588407297980567,0.3000030517578125,0.314117431640625
mobilenet_v2,cxr,TB,tb/tb1077.png,True,TB,0.1,0.06608410704533042,0.100006103515625,0.406341552734375
mobilenet_v2,cxr,TB,tb/tb1077.png,True,TB,0.2,0.11087193536663778,0.1999969482421875,0.406341552734375
mobilenet_v2,cxr,TB,tb/tb1077.png,True,TB,0.3,0.16096105133799815,0.3000030517578125,0.406341552734375
mobilenet_v2,cxr,TB,tb/tb1161.png,False,Normal,0.1,0.27426913635349254,0.100006103515625,0.33563232421875
mobilenet_v2,cxr,TB,tb/tb1161.png,False,Normal,0.2,0.38741551717323425,0.1999969482421875,0.33563232421875
mobilenet_v2,cxr,TB,tb/tb1161.png,False,Normal,0.3,0.42646303461973084,0.3000030517578125,0.33563232421875
mobilenet_v2,cxr,TB,tb/tb0241.png,True,TB,0.1,0.01049998104696562,0.100006103515625,0.3067626953125
mobilenet_v2,cxr,TB,tb/tb0241.png,True,TB,0.2,0.09549412851299643,0.1999969482421875,0.3067626953125
mobilenet_v2,cxr,TB,tb/tb0241.png,True,TB,0.3,0.14240979085267755,0.3000030517578125,0.3067626953125
mobilenet_v2,cxr,TB,tb/tb0752.png,True,TB,0.1,0.07020010816657653,0.100006103515625,0.201934814453125
mobilenet_v2,cxr,TB,tb/tb0752.png,True,TB,0.2,0.160959055048702,0.1999969482421875,0.201934814453125
mobilenet_v2,cxr,TB,tb/tb0752.png,True,TB,0.3,0.19440107476126503,0.3000030517578125,0.201934814453125
mobilenet_v2,cxr,TB,tb/tb0508.png,True,TB,0.1,0.06786623942157588,0.100006103515625,0.0983123779296875
mobilenet_v2,cxr,TB,tb/tb0508.png,True,TB,0.2,0.06562738471601438,0.1999969482421875,0.0983123779296875
mobilenet_v2,cxr,TB,tb/tb0508.png,True,TB,0.3,0.07036247334754797,0.3000030517578125,0.0983123779296875
mobilenet_v2,cxr,TB,tb/tb0321.png,False,Normal,0.1,0.14046266795955117,0.100006103515625,0.402496337890625
mobilenet_v2,cxr,TB,tb/tb0321.png,False,Normal,0.2,0.22033007788354556,0.1999969482421875,0.402496337890625
mobilenet_v2,cxr,TB,tb/tb0321.png,False,Normal,0.3,0.3050342989965418,0.3000030517578125,0.402496337890625
mobilenet_v2,cxr,TB,tb/tb0827.png,True,TB,0.1,0.17827208252740168,0.100006103515625,0.346160888671875
mobilenet_v2,cxr,TB,tb/tb0827.png,True,TB,0.2,0.2625396825396825,0.1999969482421875,0.346160888671875
mobilenet_v2,cxr,TB,tb/tb0827.png,True,TB,0.3,0.2926829268292683,0.3000030517578125,0.346160888671875
mobilenet_v2,cxr,TB,tb/tb0186.png,True,TB,0.1,0.04177282122770754,0.100006103515625,0.230682373046875
mobilenet_v2,cxr,TB,tb/tb0186.png,True,TB,0.2,0.06666414723555421,0.1999969482421875,0.230682373046875
mobilenet_v2,cxr,TB,tb/tb0186.png,True,TB,0.3,0.0697939095662873,0.3000030517578125,0.230682373046875
mobilenet_v2,cxr,TB,tb/tb0335.png,True,TB,0.1,0.03257464356498945,0.100006103515625,0.3928680419921875
mobilenet_v2,cxr,TB,tb/tb0335.png,True,TB,0.2,0.07331491712707182,0.1999969482421875,0.3928680419921875
mobilenet_v2,cxr,TB,tb/tb0335.png,True,TB,0.3,0.13491627093226694,0.3000030517578125,0.3928680419921875
mobilenet_v2,cxr,TB,tb/tb0559.png,True,TB,0.1,0.044714447341236654,0.100006103515625,0.22406005859375
mobilenet_v2,cxr,TB,tb/tb0559.png,True,TB,0.2,0.055648408417534,0.1999969482421875,0.22406005859375
mobilenet_v2,cxr,TB,tb/tb0559.png,True,TB,0.3,0.0756678881267813,0.3000030517578125,0.22406005859375
mobilenet_v2,cxr,TB,extra/mc+shenzhen/val/CHNCXR_0352_1.png,True,TB,0.1,0.09660201473462637,0.100006103515625,0.34515380859375
mobilenet_v2,cxr,TB,extra/mc+shenzhen/val/CHNCXR_0352_1.png,True,TB,0.2,0.15479345788350896,0.1999969482421875,0.34515380859375
mobilenet_v2,cxr,TB,extra/mc+shenzhen/val/CHNCXR_0352_1.png,True,TB,0.3,0.21998441873214647,0.3000030517578125,0.34515380859375
mobilenet_v2,cxr,TB,tb/tb0669.png,True,TB,0.1,0.0984349651684321,0.100006103515625,0.2512664794921875
mobilenet_v2,cxr,TB,tb/tb0669.png,True,TB,0.2,0.1268432082301391,0.1999969482421875,0.2512664794921875
mobilenet_v2,cxr,TB,tb/tb0669.png,True,TB,0.3,0.12174372030924954,0.3000030517578125,0.2512664794921875
mobilenet_v2,cxr,TB,tb/tb0549.png,True,TB,0.1,0.007967704238818655,0.100006103515625,0.189544677734375
mobilenet_v2,cxr,TB,tb/tb0549.png,True,TB,0.2,0.025384584488090934,0.1999969482421875,0.189544677734375
mobilenet_v2,cxr,TB,tb/tb0549.png,True,TB,0.3,0.04836127177074143,0.3000030517578125,0.189544677734375
mobilenet_v2,cxr,TB,tb/tb0117.png,True,TB,0.1,0.09149318941146235,0.100006103515625,0.288818359375
mobilenet_v2,cxr,TB,tb/tb0117.png,True,TB,0.2,0.1429641786784644,0.1999969482421875,0.288818359375
mobilenet_v2,cxr,TB,tb/tb0117.png,True,TB,0.3,0.18476558902090817,0.3000030517578125,0.288818359375
efficientnet_b0,imagenet,Normal,health/h3086.png,True,Normal,0.1,0.12245552474201521,0.100006103515625,0.807861328125
efficientnet_b0,imagenet,Normal,health/h3086.png,True,Normal,0.2,0.24385145568905126,0.1999969482421875,0.807861328125
efficientnet_b0,imagenet,Normal,health/h3086.png,True,Normal,0.3,0.35819443665001777,0.3000030517578125,0.807861328125
efficientnet_b0,imagenet,Normal,health/h1322.png,True,Normal,0.1,0.1248284537968893,0.100006103515625,0.8004608154296875
efficientnet_b0,imagenet,Normal,health/h1322.png,True,Normal,0.2,0.247094626723728,0.1999969482421875,0.8004608154296875
efficientnet_b0,imagenet,Normal,health/h1322.png,True,Normal,0.3,0.36624547710610567,0.3000030517578125,0.8004608154296875
efficientnet_b0,imagenet,Normal,extra/mc+shenzhen/train/CHNCXR_0226_0.png,True,Normal,0.1,0.18558903937403765,0.100006103515625,0.4756927490234375
efficientnet_b0,imagenet,Normal,extra/mc+shenzhen/train/CHNCXR_0226_0.png,True,Normal,0.2,0.36068092428711895,0.1999969482421875,0.4756927490234375
efficientnet_b0,imagenet,Normal,extra/mc+shenzhen/train/CHNCXR_0226_0.png,True,Normal,0.3,0.5193066347878064,0.3000030517578125,0.4756927490234375
efficientnet_b0,imagenet,Normal,health/h2764.png,True,Normal,0.1,0.1710287024590812,0.100006103515625,0.57794189453125
efficientnet_b0,imagenet,Normal,health/h2764.png,True,Normal,0.2,0.31946996557881935,0.1999969482421875,0.57794189453125
efficientnet_b0,imagenet,Normal,health/h2764.png,True,Normal,0.3,0.45086617747182084,0.3000030517578125,0.57794189453125
efficientnet_b0,imagenet,Normal,health/h4743.png,True,Normal,0.1,0.11993558540423818,0.100006103515625,0.833831787109375
efficientnet_b0,imagenet,Normal,health/h4743.png,True,Normal,0.2,0.23985287120740767,0.1999969482421875,0.833831787109375
efficientnet_b0,imagenet,Normal,health/h4743.png,True,Normal,0.3,0.3597635734807034,0.3000030517578125,0.833831787109375
efficientnet_b0,imagenet,Normal,health/h1337.png,True,Normal,0.1,0.11342546352624984,0.100006103515625,0.8355560302734375
efficientnet_b0,imagenet,Normal,health/h1337.png,True,Normal,0.2,0.21503894011279204,0.1999969482421875,0.8355560302734375
efficientnet_b0,imagenet,Normal,health/h1337.png,True,Normal,0.3,0.3140980364458257,0.3000030517578125,0.8355560302734375
efficientnet_b0,imagenet,Normal,health/h0036.png,True,Normal,0.1,0.12015724599077833,0.100006103515625,0.8304443359375
efficientnet_b0,imagenet,Normal,health/h0036.png,True,Normal,0.2,0.23873725144911587,0.1999969482421875,0.8304443359375
efficientnet_b0,imagenet,Normal,health/h0036.png,True,Normal,0.3,0.3543875685557587,0.3000030517578125,0.8304443359375
efficientnet_b0,imagenet,Normal,health/h0564.png,True,Normal,0.1,0.132819434711516,0.100006103515625,0.639984130859375
efficientnet_b0,imagenet,Normal,health/h0564.png,True,Normal,0.2,0.2637801602424298,0.1999969482421875,0.639984130859375
efficientnet_b0,imagenet,Normal,health/h0564.png,True,Normal,0.3,0.38548905831815217,0.3000030517578125,0.639984130859375
efficientnet_b0,imagenet,Normal,health/h3275.png,True,Normal,0.1,0.1178343376202896,0.100006103515625,0.8482666015625
efficientnet_b0,imagenet,Normal,health/h3275.png,True,Normal,0.2,0.23273340630551417,0.1999969482421875,0.8482666015625
efficientnet_b0,imagenet,Normal,health/h3275.png,True,Normal,0.3,0.33768842434584756,0.3000030517578125,0.8482666015625
efficientnet_b0,imagenet,Normal,health/h3793.png,True,Normal,0.1,0.11523308049193608,0.100006103515625,0.8242950439453125
efficientnet_b0,imagenet,Normal,health/h3793.png,True,Normal,0.2,0.21966641229695846,0.1999969482421875,0.8242950439453125
efficientnet_b0,imagenet,Normal,health/h3793.png,True,Normal,0.3,0.31513939956448794,0.3000030517578125,0.8242950439453125
efficientnet_b0,imagenet,Normal,health/h0150.png,True,Normal,0.1,0.13454314043479154,0.100006103515625,0.7433013916015625
efficientnet_b0,imagenet,Normal,health/h0150.png,True,Normal,0.2,0.26286974995914364,0.1999969482421875,0.7433013916015625
efficientnet_b0,imagenet,Normal,health/h0150.png,True,Normal,0.3,0.3835009408955707,0.3000030517578125,0.7433013916015625
efficientnet_b0,imagenet,Normal,health/h1833.png,True,Normal,0.1,0.10741023404564617,0.100006103515625,0.8299102783203125
efficientnet_b0,imagenet,Normal,health/h1833.png,True,Normal,0.2,0.2160345914782452,0.1999969482421875,0.8299102783203125
efficientnet_b0,imagenet,Normal,health/h1833.png,True,Normal,0.3,0.31066586427838155,0.3000030517578125,0.8299102783203125
efficientnet_b0,imagenet,Normal,health/h4592.png,True,Normal,0.1,0.1710956076402498,0.100006103515625,0.5838775634765625
efficientnet_b0,imagenet,Normal,health/h4592.png,True,Normal,0.2,0.325181860393128,0.1999969482421875,0.5838775634765625
efficientnet_b0,imagenet,Normal,health/h4592.png,True,Normal,0.3,0.4517794486215539,0.3000030517578125,0.5838775634765625
efficientnet_b0,imagenet,Normal,health/h1314.png,True,Normal,0.1,0.11419312123218454,0.100006103515625,0.875762939453125
efficientnet_b0,imagenet,Normal,health/h1314.png,True,Normal,0.2,0.22533718020022248,0.1999969482421875,0.875762939453125
efficientnet_b0,imagenet,Normal,health/h1314.png,True,Normal,0.3,0.3222651222651223,0.3000030517578125,0.875762939453125
efficientnet_b0,imagenet,Normal,health/h3770.png,True,Normal,0.1,0.13098571399374603,0.100006103515625,0.744384765625
efficientnet_b0,imagenet,Normal,health/h3770.png,True,Normal,0.2,0.25265139248704666,0.1999969482421875,0.744384765625
efficientnet_b0,imagenet,Normal,health/h3770.png,True,Normal,0.3,0.362306436845667,0.3000030517578125,0.744384765625
efficientnet_b0,imagenet,Normal,health/h2888.png,True,Normal,0.1,0.12735104371723158,0.100006103515625,0.7825775146484375
efficientnet_b0,imagenet,Normal,health/h2888.png,True,Normal,0.2,0.23423993253215264,0.1999969482421875,0.7825775146484375
efficientnet_b0,imagenet,Normal,health/h2888.png,True,Normal,0.3,0.3094385589310103,0.3000030517578125,0.7825775146484375
efficientnet_b0,imagenet,Normal,health/h2302.png,True,Normal,0.1,0.11767991986438589,0.100006103515625,0.7853240966796875
efficientnet_b0,imagenet,Normal,health/h2302.png,True,Normal,0.2,0.22545261320074392,0.1999969482421875,0.7853240966796875
efficientnet_b0,imagenet,Normal,health/h2302.png,True,Normal,0.3,0.3286261324367236,0.3000030517578125,0.7853240966796875
efficientnet_b0,imagenet,Normal,extra/mc+shenzhen/val/CHNCXR_0294_0.png,True,Normal,0.1,0.28156446735735885,0.100006103515625,0.2944793701171875
efficientnet_b0,imagenet,Normal,extra/mc+shenzhen/val/CHNCXR_0294_0.png,True,Normal,0.2,0.399404067884441,0.1999969482421875,0.2944793701171875
efficientnet_b0,imagenet,Normal,extra/mc+shenzhen/val/CHNCXR_0294_0.png,True,Normal,0.3,0.4971371479076202,0.3000030517578125,0.2944793701171875
efficientnet_b0,imagenet,Normal,health/h0882.png,True,Normal,0.1,0.13343638376537922,0.100006103515625,0.7279510498046875
efficientnet_b0,imagenet,Normal,health/h0882.png,True,Normal,0.2,0.24951715635915347,0.1999969482421875,0.7279510498046875
efficientnet_b0,imagenet,Normal,health/h0882.png,True,Normal,0.3,0.3667681071211199,0.3000030517578125,0.7279510498046875
efficientnet_b0,imagenet,Normal,extra/mc+shenzhen/val/CHNCXR_0142_0.png,True,Normal,0.1,0.15890191363590822,0.100006103515625,0.605987548828125
efficientnet_b0,imagenet,Normal,extra/mc+shenzhen/val/CHNCXR_0142_0.png,True,Normal,0.2,0.3025498125863089,0.1999969482421875,0.605987548828125
efficientnet_b0,imagenet,Normal,extra/mc+shenzhen/val/CHNCXR_0142_0.png,True,Normal,0.3,0.4288636473023054,0.3000030517578125,0.605987548828125
efficientnet_b0,imagenet,Pneumonia,train/patient40094/study1/view1_frontal.jpg,True,Pneumonia,0.1,0.1276289141610843,0.100006103515625,0.7835693359375
efficientnet_b0,imagenet,Pneumonia,train/patient40094/study1/view1_frontal.jpg,True,Pneumonia,0.2,0.2552383548839383,0.1999969482421875,0.7835693359375
efficientnet_b0,imagenet,Pneumonia,train/patient40094/study1/view1_frontal.jpg,True,Pneumonia,0.3,0.3828672690450226,0.3000030517578125,0.7835693359375
efficientnet_b0,imagenet,Pneumonia,train/patient11183/study1/view1_frontal.jpg,True,Pneumonia,0.1,0.11303507985236798,0.100006103515625,0.884735107421875
efficientnet_b0,imagenet,Pneumonia,train/patient11183/study1/view1_frontal.jpg,True,Pneumonia,0.2,0.2218593698973892,0.1999969482421875,0.884735107421875
efficientnet_b0,imagenet,Pneumonia,train/patient11183/study1/view1_frontal.jpg,True,Pneumonia,0.3,0.3212006738475675,0.3000030517578125,0.884735107421875
efficientnet_b0,imagenet,Pneumonia,train/patient19029/study11/view1_frontal.jpg,True,Pneumonia,0.1,0.10568070045310157,0.100006103515625,0.9463043212890625
efficientnet_b0,imagenet,Pneumonia,train/patient19029/study11/view1_frontal.jpg,True,Pneumonia,0.2,0.21085716127784404,0.1999969482421875,0.9463043212890625
efficientnet_b0,imagenet,Pneumonia,train/patient19029/study11/view1_frontal.jpg,True,Pneumonia,0.3,0.31230719794344475,0.3000030517578125,0.9463043212890625
efficientnet_b0,imagenet,Pneumonia,train/patient28600/study2/view1_frontal.jpg,True,Pneumonia,0.1,0.13215590742996347,0.100006103515625,0.7509765625
efficientnet_b0,imagenet,Pneumonia,train/patient28600/study2/view1_frontal.jpg,True,Pneumonia,0.2,0.2461858391153946,0.1999969482421875,0.7509765625
efficientnet_b0,imagenet,Pneumonia,train/patient28600/study2/view1_frontal.jpg,True,Pneumonia,0.3,0.35302321926688407,0.3000030517578125,0.7509765625
efficientnet_b0,imagenet,Pneumonia,train/patient41882/study1/view1_frontal.jpg,True,Pneumonia,0.1,0.10971069985109551,0.100006103515625,0.8552093505859375
efficientnet_b0,imagenet,Pneumonia,train/patient41882/study1/view1_frontal.jpg,True,Pneumonia,0.2,0.22191006272638925,0.1999969482421875,0.8552093505859375
efficientnet_b0,imagenet,Pneumonia,train/patient41882/study1/view1_frontal.jpg,True,Pneumonia,0.3,0.33620430999488166,0.3000030517578125,0.8552093505859375
efficientnet_b0,imagenet,Pneumonia,train/patient07050/study1/view1_frontal.jpg,True,Pneumonia,0.1,0.10268059972739664,0.100006103515625,0.9739532470703125
efficientnet_b0,imagenet,Pneumonia,train/patient07050/study1/view1_frontal.jpg,True,Pneumonia,0.2,0.205345532594902,0.1999969482421875,0.9739532470703125
efficientnet_b0,imagenet,Pneumonia,train/patient07050/study1/view1_frontal.jpg,True,Pneumonia,0.3,0.30802613232229864,0.3000030517578125,0.9739532470703125
efficientnet_b0,imagenet,Pneumonia,train/patient16682/study9/view1_frontal.jpg,True,Pneumonia,0.1,0.10329260427742239,0.100006103515625,0.8658294677734375
efficientnet_b0,imagenet,Pneumonia,train/patient16682/study9/view1_frontal.jpg,True,Pneumonia,0.2,0.20564070698702017,0.1999969482421875,0.8658294677734375
efficientnet_b0,imagenet,Pneumonia,train/patient16682/study9/view1_frontal.jpg,True,Pneumonia,0.3,0.2977104422854813,0.3000030517578125,0.8658294677734375
efficientnet_b0,imagenet,Pneumonia,train/patient40446/study2/view1_frontal.jpg,True,Pneumonia,0.1,0.10750013232414121,0.100006103515625,0.857818603515625
efficientnet_b0,imagenet,Pneumonia,train/patient40446/study2/view1_frontal.jpg,True,Pneumonia,0.2,0.203997985376613,0.1999969482421875,0.857818603515625
efficientnet_b0,imagenet,Pneumonia,train/patient40446/study2/view1_frontal.jpg,True,Pneumonia,0.3,0.2889247494479361,0.3000030517578125,0.857818603515625
efficientnet_b0,imagenet,Pneumonia,train/patient17254/study1/view1_frontal.jpg,True,Pneumonia,0.1,0.09949511841623265,0.100006103515625,0.953369140625
efficientnet_b0,imagenet,Pneumonia,train/patient17254/study1/view1_frontal.jpg,True,Pneumonia,0.2,0.20244666804536995,0.1999969482421875,0.953369140625
efficientnet_b0,imagenet,Pneumonia,train/patient17254/study1/view1_frontal.jpg,True,Pneumonia,0.3,0.30457086589162063,0.3000030517578125,0.953369140625
efficientnet_b0,imagenet,Pneumonia,train/patient03139/study1/view1_frontal.jpg,True,Pneumonia,0.1,0.10954370717031589,0.100006103515625,0.912933349609375
efficientnet_b0,imagenet,Pneumonia,train/patient03139/study1/view1_frontal.jpg,True,Pneumonia,0.2,0.21907070031756642,0.1999969482421875,0.912933349609375
efficientnet_b0,imagenet,Pneumonia,train/patient03139/study1/view1_frontal.jpg,True,Pneumonia,0.3,0.32861440748788234,0.3000030517578125,0.912933349609375
efficientnet_b0,imagenet,Pneumonia,train/patient24588/study9/view1_frontal.jpg,True,Pneumonia,0.1,0.11718638249177514,0.100006103515625,0.8533935546875
efficientnet_b0,imagenet,Pneumonia,train/patient24588/study9/view1_frontal.jpg,True,Pneumonia,0.2,0.23428867712002288,0.1999969482421875,0.8533935546875
efficientnet_b0,imagenet,Pneumonia,train/patient24588/study9/view1_frontal.jpg,True,Pneumonia,0.3,0.3421580638860775,0.3000030517578125,0.8533935546875
efficientnet_b0,imagenet,Pneumonia,train/patient00773/study7/view1_frontal.jpg,True,Pneumonia,0.1,0.1182349545388945,0.100006103515625,0.8458251953125
efficientnet_b0,imagenet,Pneumonia,train/patient00773/study7/view1_frontal.jpg,True,Pneumonia,0.2,0.23329254687443768,0.1999969482421875,0.8458251953125
efficientnet_b0,imagenet,Pneumonia,train/patient00773/study7/view1_frontal.jpg,True,Pneumonia,0.3,0.3445478961504029,0.3000030517578125,0.8458251953125
efficientnet_b0,imagenet,Pneumonia,train/patient11653/study1/view1_frontal.jpg,True,Pneumonia,0.1,0.11110357687743685,0.100006103515625,0.900115966796875
efficientnet_b0,imagenet,Pneumonia,train/patient11653/study1/view1_frontal.jpg,True,Pneumonia,0.2,0.22219020172910664,0.1999969482421875,0.900115966796875
efficientnet_b0,imagenet,Pneumonia,train/patient11653/study1/view1_frontal.jpg,True,Pneumonia,0.3,0.33329377860654347,0.3000030517578125,0.900115966796875
efficientnet_b0,imagenet,Pneumonia,train/patient37678/study3/view1_frontal.jpg,True,Pneumonia,0.1,0.11368998057174577,0.100006103515625,0.879638671875
efficientnet_b0,imagenet,Pneumonia,train/patient37678/study3/view1_frontal.jpg,True,Pneumonia,0.2,0.22736261448792672,0.1999969482421875,0.879638671875
efficientnet_b0,imagenet,Pneumonia,train/patient37678/study3/view1_frontal.jpg,True,Pneumonia,0.3,0.3409595504058836,0.3000030517578125,0.879638671875
efficientnet_b0,imagenet,Pneumonia,train/patient30627/study4/view1_frontal.jpg,True,Pneumonia,0.1,0.11222410575161385,0.100006103515625,0.8911285400390625
efficientnet_b0,imagenet,Pneumonia,train/patient30627/study4/view1_frontal.jpg,True,Pneumonia,0.2,0.22443108850875843,0.1999969482421875,0.8911285400390625
efficientnet_b0,imagenet,Pneumonia,train/patient30627/study4/view1_frontal.jpg,True,Pneumonia,0.3,0.33665519426037227,0.3000030517578125,0.8911285400390625
efficientnet_b0,imagenet,Pneumonia,train/patient29345/study8/view1_frontal.jpg,True,Pneumonia,0.1,0.11341454973350869,0.100006103515625,0.88177490234375
efficientnet_b0,imagenet,Pneumonia,train/patient29345/study8/view1_frontal.jpg,True,Pneumonia,0.2,0.21412179750650773,0.1999969482421875,0.88177490234375
efficientnet_b0,imagenet,Pneumonia,train/patient29345/study8/view1_frontal.jpg,True,Pneumonia,0.3,0.3139420466883822,0.3000030517578125,0.88177490234375
efficientnet_b0,imagenet,Pneumonia,train/patient54094/study2/view1_frontal.jpg,True,Pneumonia,0.1,0.09895191615329227,0.100006103515625,0.9479522705078125
efficientnet_b0,imagenet,Pneumonia,train/patient54094/study2/view1_frontal.jpg,True,Pneumonia,0.2,0.20380830466437316,0.1999969482421875,0.9479522705078125
efficientnet_b0,imagenet,Pneumonia,train/patient54094/study2/view1_frontal.jpg,True,Pneumonia,0.3,0.30868069445555646,0.3000030517578125,0.9479522705078125
efficientnet_b0,imagenet,Pneumonia,train/patient08448/study5/view1_frontal.jpg,True,Pneumonia,0.1,0.09957926596045433,0.100006103515625,0.9089202880859375
efficientnet_b0,imagenet,Pneumonia,train/patient08448/study5/view1_frontal.jpg,True,Pneumonia,0.2,0.20855437114396422,0.1999969482421875,0.9089202880859375
efficientnet_b0,imagenet,Pneumonia,train/patient08448/study5/view1_frontal.jpg,True,Pneumonia,0.3,0.3175461061314087,0.3000030517578125,0.9089202880859375
efficientnet_b0,imagenet,Pneumonia,train/patient17052/study6/view1_frontal.jpg,True,Pneumonia,0.1,0.10998305113188234,0.100006103515625,0.9092864990234375
efficientnet_b0,imagenet,Pneumonia,train/patient17052/study6/view1_frontal.jpg,True,Pneumonia,0.2,0.2199493212062224,0.1999969482421875,0.9092864990234375
efficientnet_b0,imagenet,Pneumonia,train/patient17052/study6/view1_frontal.jpg,True,Pneumonia,0.3,0.32993237233810474,0.3000030517578125,0.9092864990234375
efficientnet_b0,imagenet,Pneumonia,train/patient40518/study1/view1_frontal.jpg,True,Pneumonia,0.1,0.10428666900041371,0.100006103515625,0.958953857421875
efficientnet_b0,imagenet,Pneumonia,train/patient40518/study1/view1_frontal.jpg,True,Pneumonia,0.2,0.2075006756649338,0.1999969482421875,0.958953857421875
efficientnet_b0,imagenet,Pneumonia,train/patient40518/study1/view1_frontal.jpg,True,Pneumonia,0.3,0.3029341166066578,0.3000030517578125,0.958953857421875
efficientnet_b0,imagenet,TB,tb/tb1139.png,True,TB,0.1,0.14255226480836236,0.100006103515625,0.7005615234375
efficientnet_b0,imagenet,TB,tb/tb1139.png,True,TB,0.2,0.27586579618660556,0.1999969482421875,0.7005615234375
efficientnet_b0,imagenet,TB,tb/tb1139.png,True,TB,0.3,0.40338148742643126,0.3000030517578125,0.7005615234375
efficientnet_b0,imagenet,TB,tb/tb0940.png,True,TB,0.1,0.09016377092018911,0.100006103515625,0.7339019775390625
efficientnet_b0,imagenet,TB,tb/tb0940.png,True,TB,0.2,0.19185231344446174,0.1999969482421875,0.7339019775390625
efficientnet_b0,imagenet,TB,tb/tb0940.png,True,TB,0.3,0.2673574741882388,0.3000030517578125,0.7339019775390625
efficientnet_b0,imagenet,TB,tb/tb0989.png,True,TB,0.1,0.15570654756248217,0.100006103515625,0.64227294921875
efficientnet_b0,imagenet,TB,tb/tb0989.png,True,TB,0.2,0.2858207738358685,0.1999969482421875,0.64227294921875
efficientnet_b0,imagenet,TB,tb/tb0989.png,True,TB,0.3,0.41236877615900097,0.3000030517578125,0.64227294921875
efficientnet_b0,imagenet,TB,tb/tb0273.png,True,TB,0.1,0.1310695144388449,0.100006103515625,0.76300048828125
efficientnet_b0,imagenet,TB,tb/tb0273.png,True,TB,0.2,0.2606567855858735,0.1999969482421875,0.76300048828125
efficientnet_b0,imagenet,TB,tb/tb0273.png,True,TB,0.3,0.38788723976491685,0.3000030517578125,0.76300048828125
efficientnet_b0,imagenet,TB,tb/tb0503.png,True,TB,0.1,0.14413582283213477,0.100006103515625,0.6938323974609375
efficientnet_b0,imagenet,TB,tb/tb0503.png,True,TB,0.2,0.2882496536253876,0.1999969482421875,0.6938323974609375
efficientnet_b0,imagenet,TB,tb/tb0503.png,True,TB,0.3,0.4305607415054141,0.3000030517578125,0.6938323974609375
efficientnet_b0,imagenet,TB,tb/tb0003.png,True,TB,0.1,0.15405634143392577,0.100006103515625,0.62823486328125
efficientnet_b0,imagenet,TB,tb/tb0003.png,True,TB,0.2,0.29816799005070316,0.1999969482421875,0.62823486328125
efficientnet_b0,imagenet,TB,tb/tb0003.png,True,TB,0.3,0.43365855957767724,0.3000030517578125,0.62823486328125
efficientnet_b0,imagenet,TB,tb/tb1077.png,True,TB,0.1,0.16043208641728346,0.100006103515625,0.608123779296875
efficientnet_b0,imagenet,TB,tb/tb1077.png,True,TB,0.2,0.31439704166976895,0.1999969482421875,0.608123779296875
efficientnet_b0,imagenet,TB,tb/tb1077.png,True,TB,0.3,0.39487191506316355,0.3000030517578125,0.608123779296875
efficientnet_b0,imagenet,TB,tb/tb1161.png,True,TB,0.1,0.1256783447429481,0.100006103515625,0.7957305908203125
efficientnet_b0,imagenet,TB,tb/tb1161.png,True,TB,0.2,0.25133751366277396,0.1999969482421875,0.7957305908203125
efficientnet_b0,imagenet,TB,tb/tb1161.png,True,TB,0.3,0.35929129833992696,0.3000030517578125,0.7957305908203125
efficientnet_b0,imagenet,TB,tb/tb0241.png,True,TB,0.1,0.10097406571883252,0.100006103515625,0.8606414794921875
efficientnet_b0,imagenet,TB,tb/tb0241.png,True,TB,0.2,0.2016388341458355,0.1999969482421875,0.8606414794921875
efficientnet_b0,imagenet,TB,tb/tb0241.png,True,TB,0.3,0.30885313602340186,0.3000030517578125,0.8606414794921875
efficientnet_b0,imagenet,TB,tb/tb0752.png,True,TB,0.1,0.13435283506211307,0.100006103515625,0.744354248046875
efficientnet_b0,imagenet,TB,tb/tb0752.png,True,TB,0.2,0.26868517075970644,0.1999969482421875,0.744354248046875
efficientnet_b0,imagenet,TB,tb/tb0752.png,True,TB,0.3,0.3959982051072856,0.3000030517578125,0.744354248046875
efficientnet_b0,imagenet,TB,tb/tb0508.png,True,TB,0.1,0.12886101335011108,0.100006103515625,0.7760772705078125
efficientnet_b0,imagenet,TB,tb/tb0508.png,True,TB,0.2,0.25770236527004975,0.1999969482421875,0.7760772705078125
efficientnet_b0,imagenet,TB,tb/tb0508.png,True,TB,0.3,0.3865633786201608,0.3000030517578125,0.7760772705078125
efficientnet_b0,imagenet,TB,tb/tb0321.png,False,Normal,0.1,0.04445387834313785,0.100006103515625,0.425567626953125
efficientnet_b0,imagenet,TB,tb/tb0321.png,False,Normal,0.2,0.11879161663573845,0.1999969482421875,0.425567626953125
efficientnet_b0,imagenet,TB,tb/tb0321.png,False,Normal,0.3,0.23128511872394417,0.3000030517578125,0.425567626953125
efficientnet_b0,imagenet,TB,tb/tb0827.png,True,TB,0.1,0.13793891211477394,0.100006103515625,0.6600494384765625
efficientnet_b0,imagenet,TB,tb/tb0827.png,True,TB,0.2,0.26737571110561464,0.1999969482421875,0.6600494384765625
efficientnet_b0,imagenet,TB,tb/tb0827.png,True,TB,0.3,0.3925148839165173,0.3000030517578125,0.6600494384765625
efficientnet_b0,imagenet,TB,tb/tb0186.png,True,TB,0.1,0.09880723647915993,0.100006103515625,0.7813568115234375
efficientnet_b0,imagenet,TB,tb/tb0186.png,True,TB,0.2,0.19289980339058502,0.1999969482421875,0.7813568115234375
efficientnet_b0,imagenet,TB,tb/tb0186.png,True,TB,0.3,0.28407320166696864,0.3000030517578125,0.7813568115234375
efficientnet_b0,imagenet,TB,tb/tb0335.png,True,TB,0.1,0.1275320581424763,0.100006103515625,0.7841644287109375
efficientnet_b0,imagenet,TB,tb/tb0335.png,True,TB,0.2,0.2545076148055939,0.1999969482421875,0.7841644287109375
efficientnet_b0,imagenet,TB,tb/tb0335.png,True,TB,0.3,0.36601684161956394,0.3000030517578125,0.7841644287109375
efficientnet_b0,imagenet,TB,tb/tb0559.png,True,TB,0.1,0.08092784664881769,0.100006103515625,0.633087158203125
efficientnet_b0,imagenet,TB,tb/tb0559.png,True,TB,0.2,0.152613578787367,0.1999969482421875,0.633087158203125
efficientnet_b0,imagenet,TB,tb/tb0559.png,True,TB,0.3,0.20411538840208723,0.3000030517578125,0.633087158203125
efficientnet_b0,imagenet,TB,extra/mc+shenzhen/val/CHNCXR_0352_1.png,True,TB,0.1,0.1274283439490446,0.100006103515625,0.7642822265625
efficientnet_b0,imagenet,TB,extra/mc+shenzhen/val/CHNCXR_0352_1.png,True,TB,0.2,0.23519408936319924,0.1999969482421875,0.7642822265625
efficientnet_b0,imagenet,TB,extra/mc+shenzhen/val/CHNCXR_0352_1.png,True,TB,0.3,0.32160451720479005,0.3000030517578125,0.7642822265625
efficientnet_b0,imagenet,TB,tb/tb0669.png,True,TB,0.1,0.126051598429613,0.100006103515625,0.7577972412109375
efficientnet_b0,imagenet,TB,tb/tb0669.png,True,TB,0.2,0.2424782264449723,0.1999969482421875,0.7577972412109375
efficientnet_b0,imagenet,TB,tb/tb0669.png,True,TB,0.3,0.3563420790045196,0.3000030517578125,0.7577972412109375
efficientnet_b0,imagenet,TB,tb/tb0549.png,True,TB,0.1,0.12017304018877112,0.100006103515625,0.8126983642578125
efficientnet_b0,imagenet,TB,tb/tb0549.png,True,TB,0.2,0.22694668342823338,0.1999969482421875,0.8126983642578125
efficientnet_b0,imagenet,TB,tb/tb0549.png,True,TB,0.3,0.3216013918842996,0.3000030517578125,0.8126983642578125
efficientnet_b0,imagenet,TB,tb/tb0117.png,True,TB,0.1,0.08968909949177986,0.100006103515625,0.8193359375
efficientnet_b0,imagenet,TB,tb/tb0117.png,True,TB,0.2,0.19214433578413878,0.1999969482421875,0.8193359375
efficientnet_b0,imagenet,TB,tb/tb0117.png,True,TB,0.3,0.27817465848898804,0.3000030517578125,0.8193359375
efficientnet_b0,cxr,Normal,health/h3086.png,True,Normal,0.1,0.100006103515625,0.100006103515625,1.0
efficientnet_b0,cxr,Normal,health/h3086.png,True,Normal,0.2,0.1999969482421875,0.1999969482421875,1.0
efficientnet_b0,cxr,Normal,health/h3086.png,True,Normal,0.3,0.3000030517578125,0.3000030517578125,1.0
efficientnet_b0,cxr,Normal,health/h1322.png,True,Normal,0.1,0.100006103515625,0.100006103515625,1.0
efficientnet_b0,cxr,Normal,health/h1322.png,True,Normal,0.2,0.1999969482421875,0.1999969482421875,1.0
efficientnet_b0,cxr,Normal,health/h1322.png,True,Normal,0.3,0.3000030517578125,0.3000030517578125,1.0
efficientnet_b0,cxr,Normal,extra/mc+shenzhen/train/CHNCXR_0226_0.png,False,TB,0.1,0.100006103515625,0.100006103515625,1.0
efficientnet_b0,cxr,Normal,extra/mc+shenzhen/train/CHNCXR_0226_0.png,False,TB,0.2,0.1999969482421875,0.1999969482421875,1.0
efficientnet_b0,cxr,Normal,extra/mc+shenzhen/train/CHNCXR_0226_0.png,False,TB,0.3,0.3000030517578125,0.3000030517578125,1.0
efficientnet_b0,cxr,Normal,health/h2764.png,True,Normal,0.1,0.100006103515625,0.100006103515625,1.0
efficientnet_b0,cxr,Normal,health/h2764.png,True,Normal,0.2,0.1999969482421875,0.1999969482421875,1.0
efficientnet_b0,cxr,Normal,health/h2764.png,True,Normal,0.3,0.3000030517578125,0.3000030517578125,1.0
efficientnet_b0,cxr,Normal,health/h4743.png,True,Normal,0.1,0.100006103515625,0.100006103515625,1.0
efficientnet_b0,cxr,Normal,health/h4743.png,True,Normal,0.2,0.1999969482421875,0.1999969482421875,1.0
efficientnet_b0,cxr,Normal,health/h4743.png,True,Normal,0.3,0.3000030517578125,0.3000030517578125,1.0
efficientnet_b0,cxr,Normal,health/h1337.png,True,Normal,0.1,0.100006103515625,0.100006103515625,1.0
efficientnet_b0,cxr,Normal,health/h1337.png,True,Normal,0.2,0.1999969482421875,0.1999969482421875,1.0
efficientnet_b0,cxr,Normal,health/h1337.png,True,Normal,0.3,0.3000030517578125,0.3000030517578125,1.0
efficientnet_b0,cxr,Normal,health/h0036.png,True,Normal,0.1,0.100006103515625,0.100006103515625,1.0
efficientnet_b0,cxr,Normal,health/h0036.png,True,Normal,0.2,0.1999969482421875,0.1999969482421875,1.0
efficientnet_b0,cxr,Normal,health/h0036.png,True,Normal,0.3,0.3000030517578125,0.3000030517578125,1.0
efficientnet_b0,cxr,Normal,health/h0564.png,True,Normal,0.1,0.100006103515625,0.100006103515625,1.0
efficientnet_b0,cxr,Normal,health/h0564.png,True,Normal,0.2,0.1999969482421875,0.1999969482421875,1.0
efficientnet_b0,cxr,Normal,health/h0564.png,True,Normal,0.3,0.3000030517578125,0.3000030517578125,1.0
efficientnet_b0,cxr,Normal,health/h3275.png,True,Normal,0.1,0.100006103515625,0.100006103515625,1.0
efficientnet_b0,cxr,Normal,health/h3275.png,True,Normal,0.2,0.1999969482421875,0.1999969482421875,1.0
efficientnet_b0,cxr,Normal,health/h3275.png,True,Normal,0.3,0.3000030517578125,0.3000030517578125,1.0
efficientnet_b0,cxr,Normal,health/h3793.png,True,Normal,0.1,0.100006103515625,0.100006103515625,1.0
efficientnet_b0,cxr,Normal,health/h3793.png,True,Normal,0.2,0.1999969482421875,0.1999969482421875,1.0
efficientnet_b0,cxr,Normal,health/h3793.png,True,Normal,0.3,0.3000030517578125,0.3000030517578125,1.0
efficientnet_b0,cxr,Normal,health/h0150.png,True,Normal,0.1,0.100006103515625,0.100006103515625,1.0
efficientnet_b0,cxr,Normal,health/h0150.png,True,Normal,0.2,0.1999969482421875,0.1999969482421875,1.0
efficientnet_b0,cxr,Normal,health/h0150.png,True,Normal,0.3,0.3000030517578125,0.3000030517578125,1.0
efficientnet_b0,cxr,Normal,health/h1833.png,True,Normal,0.1,0.100006103515625,0.100006103515625,1.0
efficientnet_b0,cxr,Normal,health/h1833.png,True,Normal,0.2,0.1999969482421875,0.1999969482421875,1.0
efficientnet_b0,cxr,Normal,health/h1833.png,True,Normal,0.3,0.3000030517578125,0.3000030517578125,1.0
efficientnet_b0,cxr,Normal,health/h4592.png,True,Normal,0.1,0.100006103515625,0.100006103515625,1.0
efficientnet_b0,cxr,Normal,health/h4592.png,True,Normal,0.2,0.1999969482421875,0.1999969482421875,1.0
efficientnet_b0,cxr,Normal,health/h4592.png,True,Normal,0.3,0.3000030517578125,0.3000030517578125,1.0
efficientnet_b0,cxr,Normal,health/h1314.png,True,Normal,0.1,0.100006103515625,0.100006103515625,1.0
efficientnet_b0,cxr,Normal,health/h1314.png,True,Normal,0.2,0.1999969482421875,0.1999969482421875,1.0
efficientnet_b0,cxr,Normal,health/h1314.png,True,Normal,0.3,0.3000030517578125,0.3000030517578125,1.0
efficientnet_b0,cxr,Normal,health/h3770.png,True,Normal,0.1,0.100006103515625,0.100006103515625,1.0
efficientnet_b0,cxr,Normal,health/h3770.png,True,Normal,0.2,0.1999969482421875,0.1999969482421875,1.0
efficientnet_b0,cxr,Normal,health/h3770.png,True,Normal,0.3,0.3000030517578125,0.3000030517578125,1.0
efficientnet_b0,cxr,Normal,health/h2888.png,True,Normal,0.1,0.100006103515625,0.100006103515625,1.0
efficientnet_b0,cxr,Normal,health/h2888.png,True,Normal,0.2,0.1999969482421875,0.1999969482421875,1.0
efficientnet_b0,cxr,Normal,health/h2888.png,True,Normal,0.3,0.3000030517578125,0.3000030517578125,1.0
efficientnet_b0,cxr,Normal,health/h2302.png,True,Normal,0.1,0.100006103515625,0.100006103515625,1.0
efficientnet_b0,cxr,Normal,health/h2302.png,True,Normal,0.2,0.1999969482421875,0.1999969482421875,1.0
efficientnet_b0,cxr,Normal,health/h2302.png,True,Normal,0.3,0.3000030517578125,0.3000030517578125,1.0
efficientnet_b0,cxr,Normal,extra/mc+shenzhen/val/CHNCXR_0294_0.png,True,Normal,0.1,0.100006103515625,0.100006103515625,1.0
efficientnet_b0,cxr,Normal,extra/mc+shenzhen/val/CHNCXR_0294_0.png,True,Normal,0.2,0.1999969482421875,0.1999969482421875,1.0
efficientnet_b0,cxr,Normal,extra/mc+shenzhen/val/CHNCXR_0294_0.png,True,Normal,0.3,0.3000030517578125,0.3000030517578125,1.0
efficientnet_b0,cxr,Normal,health/h0882.png,True,Normal,0.1,0.100006103515625,0.100006103515625,1.0
efficientnet_b0,cxr,Normal,health/h0882.png,True,Normal,0.2,0.1999969482421875,0.1999969482421875,1.0
efficientnet_b0,cxr,Normal,health/h0882.png,True,Normal,0.3,0.3000030517578125,0.3000030517578125,1.0
efficientnet_b0,cxr,Normal,extra/mc+shenzhen/val/CHNCXR_0142_0.png,True,Normal,0.1,0.08525372215596506,0.100006103515625,0.7608642578125
efficientnet_b0,cxr,Normal,extra/mc+shenzhen/val/CHNCXR_0142_0.png,True,Normal,0.2,0.1744157854491878,0.1999969482421875,0.7608642578125
efficientnet_b0,cxr,Normal,extra/mc+shenzhen/val/CHNCXR_0142_0.png,True,Normal,0.3,0.2650799716141711,0.3000030517578125,0.7608642578125
efficientnet_b0,cxr,Pneumonia,train/patient40094/study1/view1_frontal.jpg,True,Pneumonia,0.1,0.06339696631355356,0.100006103515625,0.4958343505859375
efficientnet_b0,cxr,Pneumonia,train/patient40094/study1/view1_frontal.jpg,True,Pneumonia,0.2,0.10539584040335483,0.1999969482421875,0.4958343505859375
efficientnet_b0,cxr,Pneumonia,train/patient40094/study1/view1_frontal.jpg,True,Pneumonia,0.3,0.15289904728221226,0.3000030517578125,0.4958343505859375
efficientnet_b0,cxr,Pneumonia,train/patient11183/study1/view1_frontal.jpg,True,Pneumonia,0.1,0.08446488393759788,0.100006103515625,0.734771728515625
efficientnet_b0,cxr,Pneumonia,train/patient11183/study1/view1_frontal.jpg,True,Pneumonia,0.2,0.1660543997563622,0.1999969482421875,0.734771728515625
efficientnet_b0,cxr,Pneumonia,train/patient11183/study1/view1_frontal.jpg,True,Pneumonia,0.3,0.2505993434883635,0.3000030517578125,0.734771728515625
efficientnet_b0,cxr,Pneumonia,train/patient19029/study11/view1_frontal.jpg,True,Pneumonia,0.1,0.0891480490874764,0.100006103515625,0.7450408935546875
efficientnet_b0,cxr,Pneumonia,train/patient19029/study11/view1_frontal.jpg,True,Pneumonia,0.2,0.15103982753173378,0.1999969482421875,0.7450408935546875
efficientnet_b0,cxr,Pneumonia,train/patient19029/study11/view1_frontal.jpg,True,Pneumonia,0.3,0.2135946415281568,0.3000030517578125,0.7450408935546875
efficientnet_b0,cxr,Pneumonia,train/patient28600/study2/view1_frontal.jpg,True,Pneumonia,0.1,0.10795417632154536,0.100006103515625,0.6806640625
efficientnet_b0,cxr,Pneumonia,train/patient28600/study2/view1_frontal.jpg,True,Pneumonia,0.2,0.20297225754007128,0.1999969482421875,0.6806640625
efficientnet_b0,cxr,Pneumonia,train/patient28600/study2/view1_frontal.jpg,True,Pneumonia,0.3,0.26396837571538145,0.3000030517578125,0.6806640625
efficientnet_b0,cxr,Pneumonia,train/patient41882/study1/view1_frontal.jpg,True,Pneumonia,0.1,0.06306120873748938,0.100006103515625,0.53045654296875
efficientnet_b0,cxr,Pneumonia,train/patient41882/study1/view1_frontal.jpg,True,Pneumonia,0.2,0.1219940936577134,0.1999969482421875,0.53045654296875
efficientnet_b0,cxr,Pneumonia,train/patient41882/study1/view1_frontal.jpg,True,Pneumonia,0.3,0.18927954898061752,0.3000030517578125,0.53045654296875
efficientnet_b0,cxr,Pneumonia,train/patient07050/study1/view1_frontal.jpg,True,Pneumonia,0.1,0.07878683524376445,0.100006103515625,0.5691986083984375
efficientnet_b0,cxr,Pneumonia,train/patient07050/study1/view1_frontal.jpg,True,Pneumonia,0.2,0.15004676841648987,0.1999969482421875,0.5691986083984375
efficientnet_b0,cxr,Pneumonia,train/patient07050/study1/view1_frontal.jpg,True,Pneumonia,0.3,0.24748702450561724,0.3000030517578125,0.5691986083984375
efficientnet_b0,cxr,Pneumonia,train/patient16682/study9/view1_frontal.jpg,True,Pneumonia,0.1,0.10230633904923928,0.100006103515625,0.7700347900390625
efficientnet_b0,cxr,Pneumonia,train/patient16682/study9/view1_frontal.jpg,True,Pneumonia,0.2,0.20951293759512937,0.1999969482421875,0.7700347900390625
efficientnet_b0,cxr,Pneumonia,train/patient16682/study9/view1_frontal.jpg,True,Pneumonia,0.3,0.2970923350103581,0.3000030517578125,0.7700347900390625
efficientnet_b0,cxr,Pneumonia,train/patient40446/study2/view1_frontal.jpg,True,Pneumonia,0.1,0.04439578868908972,0.100006103515625,0.58416748046875
efficientnet_b0,cxr,Pneumonia,train/patient40446/study2/view1_frontal.jpg,True,Pneumonia,0.2,0.1220987357802572,0.1999969482421875,0.58416748046875
efficientnet_b0,cxr,Pneumonia,train/patient40446/study2/view1_frontal.jpg,True,Pneumonia,0.3,0.1822856093530024,0.3000030517578125,0.58416748046875
efficientnet_b0,cxr,Pneumonia,train/patient17254/study1/view1_frontal.jpg,True,Pneumonia,0.1,0.11692263112141409,0.100006103515625,0.841033935546875
efficientnet_b0,cxr,Pneumonia,train/patient17254/study1/view1_frontal.jpg,True,Pneumonia,0.2,0.22085428484512284,0.1999969482421875,0.841033935546875
efficientnet_b0,cxr,Pneumonia,train/patient17254/study1/view1_frontal.jpg,True,Pneumonia,0.3,0.31276442603093235,0.3000030517578125,0.841033935546875
efficientnet_b0,cxr,Pneumonia,train/patient03139/study1/view1_frontal.jpg,True,Pneumonia,0.1,0.07167792537516435,0.100006103515625,0.621368408203125
efficientnet_b0,cxr,Pneumonia,train/patient03139/study1/view1_frontal.jpg,True,Pneumonia,0.2,0.14298757829918252,0.1999969482421875,0.621368408203125
efficientnet_b0,cxr,Pneumonia,train/patient03139/study1/view1_frontal.jpg,True,Pneumonia,0.3,0.20983770787417352,0.3000030517578125,0.621368408203125
efficientnet_b0,cxr,Pneumonia,train/patient24588/study9/view1_frontal.jpg,True,Pneumonia,0.1,0.1046485515382888,0.100006103515625,0.5755157470703125
efficientnet_b0,cxr,Pneumonia,train/patient24588/study9/view1_frontal.jpg,True,Pneumonia,0.2,0.1761819906968133,0.1999969482421875,0.5755157470703125
efficientnet_b0,cxr,Pneumonia,train/patient24588/study9/view1_frontal.jpg,True,Pneumonia,0.3,0.22830903602851454,0.3000030517578125,0.5755157470703125
efficientnet_b0,cxr,Pneumonia,train/patient00773/study7/view1_frontal.jpg,True,Pneumonia,0.1,0.11491865697473175,0.100006103515625,0.8338165283203125
efficientnet_b0,cxr,Pneumonia,train/patient00773/study7/view1_frontal.jpg,True,Pneumonia,0.2,0.2157622739018088,0.1999969482421875,0.8338165283203125
efficientnet_b0,cxr,Pneumonia,train/patient00773/study7/view1_frontal.jpg,True,Pneumonia,0.3,0.31449900934050384,0.3000030517578125,0.8338165283203125
efficientnet_b0,cxr,Pneumonia,train/patient11653/study1/view1_frontal.jpg,True,Pneumonia,0.1,0.06783320310893613,0.100006103515625,0.6924285888671875
efficientnet_b0,cxr,Pneumonia,train/patient11653/study1/view1_frontal.jpg,True,Pneumonia,0.2,0.10699752048908825,0.1999969482421875,0.6924285888671875
efficientnet_b0,cxr,Pneumonia,train/patient11653/study1/view1_frontal.jpg,True,Pneumonia,0.3,0.18009943027180028,0.3000030517578125,0.6924285888671875
efficientnet_b0,cxr,Pneumonia,train/patient37678/study3/view1_frontal.jpg,True,Pneumonia,0.1,0.12639796500153502,0.100006103515625,0.68377685546875
efficientnet_b0,cxr,Pneumonia,train/patient37678/study3/view1_frontal.jpg,True,Pneumonia,0.2,0.2088873118907975,0.1999969482421875,0.68377685546875
efficientnet_b0,cxr,Pneumonia,train/patient37678/study3/view1_frontal.jpg,True,Pneumonia,0.3,0.280140576602335,0.3000030517578125,0.68377685546875
efficientnet_b0,cxr,Pneumonia,train/patient30627/study4/view1_frontal.jpg,True,Pneumonia,0.1,0.0891362183007493,0.100006103515625,0.5808868408203125
efficientnet_b0,cxr,Pneumonia,train/patient30627/study4/view1_frontal.jpg,True,Pneumonia,0.2,0.17789490643772873,0.1999969482421875,0.5808868408203125
efficientnet_b0,cxr,Pneumonia,train/patient30627/study4/view1_frontal.jpg,True,Pneumonia,0.3,0.26470523802221396,0.3000030517578125,0.5808868408203125
efficientnet_b0,cxr,Pneumonia,train/patient29345/study8/view1_frontal.jpg,True,Pneumonia,0.1,0.04319398105644999,0.100006103515625,0.610870361328125
efficientnet_b0,cxr,Pneumonia,train/patient29345/study8/view1_frontal.jpg,True,Pneumonia,0.2,0.1488703923900119,0.1999969482421875,0.610870361328125
efficientnet_b0,cxr,Pneumonia,train/patient29345/study8/view1_frontal.jpg,True,Pneumonia,0.3,0.24330910378439172,0.3000030517578125,0.610870361328125
efficientnet_b0,cxr,Pneumonia,train/patient54094/study2/view1_frontal.jpg,True,Pneumonia,0.1,0.1024414855112203,0.100006103515625,0.6668548583984375
efficientnet_b0,cxr,Pneumonia,train/patient54094/study2/view1_frontal.jpg,True,Pneumonia,0.2,0.19388870208473435,0.1999969482421875,0.6668548583984375
efficientnet_b0,cxr,Pneumonia,train/patient54094/study2/view1_frontal.jpg,True,Pneumonia,0.3,0.2810901518368007,0.3000030517578125,0.6668548583984375
efficientnet_b0,cxr,Pneumonia,train/patient08448/study5/view1_frontal.jpg,True,Pneumonia,0.1,0.11434553388996796,0.100006103515625,0.574066162109375
efficientnet_b0,cxr,Pneumonia,train/patient08448/study5/view1_frontal.jpg,True,Pneumonia,0.2,0.21248117784841894,0.1999969482421875,0.574066162109375
efficientnet_b0,cxr,Pneumonia,train/patient08448/study5/view1_frontal.jpg,True,Pneumonia,0.3,0.27741230515353565,0.3000030517578125,0.574066162109375
efficientnet_b0,cxr,Pneumonia,train/patient17052/study6/view1_frontal.jpg,True,Pneumonia,0.1,0.1235367419379201,0.100006103515625,0.8079986572265625
efficientnet_b0,cxr,Pneumonia,train/patient17052/study6/view1_frontal.jpg,True,Pneumonia,0.2,0.2420094758216139,0.1999969482421875,0.8079986572265625
efficientnet_b0,cxr,Pneumonia,train/patient17052/study6/view1_frontal.jpg,True,Pneumonia,0.3,0.34562570650260366,0.3000030517578125,0.8079986572265625
efficientnet_b0,cxr,Pneumonia,train/patient40518/study1/view1_frontal.jpg,True,Pneumonia,0.1,0.08881872119375621,0.100006103515625,0.5524444580078125
efficientnet_b0,cxr,Pneumonia,train/patient40518/study1/view1_frontal.jpg,True,Pneumonia,0.2,0.1530115974560419,0.1999969482421875,0.5524444580078125
efficientnet_b0,cxr,Pneumonia,train/patient40518/study1/view1_frontal.jpg,True,Pneumonia,0.3,0.1876780475360347,0.3000030517578125,0.5524444580078125
efficientnet_b0,cxr,TB,tb/tb1139.png,True,TB,0.1,0.23021173795651556,0.100006103515625,0.2962799072265625
efficientnet_b0,cxr,TB,tb/tb1139.png,True,TB,0.2,0.2923272539436564,0.1999969482421875,0.2962799072265625
efficientnet_b0,cxr,TB,tb/tb1139.png,True,TB,0.3,0.2529015710163514,0.3000030517578125,0.2962799072265625
efficientnet_b0,cxr,TB,tb/tb0940.png,False,Normal,0.1,0.04409070810435222,0.100006103515625,0.4044189453125
efficientnet_b0,cxr,TB,tb/tb0940.png,False,Normal,0.2,0.105125129034958,0.1999969482421875,0.4044189453125
efficientnet_b0,cxr,TB,tb/tb0940.png,False,Normal,0.3,0.159895480013065,0.3000030517578125,0.4044189453125
efficientnet_b0,cxr,TB,tb/tb0989.png,True,TB,0.1,0.05840946145286095,0.100006103515625,0.5240478515625
efficientnet_b0,cxr,TB,tb/tb0989.png,True,TB,0.2,0.1412800346345335,0.1999969482421875,0.5240478515625
efficientnet_b0,cxr,TB,tb/tb0989.png,True,TB,0.3,0.19211072358836254,0.3000030517578125,0.5240478515625
efficientnet_b0,cxr,TB,tb/tb0273.png,True,TB,0.1,0.08188603416104492,0.100006103515625,0.36004638671875
efficientnet_b0,cxr,TB,tb/tb0273.png,True,TB,0.2,0.20369277187459006,0.1999969482421875,0.36004638671875
efficientnet_b0,cxr,TB,tb/tb0273.png,True,TB,0.3,0.2824108386943761,0.3000030517578125,0.36004638671875
efficientnet_b0,cxr,TB,tb/tb0503.png,True,TB,0.1,0.11930212014134275,0.100006103515625,0.2866668701171875
efficientnet_b0,cxr,TB,tb/tb0503.png,True,TB,0.2,0.22862976231750068,0.1999969482421875,0.2866668701171875
efficientnet_b0,cxr,TB,tb/tb0503.png,True,TB,0.3,0.30314533622559653,0.3000030517578125,0.2866668701171875
efficientnet_b0,cxr,TB,tb/tb0003.png,True,TB,0.1,0.09984798487264099,0.100006103515625,0.352630615234375
efficientnet_b0,cxr,TB,tb/tb0003.png,True,TB,0.2,0.16195578940614072,0.1999969482421875,0.352630615234375
efficientnet_b0,cxr,TB,tb/tb0003.png,True,TB,0.3,0.18416899692682523,0.3000030517578125,0.352630615234375
efficientnet_b0,cxr,TB,tb/tb1077.png,True,TB,0.1,0.04224589276042607,0.100006103515625,0.3404388427734375
efficientnet_b0,cxr,TB,tb/tb1077.png,True,TB,0.2,0.07640408460977388,0.1999969482421875,0.3404388427734375
efficientnet_b0,cxr,TB,tb/tb1077.png,True,TB,0.3,0.11325659116227256,0.3000030517578125,0.3404388427734375
efficientnet_b0,cxr,TB,tb/tb1161.png,False,Normal,0.1,0.3198888888888889,0.100006103515625,0.26251220703125
efficientnet_b0,cxr,TB,tb/tb1161.png,False,Normal,0.2,0.4314521841794569,0.1999969482421875,0.26251220703125
efficientnet_b0,cxr,TB,tb/tb1161.png,False,Normal,0.3,0.3812289246908955,0.3000030517578125,0.26251220703125
efficientnet_b0,cxr,TB,tb/tb0241.png,True,TB,0.1,0.14790996784565916,0.100006103515625,0.4066009521484375
efficientnet_b0,cxr,TB,tb/tb0241.png,True,TB,0.2,0.22678598981638637,0.1999969482421875,0.4066009521484375
efficientnet_b0,cxr,TB,tb/tb0241.png,True,TB,0.3,0.24664836052334033,0.3000030517578125,0.4066009521484375
efficientnet_b0,cxr,TB,tb/tb0752.png,True,TB,0.1,0.11006603317764535,0.100006103515625,0.42584228515625
efficientnet_b0,cxr,TB,tb/tb0752.png,True,TB,0.2,0.1807294815326597,0.1999969482421875,0.42584228515625
efficientnet_b0,cxr,TB,tb/tb0752.png,True,TB,0.3,0.24343893768297784,0.3000030517578125,0.42584228515625
efficientnet_b0,cxr,TB,tb/tb0508.png,True,TB,0.1,0.05417916845263609,0.100006103515625,0.4629058837890625
efficientnet_b0,cxr,TB,tb/tb0508.png,True,TB,0.2,0.11466324567030148,0.1999969482421875,0.4629058837890625
efficientnet_b0,cxr,TB,tb/tb0508.png,True,TB,0.3,0.16616130988477865,0.3000030517578125,0.4629058837890625
efficientnet_b0,cxr,TB,tb/tb0321.png,False,Normal,0.1,0.12361809045226131,0.100006103515625,0.360595703125
efficientnet_b0,cxr,TB,tb/tb0321.png,False,Normal,0.2,0.16832029510907587,0.1999969482421875,0.360595703125
efficientnet_b0,cxr,TB,tb/tb0321.png,False,Normal,0.3,0.22455733438931946,0.3000030517578125,0.360595703125
efficientnet_b0,cxr,TB,tb/tb0827.png,False,Normal,0.1,0.04939298187260935,0.100006103515625,0.285125732421875
efficientnet_b0,cxr,TB,tb/tb0827.png,False,Normal,0.2,0.0771810943588006,0.1999969482421875,0.285125732421875
efficientnet_b0,cxr,TB,tb/tb0827.png,False,Normal,0.3,0.17218927676224247,0.3000030517578125,0.285125732421875
efficientnet_b0,cxr,TB,tb/tb0186.png,True,TB,0.1,0.060140437835605125,0.100006103515625,0.4874420166015625
efficientnet_b0,cxr,TB,tb/tb0186.png,True,TB,0.2,0.166334429285215,0.1999969482421875,0.4874420166015625
efficientnet_b0,cxr,TB,tb/tb0186.png,True,TB,0.3,0.2254755289591793,0.3000030517578125,0.4874420166015625
efficientnet_b0,cxr,TB,tb/tb0335.png,True,TB,0.1,0.030171353611543824,0.100006103515625,0.283447265625
efficientnet_b0,cxr,TB,tb/tb0335.png,True,TB,0.2,0.04485044355769548,0.1999969482421875,0.283447265625
efficientnet_b0,cxr,TB,tb/tb0335.png,True,TB,0.3,0.055920689274273724,0.3000030517578125,0.283447265625
efficientnet_b0,cxr,TB,tb/tb0559.png,True,TB,0.1,0.1604257167680278,0.100006103515625,0.3076019287109375
efficientnet_b0,cxr,TB,tb/tb0559.png,True,TB,0.2,0.17452247290188186,0.1999969482421875,0.3076019287109375
efficientnet_b0,cxr,TB,tb/tb0559.png,True,TB,0.3,0.16066223621312814,0.3000030517578125,0.3076019287109375
efficientnet_b0,cxr,TB,extra/mc+shenzhen/val/CHNCXR_0352_1.png,True,TB,0.1,0.07148731782741718,0.100006103515625,0.39697265625
efficientnet_b0,cxr,TB,extra/mc+shenzhen/val/CHNCXR_0352_1.png,True,TB,0.2,0.16991118686642145,0.1999969482421875,0.39697265625
efficientnet_b0,cxr,TB,extra/mc+shenzhen/val/CHNCXR_0352_1.png,True,TB,0.3,0.24186400587259727,0.3000030517578125,0.39697265625
efficientnet_b0,cxr,TB,tb/tb0669.png,True,TB,0.1,0.11470662941325882,0.100006103515625,0.56964111328125
efficientnet_b0,cxr,TB,tb/tb0669.png,True,TB,0.2,0.1810476034373756,0.1999969482421875,0.56964111328125
efficientnet_b0,cxr,TB,tb/tb0669.png,True,TB,0.3,0.26146525011066846,0.3000030517578125,0.56964111328125
efficientnet_b0,cxr,TB,tb/tb0549.png,True,TB,0.1,0.13079327996701826,0.100006103515625,0.4022216796875
efficientnet_b0,cxr,TB,tb/tb0549.png,True,TB,0.2,0.2487976205543602,0.1999969482421875,0.4022216796875
efficientnet_b0,cxr,TB,tb/tb0549.png,True,TB,0.3,0.3401182260271978,0.3000030517578125,0.4022216796875
efficientnet_b0,cxr,TB,tb/tb0117.png,True,TB,0.1,0.14766474728087012,0.100006103515625,0.447418212890625
efficientnet_b0,cxr,TB,tb/tb0117.png,True,TB,0.2,0.2374660950214367,0.1999969482421875,0.447418212890625
efficientnet_b0,cxr,TB,tb/tb0117.png,True,TB,0.3,0.2720544316617758,0.3000030517578125,0.447418212890625
resnet50,imagenet,Normal,health/h3086.png,True,Normal,0.1,0.1204362256993836,0.100006103515625,0.765350341796875
resnet50,imagenet,Normal,health/h3086.png,True,Normal,0.2,0.22964042759961129,0.1999969482421875,0.765350341796875
resnet50,imagenet,Normal,health/h3086.png,True,Normal,0.3,0.3262731987158787,0.3000030517578125,0.765350341796875
resnet50,imagenet,Normal,health/h1322.png,True,Normal,0.1,0.09992728256641807,0.100006103515625,0.8924560546875
resnet50,imagenet,Normal,health/h1322.png,True,Normal,0.2,0.19205794205794205,0.1999969482421875,0.8924560546875
resnet50,imagenet,Normal,health/h1322.png,True,Normal,0.3,0.2830451985749233,0.3000030517578125,0.8924560546875
resnet50,imagenet,Normal,extra/mc+shenzhen/train/CHNCXR_0226_0.png,True,Normal,0.1,0.056243436637604706,0.100006103515625,0.5599365234375
resnet50,imagenet,Normal,extra/mc+shenzhen/train/CHNCXR_0226_0.png,True,Normal,0.2,0.11708498755130879,0.1999969482421875,0.5599365234375
resnet50,imagenet,Normal,extra/mc+shenzhen/train/CHNCXR_0226_0.png,True,Normal,0.3,0.21855607688814893,0.3000030517578125,0.5599365234375
resnet50,imagenet,Normal,health/h2764.png,True,Normal,0.1,0.10915619389587074,0.100006103515625,0.7012786865234375
resnet50,imagenet,Normal,health/h2764.png,True,Normal,0.2,0.21946486084730366,0.1999969482421875,0.7012786865234375
resnet50,imagenet,Normal,health/h2764.png,True,Normal,0.3,0.27994070375282826,0.3000030517578125,0.7012786865234375
resnet50,imagenet,Normal,health/h4743.png,True,Normal,0.1,0.09388066047764156,0.100006103515625,0.8421173095703125
resnet50,imagenet,Normal,health/h4743.png,True,Normal,0.2,0.2043875427644341,0.1999969482421875,0.8421173095703125
resnet50,imagenet,Normal,health/h4743.png,True,Normal,0.3,0.3009020282600761,0.3000030517578125,0.8421173095703125
resnet50,imagenet,Normal,health/h1337.png,True,Normal,0.1,0.11005249083886302,0.100006103515625,0.7551116943359375
resnet50,imagenet,Normal,health/h1337.png,True,Normal,0.2,0.23163197040651687,0.1999969482421875,0.7551116943359375
resnet50,imagenet,Normal,health/h1337.png,True,Normal,0.3,0.3469952274276809,0.3000030517578125,0.7551116943359375
resnet50,imagenet,Normal,health/h0036.png,True,Normal,0.1,0.12995899032873529,0.100006103515625,0.6862030029296875
resnet50,imagenet,Normal,health/h0036.png,True,Normal,0.2,0.26534347153532756,0.1999969482421875,0.6862030029296875
resnet50,imagenet,Normal,health/h0036.png,True,Normal,0.3,0.40229984812323716,0.3000030517578125,0.6862030029296875
resnet50,imagenet,Normal,health/h0564.png,True,Normal,0.1,0.06764214822372693,0.100006103515625,0.6025238037109375
resnet50,imagenet,Normal,health/h0564.png,True,Normal,0.2,0.09937290969899666,0.1999969482421875,0.6025238037109375
resnet50,imagenet,Normal,health/h0564.png,True,Normal,0.3,0.1539947322212467,0.3000030517578125,0.6025238037109375
resnet50,imagenet,Normal,health/h3275.png,True,Normal,0.1,0.07215699882405105,0.100006103515625,0.748626708984375
resnet50,imagenet,Normal,health/h3275.png,True,Normal,0.2,0.14295957200375048,0.1999969482421875,0.748626708984375
resnet50,imagenet,Normal,health/h3275.png,True,Normal,0.3,0.22732792799228488,0.3000030517578125,0.748626708984375
resnet50,imagenet,Normal,health/h3793.png,True,Normal,0.1,0.07328742705968441,0.100006103515625,0.7728424072265625
resnet50,imagenet,Normal,health/h3793.png,True,Normal,0.2,0.181169757489301,0.1999969482421875,0.7728424072265625
resnet50,imagenet,Normal,health/h3793.png,True,Normal,0.3,0.29251075407184085,0.3000030517578125,0.7728424072265625
resnet50,imagenet,Normal,health/h0150.png,True,Normal,0.1,0.08771254556569384,0.100006103515625,0.6330413818359375
resnet50,imagenet,Normal,health/h0150.png,True,Normal,0.2,0.17051521193799446,0.1999969482421875,0.6330413818359375
resnet50,imagenet,Normal,health/h0150.png,True,Normal,0.3,0.26616142792065267,0.3000030517578125,0.6330413818359375
resnet50,imagenet,Normal,health/h1833.png,True,Normal,0.1,0.03673081867990585,0.100006103515625,0.69976806640625
resnet50,imagenet,Normal,health/h1833.png,True,Normal,0.2,0.0896206367684831,0.1999969482421875,0.69976806640625
resnet50,imagenet,Normal,health/h1833.png,True,Normal,0.3,0.15859739708586787,0.3000030517578125,0.69976806640625
resnet50,imagenet,Normal,health/h4592.png,True,Normal,0.1,0.0878227202863869,0.100006103515625,0.7531585693359375
resnet50,imagenet,Normal,health/h4592.png,True,Normal,0.2,0.19080389652477267,0.1999969482421875,0.7531585693359375
resnet50,imagenet,Normal,health/h4592.png,True,Normal,0.3,0.28273272994220083,0.3000030517578125,0.7531585693359375
resnet50,imagenet,Normal,health/h1314.png,True,Normal,0.1,0.11723034288948303,0.100006103515625,0.773529052734375
resnet50,imagenet,Normal,health/h1314.png,True,Normal,0.2,0.20810058510537577,0.1999969482421875,0.773529052734375
resnet50,imagenet,Normal,health/h1314.png,True,Normal,0.3,0.2996213170776762,0.3000030517578125,0.773529052734375
resnet50,imagenet,Normal,health/h3770.png,True,Normal,0.1,0.0914758296425348,0.100006103515625,0.6934356689453125
resnet50,imagenet,Normal,health/h3770.png,True,Normal,0.2,0.1845677638633191,0.1999969482421875,0.6934356689453125
resnet50,imagenet,Normal,health/h3770.png,True,Normal,0.3,0.2654965304099364,0.3000030517578125,0.6934356689453125
resnet50,imagenet,Normal,health/h2888.png,True,Normal,0.1,0.10993564839718686,0.100006103515625,0.7500762939453125
resnet50,imagenet,Normal,health/h2888.png,True,Normal,0.2,0.2169494175592213,0.1999969482421875,0.7500762939453125
resnet50,imagenet,Normal,health/h2888.png,True,Normal,0.3,0.3233721779931541,0.3000030517578125,0.7500762939453125
resnet50,imagenet,Normal,health/h2302.png,True,Normal,0.1,0.09801967866483996,0.100006103515625,0.707122802734375
resnet50,imagenet,Normal,health/h2302.png,True,Normal,0.2,0.1961328745900485,0.1999969482421875,0.707122802734375
resnet50,imagenet,Normal,health/h2302.png,True,Normal,0.3,0.2899020891555434,0.3000030517578125,0.707122802734375
resnet50,imagenet,Normal,extra/mc+shenzhen/val/CHNCXR_0294_0.png,True,Normal,0.1,0.06428041704837936,0.100006103515625,0.6445159912109375
resnet50,imagenet,Normal,extra/mc+shenzhen/val/CHNCXR_0294_0.png,True,Normal,0.2,0.16273109243697478,0.1999969482421875,0.6445159912109375
resnet50,imagenet,Normal,extra/mc+shenzhen/val/CHNCXR_0294_0.png,True,Normal,0.3,0.2747641995139833,0.3000030517578125,0.6445159912109375
resnet50,imagenet,Normal,health/h0882.png,True,Normal,0.1,0.11110858338831131,0.100006103515625,0.6452484130859375
resnet50,imagenet,Normal,health/h0882.png,True,Normal,0.2,0.21029517795888047,0.1999969482421875,0.6452484130859375
resnet50,imagenet,Normal,health/h0882.png,True,Normal,0.3,0.2875254603649665,0.3000030517578125,0.6452484130859375
resnet50,imagenet,Normal,extra/mc+shenzhen/val/CHNCXR_0142_0.png,True,Normal,0.1,0.08391320613542835,0.100006103515625,0.7841796875
resnet50,imagenet,Normal,extra/mc+shenzhen/val/CHNCXR_0142_0.png,True,Normal,0.2,0.1785590293639337,0.1999969482421875,0.7841796875
resnet50,imagenet,Normal,extra/mc+shenzhen/val/CHNCXR_0142_0.png,True,Normal,0.3,0.255042922245381,0.3000030517578125,0.7841796875
resnet50,imagenet,Pneumonia,train/patient40094/study1/view1_frontal.jpg,True,Pneumonia,0.1,0.10530713241319473,0.100006103515625,0.9496612548828125
resnet50,imagenet,Pneumonia,train/patient40094/study1/view1_frontal.jpg,True,Pneumonia,0.2,0.210598197213876,0.1999969482421875,0.9496612548828125
resnet50,imagenet,Pneumonia,train/patient40094/study1/view1_frontal.jpg,True,Pneumonia,0.3,0.31590532962707074,0.3000030517578125,0.9496612548828125
resnet50,imagenet,Pneumonia,train/patient11183/study1/view1_frontal.jpg,True,Pneumonia,0.1,0.10691157039622858,0.100006103515625,0.9354095458984375
resnet50,imagenet,Pneumonia,train/patient11183/study1/view1_frontal.jpg,True,Pneumonia,0.2,0.2138068283770778,0.1999969482421875,0.9354095458984375
resnet50,imagenet,Pneumonia,train/patient11183/study1/view1_frontal.jpg,True,Pneumonia,0.3,0.3195775474281244,0.3000030517578125,0.9354095458984375
resnet50,imagenet,Pneumonia,train/patient19029/study11/view1_frontal.jpg,True,Pneumonia,0.1,0.10705302015615302,0.100006103515625,0.934173583984375
resnet50,imagenet,Pneumonia,train/patient19029/study11/view1_frontal.jpg,True,Pneumonia,0.2,0.21290101497992886,0.1999969482421875,0.934173583984375
resnet50,imagenet,Pneumonia,train/patient19029/study11/view1_frontal.jpg,True,Pneumonia,0.3,0.31408100599502853,0.3000030517578125,0.934173583984375
resnet50,imagenet,Pneumonia,train/patient28600/study2/view1_frontal.jpg,True,Pneumonia,0.1,0.10884692674339429,0.100006103515625,0.9187774658203125
resnet50,imagenet,Pneumonia,train/patient28600/study2/view1_frontal.jpg,True,Pneumonia,0.2,0.2176772457774899,0.1999969482421875,0.9187774658203125
resnet50,imagenet,Pneumonia,train/patient28600/study2/view1_frontal.jpg,True,Pneumonia,0.3,0.32588559476777,0.3000030517578125,0.9187774658203125
resnet50,imagenet,Pneumonia,train/patient41882/study1/view1_frontal.jpg,True,Pneumonia,0.1,0.11276862988007365,0.100006103515625,0.8868255615234375
resnet50,imagenet,Pneumonia,train/patient41882/study1/view1_frontal.jpg,True,Pneumonia,0.2,0.22539354838709677,0.1999969482421875,0.8868255615234375
resnet50,imagenet,Pneumonia,train/patient41882/study1/view1_frontal.jpg,True,Pneumonia,0.3,0.3361506218649076,0.3000030517578125,0.8868255615234375
resnet50,imagenet,Pneumonia,train/patient07050/study1/view1_frontal.jpg,True,Pneumonia,0.1,0.10122965293607732,0.100006103515625,0.946746826171875
resnet50,imagenet,Pneumonia,train/patient07050/study1/view1_frontal.jpg,True,Pneumonia,0.2,0.19203438759001365,0.1999969482421875,0.946746826171875
resnet50,imagenet,Pneumonia,train/patient07050/study1/view1_frontal.jpg,True,Pneumonia,0.3,0.2859143846395971,0.3000030517578125,0.946746826171875
resnet50,imagenet,Pneumonia,train/patient16682/study9/view1_frontal.jpg,True,Pneumonia,0.1,0.09252326285865192,0.100006103515625,0.9731292724609375
resnet50,imagenet,Pneumonia,train/patient16682/study9/view1_frontal.jpg,True,Pneumonia,0.2,0.18872533861092214,0.1999969482421875,0.9731292724609375
resnet50,imagenet,Pneumonia,train/patient16682/study9/view1_frontal.jpg,True,Pneumonia,0.3,0.2858860154732916,0.3000030517578125,0.9731292724609375
resnet50,imagenet,Pneumonia,train/patient40446/study2/view1_frontal.jpg,True,Pneumonia,0.1,0.09990372626694655,0.100006103515625,0.9633941650390625
resnet50,imagenet,Pneumonia,train/patient40446/study2/view1_frontal.jpg,True,Pneumonia,0.2,0.1896581316606594,0.1999969482421875,0.9633941650390625
resnet50,imagenet,Pneumonia,train/patient40446/study2/view1_frontal.jpg,True,Pneumonia,0.3,0.28204016536859544,0.3000030517578125,0.9633941650390625
resnet50,imagenet,Pneumonia,train/patient17254/study1/view1_frontal.jpg,True,Pneumonia,0.1,0.11310335306400676,0.100006103515625,0.8842010498046875
resnet50,imagenet,Pneumonia,train/patient17254/study1/view1_frontal.jpg,True,Pneumonia,0.2,0.22618944897923965,0.1999969482421875,0.8842010498046875
resnet50,imagenet,Pneumonia,train/patient17254/study1/view1_frontal.jpg,True,Pneumonia,0.3,0.3392928020432464,0.3000030517578125,0.8842010498046875
resnet50,imagenet,Pneumonia,train/patient03139/study1/view1_frontal.jpg,True,Pneumonia,0.1,0.10160590486254543,0.100006103515625,0.9498443603515625
resnet50,imagenet,Pneumonia,train/patient03139/study1/view1_frontal.jpg,True,Pneumonia,0.2,0.20077761488941295,0.1999969482421875,0.9498443603515625
resnet50,imagenet,Pneumonia,train/patient03139/study1/view1_frontal.jpg,True,Pneumonia,0.3,0.29875689731718147,0.3000030517578125,0.9498443603515625
resnet50,imagenet,Pneumonia,train/patient24588/study9/view1_frontal.jpg,True,Pneumonia,0.1,0.10764202539129863,0.100006103515625,0.9290618896484375
resnet50,imagenet,Pneumonia,train/patient24588/study9/view1_frontal.jpg,True,Pneumonia,0.2,0.2152676269154335,0.1999969482421875,0.9290618896484375
resnet50,imagenet,Pneumonia,train/patient24588/study9/view1_frontal.jpg,True,Pneumonia,0.3,0.32290965230673213,0.3000030517578125,0.9290618896484375
resnet50,imagenet,Pneumonia,train/patient00773/study7/view1_frontal.jpg,True,Pneumonia,0.1,0.10350646011441794,0.100006103515625,0.9477996826171875
resnet50,imagenet,Pneumonia,train/patient00773/study7/view1_frontal.jpg,True,Pneumonia,0.2,0.1876470309613654,0.1999969482421875,0.9477996826171875
resnet50,imagenet,Pneumonia,train/patient00773/study7/view1_frontal.jpg,True,Pneumonia,0.3,0.27637390937895084,0.3000030517578125,0.9477996826171875
resnet50,imagenet,Pneumonia,train/patient11653/study1/view1_frontal.jpg,True,Pneumonia,0.1,0.11261168384879724,0.100006103515625,0.8880615234375
resnet50,imagenet,Pneumonia,train/patient11653/study1/view1_frontal.jpg,True,Pneumonia,0.2,0.22203561207177255,0.1999969482421875,0.8880615234375
resnet50,imagenet,Pneumonia,train/patient11653/study1/view1_frontal.jpg,True,Pneumonia,0.3,0.328187369929378,0.3000030517578125,0.8880615234375
resnet50,imagenet,Pneumonia,train/patient37678/study3/view1_frontal.jpg,True,Pneumonia,0.1,0.10950710108604846,0.100006103515625,0.913238525390625
resnet50,imagenet,Pneumonia,train/patient37678/study3/view1_frontal.jpg,True,Pneumonia,0.2,0.21899749373433583,0.1999969482421875,0.913238525390625
resnet50,imagenet,Pneumonia,train/patient37678/study3/view1_frontal.jpg,True,Pneumonia,0.3,0.3173233042844362,0.3000030517578125,0.913238525390625
resnet50,imagenet,Pneumonia,train/patient30627/study4/view1_frontal.jpg,True,Pneumonia,0.1,0.1028597865012594,0.100006103515625,0.882110595703125
resnet50,imagenet,Pneumonia,train/patient30627/study4/view1_frontal.jpg,True,Pneumonia,0.2,0.20433047465398657,0.1999969482421875,0.882110595703125
resnet50,imagenet,Pneumonia,train/patient30627/study4/view1_frontal.jpg,True,Pneumonia,0.3,0.3007874809006498,0.3000030517578125,0.882110595703125
resnet50,imagenet,Pneumonia,train/patient29345/study8/view1_frontal.jpg,True,Pneumonia,0.1,0.11293768955059277,0.100006103515625,0.885498046875
resnet50,imagenet,Pneumonia,train/patient29345/study8/view1_frontal.jpg,True,Pneumonia,0.2,0.22585814722911496,0.1999969482421875,0.885498046875
resnet50,imagenet,Pneumonia,train/patient29345/study8/view1_frontal.jpg,True,Pneumonia,0.3,0.3377584930351086,0.3000030517578125,0.885498046875
resnet50,imagenet,Pneumonia,train/patient54094/study2/view1_frontal.jpg,True,Pneumonia,0.1,0.10749901587718147,0.100006103515625,0.9302978515625
resnet50,imagenet,Pneumonia,train/patient54094/study2/view1_frontal.jpg,True,Pneumonia,0.2,0.20234056712493304,0.1999969482421875,0.9302978515625
resnet50,imagenet,Pneumonia,train/patient54094/study2/view1_frontal.jpg,True,Pneumonia,0.3,0.26601975285380064,0.3000030517578125,0.9302978515625
resnet50,imagenet,Pneumonia,train/patient08448/study5/view1_frontal.jpg,True,Pneumonia,0.1,0.10609469850263051,0.100006103515625,0.9426116943359375
resnet50,imagenet,Pneumonia,train/patient08448/study5/view1_frontal.jpg,True,Pneumonia,0.2,0.2121732092270336,0.1999969482421875,0.9426116943359375
resnet50,imagenet,Pneumonia,train/patient08448/study5/view1_frontal.jpg,True,Pneumonia,0.3,0.3182679077296641,0.3000030517578125,0.9426116943359375
resnet50,imagenet,Pneumonia,train/patient17052/study6/view1_frontal.jpg,True,Pneumonia,0.1,0.10602433027048014,0.100006103515625,0.9432373046875
resnet50,imagenet,Pneumonia,train/patient17052/study6/view1_frontal.jpg,True,Pneumonia,0.2,0.21203248349941764,0.1999969482421875,0.9432373046875
resnet50,imagenet,Pneumonia,train/patient17052/study6/view1_frontal.jpg,True,Pneumonia,0.3,0.31758789094084544,0.3000030517578125,0.9432373046875
resnet50,imagenet,Pneumonia,train/patient40518/study1/view1_frontal.jpg,True,Pneumonia,0.1,0.0970444231175887,0.100006103515625,0.9290924072265625
resnet50,imagenet,Pneumonia,train/patient40518/study1/view1_frontal.jpg,True,Pneumonia,0.2,0.20363713258617044,0.1999969482421875,0.9290924072265625
resnet50,imagenet,Pneumonia,train/patient40518/study1/view1_frontal.jpg,True,Pneumonia,0.3,0.3099691006667751,0.3000030517578125,0.9290924072265625
resnet50,imagenet,TB,tb/tb1139.png,True,TB,0.1,0.1052716116804266,0.100006103515625,0.949981689453125
resnet50,imagenet,TB,tb/tb1139.png,True,TB,0.2,0.21052716116804265,0.1999969482421875,0.949981689453125
resnet50,imagenet,TB,tb/tb1139.png,True,TB,0.3,0.3100332629693597,0.3000030517578125,0.949981689453125
resnet50,imagenet,TB,tb/tb0940.png,True,TB,0.1,0.1030098231827112,0.100006103515625,0.9708404541015625
resnet50,imagenet,TB,tb/tb0940.png,True,TB,0.2,0.20600392927308447,0.1999969482421875,0.9708404541015625
resnet50,imagenet,TB,tb/tb0940.png,True,TB,0.3,0.3036659048930908,0.3000030517578125,0.9708404541015625
resnet50,imagenet,TB,tb/tb0989.png,True,TB,0.1,0.10559663837742155,0.100006103515625,0.91973876953125
resnet50,imagenet,TB,tb/tb0989.png,True,TB,0.2,0.18617958457932596,0.1999969482421875,0.91973876953125
resnet50,imagenet,TB,tb/tb0989.png,True,TB,0.3,0.27197072161667596,0.3000030517578125,0.91973876953125
resnet50,imagenet,TB,tb/tb0273.png,True,TB,0.1,0.10868434737389496,0.100006103515625,0.908477783203125
resnet50,imagenet,TB,tb/tb0273.png,True,TB,0.2,0.20956059874456784,0.1999969482421875,0.908477783203125
resnet50,imagenet,TB,tb/tb0273.png,True,TB,0.3,0.30959388848468816,0.3000030517578125,0.908477783203125
resnet50,imagenet,TB,tb/tb0503.png,True,TB,0.1,0.11419113163167523,0.100006103515625,0.8757781982421875
resnet50,imagenet,TB,tb/tb0503.png,True,TB,0.2,0.22223185340568277,0.1999969482421875,0.8757781982421875
resnet50,imagenet,TB,tb/tb0503.png,True,TB,0.3,0.3255349893346178,0.3000030517578125,0.8757781982421875
resnet50,imagenet,TB,tb/tb0003.png,True,TB,0.1,0.10733528766315652,0.100006103515625,0.9317169189453125
resnet50,imagenet,TB,tb/tb0003.png,True,TB,0.2,0.19859726239919845,0.1999969482421875,0.9317169189453125
resnet50,imagenet,TB,tb/tb0003.png,True,TB,0.3,0.3008976487083206,0.3000030517578125,0.9317169189453125
resnet50,imagenet,TB,tb/tb1077.png,True,TB,0.1,0.10513668252560278,0.100006103515625,0.945587158203125
resnet50,imagenet,TB,tb/tb1077.png,True,TB,0.2,0.21011911477893652,0.1999969482421875,0.945587158203125
resnet50,imagenet,TB,tb/tb1077.png,True,TB,0.3,0.31508063087010457,0.3000030517578125,0.945587158203125
resnet50,imagenet,TB,tb/tb1161.png,True,TB,0.1,0.11246263271827647,0.100006103515625,0.888031005859375
resnet50,imagenet,TB,tb/tb1161.png,True,TB,0.2,0.21976461733210167,0.1999969482421875,0.888031005859375
resnet50,imagenet,TB,tb/tb1161.png,True,TB,0.3,0.31794637416209626,0.3000030517578125,0.888031005859375
resnet50,imagenet,TB,tb/tb0241.png,True,TB,0.1,0.06841798582111294,0.100006103515625,0.9072113037109375
resnet50,imagenet,TB,tb/tb0241.png,True,TB,0.2,0.15813834711271427,0.1999969482421875,0.9072113037109375
resnet50,imagenet,TB,tb/tb0241.png,True,TB,0.3,0.2552317187326469,0.3000030517578125,0.9072113037109375
resnet50,imagenet,TB,tb/tb0752.png,True,TB,0.1,0.09131151087517266,0.100006103515625,0.900634765625
resnet50,imagenet,TB,tb/tb0752.png,True,TB,0.2,0.19258303986244069,0.1999969482421875,0.900634765625
resnet50,imagenet,TB,tb/tb0752.png,True,TB,0.3,0.2907432620855957,0.3000030517578125,0.900634765625
resnet50,imagenet,TB,tb/tb0508.png,True,TB,0.1,0.10571353343865192,0.100006103515625,0.925262451171875
resnet50,imagenet,TB,tb/tb0508.png,True,TB,0.2,0.209588793937704,0.1999969482421875,0.925262451171875
resnet50,imagenet,TB,tb/tb0508.png,True,TB,0.3,0.312761574679571,0.3000030517578125,0.925262451171875
resnet50,imagenet,TB,tb/tb0321.png,True,TB,0.1,0.10327412942962926,0.100006103515625,0.886688232421875
resnet50,imagenet,TB,tb/tb0321.png,True,TB,0.2,0.20290858725761773,0.1999969482421875,0.886688232421875
resnet50,imagenet,TB,tb/tb0321.png,True,TB,0.3,0.2838159067648321,0.3000030517578125,0.886688232421875
resnet50,imagenet,TB,tb/tb0827.png,True,TB,0.1,0.09872077635641817,0.100006103515625,0.85015869140625
resnet50,imagenet,TB,tb/tb0827.png,True,TB,0.2,0.19386958558120979,0.1999969482421875,0.85015869140625
resnet50,imagenet,TB,tb/tb0827.png,True,TB,0.3,0.2790287275380517,0.3000030517578125,0.85015869140625
resnet50,imagenet,TB,tb/tb0186.png,True,TB,0.1,0.11088914471456626,0.100006103515625,0.9012451171875
resnet50,imagenet,TB,tb/tb0186.png,True,TB,0.2,0.21573681018799273,0.1999969482421875,0.9012451171875
resnet50,imagenet,TB,tb/tb0186.png,True,TB,0.3,0.30520923138139133,0.3000030517578125,0.9012451171875
resnet50,imagenet,TB,tb/tb0335.png,True,TB,0.1,0.10188251022089571,0.100006103515625,0.9815826416015625
resnet50,imagenet,TB,tb/tb0335.png,True,TB,0.2,0.20374947535326213,0.1999969482421875,0.9815826416015625
resnet50,imagenet,TB,tb/tb0335.png,True,TB,0.3,0.2980850965179358,0.3000030517578125,0.9815826416015625
resnet50,imagenet,TB,tb/tb0559.png,True,TB,0.1,0.11253517291458655,0.100006103515625,0.835113525390625
resnet50,imagenet,TB,tb/tb0559.png,True,TB,0.2,0.21647987088675694,0.1999969482421875,0.835113525390625
resnet50,imagenet,TB,tb/tb0559.png,True,TB,0.3,0.3077666830743267,0.3000030517578125,0.835113525390625
resnet50,imagenet,TB,extra/mc+shenzhen/val/CHNCXR_0352_1.png,True,TB,0.1,0.1036779245432255,0.100006103515625,0.9645843505859375
resnet50,imagenet,TB,extra/mc+shenzhen/val/CHNCXR_0352_1.png,True,TB,0.2,0.2013347814452787,0.1999969482421875,0.9645843505859375
resnet50,imagenet,TB,extra/mc+shenzhen/val/CHNCXR_0352_1.png,True,TB,0.3,0.29344195773636733,0.3000030517578125,0.9645843505859375
resnet50,imagenet,TB,tb/tb0669.png,True,TB,0.1,0.10420873547135612,0.100006103515625,0.9596710205078125
resnet50,imagenet,TB,tb/tb0669.png,True,TB,0.2,0.2067897803960176,0.1999969482421875,0.9596710205078125
resnet50,imagenet,TB,tb/tb0669.png,True,TB,0.3,0.30670972030960636,0.3000030517578125,0.9596710205078125
resnet50,imagenet,TB,tb/tb0549.png,True,TB,0.1,0.10444729898625191,0.100006103515625,0.8708343505859375
resnet50,imagenet,TB,tb/tb0549.png,True,TB,0.2,0.20642943097816743,0.1999969482421875,0.8708343505859375
resnet50,imagenet,TB,tb/tb0549.png,True,TB,0.3,0.3163384340904412,0.3000030517578125,0.8708343505859375
resnet50,imagenet,TB,tb/tb0117.png,True,TB,0.1,0.11011609738066835,0.100006103515625,0.9081878662109375
resnet50,imagenet,TB,tb/tb0117.png,True,TB,0.2,0.21433945859180364,0.1999969482421875,0.9081878662109375
resnet50,imagenet,TB,tb/tb0117.png,True,TB,0.3,0.3117089656086409,0.3000030517578125,0.9081878662109375
resnet50,cxr,Normal,health/h3086.png,True,Normal,0.1,0.100006103515625,0.100006103515625,1.0
resnet50,cxr,Normal,health/h3086.png,True,Normal,0.2,0.1999969482421875,0.1999969482421875,1.0
resnet50,cxr,Normal,health/h3086.png,True,Normal,0.3,0.3000030517578125,0.3000030517578125,1.0
resnet50,cxr,Normal,health/h1322.png,True,Normal,0.1,0.100006103515625,0.100006103515625,1.0
resnet50,cxr,Normal,health/h1322.png,True,Normal,0.2,0.1999969482421875,0.1999969482421875,1.0
resnet50,cxr,Normal,health/h1322.png,True,Normal,0.3,0.3000030517578125,0.3000030517578125,1.0
resnet50,cxr,Normal,extra/mc+shenzhen/train/CHNCXR_0226_0.png,False,TB,0.1,0.100006103515625,0.100006103515625,1.0
resnet50,cxr,Normal,extra/mc+shenzhen/train/CHNCXR_0226_0.png,False,TB,0.2,0.1999969482421875,0.1999969482421875,1.0
resnet50,cxr,Normal,extra/mc+shenzhen/train/CHNCXR_0226_0.png,False,TB,0.3,0.3000030517578125,0.3000030517578125,1.0
resnet50,cxr,Normal,health/h2764.png,True,Normal,0.1,0.100006103515625,0.100006103515625,1.0
resnet50,cxr,Normal,health/h2764.png,True,Normal,0.2,0.1999969482421875,0.1999969482421875,1.0
resnet50,cxr,Normal,health/h2764.png,True,Normal,0.3,0.3000030517578125,0.3000030517578125,1.0
resnet50,cxr,Normal,health/h4743.png,True,Normal,0.1,0.100006103515625,0.100006103515625,1.0
resnet50,cxr,Normal,health/h4743.png,True,Normal,0.2,0.1999969482421875,0.1999969482421875,1.0
resnet50,cxr,Normal,health/h4743.png,True,Normal,0.3,0.3000030517578125,0.3000030517578125,1.0
resnet50,cxr,Normal,health/h1337.png,True,Normal,0.1,0.100006103515625,0.100006103515625,1.0
resnet50,cxr,Normal,health/h1337.png,True,Normal,0.2,0.1999969482421875,0.1999969482421875,1.0
resnet50,cxr,Normal,health/h1337.png,True,Normal,0.3,0.3000030517578125,0.3000030517578125,1.0
resnet50,cxr,Normal,health/h0036.png,True,Normal,0.1,0.100006103515625,0.100006103515625,1.0
resnet50,cxr,Normal,health/h0036.png,True,Normal,0.2,0.1999969482421875,0.1999969482421875,1.0
resnet50,cxr,Normal,health/h0036.png,True,Normal,0.3,0.3000030517578125,0.3000030517578125,1.0
resnet50,cxr,Normal,health/h0564.png,True,Normal,0.1,0.100006103515625,0.100006103515625,1.0
resnet50,cxr,Normal,health/h0564.png,True,Normal,0.2,0.1999969482421875,0.1999969482421875,1.0
resnet50,cxr,Normal,health/h0564.png,True,Normal,0.3,0.3000030517578125,0.3000030517578125,1.0
resnet50,cxr,Normal,health/h3275.png,True,Normal,0.1,0.100006103515625,0.100006103515625,1.0
resnet50,cxr,Normal,health/h3275.png,True,Normal,0.2,0.1999969482421875,0.1999969482421875,1.0
resnet50,cxr,Normal,health/h3275.png,True,Normal,0.3,0.3000030517578125,0.3000030517578125,1.0
resnet50,cxr,Normal,health/h3793.png,True,Normal,0.1,0.100006103515625,0.100006103515625,1.0
resnet50,cxr,Normal,health/h3793.png,True,Normal,0.2,0.1999969482421875,0.1999969482421875,1.0
resnet50,cxr,Normal,health/h3793.png,True,Normal,0.3,0.3000030517578125,0.3000030517578125,1.0
resnet50,cxr,Normal,health/h0150.png,True,Normal,0.1,0.100006103515625,0.100006103515625,1.0
resnet50,cxr,Normal,health/h0150.png,True,Normal,0.2,0.1999969482421875,0.1999969482421875,1.0
resnet50,cxr,Normal,health/h0150.png,True,Normal,0.3,0.3000030517578125,0.3000030517578125,1.0
resnet50,cxr,Normal,health/h1833.png,True,Normal,0.1,0.100006103515625,0.100006103515625,1.0
resnet50,cxr,Normal,health/h1833.png,True,Normal,0.2,0.1999969482421875,0.1999969482421875,1.0
resnet50,cxr,Normal,health/h1833.png,True,Normal,0.3,0.3000030517578125,0.3000030517578125,1.0
resnet50,cxr,Normal,health/h4592.png,True,Normal,0.1,0.100006103515625,0.100006103515625,1.0
resnet50,cxr,Normal,health/h4592.png,True,Normal,0.2,0.1999969482421875,0.1999969482421875,1.0
resnet50,cxr,Normal,health/h4592.png,True,Normal,0.3,0.3000030517578125,0.3000030517578125,1.0
resnet50,cxr,Normal,health/h1314.png,True,Normal,0.1,0.100006103515625,0.100006103515625,1.0
resnet50,cxr,Normal,health/h1314.png,True,Normal,0.2,0.1999969482421875,0.1999969482421875,1.0
resnet50,cxr,Normal,health/h1314.png,True,Normal,0.3,0.3000030517578125,0.3000030517578125,1.0
resnet50,cxr,Normal,health/h3770.png,True,Normal,0.1,0.100006103515625,0.100006103515625,1.0
resnet50,cxr,Normal,health/h3770.png,True,Normal,0.2,0.1999969482421875,0.1999969482421875,1.0
resnet50,cxr,Normal,health/h3770.png,True,Normal,0.3,0.3000030517578125,0.3000030517578125,1.0
resnet50,cxr,Normal,health/h2888.png,True,Normal,0.1,0.100006103515625,0.100006103515625,1.0
resnet50,cxr,Normal,health/h2888.png,True,Normal,0.2,0.1999969482421875,0.1999969482421875,1.0
resnet50,cxr,Normal,health/h2888.png,True,Normal,0.3,0.3000030517578125,0.3000030517578125,1.0
resnet50,cxr,Normal,health/h2302.png,True,Normal,0.1,0.100006103515625,0.100006103515625,1.0
resnet50,cxr,Normal,health/h2302.png,True,Normal,0.2,0.1999969482421875,0.1999969482421875,1.0
resnet50,cxr,Normal,health/h2302.png,True,Normal,0.3,0.3000030517578125,0.3000030517578125,1.0
resnet50,cxr,Normal,extra/mc+shenzhen/val/CHNCXR_0294_0.png,False,TB,0.1,0.100006103515625,0.100006103515625,1.0
resnet50,cxr,Normal,extra/mc+shenzhen/val/CHNCXR_0294_0.png,False,TB,0.2,0.1999969482421875,0.1999969482421875,1.0
resnet50,cxr,Normal,extra/mc+shenzhen/val/CHNCXR_0294_0.png,False,TB,0.3,0.3000030517578125,0.3000030517578125,1.0
resnet50,cxr,Normal,health/h0882.png,True,Normal,0.1,0.100006103515625,0.100006103515625,1.0
resnet50,cxr,Normal,health/h0882.png,True,Normal,0.2,0.1999969482421875,0.1999969482421875,1.0
resnet50,cxr,Normal,health/h0882.png,True,Normal,0.3,0.3000030517578125,0.3000030517578125,1.0
resnet50,cxr,Normal,extra/mc+shenzhen/val/CHNCXR_0142_0.png,False,TB,0.1,0.100006103515625,0.100006103515625,1.0
resnet50,cxr,Normal,extra/mc+shenzhen/val/CHNCXR_0142_0.png,False,TB,0.2,0.1999969482421875,0.1999969482421875,1.0
resnet50,cxr,Normal,extra/mc+shenzhen/val/CHNCXR_0142_0.png,False,TB,0.3,0.3000030517578125,0.3000030517578125,1.0
resnet50,cxr,Pneumonia,train/patient40094/study1/view1_frontal.jpg,True,Pneumonia,0.1,0.100006103515625,0.100006103515625,1.0
resnet50,cxr,Pneumonia,train/patient40094/study1/view1_frontal.jpg,True,Pneumonia,0.2,0.1999969482421875,0.1999969482421875,1.0
resnet50,cxr,Pneumonia,train/patient40094/study1/view1_frontal.jpg,True,Pneumonia,0.3,0.3000030517578125,0.3000030517578125,1.0
resnet50,cxr,Pneumonia,train/patient11183/study1/view1_frontal.jpg,True,Pneumonia,0.1,0.100006103515625,0.100006103515625,1.0
resnet50,cxr,Pneumonia,train/patient11183/study1/view1_frontal.jpg,True,Pneumonia,0.2,0.1999969482421875,0.1999969482421875,1.0
resnet50,cxr,Pneumonia,train/patient11183/study1/view1_frontal.jpg,True,Pneumonia,0.3,0.3000030517578125,0.3000030517578125,1.0
resnet50,cxr,Pneumonia,train/patient19029/study11/view1_frontal.jpg,True,Pneumonia,0.1,0.100006103515625,0.100006103515625,1.0
resnet50,cxr,Pneumonia,train/patient19029/study11/view1_frontal.jpg,True,Pneumonia,0.2,0.1999969482421875,0.1999969482421875,1.0
resnet50,cxr,Pneumonia,train/patient19029/study11/view1_frontal.jpg,True,Pneumonia,0.3,0.3000030517578125,0.3000030517578125,1.0
resnet50,cxr,Pneumonia,train/patient28600/study2/view1_frontal.jpg,True,Pneumonia,0.1,0.100006103515625,0.100006103515625,1.0
resnet50,cxr,Pneumonia,train/patient28600/study2/view1_frontal.jpg,True,Pneumonia,0.2,0.1999969482421875,0.1999969482421875,1.0
resnet50,cxr,Pneumonia,train/patient28600/study2/view1_frontal.jpg,True,Pneumonia,0.3,0.3000030517578125,0.3000030517578125,1.0
resnet50,cxr,Pneumonia,train/patient41882/study1/view1_frontal.jpg,True,Pneumonia,0.1,0.100006103515625,0.100006103515625,1.0
resnet50,cxr,Pneumonia,train/patient41882/study1/view1_frontal.jpg,True,Pneumonia,0.2,0.1999969482421875,0.1999969482421875,1.0
resnet50,cxr,Pneumonia,train/patient41882/study1/view1_frontal.jpg,True,Pneumonia,0.3,0.3000030517578125,0.3000030517578125,1.0
resnet50,cxr,Pneumonia,train/patient07050/study1/view1_frontal.jpg,True,Pneumonia,0.1,0.100006103515625,0.100006103515625,1.0
resnet50,cxr,Pneumonia,train/patient07050/study1/view1_frontal.jpg,True,Pneumonia,0.2,0.1999969482421875,0.1999969482421875,1.0
resnet50,cxr,Pneumonia,train/patient07050/study1/view1_frontal.jpg,True,Pneumonia,0.3,0.3000030517578125,0.3000030517578125,1.0
resnet50,cxr,Pneumonia,train/patient16682/study9/view1_frontal.jpg,True,Pneumonia,0.1,0.100006103515625,0.100006103515625,1.0
resnet50,cxr,Pneumonia,train/patient16682/study9/view1_frontal.jpg,True,Pneumonia,0.2,0.1999969482421875,0.1999969482421875,1.0
resnet50,cxr,Pneumonia,train/patient16682/study9/view1_frontal.jpg,True,Pneumonia,0.3,0.3000030517578125,0.3000030517578125,1.0
resnet50,cxr,Pneumonia,train/patient40446/study2/view1_frontal.jpg,True,Pneumonia,0.1,0.100006103515625,0.100006103515625,1.0
resnet50,cxr,Pneumonia,train/patient40446/study2/view1_frontal.jpg,True,Pneumonia,0.2,0.1999969482421875,0.1999969482421875,1.0
resnet50,cxr,Pneumonia,train/patient40446/study2/view1_frontal.jpg,True,Pneumonia,0.3,0.3000030517578125,0.3000030517578125,1.0
resnet50,cxr,Pneumonia,train/patient17254/study1/view1_frontal.jpg,True,Pneumonia,0.1,0.100006103515625,0.100006103515625,1.0
resnet50,cxr,Pneumonia,train/patient17254/study1/view1_frontal.jpg,True,Pneumonia,0.2,0.1999969482421875,0.1999969482421875,1.0
resnet50,cxr,Pneumonia,train/patient17254/study1/view1_frontal.jpg,True,Pneumonia,0.3,0.3000030517578125,0.3000030517578125,1.0
resnet50,cxr,Pneumonia,train/patient03139/study1/view1_frontal.jpg,True,Pneumonia,0.1,0.100006103515625,0.100006103515625,1.0
resnet50,cxr,Pneumonia,train/patient03139/study1/view1_frontal.jpg,True,Pneumonia,0.2,0.1999969482421875,0.1999969482421875,1.0
resnet50,cxr,Pneumonia,train/patient03139/study1/view1_frontal.jpg,True,Pneumonia,0.3,0.3000030517578125,0.3000030517578125,1.0
resnet50,cxr,Pneumonia,train/patient24588/study9/view1_frontal.jpg,True,Pneumonia,0.1,0.100006103515625,0.100006103515625,1.0
resnet50,cxr,Pneumonia,train/patient24588/study9/view1_frontal.jpg,True,Pneumonia,0.2,0.1999969482421875,0.1999969482421875,1.0
resnet50,cxr,Pneumonia,train/patient24588/study9/view1_frontal.jpg,True,Pneumonia,0.3,0.3000030517578125,0.3000030517578125,1.0
resnet50,cxr,Pneumonia,train/patient00773/study7/view1_frontal.jpg,True,Pneumonia,0.1,0.100006103515625,0.100006103515625,1.0
resnet50,cxr,Pneumonia,train/patient00773/study7/view1_frontal.jpg,True,Pneumonia,0.2,0.1999969482421875,0.1999969482421875,1.0
resnet50,cxr,Pneumonia,train/patient00773/study7/view1_frontal.jpg,True,Pneumonia,0.3,0.3000030517578125,0.3000030517578125,1.0
resnet50,cxr,Pneumonia,train/patient11653/study1/view1_frontal.jpg,True,Pneumonia,0.1,0.100006103515625,0.100006103515625,1.0
resnet50,cxr,Pneumonia,train/patient11653/study1/view1_frontal.jpg,True,Pneumonia,0.2,0.1999969482421875,0.1999969482421875,1.0
resnet50,cxr,Pneumonia,train/patient11653/study1/view1_frontal.jpg,True,Pneumonia,0.3,0.3000030517578125,0.3000030517578125,1.0
resnet50,cxr,Pneumonia,train/patient37678/study3/view1_frontal.jpg,True,Pneumonia,0.1,0.100006103515625,0.100006103515625,1.0
resnet50,cxr,Pneumonia,train/patient37678/study3/view1_frontal.jpg,True,Pneumonia,0.2,0.1999969482421875,0.1999969482421875,1.0
resnet50,cxr,Pneumonia,train/patient37678/study3/view1_frontal.jpg,True,Pneumonia,0.3,0.3000030517578125,0.3000030517578125,1.0
resnet50,cxr,Pneumonia,train/patient30627/study4/view1_frontal.jpg,True,Pneumonia,0.1,0.100006103515625,0.100006103515625,1.0
resnet50,cxr,Pneumonia,train/patient30627/study4/view1_frontal.jpg,True,Pneumonia,0.2,0.1999969482421875,0.1999969482421875,1.0
resnet50,cxr,Pneumonia,train/patient30627/study4/view1_frontal.jpg,True,Pneumonia,0.3,0.3000030517578125,0.3000030517578125,1.0
resnet50,cxr,Pneumonia,train/patient29345/study8/view1_frontal.jpg,True,Pneumonia,0.1,0.100006103515625,0.100006103515625,1.0
resnet50,cxr,Pneumonia,train/patient29345/study8/view1_frontal.jpg,True,Pneumonia,0.2,0.1999969482421875,0.1999969482421875,1.0
resnet50,cxr,Pneumonia,train/patient29345/study8/view1_frontal.jpg,True,Pneumonia,0.3,0.3000030517578125,0.3000030517578125,1.0
resnet50,cxr,Pneumonia,train/patient54094/study2/view1_frontal.jpg,True,Pneumonia,0.1,0.100006103515625,0.100006103515625,1.0
resnet50,cxr,Pneumonia,train/patient54094/study2/view1_frontal.jpg,True,Pneumonia,0.2,0.1999969482421875,0.1999969482421875,1.0
resnet50,cxr,Pneumonia,train/patient54094/study2/view1_frontal.jpg,True,Pneumonia,0.3,0.3000030517578125,0.3000030517578125,1.0
resnet50,cxr,Pneumonia,train/patient08448/study5/view1_frontal.jpg,True,Pneumonia,0.1,0.100006103515625,0.100006103515625,1.0
resnet50,cxr,Pneumonia,train/patient08448/study5/view1_frontal.jpg,True,Pneumonia,0.2,0.1999969482421875,0.1999969482421875,1.0
resnet50,cxr,Pneumonia,train/patient08448/study5/view1_frontal.jpg,True,Pneumonia,0.3,0.3000030517578125,0.3000030517578125,1.0
resnet50,cxr,Pneumonia,train/patient17052/study6/view1_frontal.jpg,True,Pneumonia,0.1,0.100006103515625,0.100006103515625,1.0
resnet50,cxr,Pneumonia,train/patient17052/study6/view1_frontal.jpg,True,Pneumonia,0.2,0.1999969482421875,0.1999969482421875,1.0
resnet50,cxr,Pneumonia,train/patient17052/study6/view1_frontal.jpg,True,Pneumonia,0.3,0.3000030517578125,0.3000030517578125,1.0
resnet50,cxr,Pneumonia,train/patient40518/study1/view1_frontal.jpg,True,Pneumonia,0.1,0.100006103515625,0.100006103515625,1.0
resnet50,cxr,Pneumonia,train/patient40518/study1/view1_frontal.jpg,True,Pneumonia,0.2,0.1999969482421875,0.1999969482421875,1.0
resnet50,cxr,Pneumonia,train/patient40518/study1/view1_frontal.jpg,True,Pneumonia,0.3,0.3000030517578125,0.3000030517578125,1.0
resnet50,cxr,TB,tb/tb1139.png,True,TB,0.1,0.0,0.100006103515625,0.0
resnet50,cxr,TB,tb/tb1139.png,True,TB,0.2,0.0,0.1999969482421875,0.0
resnet50,cxr,TB,tb/tb1139.png,True,TB,0.3,0.0,0.3000030517578125,0.0
resnet50,cxr,TB,tb/tb0940.png,True,TB,0.1,0.0,0.100006103515625,0.0
resnet50,cxr,TB,tb/tb0940.png,True,TB,0.2,0.0,0.1999969482421875,0.0
resnet50,cxr,TB,tb/tb0940.png,True,TB,0.3,0.0,0.3000030517578125,0.0
resnet50,cxr,TB,tb/tb0989.png,True,TB,0.1,0.0,0.100006103515625,0.0
resnet50,cxr,TB,tb/tb0989.png,True,TB,0.2,0.0,0.1999969482421875,0.0
resnet50,cxr,TB,tb/tb0989.png,True,TB,0.3,0.0,0.3000030517578125,0.0
resnet50,cxr,TB,tb/tb0273.png,True,TB,0.1,0.0,0.100006103515625,0.0
resnet50,cxr,TB,tb/tb0273.png,True,TB,0.2,0.0,0.1999969482421875,0.0
resnet50,cxr,TB,tb/tb0273.png,True,TB,0.3,0.0,0.3000030517578125,0.0
resnet50,cxr,TB,tb/tb0503.png,True,TB,0.1,0.0,0.100006103515625,0.0
resnet50,cxr,TB,tb/tb0503.png,True,TB,0.2,0.0,0.1999969482421875,0.0
resnet50,cxr,TB,tb/tb0503.png,True,TB,0.3,0.0,0.3000030517578125,0.0
resnet50,cxr,TB,tb/tb0003.png,True,TB,0.1,0.0,0.100006103515625,0.0
resnet50,cxr,TB,tb/tb0003.png,True,TB,0.2,0.0,0.1999969482421875,0.0
resnet50,cxr,TB,tb/tb0003.png,True,TB,0.3,0.0,0.3000030517578125,0.0
resnet50,cxr,TB,tb/tb1077.png,True,TB,0.1,0.0,0.100006103515625,0.0
resnet50,cxr,TB,tb/tb1077.png,True,TB,0.2,0.0,0.1999969482421875,0.0
resnet50,cxr,TB,tb/tb1077.png,True,TB,0.3,0.0,0.3000030517578125,0.0
resnet50,cxr,TB,tb/tb1161.png,True,TB,0.1,0.0,0.100006103515625,0.0
resnet50,cxr,TB,tb/tb1161.png,True,TB,0.2,0.0,0.1999969482421875,0.0
resnet50,cxr,TB,tb/tb1161.png,True,TB,0.3,0.0,0.3000030517578125,0.0
resnet50,cxr,TB,tb/tb0241.png,True,TB,0.1,0.0,0.100006103515625,0.0
resnet50,cxr,TB,tb/tb0241.png,True,TB,0.2,0.0,0.1999969482421875,0.0
resnet50,cxr,TB,tb/tb0241.png,True,TB,0.3,0.0,0.3000030517578125,0.0
resnet50,cxr,TB,tb/tb0752.png,True,TB,0.1,0.0,0.100006103515625,0.0
resnet50,cxr,TB,tb/tb0752.png,True,TB,0.2,0.0,0.1999969482421875,0.0
resnet50,cxr,TB,tb/tb0752.png,True,TB,0.3,0.0,0.3000030517578125,0.0
resnet50,cxr,TB,tb/tb0508.png,True,TB,0.1,0.0,0.100006103515625,0.0
resnet50,cxr,TB,tb/tb0508.png,True,TB,0.2,0.0,0.1999969482421875,0.0
resnet50,cxr,TB,tb/tb0508.png,True,TB,0.3,0.0,0.3000030517578125,0.0
resnet50,cxr,TB,tb/tb0321.png,False,Normal,0.1,0.0,0.100006103515625,0.0
resnet50,cxr,TB,tb/tb0321.png,False,Normal,0.2,0.0,0.1999969482421875,0.0
resnet50,cxr,TB,tb/tb0321.png,False,Normal,0.3,0.0,0.3000030517578125,0.0
resnet50,cxr,TB,tb/tb0827.png,True,TB,0.1,0.0,0.100006103515625,0.0
resnet50,cxr,TB,tb/tb0827.png,True,TB,0.2,0.0,0.1999969482421875,0.0
resnet50,cxr,TB,tb/tb0827.png,True,TB,0.3,0.0,0.3000030517578125,0.0
resnet50,cxr,TB,tb/tb0186.png,True,TB,0.1,0.0,0.100006103515625,0.0
resnet50,cxr,TB,tb/tb0186.png,True,TB,0.2,0.0,0.1999969482421875,0.0
resnet50,cxr,TB,tb/tb0186.png,True,TB,0.3,0.0,0.3000030517578125,0.0
resnet50,cxr,TB,tb/tb0335.png,True,TB,0.1,0.0,0.100006103515625,0.0
resnet50,cxr,TB,tb/tb0335.png,True,TB,0.2,0.0,0.1999969482421875,0.0
resnet50,cxr,TB,tb/tb0335.png,True,TB,0.3,0.0,0.3000030517578125,0.0
resnet50,cxr,TB,tb/tb0559.png,True,TB,0.1,0.0,0.100006103515625,0.0
resnet50,cxr,TB,tb/tb0559.png,True,TB,0.2,0.0,0.1999969482421875,0.0
resnet50,cxr,TB,tb/tb0559.png,True,TB,0.3,0.0,0.3000030517578125,0.0
resnet50,cxr,TB,extra/mc+shenzhen/val/CHNCXR_0352_1.png,True,TB,0.1,0.0,0.100006103515625,0.0
resnet50,cxr,TB,extra/mc+shenzhen/val/CHNCXR_0352_1.png,True,TB,0.2,0.0,0.1999969482421875,0.0
resnet50,cxr,TB,extra/mc+shenzhen/val/CHNCXR_0352_1.png,True,TB,0.3,0.0,0.3000030517578125,0.0
resnet50,cxr,TB,tb/tb0669.png,True,TB,0.1,0.0,0.100006103515625,0.0
resnet50,cxr,TB,tb/tb0669.png,True,TB,0.2,0.0,0.1999969482421875,0.0
resnet50,cxr,TB,tb/tb0669.png,True,TB,0.3,0.0,0.3000030517578125,0.0
resnet50,cxr,TB,tb/tb0549.png,True,TB,0.1,0.0,0.100006103515625,0.0
resnet50,cxr,TB,tb/tb0549.png,True,TB,0.2,0.0,0.1999969482421875,0.0
resnet50,cxr,TB,tb/tb0549.png,True,TB,0.3,0.0,0.3000030517578125,0.0
resnet50,cxr,TB,tb/tb0117.png,True,TB,0.1,0.0,0.100006103515625,0.0
resnet50,cxr,TB,tb/tb0117.png,True,TB,0.2,0.0,0.1999969482421875,0.0
resnet50,cxr,TB,tb/tb0117.png,True,TB,0.3,0.0,0.3000030517578125,0.0
victorio,imagenet,Normal,health/h3086.png,True,Normal,0.1,0.12984796424801814,0.100006103515625,0.6676788330078125
victorio,imagenet,Normal,health/h3086.png,True,Normal,0.2,0.24819456944048116,0.1999969482421875,0.6676788330078125
victorio,imagenet,Normal,health/h3086.png,True,Normal,0.3,0.34189589504866696,0.3000030517578125,0.6676788330078125
victorio,imagenet,Normal,health/h1322.png,True,Normal,0.1,0.10759436436309706,0.100006103515625,0.834442138671875
victorio,imagenet,Normal,health/h1322.png,True,Normal,0.2,0.21868483497519234,0.1999969482421875,0.834442138671875
victorio,imagenet,Normal,health/h1322.png,True,Normal,0.3,0.3197301854974705,0.3000030517578125,0.834442138671875
victorio,imagenet,Normal,extra/mc+shenzhen/train/CHNCXR_0226_0.png,True,Normal,0.1,0.0849028023226458,0.100006103515625,0.5557098388671875
victorio,imagenet,Normal,extra/mc+shenzhen/train/CHNCXR_0226_0.png,True,Normal,0.2,0.14627598018793686,0.1999969482421875,0.5557098388671875
victorio,imagenet,Normal,extra/mc+shenzhen/train/CHNCXR_0226_0.png,True,Normal,0.3,0.1980090149751127,0.3000030517578125,0.5557098388671875
victorio,imagenet,Normal,health/h2764.png,True,Normal,0.1,0.07252987154747285,0.100006103515625,0.739593505859375
victorio,imagenet,Normal,health/h2764.png,True,Normal,0.2,0.13315912478607314,0.1999969482421875,0.739593505859375
victorio,imagenet,Normal,health/h2764.png,True,Normal,0.3,0.21238166417538615,0.3000030517578125,0.739593505859375
victorio,imagenet,Normal,health/h4743.png,True,Normal,0.1,0.061046685099357505,0.100006103515625,0.71392822265625
victorio,imagenet,Normal,health/h4743.png,True,Normal,0.2,0.11211170321406688,0.1999969482421875,0.71392822265625
victorio,imagenet,Normal,health/h4743.png,True,Normal,0.3,0.1855730802169569,0.3000030517578125,0.71392822265625
victorio,imagenet,Normal,health/h1337.png,True,Normal,0.1,0.08810250152532031,0.100006103515625,0.71636962890625
victorio,imagenet,Normal,health/h1337.png,True,Normal,0.2,0.15069936769496073,0.1999969482421875,0.71636962890625
victorio,imagenet,Normal,health/h1337.png,True,Normal,0.3,0.23484918707476687,0.3000030517578125,0.71636962890625
victorio,imagenet,Normal,health/h0036.png,True,Normal,0.1,0.07265102572821036,0.100006103515625,0.766448974609375
victorio,imagenet,Normal,health/h0036.png,True,Normal,0.2,0.13647700561626383,0.1999969482421875,0.766448974609375
victorio,imagenet,Normal,health/h0036.png,True,Normal,0.3,0.21500964831458722,0.3000030517578125,0.766448974609375
victorio,imagenet,Normal,health/h0564.png,True,Normal,0.1,0.11345874959716404,0.100006103515625,0.7435150146484375
victorio,imagenet,Normal,health/h0564.png,True,Normal,0.2,0.22187092439631664,0.1999969482421875,0.7435150146484375
victorio,imagenet,Normal,health/h0564.png,True,Normal,0.3,0.30571254009469984,0.3000030517578125,0.7435150146484375
victorio,imagenet,Normal,health/h3275.png,True,Normal,0.1,0.11732178148643523,0.100006103515625,0.7540283203125
victorio,imagenet,Normal,health/h3275.png,True,Normal,0.2,0.23950279528963958,0.1999969482421875,0.7540283203125
victorio,imagenet,Normal,health/h3275.png,True,Normal,0.3,0.2946192627021759,0.3000030517578125,0.7540283203125
victorio,imagenet,Normal,health/h3793.png,True,Normal,0.1,0.11440885493192281,0.100006103515625,0.7679901123046875
victorio,imagenet,Normal,health/h3793.png,True,Normal,0.2,0.23564472146474483,0.1999969482421875,0.7679901123046875
victorio,imagenet,Normal,health/h3793.png,True,Normal,0.3,0.3283482947751988,0.3000030517578125,0.7679901123046875
victorio,imagenet,Normal,health/h0150.png,True,Normal,0.1,0.08263866905842214,0.100006103515625,0.8393402099609375
victorio,imagenet,Normal,health/h0150.png,True,Normal,0.2,0.17681409813407048,0.1999969482421875,0.8393402099609375
victorio,imagenet,Normal,health/h0150.png,True,Normal,0.3,0.2689359821898951,0.3000030517578125,0.8393402099609375
victorio,imagenet,Normal,health/h1833.png,True,Normal,0.1,0.12243743199129488,0.100006103515625,0.686981201171875
victorio,imagenet,Normal,health/h1833.png,True,Normal,0.2,0.2244644324142144,0.1999969482421875,0.686981201171875
victorio,imagenet,Normal,health/h1833.png,True,Normal,0.3,0.30865721164545695,0.3000030517578125,0.686981201171875
victorio,imagenet,Normal,health/h4592.png,True,Normal,0.1,0.09338610561399854,0.100006103515625,0.700897216796875
victorio,imagenet,Normal,health/h4592.png,True,Normal,0.2,0.171099871070118,0.1999969482421875,0.700897216796875
victorio,imagenet,Normal,health/h4592.png,True,Normal,0.3,0.21937390787076624,0.3000030517578125,0.700897216796875
victorio,imagenet,Normal,health/h1314.png,True,Normal,0.1,0.07951485090965454,0.100006103515625,0.7501678466796875
victorio,imagenet,Normal,health/h1314.png,True,Normal,0.2,0.13650052015842018,0.1999969482421875,0.7501678466796875
victorio,imagenet,Normal,health/h1314.png,True,Normal,0.3,0.18535358754434914,0.3000030517578125,0.7501678466796875
victorio,imagenet,Normal,health/h3770.png,True,Normal,0.1,0.03652205048636391,0.100006103515625,0.6950836181640625
victorio,imagenet,Normal,health/h3770.png,True,Normal,0.2,0.08587401195831251,0.1999969482421875,0.6950836181640625
victorio,imagenet,Normal,health/h3770.png,True,Normal,0.3,0.1720915185391542,0.3000030517578125,0.6950836181640625
victorio,imagenet,Normal,health/h2888.png,True,Normal,0.1,0.10674304705264999,0.100006103515625,0.67236328125
victorio,imagenet,Normal,health/h2888.png,True,Normal,0.2,0.22466422466422467,0.1999969482421875,0.67236328125
victorio,imagenet,Normal,health/h2888.png,True,Normal,0.3,0.3334658603444307,0.3000030517578125,0.67236328125
victorio,imagenet,Normal,health/h2302.png,True,Normal,0.1,0.08255176075030968,0.100006103515625,0.646759033203125
victorio,imagenet,Normal,health/h2302.png,True,Normal,0.2,0.14961363965942284,0.1999969482421875,0.646759033203125
victorio,imagenet,Normal,health/h2302.png,True,Normal,0.3,0.20162289875280812,0.3000030517578125,0.646759033203125
victorio,imagenet,Normal,extra/mc+shenzhen/val/CHNCXR_0294_0.png,False,TB,0.1,0.08772891491217143,0.100006103515625,0.566131591796875
victorio,imagenet,Normal,extra/mc+shenzhen/val/CHNCXR_0294_0.png,False,TB,0.2,0.1511073410060067,0.1999969482421875,0.566131591796875
victorio,imagenet,Normal,extra/mc+shenzhen/val/CHNCXR_0294_0.png,False,TB,0.3,0.1999619482496195,0.3000030517578125,0.566131591796875
victorio,imagenet,Normal,health/h0882.png,True,Normal,0.1,0.10280935329600346,0.100006103515625,0.6002044677734375
victorio,imagenet,Normal,health/h0882.png,True,Normal,0.2,0.14737671202905528,0.1999969482421875,0.6002044677734375
victorio,imagenet,Normal,health/h0882.png,True,Normal,0.3,0.21513460072913018,0.3000030517578125,0.6002044677734375
victorio,imagenet,Normal,extra/mc+shenzhen/val/CHNCXR_0142_0.png,False,TB,0.1,0.06896632202954699,0.100006103515625,0.598876953125
victorio,imagenet,Normal,extra/mc+shenzhen/val/CHNCXR_0142_0.png,False,TB,0.2,0.12159643522783264,0.1999969482421875,0.598876953125
victorio,imagenet,Normal,extra/mc+shenzhen/val/CHNCXR_0142_0.png,False,TB,0.3,0.17945381011492412,0.3000030517578125,0.598876953125
victorio,imagenet,Pneumonia,train/patient40094/study1/view1_frontal.jpg,True,Pneumonia,0.1,0.08006613882794365,0.100006103515625,0.4182891845703125
victorio,imagenet,Pneumonia,train/patient40094/study1/view1_frontal.jpg,True,Pneumonia,0.2,0.12119535141117875,0.1999969482421875,0.4182891845703125
victorio,imagenet,Pneumonia,train/patient40094/study1/view1_frontal.jpg,True,Pneumonia,0.3,0.17312532708650036,0.3000030517578125,0.4182891845703125
victorio,imagenet,Pneumonia,train/patient11183/study1/view1_frontal.jpg,True,Pneumonia,0.1,0.049541040308633766,0.100006103515625,0.5019073486328125
victorio,imagenet,Pneumonia,train/patient11183/study1/view1_frontal.jpg,True,Pneumonia,0.2,0.11100376775190803,0.1999969482421875,0.5019073486328125
victorio,imagenet,Pneumonia,train/patient11183/study1/view1_frontal.jpg,True,Pneumonia,0.3,0.1846091425480119,0.3000030517578125,0.5019073486328125
victorio,imagenet,Pneumonia,train/patient19029/study11/view1_frontal.jpg,True,Pneumonia,0.1,0.0924976488790462,0.100006103515625,0.449493408203125
victorio,imagenet,Pneumonia,train/patient19029/study11/view1_frontal.jpg,True,Pneumonia,0.2,0.14724273624063391,0.1999969482421875,0.449493408203125
victorio,imagenet,Pneumonia,train/patient19029/study11/view1_frontal.jpg,True,Pneumonia,0.3,0.19685672514619884,0.3000030517578125,0.449493408203125
victorio,imagenet,Pneumonia,train/patient28600/study2/view1_frontal.jpg,True,Pneumonia,0.1,0.09454314720812183,0.100006103515625,0.5053863525390625
victorio,imagenet,Pneumonia,train/patient28600/study2/view1_frontal.jpg,True,Pneumonia,0.2,0.1667844522968198,0.1999969482421875,0.5053863525390625
victorio,imagenet,Pneumonia,train/patient28600/study2/view1_frontal.jpg,True,Pneumonia,0.3,0.22296624110845942,0.3000030517578125,0.5053863525390625
victorio,imagenet,Pneumonia,train/patient41882/study1/view1_frontal.jpg,True,Pneumonia,0.1,0.10069499040850341,0.100006103515625,0.4340667724609375
victorio,imagenet,Pneumonia,train/patient41882/study1/view1_frontal.jpg,True,Pneumonia,0.2,0.1414679705526865,0.1999969482421875,0.4340667724609375
victorio,imagenet,Pneumonia,train/patient41882/study1/view1_frontal.jpg,True,Pneumonia,0.3,0.15925684956264005,0.3000030517578125,0.4340667724609375
victorio,imagenet,Pneumonia,train/patient07050/study1/view1_frontal.jpg,True,Pneumonia,0.1,0.04312791868876476,0.100006103515625,0.421478271484375
victorio,imagenet,Pneumonia,train/patient07050/study1/view1_frontal.jpg,True,Pneumonia,0.2,0.07925698235200594,0.1999969482421875,0.421478271484375
victorio,imagenet,Pneumonia,train/patient07050/study1/view1_frontal.jpg,True,Pneumonia,0.3,0.13658325521021128,0.3000030517578125,0.421478271484375
victorio,imagenet,Pneumonia,train/patient16682/study9/view1_frontal.jpg,True,Pneumonia,0.1,0.05255842010018621,0.100006103515625,0.5123748779296875
victorio,imagenet,Pneumonia,train/patient16682/study9/view1_frontal.jpg,True,Pneumonia,0.2,0.12250246447548749,0.1999969482421875,0.5123748779296875
victorio,imagenet,Pneumonia,train/patient16682/study9/view1_frontal.jpg,True,Pneumonia,0.3,0.1798337950138504,0.3000030517578125,0.5123748779296875
victorio,imagenet,Pneumonia,train/patient40446/study2/view1_frontal.jpg,True,Pneumonia,0.1,0.10524289995326204,0.100006103515625,0.5134124755859375
victorio,imagenet,Pneumonia,train/patient40446/study2/view1_frontal.jpg,True,Pneumonia,0.2,0.1746645897191096,0.1999969482421875,0.5134124755859375
victorio,imagenet,Pneumonia,train/patient40446/study2/view1_frontal.jpg,True,Pneumonia,0.3,0.21938833863256857,0.3000030517578125,0.5134124755859375
victorio,imagenet,Pneumonia,train/patient17254/study1/view1_frontal.jpg,True,Pneumonia,0.1,0.03452414975707345,0.100006103515625,0.45233154296875
victorio,imagenet,Pneumonia,train/patient17254/study1/view1_frontal.jpg,True,Pneumonia,0.2,0.08003435818406891,0.1999969482421875,0.45233154296875
victorio,imagenet,Pneumonia,train/patient17254/study1/view1_frontal.jpg,True,Pneumonia,0.3,0.12864827744076915,0.3000030517578125,0.45233154296875
victorio,imagenet,Pneumonia,train/patient03139/study1/view1_frontal.jpg,True,Pneumonia,0.1,0.029520654715510523,0.100006103515625,0.3837127685546875
victorio,imagenet,Pneumonia,train/patient03139/study1/view1_frontal.jpg,True,Pneumonia,0.2,0.07283282384945453,0.1999969482421875,0.3837127685546875
victorio,imagenet,Pneumonia,train/patient03139/study1/view1_frontal.jpg,True,Pneumonia,0.3,0.12362706254074929,0.3000030517578125,0.3837127685546875
victorio,imagenet,Pneumonia,train/patient24588/study9/view1_frontal.jpg,True,Pneumonia,0.1,0.06204688477532845,0.100006103515625,0.3403472900390625
victorio,imagenet,Pneumonia,train/patient24588/study9/view1_frontal.jpg,True,Pneumonia,0.2,0.07746607436256314,0.1999969482421875,0.3403472900390625
victorio,imagenet,Pneumonia,train/patient24588/study9/view1_frontal.jpg,True,Pneumonia,0.3,0.10097856599417583,0.3000030517578125,0.3403472900390625
victorio,imagenet,Pneumonia,train/patient00773/study7/view1_frontal.jpg,True,Pneumonia,0.1,0.14229967232648197,0.100006103515625,0.4851226806640625
victorio,imagenet,Pneumonia,train/patient00773/study7/view1_frontal.jpg,True,Pneumonia,0.2,0.19003445534057778,0.1999969482421875,0.4851226806640625
victorio,imagenet,Pneumonia,train/patient00773/study7/view1_frontal.jpg,True,Pneumonia,0.3,0.21310857008133915,0.3000030517578125,0.4851226806640625
victorio,imagenet,Pneumonia,train/patient11653/study1/view1_frontal.jpg,True,Pneumonia,0.1,0.07650344624832588,0.100006103515625,0.4028472900390625
victorio,imagenet,Pneumonia,train/patient11653/study1/view1_frontal.jpg,True,Pneumonia,0.2,0.1430720712901079,0.1999969482421875,0.4028472900390625
victorio,imagenet,Pneumonia,train/patient11653/study1/view1_frontal.jpg,True,Pneumonia,0.3,0.18597286232910218,0.3000030517578125,0.4028472900390625
victorio,imagenet,Pneumonia,train/patient37678/study3/view1_frontal.jpg,True,Pneumonia,0.1,0.08157393087076935,0.100006103515625,0.3588409423828125
victorio,imagenet,Pneumonia,train/patient37678/study3/view1_frontal.jpg,True,Pneumonia,0.2,0.1511912994279248,0.1999969482421875,0.3588409423828125
victorio,imagenet,Pneumonia,train/patient37678/study3/view1_frontal.jpg,True,Pneumonia,0.3,0.18402939644061755,0.3000030517578125,0.3588409423828125
victorio,imagenet,Pneumonia,train/patient30627/study4/view1_frontal.jpg,True,Pneumonia,0.1,0.15779359216887368,0.100006103515625,0.48834228515625
victorio,imagenet,Pneumonia,train/patient30627/study4/view1_frontal.jpg,True,Pneumonia,0.2,0.2324062943940553,0.1999969482421875,0.48834228515625
victorio,imagenet,Pneumonia,train/patient30627/study4/view1_frontal.jpg,True,Pneumonia,0.3,0.27413746331598804,0.3000030517578125,0.48834228515625
victorio,imagenet,Pneumonia,train/patient29345/study8/view1_frontal.jpg,True,Pneumonia,0.1,0.09169363538295577,0.100006103515625,0.486785888671875
victorio,imagenet,Pneumonia,train/patient29345/study8/view1_frontal.jpg,True,Pneumonia,0.2,0.16585504843806662,0.1999969482421875,0.486785888671875
victorio,imagenet,Pneumonia,train/patient29345/study8/view1_frontal.jpg,True,Pneumonia,0.3,0.22384410899079085,0.3000030517578125,0.486785888671875
victorio,imagenet,Pneumonia,train/patient54094/study2/view1_frontal.jpg,True,Pneumonia,0.1,0.00737677088799037,0.100006103515625,0.39801025390625
victorio,imagenet,Pneumonia,train/patient54094/study2/view1_frontal.jpg,True,Pneumonia,0.2,0.05148637046576519,0.1999969482421875,0.39801025390625
victorio,imagenet,Pneumonia,train/patient54094/study2/view1_frontal.jpg,True,Pneumonia,0.3,0.08766465357363641,0.3000030517578125,0.39801025390625
victorio,imagenet,Pneumonia,train/patient08448/study5/view1_frontal.jpg,True,Pneumonia,0.1,0.14624995697518328,0.100006103515625,0.40814208984375
victorio,imagenet,Pneumonia,train/patient08448/study5/view1_frontal.jpg,True,Pneumonia,0.2,0.18200960911086067,0.1999969482421875,0.40814208984375
victorio,imagenet,Pneumonia,train/patient08448/study5/view1_frontal.jpg,True,Pneumonia,0.3,0.21952437261857838,0.3000030517578125,0.40814208984375
victorio,imagenet,Pneumonia,train/patient17052/study6/view1_frontal.jpg,True,Pneumonia,0.1,0.0935498053008416,0.100006103515625,0.4313507080078125
victorio,imagenet,Pneumonia,train/patient17052/study6/view1_frontal.jpg,True,Pneumonia,0.2,0.13657839797824414,0.1999969482421875,0.4313507080078125
victorio,imagenet,Pneumonia,train/patient17052/study6/view1_frontal.jpg,True,Pneumonia,0.3,0.17334573673774145,0.3000030517578125,0.4313507080078125
victorio,imagenet,Pneumonia,train/patient40518/study1/view1_frontal.jpg,True,Pneumonia,0.1,0.03601895734597156,0.100006103515625,0.4503631591796875
victorio,imagenet,Pneumonia,train/patient40518/study1/view1_frontal.jpg,True,Pneumonia,0.2,0.08737913615837947,0.1999969482421875,0.4503631591796875
victorio,imagenet,Pneumonia,train/patient40518/study1/view1_frontal.jpg,True,Pneumonia,0.3,0.142485421555189,0.3000030517578125,0.4503631591796875
victorio,imagenet,TB,tb/tb1139.png,True,TB,0.1,0.038336904824125856,0.100006103515625,0.5062713623046875
victorio,imagenet,TB,tb/tb1139.png,True,TB,0.2,0.07822400298173686,0.1999969482421875,0.5062713623046875
victorio,imagenet,TB,tb/tb1139.png,True,TB,0.3,0.13781223083548666,0.3000030517578125,0.5062713623046875
victorio,imagenet,TB,tb/tb0940.png,True,TB,0.1,0.01677602651694514,0.100006103515625,0.5880584716796875
victorio,imagenet,TB,tb/tb0940.png,True,TB,0.2,0.05471031511017624,0.1999969482421875,0.5880584716796875
victorio,imagenet,TB,tb/tb0940.png,True,TB,0.3,0.12472461639547018,0.3000030517578125,0.5880584716796875
victorio,imagenet,TB,tb/tb0989.png,False,Normal,0.1,0.021479145594097696,0.100006103515625,0.423919677734375
victorio,imagenet,TB,tb/tb0989.png,False,Normal,0.2,0.1004386791183357,0.1999969482421875,0.423919677734375
victorio,imagenet,TB,tb/tb0989.png,False,Normal,0.3,0.2122907882969209,0.3000030517578125,0.423919677734375
victorio,imagenet,TB,tb/tb0273.png,True,TB,0.1,0.12693442368407432,0.100006103515625,0.5644683837890625
victorio,imagenet,TB,tb/tb0273.png,True,TB,0.2,0.21596039027231687,0.1999969482421875,0.5644683837890625
victorio,imagenet,TB,tb/tb0273.png,True,TB,0.3,0.28557489391635843,0.3000030517578125,0.5644683837890625
victorio,imagenet,TB,tb/tb0503.png,True,TB,0.1,0.041353202160493825,0.100006103515625,0.5589752197265625
victorio,imagenet,TB,tb/tb0503.png,True,TB,0.2,0.09738340025592375,0.1999969482421875,0.5589752197265625
victorio,imagenet,TB,tb/tb0503.png,True,TB,0.3,0.17154689808744875,0.3000030517578125,0.5589752197265625
victorio,imagenet,TB,tb/tb0003.png,True,TB,0.1,0.07656798518395666,0.100006103515625,0.4942779541015625
victorio,imagenet,TB,tb/tb0003.png,True,TB,0.2,0.12162895035251195,0.1999969482421875,0.4942779541015625
victorio,imagenet,TB,tb/tb0003.png,True,TB,0.3,0.2007289167743126,0.3000030517578125,0.4942779541015625
victorio,imagenet,TB,tb/tb1077.png,True,TB,0.1,0.04504344741975527,0.100006103515625,0.5294342041015625
victorio,imagenet,TB,tb/tb1077.png,True,TB,0.2,0.13502861077474654,0.1999969482421875,0.5294342041015625
victorio,imagenet,TB,tb/tb1077.png,True,TB,0.3,0.23188143044916829,0.3000030517578125,0.5294342041015625
victorio,imagenet,TB,tb/tb1161.png,False,Normal,0.1,0.008231368186874305,0.100006103515625,0.591522216796875
victorio,imagenet,TB,tb/tb1161.png,False,Normal,0.2,0.04542614724198392,0.1999969482421875,0.591522216796875
victorio,imagenet,TB,tb/tb1161.png,False,Normal,0.3,0.13210874072351722,0.3000030517578125,0.591522216796875
victorio,imagenet,TB,tb/tb0241.png,True,TB,0.1,0.06857344099816366,0.100006103515625,0.5481719970703125
victorio,imagenet,TB,tb/tb0241.png,True,TB,0.2,0.14317689025669722,0.1999969482421875,0.5481719970703125
victorio,imagenet,TB,tb/tb0241.png,True,TB,0.3,0.21824318400981854,0.3000030517578125,0.5481719970703125
victorio,imagenet,TB,tb/tb0752.png,True,TB,0.1,0.04401403734362024,0.100006103515625,0.494659423828125
victorio,imagenet,TB,tb/tb0752.png,True,TB,0.2,0.1294844440033742,0.1999969482421875,0.494659423828125
victorio,imagenet,TB,tb/tb0752.png,True,TB,0.3,0.21637276655377788,0.3000030517578125,0.494659423828125
victorio,imagenet,TB,tb/tb0508.png,True,TB,0.1,0.06990962254120149,0.100006103515625,0.51416015625
victorio,imagenet,TB,tb/tb0508.png,True,TB,0.2,0.09997884791651977,0.1999969482421875,0.51416015625
victorio,imagenet,TB,tb/tb0508.png,True,TB,0.3,0.1563651337176542,0.3000030517578125,0.51416015625
victorio,imagenet,TB,tb/tb0321.png,False,Pneumonia,0.1,0.0038611000398565166,0.100006103515625,0.5149078369140625
victorio,imagenet,TB,tb/tb0321.png,False,Pneumonia,0.2,0.027726594717908223,0.1999969482421875,0.5149078369140625
victorio,imagenet,TB,tb/tb0321.png,False,Pneumonia,0.3,0.07673387096774194,0.3000030517578125,0.5149078369140625
victorio,imagenet,TB,tb/tb0827.png,False,Normal,0.1,0.0025029277365725966,0.100006103515625,0.566162109375
victorio,imagenet,TB,tb/tb0827.png,False,Normal,0.2,0.05611761983888269,0.1999969482421875,0.566162109375
victorio,imagenet,TB,tb/tb0827.png,False,Normal,0.3,0.12861857801813265,0.3000030517578125,0.566162109375
victorio,imagenet,TB,tb/tb0186.png,False,Normal,0.1,0.04678443918950248,0.100006103515625,0.588958740234375
victorio,imagenet,TB,tb/tb0186.png,False,Normal,0.2,0.07770389978531379,0.1999969482421875,0.588958740234375
victorio,imagenet,TB,tb/tb0186.png,False,Normal,0.3,0.12256734363559289,0.3000030517578125,0.588958740234375
victorio,imagenet,TB,tb/tb0335.png,True,TB,0.1,0.09919472913616398,0.100006103515625,0.54150390625
victorio,imagenet,TB,tb/tb0335.png,True,TB,0.2,0.17504110648998936,0.1999969482421875,0.54150390625
victorio,imagenet,TB,tb/tb0335.png,True,TB,0.3,0.25991501416430596,0.3000030517578125,0.54150390625
victorio,imagenet,TB,tb/tb0559.png,True,TB,0.1,0.05599634545104828,0.100006103515625,0.5701751708984375
victorio,imagenet,TB,tb/tb0559.png,True,TB,0.2,0.14362750651410444,0.1999969482421875,0.5701751708984375
victorio,imagenet,TB,tb/tb0559.png,True,TB,0.3,0.22825759207409002,0.3000030517578125,0.5701751708984375
victorio,imagenet,TB,extra/mc+shenzhen/val/CHNCXR_0352_1.png,True,TB,0.1,0.04851739099168205,0.100006103515625,0.5674285888671875
victorio,imagenet,TB,extra/mc+shenzhen/val/CHNCXR_0352_1.png,True,TB,0.2,0.11839003780297977,0.1999969482421875,0.5674285888671875
victorio,imagenet,TB,extra/mc+shenzhen/val/CHNCXR_0352_1.png,True,TB,0.3,0.21444135868404188,0.3000030517578125,0.5674285888671875
victorio,imagenet,TB,tb/tb0669.png,True,TB,0.1,0.05823962404392548,0.100006103515625,0.573455810546875
victorio,imagenet,TB,tb/tb0669.png,True,TB,0.2,0.11933311250966104,0.1999969482421875,0.573455810546875
victorio,imagenet,TB,tb/tb0669.png,True,TB,0.3,0.198003432254824,0.3000030517578125,0.573455810546875
victorio,imagenet,TB,tb/tb0549.png,True,TB,0.1,0.023965494001887046,0.100006103515625,0.479583740234375
victorio,imagenet,TB,tb/tb0549.png,True,TB,0.2,0.07741248760190628,0.1999969482421875,0.479583740234375
victorio,imagenet,TB,tb/tb0549.png,True,TB,0.3,0.1282102241360274,0.3000030517578125,0.479583740234375
victorio,imagenet,TB,tb/tb0117.png,True,TB,0.1,0.03507494046785264,0.100006103515625,0.4637603759765625
victorio,imagenet,TB,tb/tb0117.png,True,TB,0.2,0.07790663098424026,0.1999969482421875,0.4637603759765625
victorio,imagenet,TB,tb/tb0117.png,True,TB,0.3,0.1192254371450293,0.3000030517578125,0.4637603759765625
victorio,cxr,Normal,health/h3086.png,True,Normal,0.1,0.07343746285333903,0.100006103515625,0.588958740234375
victorio,cxr,Normal,health/h3086.png,True,Normal,0.2,0.13246599645180368,0.1999969482421875,0.588958740234375
victorio,cxr,Normal,health/h3086.png,True,Normal,0.3,0.195375176970269,0.3000030517578125,0.588958740234375
victorio,cxr,Normal,health/h1322.png,True,Normal,0.1,0.08873389518550809,0.100006103515625,0.7574615478515625
victorio,cxr,Normal,health/h1322.png,True,Normal,0.2,0.16746981226859173,0.1999969482421875,0.7574615478515625
victorio,cxr,Normal,health/h1322.png,True,Normal,0.3,0.24228301007421216,0.3000030517578125,0.7574615478515625
victorio,cxr,Normal,extra/mc+shenzhen/train/CHNCXR_0226_0.png,True,Normal,0.1,0.08149827548780782,0.100006103515625,0.584197998046875
victorio,cxr,Normal,extra/mc+shenzhen/train/CHNCXR_0226_0.png,True,Normal,0.2,0.14062187895332579,0.1999969482421875,0.584197998046875
victorio,cxr,Normal,extra/mc+shenzhen/train/CHNCXR_0226_0.png,True,Normal,0.3,0.19080596769553246,0.3000030517578125,0.584197998046875
victorio,cxr,Normal,health/h2764.png,True,Normal,0.1,0.06968817304991104,0.100006103515625,0.771514892578125
victorio,cxr,Normal,health/h2764.png,True,Normal,0.2,0.12822284833342193,0.1999969482421875,0.771514892578125
victorio,cxr,Normal,health/h2764.png,True,Normal,0.3,0.2047591270930552,0.3000030517578125,0.771514892578125
victorio,cxr,Normal,health/h4743.png,True,Normal,0.1,0.05615145897985962,0.100006103515625,0.6737518310546875
victorio,cxr,Normal,health/h4743.png,True,Normal,0.2,0.10140411617618773,0.1999969482421875,0.6737518310546875
victorio,cxr,Normal,health/h4743.png,True,Normal,0.3,0.17057064768787716,0.3000030517578125,0.6737518310546875
victorio,cxr,Normal,health/h1337.png,True,Normal,0.1,0.09474020272966717,0.100006103515625,0.737152099609375
victorio,cxr,Normal,health/h1337.png,True,Normal,0.2,0.16381793375274767,0.1999969482421875,0.737152099609375
victorio,cxr,Normal,health/h1337.png,True,Normal,0.3,0.24575712034016348,0.3000030517578125,0.737152099609375
victorio,cxr,Normal,health/h0036.png,True,Normal,0.1,0.08468854293265428,0.100006103515625,0.7579498291015625
victorio,cxr,Normal,health/h0036.png,True,Normal,0.2,0.15595654575584608,0.1999969482421875,0.7579498291015625
victorio,cxr,Normal,health/h0036.png,True,Normal,0.3,0.22756325135886404,0.3000030517578125,0.7579498291015625
victorio,cxr,Normal,health/h0564.png,True,Normal,0.1,0.09517901453385325,0.100006103515625,0.654266357421875
victorio,cxr,Normal,health/h0564.png,True,Normal,0.2,0.1648010985352863,0.1999969482421875,0.654266357421875
victorio,cxr,Normal,health/h0564.png,True,Normal,0.3,0.2299447361692922,0.3000030517578125,0.654266357421875
victorio,cxr,Normal,health/h3275.png,True,Normal,0.1,0.12567352495637668,0.100006103515625,0.7957611083984375
victorio,cxr,Normal,health/h3275.png,True,Normal,0.2,0.24296217286960498,0.1999969482421875,0.7957611083984375
victorio,cxr,Normal,health/h3275.png,True,Normal,0.3,0.3656885305136641,0.3000030517578125,0.7957611083984375
victorio,cxr,Normal,health/h3793.png,True,Normal,0.1,0.08654082430470234,0.100006103515625,0.6421661376953125
victorio,cxr,Normal,health/h3793.png,True,Normal,0.2,0.16086151775197713,0.1999969482421875,0.6421661376953125
victorio,cxr,Normal,health/h3793.png,True,Normal,0.3,0.23846200132378603,0.3000030517578125,0.6421661376953125
victorio,cxr,Normal,health/h0150.png,True,Normal,0.1,0.08206883789785344,0.100006103515625,0.7922515869140625
victorio,cxr,Normal,health/h0150.png,True,Normal,0.2,0.16422880673171605,0.1999969482421875,0.7922515869140625
victorio,cxr,Normal,health/h0150.png,True,Normal,0.3,0.24794281729428172,0.3000030517578125,0.7922515869140625
victorio,cxr,Normal,health/h1833.png,True,Normal,0.1,0.06554419723391461,0.100006103515625,0.738189697265625
victorio,cxr,Normal,health/h1833.png,True,Normal,0.2,0.14591098851945727,0.1999969482421875,0.738189697265625
victorio,cxr,Normal,health/h1833.png,True,Normal,0.3,0.22451587358721475,0.3000030517578125,0.738189697265625
victorio,cxr,Normal,health/h4592.png,True,Normal,0.1,0.09070294784580499,0.100006103515625,0.722015380859375
victorio,cxr,Normal,health/h4592.png,True,Normal,0.2,0.1692596462711405,0.1999969482421875,0.722015380859375
victorio,cxr,Normal,health/h4592.png,True,Normal,0.3,0.2256216948160076,0.3000030517578125,0.722015380859375
victorio,cxr,Normal,health/h1314.png,True,Normal,0.1,0.07170244688536129,0.100006103515625,0.7828369140625
victorio,cxr,Normal,health/h1314.png,True,Normal,0.2,0.15149185691045283,0.1999969482421875,0.7828369140625
victorio,cxr,Normal,health/h1314.png,True,Normal,0.3,0.22643139830288786,0.3000030517578125,0.7828369140625
victorio,cxr,Normal,health/h3770.png,True,Normal,0.1,0.05484192740671376,0.100006103515625,0.6906585693359375
victorio,cxr,Normal,health/h3770.png,True,Normal,0.2,0.11227562025991844,0.1999969482421875,0.6906585693359375
victorio,cxr,Normal,health/h3770.png,True,Normal,0.3,0.20016267376515823,0.3000030517578125,0.6906585693359375
victorio,cxr,Normal,health/h2888.png,True,Normal,0.1,0.0941463183797085,0.100006103515625,0.6056060791015625
victorio,cxr,Normal,health/h2888.png,True,Normal,0.2,0.13772222820816724,0.1999969482421875,0.6056060791015625
victorio,cxr,Normal,health/h2888.png,True,Normal,0.3,0.1704960063110147,0.3000030517578125,0.6056060791015625
victorio,cxr,Normal,health/h2302.png,True,Normal,0.1,0.0852307762577934,0.100006103515625,0.6250762939453125
victorio,cxr,Normal,health/h2302.png,True,Normal,0.2,0.15415154749199572,0.1999969482421875,0.6250762939453125
victorio,cxr,Normal,health/h2302.png,True,Normal,0.3,0.20732848750373395,0.3000030517578125,0.6250762939453125
victorio,cxr,Normal,extra/mc+shenzhen/val/CHNCXR_0294_0.png,False,TB,0.1,0.09292198881030296,0.100006103515625,0.5319061279296875
victorio,cxr,Normal,extra/mc+shenzhen/val/CHNCXR_0294_0.png,False,TB,0.2,0.1592990936555891,0.1999969482421875,0.5319061279296875
victorio,cxr,Normal,extra/mc+shenzhen/val/CHNCXR_0294_0.png,False,TB,0.3,0.21131329289697617,0.3000030517578125,0.5319061279296875
victorio,cxr,Normal,health/h0882.png,True,Normal,0.1,0.11272839207581188,0.100006103515625,0.672210693359375
victorio,cxr,Normal,health/h0882.png,True,Normal,0.2,0.16291986247024598,0.1999969482421875,0.672210693359375
victorio,cxr,Normal,health/h0882.png,True,Normal,0.3,0.22649136653256077,0.3000030517578125,0.672210693359375
victorio,cxr,Normal,extra/mc+shenzhen/val/CHNCXR_0142_0.png,False,TB,0.1,0.06847886540600667,0.100006103515625,0.6035308837890625
victorio,cxr,Normal,extra/mc+shenzhen/val/CHNCXR_0142_0.png,False,TB,0.2,0.12080708326238719,0.1999969482421875,0.6035308837890625
victorio,cxr,Normal,extra/mc+shenzhen/val/CHNCXR_0142_0.png,False,TB,0.3,0.17836460965950926,0.3000030517578125,0.6035308837890625
victorio,cxr,Pneumonia,train/patient40094/study1/view1_frontal.jpg,True,Pneumonia,0.1,0.059625979087808714,0.100006103515625,0.3314208984375
victorio,cxr,Pneumonia,train/patient40094/study1/view1_frontal.jpg,True,Pneumonia,0.2,0.07606982851846131,0.1999969482421875,0.3314208984375
victorio,cxr,Pneumonia,train/patient40094/study1/view1_frontal.jpg,True,Pneumonia,0.3,0.11370976423726989,0.3000030517578125,0.3314208984375
victorio,cxr,Pneumonia,train/patient11183/study1/view1_frontal.jpg,True,Pneumonia,0.1,0.10086861481822365,0.100006103515625,0.4840240478515625
victorio,cxr,Pneumonia,train/patient11183/study1/view1_frontal.jpg,True,Pneumonia,0.2,0.17356929682182312,0.1999969482421875,0.4840240478515625
victorio,cxr,Pneumonia,train/patient11183/study1/view1_frontal.jpg,True,Pneumonia,0.3,0.23487706986469273,0.3000030517578125,0.4840240478515625
victorio,cxr,Pneumonia,train/patient19029/study11/view1_frontal.jpg,True,Pneumonia,0.1,0.06525706374677491,0.100006103515625,0.416595458984375
victorio,cxr,Pneumonia,train/patient19029/study11/view1_frontal.jpg,True,Pneumonia,0.2,0.1044331474800481,0.1999969482421875,0.416595458984375
victorio,cxr,Pneumonia,train/patient19029/study11/view1_frontal.jpg,True,Pneumonia,0.3,0.14658561000024414,0.3000030517578125,0.416595458984375
victorio,cxr,Pneumonia,train/patient28600/study2/view1_frontal.jpg,True,Pneumonia,0.1,0.0952485883487123,0.100006103515625,0.5067291259765625
victorio,cxr,Pneumonia,train/patient28600/study2/view1_frontal.jpg,True,Pneumonia,0.2,0.17045310960046497,0.1999969482421875,0.5067291259765625
victorio,cxr,Pneumonia,train/patient28600/study2/view1_frontal.jpg,True,Pneumonia,0.3,0.23010702652396464,0.3000030517578125,0.5067291259765625
victorio,cxr,Pneumonia,train/patient41882/study1/view1_frontal.jpg,True,Pneumonia,0.1,0.09824728310585824,0.100006103515625,0.35797119140625
victorio,cxr,Pneumonia,train/patient41882/study1/view1_frontal.jpg,True,Pneumonia,0.2,0.15927464096629998,0.1999969482421875,0.35797119140625
victorio,cxr,Pneumonia,train/patient41882/study1/view1_frontal.jpg,True,Pneumonia,0.3,0.17097080787508487,0.3000030517578125,0.35797119140625
victorio,cxr,Pneumonia,train/patient07050/study1/view1_frontal.jpg,True,Pneumonia,0.1,0.059105619299794056,0.100006103515625,0.4492950439453125
victorio,cxr,Pneumonia,train/patient07050/study1/view1_frontal.jpg,True,Pneumonia,0.2,0.10198373646863831,0.1999969482421875,0.4492950439453125
victorio,cxr,Pneumonia,train/patient07050/study1/view1_frontal.jpg,True,Pneumonia,0.3,0.1620246574694148,0.3000030517578125,0.4492950439453125
victorio,cxr,Pneumonia,train/patient16682/study9/view1_frontal.jpg,True,Pneumonia,0.1,0.04439032055311125,0.100006103515625,0.5084991455078125
victorio,cxr,Pneumonia,train/patient16682/study9/view1_frontal.jpg,True,Pneumonia,0.2,0.10276689229307683,0.1999969482421875,0.5084991455078125
victorio,cxr,Pneumonia,train/patient16682/study9/view1_frontal.jpg,True,Pneumonia,0.3,0.15912670633531675,0.3000030517578125,0.5084991455078125
victorio,cxr,Pneumonia,train/patient40446/study2/view1_frontal.jpg,True,Pneumonia,0.1,0.11093481850856458,0.100006103515625,0.4235076904296875
victorio,cxr,Pneumonia,train/patient40446/study2/view1_frontal.jpg,True,Pneumonia,0.2,0.1898203418454998,0.1999969482421875,0.4235076904296875
victorio,cxr,Pneumonia,train/patient40446/study2/view1_frontal.jpg,True,Pneumonia,0.3,0.23707897414490334,0.3000030517578125,0.4235076904296875
victorio,cxr,Pneumonia,train/patient17254/study1/view1_frontal.jpg,True,Pneumonia,0.1,0.039729296957612015,0.100006103515625,0.42510986328125
victorio,cxr,Pneumonia,train/patient17254/study1/view1_frontal.jpg,True,Pneumonia,0.2,0.10025782886609014,0.1999969482421875,0.42510986328125
victorio,cxr,Pneumonia,train/patient17254/study1/view1_frontal.jpg,True,Pneumonia,0.3,0.14560883295966828,0.3000030517578125,0.42510986328125
victorio,cxr,Pneumonia,train/patient03139/study1/view1_frontal.jpg,True,Pneumonia,0.1,0.0281183109554388,0.100006103515625,0.3837127685546875
victorio,cxr,Pneumonia,train/patient03139/study1/view1_frontal.jpg,True,Pneumonia,0.2,0.07136055564891054,0.1999969482421875,0.3837127685546875
victorio,cxr,Pneumonia,train/patient03139/study1/view1_frontal.jpg,True,Pneumonia,0.3,0.1210968775020016,0.3000030517578125,0.3837127685546875
victorio,cxr,Pneumonia,train/patient24588/study9/view1_frontal.jpg,True,Pneumonia,0.1,0.04500203545390622,0.100006103515625,0.3308563232421875
victorio,cxr,Pneumonia,train/patient24588/study9/view1_frontal.jpg,True,Pneumonia,0.2,0.0587984661269706,0.1999969482421875,0.3308563232421875
victorio,cxr,Pneumonia,train/patient24588/study9/view1_frontal.jpg,True,Pneumonia,0.3,0.08551474256307927,0.3000030517578125,0.3308563232421875
victorio,cxr,Pneumonia,train/patient00773/study7/view1_frontal.jpg,True,Pneumonia,0.1,0.07424710702220945,0.100006103515625,0.356109619140625
victorio,cxr,Pneumonia,train/patient00773/study7/view1_frontal.jpg,True,Pneumonia,0.2,0.11797907911285622,0.1999969482421875,0.356109619140625
victorio,cxr,Pneumonia,train/patient00773/study7/view1_frontal.jpg,True,Pneumonia,0.3,0.14216272212925332,0.3000030517578125,0.356109619140625
victorio,cxr,Pneumonia,train/patient11653/study1/view1_frontal.jpg,True,Pneumonia,0.1,0.05959423512129273,0.100006103515625,0.307220458984375
victorio,cxr,Pneumonia,train/patient11653/study1/view1_frontal.jpg,True,Pneumonia,0.2,0.1367164791574052,0.1999969482421875,0.307220458984375
victorio,cxr,Pneumonia,train/patient11653/study1/view1_frontal.jpg,True,Pneumonia,0.3,0.1875205156515771,0.3000030517578125,0.307220458984375
victorio,cxr,Pneumonia,train/patient37678/study3/view1_frontal.jpg,True,Pneumonia,0.1,0.15518861107096402,0.100006103515625,0.3878326416015625
victorio,cxr,Pneumonia,train/patient37678/study3/view1_frontal.jpg,True,Pneumonia,0.2,0.24210865710140256,0.1999969482421875,0.3878326416015625
victorio,cxr,Pneumonia,train/patient37678/study3/view1_frontal.jpg,True,Pneumonia,0.3,0.2686592367443431,0.3000030517578125,0.3878326416015625
victorio,cxr,Pneumonia,train/patient30627/study4/view1_frontal.jpg,True,Pneumonia,0.1,0.16325269564680076,0.100006103515625,0.4745025634765625
victorio,cxr,Pneumonia,train/patient30627/study4/view1_frontal.jpg,True,Pneumonia,0.2,0.24743199006659894,0.1999969482421875,0.4745025634765625
victorio,cxr,Pneumonia,train/patient30627/study4/view1_frontal.jpg,True,Pneumonia,0.3,0.2985571019238641,0.3000030517578125,0.4745025634765625
victorio,cxr,Pneumonia,train/patient29345/study8/view1_frontal.jpg,True,Pneumonia,0.1,0.08805579773321709,0.100006103515625,0.471282958984375
victorio,cxr,Pneumonia,train/patient29345/study8/view1_frontal.jpg,True,Pneumonia,0.2,0.15694937541091386,0.1999969482421875,0.471282958984375
victorio,cxr,Pneumonia,train/patient29345/study8/view1_frontal.jpg,True,Pneumonia,0.3,0.2146341463414634,0.3000030517578125,0.471282958984375
victorio,cxr,Pneumonia,train/patient54094/study2/view1_frontal.jpg,True,Pneumonia,0.1,0.03456817105598659,0.100006103515625,0.3333740234375
victorio,cxr,Pneumonia,train/patient54094/study2/view1_frontal.jpg,True,Pneumonia,0.2,0.09374511092337057,0.1999969482421875,0.3333740234375
victorio,cxr,Pneumonia,train/patient54094/study2/view1_frontal.jpg,True,Pneumonia,0.3,0.12505759588020057,0.3000030517578125,0.3333740234375
victorio,cxr,Pneumonia,train/patient08448/study5/view1_frontal.jpg,True,Pneumonia,0.1,0.10518957424852701,0.100006103515625,0.4066009521484375
victorio,cxr,Pneumonia,train/patient08448/study5/view1_frontal.jpg,True,Pneumonia,0.2,0.15058898439987264,0.1999969482421875,0.4066009521484375
victorio,cxr,Pneumonia,train/patient08448/study5/view1_frontal.jpg,True,Pneumonia,0.3,0.20214947690869914,0.3000030517578125,0.4066009521484375
victorio,cxr,Pneumonia,train/patient17052/study6/view1_frontal.jpg,True,Pneumonia,0.1,0.1436003722189324,0.100006103515625,0.3125457763671875
victorio,cxr,Pneumonia,train/patient17052/study6/view1_frontal.jpg,True,Pneumonia,0.2,0.1901640505970308,0.1999969482421875,0.3125457763671875
victorio,cxr,Pneumonia,train/patient17052/study6/view1_frontal.jpg,True,Pneumonia,0.3,0.2086105675146771,0.3000030517578125,0.3125457763671875
victorio,cxr,Pneumonia,train/patient40518/study1/view1_frontal.jpg,True,Pneumonia,0.1,0.131940860378275,0.100006103515625,0.4689178466796875
victorio,cxr,Pneumonia,train/patient40518/study1/view1_frontal.jpg,True,Pneumonia,0.2,0.21515689100787228,0.1999969482421875,0.4689178466796875
victorio,cxr,Pneumonia,train/patient40518/study1/view1_frontal.jpg,True,Pneumonia,0.3,0.28590384811677044,0.3000030517578125,0.4689178466796875
victorio,cxr,TB,tb/tb1139.png,True,TB,0.1,0.037732456590979145,0.100006103515625,0.5164642333984375
victorio,cxr,TB,tb/tb1139.png,True,TB,0.2,0.07744555864062966,0.1999969482421875,0.5164642333984375
victorio,cxr,TB,tb/tb1139.png,True,TB,0.3,0.14019050054337404,0.3000030517578125,0.5164642333984375
victorio,cxr,TB,tb/tb0940.png,True,TB,0.1,0.017054441260744985,0.100006103515625,0.5770111083984375
victorio,cxr,TB,tb/tb0940.png,True,TB,0.2,0.0559253499222395,0.1999969482421875,0.5770111083984375
victorio,cxr,TB,tb/tb0940.png,True,TB,0.3,0.12413698683721568,0.3000030517578125,0.5770111083984375
victorio,cxr,TB,tb/tb0989.png,False,Normal,0.1,0.08391699092088196,0.100006103515625,0.5375823974609375
victorio,cxr,TB,tb/tb0989.png,False,Normal,0.2,0.17148950608307886,0.1999969482421875,0.5375823974609375
victorio,cxr,TB,tb/tb0989.png,False,Normal,0.3,0.2513564035927598,0.3000030517578125,0.5375823974609375
victorio,cxr,TB,tb/tb0273.png,True,TB,0.1,0.11859096996365028,0.100006103515625,0.6137237548828125
victorio,cxr,TB,tb/tb0273.png,True,TB,0.2,0.23293181975816707,0.1999969482421875,0.6137237548828125
victorio,cxr,TB,tb/tb0273.png,True,TB,0.3,0.31980075817684916,0.3000030517578125,0.6137237548828125
victorio,cxr,TB,tb/tb0503.png,True,TB,0.1,0.04823612471247352,0.100006103515625,0.6023101806640625
victorio,cxr,TB,tb/tb0503.png,True,TB,0.2,0.10909551130610867,0.1999969482421875,0.6023101806640625
victorio,cxr,TB,tb/tb0503.png,True,TB,0.3,0.1932522146215469,0.3000030517578125,0.6023101806640625
victorio,cxr,TB,tb/tb0003.png,True,TB,0.1,0.09901193906957596,0.100006103515625,0.551727294921875
victorio,cxr,TB,tb/tb0003.png,True,TB,0.2,0.14593752180688982,0.1999969482421875,0.551727294921875
victorio,cxr,TB,tb/tb0003.png,True,TB,0.3,0.2210749677334675,0.3000030517578125,0.551727294921875
victorio,cxr,TB,tb/tb1077.png,False,Normal,0.1,0.048283378746594004,0.100006103515625,0.487030029296875
victorio,cxr,TB,tb/tb1077.png,False,Normal,0.2,0.1432017265456392,0.1999969482421875,0.487030029296875
victorio,cxr,TB,tb/tb1077.png,False,Normal,0.3,0.24653197351249456,0.3000030517578125,0.487030029296875
victorio,cxr,TB,tb/tb1161.png,False,Normal,0.1,0.034581981793449824,0.100006103515625,0.50347900390625
victorio,cxr,TB,tb/tb1161.png,False,Normal,0.2,0.08266209520231078,0.1999969482421875,0.50347900390625
victorio,cxr,TB,tb/tb1161.png,False,Normal,0.3,0.13848049814062094,0.3000030517578125,0.50347900390625
victorio,cxr,TB,tb/tb0241.png,True,TB,0.1,0.09035241189702574,0.100006103515625,0.5656585693359375
victorio,cxr,TB,tb/tb0241.png,True,TB,0.2,0.1657644680900495,0.1999969482421875,0.5656585693359375
victorio,cxr,TB,tb/tb0241.png,True,TB,0.3,0.2548551205485512,0.3000030517578125,0.5656585693359375
victorio,cxr,TB,tb/tb0752.png,True,TB,0.1,0.042155584528465885,0.100006103515625,0.52203369140625
victorio,cxr,TB,tb/tb0752.png,True,TB,0.2,0.1230864168229179,0.1999969482421875,0.52203369140625
victorio,cxr,TB,tb/tb0752.png,True,TB,0.3,0.21964637431799144,0.3000030517578125,0.52203369140625
victorio,cxr,TB,tb/tb0508.png,True,TB,0.1,0.1003064993581851,0.100006103515625,0.5408935546875
victorio,cxr,TB,tb/tb0508.png,True,TB,0.2,0.1278221685403698,0.1999969482421875,0.5408935546875
victorio,cxr,TB,tb/tb0508.png,True,TB,0.3,0.17986212212040764,0.3000030517578125,0.5408935546875
victorio,cxr,TB,tb/tb0321.png,False,Pneumonia,0.1,0.0568796801484394,0.100006103515625,0.63006591796875
victorio,cxr,TB,tb/tb0321.png,False,Pneumonia,0.2,0.12718344004475662,0.1999969482421875,0.63006591796875
victorio,cxr,TB,tb/tb0321.png,False,Pneumonia,0.3,0.18454243348815516,0.3000030517578125,0.63006591796875
victorio,cxr,TB,tb/tb0827.png,False,Normal,0.1,0.024290012475232995,0.100006103515625,0.5389404296875
victorio,cxr,TB,tb/tb0827.png,False,Normal,0.2,0.0904771555315364,0.1999969482421875,0.5389404296875
victorio,cxr,TB,tb/tb0827.png,False,Normal,0.3,0.18644396970285493,0.3000030517578125,0.5389404296875
victorio,cxr,TB,tb/tb0186.png,False,Normal,0.1,0.06852677566094671,0.100006103515625,0.6240081787109375
victorio,cxr,TB,tb/tb0186.png,False,Normal,0.2,0.1353783403065408,0.1999969482421875,0.6240081787109375
victorio,cxr,TB,tb/tb0186.png,False,Normal,0.3,0.20313120877374236,0.3000030517578125,0.6240081787109375
victorio,cxr,TB,tb/tb0335.png,True,TB,0.1,0.1111017779644407,0.100006103515625,0.5055084228515625
victorio,cxr,TB,tb/tb0335.png,True,TB,0.2,0.2014343623323979,0.1999969482421875,0.5055084228515625
victorio,cxr,TB,tb/tb0335.png,True,TB,0.3,0.30172116190758,0.3000030517578125,0.5055084228515625
victorio,cxr,TB,tb/tb0559.png,True,TB,0.1,0.056881357578111726,0.100006103515625,0.56427001953125
victorio,cxr,TB,tb/tb0559.png,True,TB,0.2,0.1443748857612868,0.1999969482421875,0.56427001953125
victorio,cxr,TB,tb/tb0559.png,True,TB,0.3,0.22926839855025283,0.3000030517578125,0.56427001953125
victorio,cxr,TB,extra/mc+shenzhen/val/CHNCXR_0352_1.png,True,TB,0.1,0.05481225722917566,0.100006103515625,0.571258544921875
victorio,cxr,TB,extra/mc+shenzhen/val/CHNCXR_0352_1.png,True,TB,0.2,0.12954768928220256,0.1999969482421875,0.571258544921875
victorio,cxr,TB,extra/mc+shenzhen/val/CHNCXR_0352_1.png,True,TB,0.3,0.22417082949209957,0.3000030517578125,0.571258544921875
victorio,cxr,TB,tb/tb0669.png,True,TB,0.1,0.11932008989692852,0.100006103515625,0.5611572265625
victorio,cxr,TB,tb/tb0669.png,True,TB,0.2,0.18402563493947305,0.1999969482421875,0.5611572265625
victorio,cxr,TB,tb/tb0669.png,True,TB,0.3,0.27044548994890033,0.3000030517578125,0.5611572265625
victorio,cxr,TB,tb/tb0549.png,True,TB,0.1,0.02284665845627969,0.100006103515625,0.520965576171875
victorio,cxr,TB,tb/tb0549.png,True,TB,0.2,0.0734261762500852,0.1999969482421875,0.520965576171875
victorio,cxr,TB,tb/tb0549.png,True,TB,0.3,0.1343664347459414,0.3000030517578125,0.520965576171875
victorio,cxr,TB,tb/tb0117.png,True,TB,0.1,0.032188192625428165,0.100006103515625,0.52532958984375
victorio,cxr,TB,tb/tb0117.png,True,TB,0.2,0.07142857142857142,0.1999969482421875,0.52532958984375
victorio,cxr,TB,tb/tb0117.png,True,TB,0.3,0.11321725528937186,0.3000030517578125,0.52532958984375
