backend,model,image_class,request_idx,is_warmup,latency_s,http_status,prediction_class,device_reported,retry,error
cpu,mobilenet_v2_cxr,Normal,0,True,0.36262574499778566,200,Normal,cpu,0,
cpu,mobilenet_v2_cxr,Normal,1,True,0.4209361050016014,200,Normal,cpu,0,
cpu,mobilenet_v2_cxr,Normal,2,True,0.408075123999879,200,Normal,cpu,0,
cpu,mobilenet_v2_cxr,Normal,3,True,0.4038877350030816,200,Normal,cpu,0,
cpu,mobilenet_v2_cxr,Normal,4,True,0.38734984199982136,200,Normal,cpu,0,
cpu,mobilenet_v2_cxr,Normal,5,False,0.5287994739992428,200,Normal,cpu,0,
cpu,mobilenet_v2_cxr,Normal,6,False,0.35477018900201074,200,Normal,cpu,0,
cpu,mobilenet_v2_cxr,Normal,7,False,0.5592517160002899,200,Normal,cpu,0,
cpu,mobilenet_v2_cxr,Normal,8,False,0.3808086649987672,200,Normal,cpu,0,
cpu,mobilenet_v2_cxr,Normal,9,False,0.4485746669997752,200,Normal,cpu,0,
cpu,mobilenet_v2_cxr,Normal,10,False,0.3956898770011321,200,Normal,cpu,0,
cpu,mobilenet_v2_cxr,Normal,11,False,0.5288194579989067,200,Normal,cpu,0,
cpu,mobilenet_v2_cxr,Normal,12,False,0.3486775220007985,200,Normal,cpu,0,
cpu,mobilenet_v2_cxr,Normal,13,False,0.33157336699878215,200,Normal,cpu,0,
cpu,mobilenet_v2_cxr,Normal,14,False,0.6031138270009251,200,Normal,cpu,0,
cpu,mobilenet_v2_cxr,Normal,15,False,0.31939331800094806,200,Normal,cpu,0,
cpu,mobilenet_v2_cxr,Normal,16,False,0.5780711129991687,200,Normal,cpu,0,
cpu,mobilenet_v2_cxr,Normal,17,False,0.7939806930007762,200,Normal,cpu,0,
cpu,mobilenet_v2_cxr,Normal,18,False,0.5755591739980446,200,Normal,cpu,0,
cpu,mobilenet_v2_cxr,Normal,19,False,0.4865968080011953,200,Normal,cpu,0,
cpu,mobilenet_v2_cxr,Normal,20,False,0.34051155600172933,200,Normal,cpu,0,
cpu,mobilenet_v2_cxr,Normal,21,False,0.8382566530017357,200,Normal,cpu,0,
cpu,mobilenet_v2_cxr,Normal,22,False,0.3211568869992334,200,Normal,cpu,0,
cpu,mobilenet_v2_cxr,Normal,23,False,0.35396538600252825,200,Normal,cpu,0,
cpu,mobilenet_v2_cxr,Normal,24,False,0.5295680440030992,200,Normal,cpu,0,
cpu,mobilenet_v2_cxr,Normal,25,False,0.3305090840003686,200,Normal,cpu,0,
cpu,mobilenet_v2_cxr,Normal,26,False,0.3489029520023905,200,Normal,cpu,0,
cpu,mobilenet_v2_cxr,Normal,27,False,1.141641284000798,200,Normal,cpu,0,
cpu,mobilenet_v2_cxr,Normal,28,False,0.3887806560014724,200,Normal,cpu,0,
cpu,mobilenet_v2_cxr,Normal,29,False,0.54039277999982,200,Normal,cpu,0,
cpu,mobilenet_v2_cxr,Normal,30,False,0.3352431590028573,200,Normal,cpu,0,
cpu,mobilenet_v2_cxr,Normal,31,False,0.4211312570005248,200,Normal,cpu,0,
cpu,mobilenet_v2_cxr,Normal,32,False,0.3200243589999445,200,Normal,cpu,0,
cpu,mobilenet_v2_cxr,Normal,33,False,0.595798365000519,200,Normal,cpu,0,
cpu,mobilenet_v2_cxr,Normal,34,False,0.9789314840018051,200,Normal,cpu,0,
cpu,mobilenet_v2_cxr,Normal,35,False,0.412135993999982,200,Normal,cpu,0,
cpu,mobilenet_v2_cxr,Normal,36,False,0.40471355699992273,200,Normal,cpu,0,
cpu,mobilenet_v2_cxr,Normal,37,False,0.33744460699745105,200,Normal,cpu,0,
cpu,mobilenet_v2_cxr,Normal,38,False,0.4136324430000968,200,Normal,cpu,0,
cpu,mobilenet_v2_cxr,Normal,39,False,0.5626817840020522,200,Normal,cpu,0,
cpu,mobilenet_v2_cxr,Normal,40,False,0.3489992809991236,200,Normal,cpu,0,
cpu,mobilenet_v2_cxr,Normal,41,False,0.7465014090012119,200,Normal,cpu,0,
cpu,mobilenet_v2_cxr,Normal,42,False,0.37406675899910624,200,Normal,cpu,0,
cpu,mobilenet_v2_cxr,Normal,43,False,0.3267980370001169,200,Normal,cpu,0,
cpu,mobilenet_v2_cxr,Normal,44,False,1.000582675998885,200,Normal,cpu,0,
cpu,mobilenet_v2_cxr,Normal,45,False,0.3540371529998083,200,Normal,cpu,0,
cpu,mobilenet_v2_cxr,Normal,46,False,0.32840853100060485,200,Normal,cpu,0,
cpu,mobilenet_v2_cxr,Normal,47,False,0.3166961999995692,200,Normal,cpu,0,
cpu,mobilenet_v2_cxr,Normal,48,False,0.3935503489992698,200,Normal,cpu,0,
cpu,mobilenet_v2_cxr,Normal,49,False,1.039267722000659,200,Normal,cpu,0,
cpu,mobilenet_v2_cxr,Normal,50,False,0.3215759699996852,200,Normal,cpu,0,
cpu,mobilenet_v2_cxr,Normal,51,False,0.3195410139996966,200,Normal,cpu,0,
cpu,mobilenet_v2_cxr,Normal,52,False,0.5588643379996938,200,Normal,cpu,0,
cpu,mobilenet_v2_cxr,Normal,53,False,0.32652254000277026,200,Normal,cpu,0,
cpu,mobilenet_v2_cxr,Normal,54,False,0.31798966999849654,200,Normal,cpu,0,
cpu,mobilenet_v2_cxr,Normal,55,False,0.5436405729997205,200,Normal,cpu,0,
cpu,mobilenet_v2_cxr,Normal,56,False,0.7038172879983904,200,Normal,cpu,0,
cpu,mobilenet_v2_cxr,Normal,57,False,0.33150080899940804,200,Normal,cpu,0,
cpu,mobilenet_v2_cxr,Normal,58,False,0.3204036630013434,200,Normal,cpu,0,
cpu,mobilenet_v2_cxr,Normal,59,False,0.3177254189977248,200,Normal,cpu,0,
cpu,mobilenet_v2_cxr,Normal,60,False,0.4695517200016184,200,Normal,cpu,0,
cpu,mobilenet_v2_cxr,Normal,61,False,0.3299651220004307,200,Normal,cpu,0,
cpu,mobilenet_v2_cxr,Normal,62,False,1.0271073799995065,200,Normal,cpu,0,
cpu,mobilenet_v2_cxr,Normal,63,False,0.9348271669987298,200,Normal,cpu,0,
cpu,mobilenet_v2_cxr,Normal,64,False,0.5541546490021574,200,Normal,cpu,0,
cpu,mobilenet_v2_cxr,Normal,65,False,1.692756376000034,200,Normal,cpu,0,
cpu,mobilenet_v2_cxr,Normal,66,False,0.3241900180000812,200,Normal,cpu,0,
cpu,mobilenet_v2_cxr,Normal,67,False,0.3175501109981269,200,Normal,cpu,0,
cpu,mobilenet_v2_cxr,Normal,68,False,0.5865612330017029,200,Normal,cpu,0,
cpu,mobilenet_v2_cxr,Normal,69,False,0.326518671001395,200,Normal,cpu,0,
cpu,mobilenet_v2_cxr,Normal,70,False,1.0265099429998372,200,Normal,cpu,0,
cpu,mobilenet_v2_cxr,Normal,71,False,0.3271985309984302,200,Normal,cpu,0,
cpu,mobilenet_v2_cxr,Normal,72,False,0.3155510979995597,200,Normal,cpu,0,
cpu,mobilenet_v2_cxr,Normal,73,False,0.6164448479976272,200,Normal,cpu,0,
cpu,mobilenet_v2_cxr,Normal,74,False,0.5587995310015685,200,Normal,cpu,0,
cpu,mobilenet_v2_cxr,Normal,75,False,0.3671634409984108,200,Normal,cpu,0,
cpu,mobilenet_v2_cxr,Normal,76,False,0.31639236400224036,200,Normal,cpu,0,
cpu,mobilenet_v2_cxr,Normal,77,False,0.46325309999883757,200,Normal,cpu,0,
cpu,mobilenet_v2_cxr,Normal,78,False,0.6070451919986226,200,Normal,cpu,0,
cpu,mobilenet_v2_cxr,Normal,79,False,0.32018146499831346,200,Normal,cpu,0,
cpu,mobilenet_v2_cxr,Normal,80,False,0.5192320459973416,200,Normal,cpu,0,
cpu,mobilenet_v2_cxr,Normal,81,False,0.33659632399940165,200,Normal,cpu,0,
cpu,mobilenet_v2_cxr,Normal,82,False,0.33318148000034853,200,Normal,cpu,0,
cpu,mobilenet_v2_cxr,Normal,83,False,0.40786010199735756,200,Normal,cpu,0,
cpu,mobilenet_v2_cxr,Normal,84,False,0.38818687299863086,200,Normal,cpu,0,
cpu,mobilenet_v2_cxr,Normal,85,False,0.3338950890029082,200,Normal,cpu,0,
cpu,mobilenet_v2_cxr,Normal,86,False,0.5618665420006437,200,Normal,cpu,0,
cpu,mobilenet_v2_cxr,Normal,87,False,0.38974841000162996,200,Normal,cpu,0,
cpu,mobilenet_v2_cxr,Normal,88,False,0.9233421160024591,200,Normal,cpu,0,
cpu,mobilenet_v2_cxr,Normal,89,False,0.3229469069992774,200,Normal,cpu,0,
cpu,mobilenet_v2_cxr,Normal,90,False,0.3269336659977853,200,Normal,cpu,0,
cpu,mobilenet_v2_cxr,Normal,91,False,0.3251117389991123,200,Normal,cpu,0,
cpu,mobilenet_v2_cxr,Normal,92,False,0.7236923620002926,200,Normal,cpu,0,
cpu,mobilenet_v2_cxr,Normal,93,False,0.3733155030022317,200,Normal,cpu,0,
cpu,mobilenet_v2_cxr,Normal,94,False,0.3234158590021252,200,Normal,cpu,0,
cpu,mobilenet_v2_cxr,Normal,95,False,0.5768485690023226,200,Normal,cpu,0,
cpu,mobilenet_v2_cxr,Normal,96,False,1.7819091819983441,200,Normal,cpu,0,
cpu,mobilenet_v2_cxr,Normal,97,False,0.32320698100011214,200,Normal,cpu,0,
cpu,mobilenet_v2_cxr,Normal,98,False,0.3227986220008461,200,Normal,cpu,0,
cpu,mobilenet_v2_cxr,Normal,99,False,0.32616256999972393,200,Normal,cpu,0,
cpu,mobilenet_v2_cxr,Normal,100,False,0.4138907280030253,200,Normal,cpu,0,
cpu,mobilenet_v2_cxr,Normal,101,False,1.0044576199979929,200,Normal,cpu,0,
cpu,mobilenet_v2_cxr,Normal,102,False,0.7136465309995401,200,Normal,cpu,0,
cpu,mobilenet_v2_cxr,Normal,103,False,0.3504186989994196,200,Normal,cpu,0,
cpu,mobilenet_v2_cxr,Normal,104,False,0.35574415500013856,200,Normal,cpu,0,
cpu,mobilenet_v2_cxr,Pneumonia,0,True,1.027725397998438,200,Pneumonia,cpu,0,
cpu,mobilenet_v2_cxr,Pneumonia,1,True,0.46776599700024235,200,Pneumonia,cpu,0,
cpu,mobilenet_v2_cxr,Pneumonia,2,True,0.3153443720002542,200,Pneumonia,cpu,0,
cpu,mobilenet_v2_cxr,Pneumonia,3,True,0.9414744550012983,200,Pneumonia,cpu,0,
cpu,mobilenet_v2_cxr,Pneumonia,4,True,0.3127461020012561,200,Pneumonia,cpu,0,
cpu,mobilenet_v2_cxr,Pneumonia,5,False,0.3498421309996047,200,Pneumonia,cpu,0,
cpu,mobilenet_v2_cxr,Pneumonia,6,False,0.31103268600054435,200,Pneumonia,cpu,0,
cpu,mobilenet_v2_cxr,Pneumonia,7,False,0.06282095599817694,200,Pneumonia,cpu,0,
cpu,mobilenet_v2_cxr,Pneumonia,8,False,0.2089229820012406,200,Pneumonia,cpu,0,
cpu,mobilenet_v2_cxr,Pneumonia,9,False,0.06305464899924118,200,Pneumonia,cpu,0,
cpu,mobilenet_v2_cxr,Pneumonia,10,False,0.06585112600077991,200,Pneumonia,cpu,0,
cpu,mobilenet_v2_cxr,Pneumonia,11,False,0.12158379999891622,200,Pneumonia,cpu,0,
cpu,mobilenet_v2_cxr,Pneumonia,12,False,0.06268285499754711,200,Pneumonia,cpu,0,
cpu,mobilenet_v2_cxr,Pneumonia,13,False,0.18960037900251336,200,Pneumonia,cpu,0,
cpu,mobilenet_v2_cxr,Pneumonia,14,False,0.14433091899991268,200,Pneumonia,cpu,0,
cpu,mobilenet_v2_cxr,Pneumonia,15,False,0.06791847999920719,200,Pneumonia,cpu,0,
cpu,mobilenet_v2_cxr,Pneumonia,16,False,0.09521301800123183,200,Pneumonia,cpu,0,
cpu,mobilenet_v2_cxr,Pneumonia,17,False,0.0745412970027246,200,Pneumonia,cpu,0,
cpu,mobilenet_v2_cxr,Pneumonia,18,False,0.05860024400317343,200,Pneumonia,cpu,0,
cpu,mobilenet_v2_cxr,Pneumonia,19,False,0.1589280600019265,200,Pneumonia,cpu,0,
cpu,mobilenet_v2_cxr,Pneumonia,20,False,0.0719076959976519,200,Pneumonia,cpu,0,
cpu,mobilenet_v2_cxr,Pneumonia,21,False,0.059157519001018954,200,Pneumonia,cpu,0,
cpu,mobilenet_v2_cxr,Pneumonia,22,False,0.06258806600089883,200,Pneumonia,cpu,0,
cpu,mobilenet_v2_cxr,Pneumonia,23,False,0.07220321199929458,200,Pneumonia,cpu,0,
cpu,mobilenet_v2_cxr,Pneumonia,24,False,0.07758400699822232,200,Pneumonia,cpu,0,
cpu,mobilenet_v2_cxr,Pneumonia,25,False,0.06412913800159004,200,Pneumonia,cpu,0,
cpu,mobilenet_v2_cxr,Pneumonia,26,False,0.0639229209991754,200,Pneumonia,cpu,0,
cpu,mobilenet_v2_cxr,Pneumonia,27,False,0.06583137900088332,200,Pneumonia,cpu,0,
cpu,mobilenet_v2_cxr,Pneumonia,28,False,0.06148054599907482,200,Pneumonia,cpu,0,
cpu,mobilenet_v2_cxr,Pneumonia,29,False,0.1154627520008944,200,Pneumonia,cpu,0,
cpu,mobilenet_v2_cxr,Pneumonia,30,False,0.06695084500097437,200,Pneumonia,cpu,0,
cpu,mobilenet_v2_cxr,Pneumonia,31,False,0.0791095580025285,200,Pneumonia,cpu,0,
cpu,mobilenet_v2_cxr,Pneumonia,32,False,0.1634764050031663,200,Pneumonia,cpu,0,
cpu,mobilenet_v2_cxr,Pneumonia,33,False,0.06893403100184514,200,Pneumonia,cpu,0,
cpu,mobilenet_v2_cxr,Pneumonia,34,False,0.06148906900125439,200,Pneumonia,cpu,0,
cpu,mobilenet_v2_cxr,Pneumonia,35,False,0.06025874399711029,200,Pneumonia,cpu,0,
cpu,mobilenet_v2_cxr,Pneumonia,36,False,0.06803750700055389,200,Pneumonia,cpu,0,
cpu,mobilenet_v2_cxr,Pneumonia,37,False,0.0636904980019608,200,Pneumonia,cpu,0,
cpu,mobilenet_v2_cxr,Pneumonia,38,False,0.06257769199874019,200,Pneumonia,cpu,0,
cpu,mobilenet_v2_cxr,Pneumonia,39,False,0.06804801000180305,200,Pneumonia,cpu,0,
cpu,mobilenet_v2_cxr,Pneumonia,40,False,0.8133513499997207,200,Pneumonia,cpu,0,
cpu,mobilenet_v2_cxr,Pneumonia,41,False,0.06455409400223289,200,Pneumonia,cpu,0,
cpu,mobilenet_v2_cxr,Pneumonia,42,False,0.07228310299979057,200,Pneumonia,cpu,0,
cpu,mobilenet_v2_cxr,Pneumonia,43,False,0.06975900199904572,200,Pneumonia,cpu,0,
cpu,mobilenet_v2_cxr,Pneumonia,44,False,0.06067317399720196,200,Pneumonia,cpu,0,
cpu,mobilenet_v2_cxr,Pneumonia,45,False,0.06592156600163435,200,Pneumonia,cpu,0,
cpu,mobilenet_v2_cxr,Pneumonia,46,False,0.07195122000121046,200,Pneumonia,cpu,0,
cpu,mobilenet_v2_cxr,Pneumonia,47,False,0.06068483299895888,200,Pneumonia,cpu,0,
cpu,mobilenet_v2_cxr,Pneumonia,48,False,0.0628490380004223,200,Pneumonia,cpu,0,
cpu,mobilenet_v2_cxr,Pneumonia,49,False,0.0722283499999321,200,Pneumonia,cpu,0,
cpu,mobilenet_v2_cxr,Pneumonia,50,False,0.06502822700349498,200,Pneumonia,cpu,0,
cpu,mobilenet_v2_cxr,Pneumonia,51,False,0.11567181200007326,200,Pneumonia,cpu,0,
cpu,mobilenet_v2_cxr,Pneumonia,52,False,0.07199868200041237,200,Pneumonia,cpu,0,
cpu,mobilenet_v2_cxr,Pneumonia,53,False,0.06408420899970224,200,Pneumonia,cpu,0,
cpu,mobilenet_v2_cxr,Pneumonia,54,False,0.4841603259992553,200,Pneumonia,cpu,0,
cpu,mobilenet_v2_cxr,Pneumonia,55,False,0.07599440799822332,200,Pneumonia,cpu,0,
cpu,mobilenet_v2_cxr,Pneumonia,56,False,0.07133854200219503,200,Pneumonia,cpu,0,
cpu,mobilenet_v2_cxr,Pneumonia,57,False,0.06064134600092075,200,Pneumonia,cpu,0,
cpu,mobilenet_v2_cxr,Pneumonia,58,False,0.05893022199961706,200,Pneumonia,cpu,0,
cpu,mobilenet_v2_cxr,Pneumonia,59,False,0.16494521499771508,200,Pneumonia,cpu,0,
cpu,mobilenet_v2_cxr,Pneumonia,60,False,0.06820963700010907,200,Pneumonia,cpu,0,
cpu,mobilenet_v2_cxr,Pneumonia,61,False,0.1633357540013094,200,Pneumonia,cpu,0,
cpu,mobilenet_v2_cxr,Pneumonia,62,False,0.1017375900009938,200,Pneumonia,cpu,0,
cpu,mobilenet_v2_cxr,Pneumonia,63,False,0.05969367299985606,200,Pneumonia,cpu,0,
cpu,mobilenet_v2_cxr,Pneumonia,64,False,0.07044274999861955,200,Pneumonia,cpu,0,
cpu,mobilenet_v2_cxr,Pneumonia,65,False,0.06551948400010588,200,Pneumonia,cpu,0,
cpu,mobilenet_v2_cxr,Pneumonia,66,False,0.06537716700040619,200,Pneumonia,cpu,0,
cpu,mobilenet_v2_cxr,Pneumonia,67,False,0.28795608899963554,200,Pneumonia,cpu,0,
cpu,mobilenet_v2_cxr,Pneumonia,68,False,0.08455466600207728,200,Pneumonia,cpu,0,
cpu,mobilenet_v2_cxr,Pneumonia,69,False,0.06931393599734292,200,Pneumonia,cpu,0,
cpu,mobilenet_v2_cxr,Pneumonia,70,False,0.06193510400044033,200,Pneumonia,cpu,0,
cpu,mobilenet_v2_cxr,Pneumonia,71,False,0.07021718900068663,200,Pneumonia,cpu,0,
cpu,mobilenet_v2_cxr,Pneumonia,72,False,0.06394036300116568,200,Pneumonia,cpu,0,
cpu,mobilenet_v2_cxr,Pneumonia,73,False,0.06102124099925277,200,Pneumonia,cpu,0,
cpu,mobilenet_v2_cxr,Pneumonia,74,False,0.0667784040015249,200,Pneumonia,cpu,0,
cpu,mobilenet_v2_cxr,Pneumonia,75,False,0.06586693899953389,200,Pneumonia,cpu,0,
cpu,mobilenet_v2_cxr,Pneumonia,76,False,0.06807627900343505,200,Pneumonia,cpu,0,
cpu,mobilenet_v2_cxr,Pneumonia,77,False,0.1636504080015584,200,Pneumonia,cpu,0,
cpu,mobilenet_v2_cxr,Pneumonia,78,False,0.06970298300075228,200,Pneumonia,cpu,0,
cpu,mobilenet_v2_cxr,Pneumonia,79,False,0.1583750309982861,200,Pneumonia,cpu,0,
cpu,mobilenet_v2_cxr,Pneumonia,80,False,0.06521618300030241,200,Pneumonia,cpu,0,
cpu,mobilenet_v2_cxr,Pneumonia,81,False,0.16494685600264347,200,Pneumonia,cpu,0,
cpu,mobilenet_v2_cxr,Pneumonia,82,False,0.11610500700044213,200,Pneumonia,cpu,0,
cpu,mobilenet_v2_cxr,Pneumonia,83,False,0.06648074600161635,200,Pneumonia,cpu,0,
cpu,mobilenet_v2_cxr,Pneumonia,84,False,0.10170623600060935,200,Pneumonia,cpu,0,
cpu,mobilenet_v2_cxr,Pneumonia,85,False,0.06598390900035156,200,Pneumonia,cpu,0,
cpu,mobilenet_v2_cxr,Pneumonia,86,False,0.0626524489998701,200,Pneumonia,cpu,0,
cpu,mobilenet_v2_cxr,Pneumonia,87,False,0.061190778000309365,200,Pneumonia,cpu,0,
cpu,mobilenet_v2_cxr,Pneumonia,88,False,0.06403673800014076,200,Pneumonia,cpu,0,
cpu,mobilenet_v2_cxr,Pneumonia,89,False,0.06130201999985729,200,Pneumonia,cpu,0,
cpu,mobilenet_v2_cxr,Pneumonia,90,False,0.06180537500040373,200,Pneumonia,cpu,0,
cpu,mobilenet_v2_cxr,Pneumonia,91,False,0.09858812799939187,200,Pneumonia,cpu,0,
cpu,mobilenet_v2_cxr,Pneumonia,92,False,0.13391943399983575,200,Pneumonia,cpu,0,
cpu,mobilenet_v2_cxr,Pneumonia,93,False,0.0659323059990129,200,Pneumonia,cpu,0,
cpu,mobilenet_v2_cxr,Pneumonia,94,False,0.06115294699702645,200,Pneumonia,cpu,0,
cpu,mobilenet_v2_cxr,Pneumonia,95,False,0.06152933100020164,200,Pneumonia,cpu,0,
cpu,mobilenet_v2_cxr,Pneumonia,96,False,0.06527193100191653,200,Pneumonia,cpu,0,
cpu,mobilenet_v2_cxr,Pneumonia,97,False,0.06058569100059685,200,Pneumonia,cpu,0,
cpu,mobilenet_v2_cxr,Pneumonia,98,False,0.05878997100080596,200,Pneumonia,cpu,0,
cpu,mobilenet_v2_cxr,Pneumonia,99,False,0.06230739600141533,200,Pneumonia,cpu,0,
cpu,mobilenet_v2_cxr,Pneumonia,100,False,0.06734712100296747,200,Pneumonia,cpu,0,
cpu,mobilenet_v2_cxr,Pneumonia,101,False,0.06568302999949083,200,Pneumonia,cpu,0,
cpu,mobilenet_v2_cxr,Pneumonia,102,False,0.06607011600135593,200,Pneumonia,cpu,0,
cpu,mobilenet_v2_cxr,Pneumonia,103,False,0.13985310799762374,200,Pneumonia,cpu,0,
cpu,mobilenet_v2_cxr,Pneumonia,104,False,0.06060727100339136,200,Pneumonia,cpu,0,
cpu,mobilenet_v2_cxr,TB,0,True,0.5565308430013829,200,TB,cpu,0,
cpu,mobilenet_v2_cxr,TB,1,True,0.07192351399862673,200,TB,cpu,0,
cpu,mobilenet_v2_cxr,TB,2,True,0.07189835499957553,200,TB,cpu,0,
cpu,mobilenet_v2_cxr,TB,3,True,0.11916765800197027,200,TB,cpu,0,
cpu,mobilenet_v2_cxr,TB,4,True,0.16183906200240017,200,TB,cpu,0,
cpu,mobilenet_v2_cxr,TB,5,False,0.07179503400038811,200,TB,cpu,0,
cpu,mobilenet_v2_cxr,TB,6,False,0.0667940159983118,200,TB,cpu,0,
cpu,mobilenet_v2_cxr,TB,7,False,0.09997768100220128,200,TB,cpu,0,
cpu,mobilenet_v2_cxr,TB,8,False,0.06903278900063015,200,TB,cpu,0,
cpu,mobilenet_v2_cxr,TB,9,False,0.09853709199887817,200,TB,cpu,0,
cpu,mobilenet_v2_cxr,TB,10,False,0.1600445199983369,200,TB,cpu,0,
cpu,mobilenet_v2_cxr,TB,11,False,0.0679881279975234,200,TB,cpu,0,
cpu,mobilenet_v2_cxr,TB,12,False,0.06697045200053253,200,TB,cpu,0,
cpu,mobilenet_v2_cxr,TB,13,False,1.292142441001488,200,TB,cpu,0,
cpu,mobilenet_v2_cxr,TB,14,False,0.06438989300295361,200,TB,cpu,0,
cpu,mobilenet_v2_cxr,TB,15,False,1.4607451379997656,200,TB,cpu,0,
cpu,mobilenet_v2_cxr,TB,16,False,0.08528337700045086,200,TB,cpu,0,
cpu,mobilenet_v2_cxr,TB,17,False,0.06776091700157849,200,TB,cpu,0,
cpu,mobilenet_v2_cxr,TB,18,False,0.07102259599923855,200,TB,cpu,0,
cpu,mobilenet_v2_cxr,TB,19,False,0.06444650800040108,200,TB,cpu,0,
cpu,mobilenet_v2_cxr,TB,20,False,0.07229808799820603,200,TB,cpu,0,
cpu,mobilenet_v2_cxr,TB,21,False,0.06894613600161392,200,TB,cpu,0,
cpu,mobilenet_v2_cxr,TB,22,False,0.07232245200066245,200,TB,cpu,0,
cpu,mobilenet_v2_cxr,TB,23,False,0.06844086800265359,200,TB,cpu,0,
cpu,mobilenet_v2_cxr,TB,24,False,0.07224680800209171,200,TB,cpu,0,
cpu,mobilenet_v2_cxr,TB,25,False,0.11437592299989774,200,TB,cpu,0,
cpu,mobilenet_v2_cxr,TB,26,False,0.07963869299783255,200,TB,cpu,0,
cpu,mobilenet_v2_cxr,TB,27,False,0.15777104899825645,200,TB,cpu,0,
cpu,mobilenet_v2_cxr,TB,28,False,0.06564983000134816,200,TB,cpu,0,
cpu,mobilenet_v2_cxr,TB,29,False,0.24127105699881213,200,TB,cpu,0,
cpu,mobilenet_v2_cxr,TB,30,False,0.13435798099817475,200,TB,cpu,0,
cpu,mobilenet_v2_cxr,TB,31,False,0.0679361490001611,200,TB,cpu,0,
cpu,mobilenet_v2_cxr,TB,32,False,0.06643010899642832,200,TB,cpu,0,
cpu,mobilenet_v2_cxr,TB,33,False,0.06824905000030412,200,TB,cpu,0,
cpu,mobilenet_v2_cxr,TB,34,False,0.15152894700077013,200,TB,cpu,0,
cpu,mobilenet_v2_cxr,TB,35,False,0.077211546999024,200,TB,cpu,0,
cpu,mobilenet_v2_cxr,TB,36,False,0.06856807099757134,200,TB,cpu,0,
cpu,mobilenet_v2_cxr,TB,37,False,0.4320522259986319,200,TB,cpu,0,
cpu,mobilenet_v2_cxr,TB,38,False,0.06722387000263552,200,TB,cpu,0,
cpu,mobilenet_v2_cxr,TB,39,False,0.26111470599789754,200,TB,cpu,0,
cpu,mobilenet_v2_cxr,TB,40,False,0.06520878899755189,200,TB,cpu,0,
cpu,mobilenet_v2_cxr,TB,41,False,0.06954054100060603,200,TB,cpu,0,
cpu,mobilenet_v2_cxr,TB,42,False,0.06606633699993836,200,TB,cpu,0,
cpu,mobilenet_v2_cxr,TB,43,False,0.0711934739993012,200,TB,cpu,0,
cpu,mobilenet_v2_cxr,TB,44,False,0.1220304149974254,200,TB,cpu,0,
cpu,mobilenet_v2_cxr,TB,45,False,0.0909630649985047,200,TB,cpu,0,
cpu,mobilenet_v2_cxr,TB,46,False,0.07057854799859342,200,TB,cpu,0,
cpu,mobilenet_v2_cxr,TB,47,False,0.4715687509997224,200,TB,cpu,0,
cpu,mobilenet_v2_cxr,TB,48,False,0.09795964800287038,200,TB,cpu,0,
cpu,mobilenet_v2_cxr,TB,49,False,0.06755728799907956,200,TB,cpu,0,
cpu,mobilenet_v2_cxr,TB,50,False,0.06989265399897704,200,TB,cpu,0,
cpu,mobilenet_v2_cxr,TB,51,False,0.07159767899793223,200,TB,cpu,0,
cpu,mobilenet_v2_cxr,TB,52,False,0.3355860619994928,200,TB,cpu,0,
cpu,mobilenet_v2_cxr,TB,53,False,0.07052669599943329,200,TB,cpu,0,
cpu,mobilenet_v2_cxr,TB,54,False,0.06638864100023056,200,TB,cpu,0,
cpu,mobilenet_v2_cxr,TB,55,False,0.07915423099984764,200,TB,cpu,0,
cpu,mobilenet_v2_cxr,TB,56,False,0.1636564990003535,200,TB,cpu,0,
cpu,mobilenet_v2_cxr,TB,57,False,0.11879943699750584,200,TB,cpu,0,
cpu,mobilenet_v2_cxr,TB,58,False,0.07072717499977443,200,TB,cpu,0,
cpu,mobilenet_v2_cxr,TB,59,False,0.06952964299853193,200,TB,cpu,0,
cpu,mobilenet_v2_cxr,TB,60,False,0.06650904200068908,200,TB,cpu,0,
cpu,mobilenet_v2_cxr,TB,61,False,0.5442628660021,200,TB,cpu,0,
cpu,mobilenet_v2_cxr,TB,62,False,0.06864405300075305,200,TB,cpu,0,
cpu,mobilenet_v2_cxr,TB,63,False,0.06897381700036931,200,TB,cpu,0,
cpu,mobilenet_v2_cxr,TB,64,False,0.09612777200163691,200,TB,cpu,0,
cpu,mobilenet_v2_cxr,TB,65,False,0.13948310900013894,200,TB,cpu,0,
cpu,mobilenet_v2_cxr,TB,66,False,0.06700596000155201,200,TB,cpu,0,
cpu,mobilenet_v2_cxr,TB,67,False,0.1604178410016175,200,TB,cpu,0,
cpu,mobilenet_v2_cxr,TB,68,False,0.10547943699930329,200,TB,cpu,0,
cpu,mobilenet_v2_cxr,TB,69,False,0.12946738900063792,200,TB,cpu,0,
cpu,mobilenet_v2_cxr,TB,70,False,0.07153740899957484,200,TB,cpu,0,
cpu,mobilenet_v2_cxr,TB,71,False,0.06854612899769563,200,TB,cpu,0,
cpu,mobilenet_v2_cxr,TB,72,False,0.07017375000214088,200,TB,cpu,0,
cpu,mobilenet_v2_cxr,TB,73,False,0.15346393900108524,200,TB,cpu,0,
cpu,mobilenet_v2_cxr,TB,74,False,0.06975853200128768,200,TB,cpu,0,
cpu,mobilenet_v2_cxr,TB,75,False,0.07099076700251317,200,TB,cpu,0,
cpu,mobilenet_v2_cxr,TB,76,False,0.07414041599986376,200,TB,cpu,0,
cpu,mobilenet_v2_cxr,TB,77,False,0.06728406799811637,200,TB,cpu,0,
cpu,mobilenet_v2_cxr,TB,78,False,1.469244924999657,200,TB,cpu,0,
cpu,mobilenet_v2_cxr,TB,79,False,0.13097738600117736,200,TB,cpu,0,
cpu,mobilenet_v2_cxr,TB,80,False,0.07064802700188011,200,TB,cpu,0,
cpu,mobilenet_v2_cxr,TB,81,False,0.06530803399800789,200,TB,cpu,0,
cpu,mobilenet_v2_cxr,TB,82,False,0.08189356100047007,200,TB,cpu,0,
cpu,mobilenet_v2_cxr,TB,83,False,0.06970249799996964,200,TB,cpu,0,
cpu,mobilenet_v2_cxr,TB,84,False,0.0678898179976386,200,TB,cpu,0,
cpu,mobilenet_v2_cxr,TB,85,False,0.0763266569992993,200,TB,cpu,0,
cpu,mobilenet_v2_cxr,TB,86,False,0.5587636300006125,200,TB,cpu,0,
cpu,mobilenet_v2_cxr,TB,87,False,0.06432857499748934,200,TB,cpu,0,
cpu,mobilenet_v2_cxr,TB,88,False,0.06434581799840089,200,TB,cpu,0,
cpu,mobilenet_v2_cxr,TB,89,False,0.06508677899910253,200,TB,cpu,0,
cpu,mobilenet_v2_cxr,TB,90,False,0.07046468100088532,200,TB,cpu,0,
cpu,mobilenet_v2_cxr,TB,91,False,0.06631425199884688,200,TB,cpu,0,
cpu,mobilenet_v2_cxr,TB,92,False,0.06550828599938541,200,TB,cpu,0,
cpu,mobilenet_v2_cxr,TB,93,False,0.0673227039987978,200,TB,cpu,0,
cpu,mobilenet_v2_cxr,TB,94,False,0.14699126400228124,200,TB,cpu,0,
cpu,mobilenet_v2_cxr,TB,95,False,0.0696868800005177,200,TB,cpu,0,
cpu,mobilenet_v2_cxr,TB,96,False,0.06510533500113524,200,TB,cpu,0,
cpu,mobilenet_v2_cxr,TB,97,False,0.06984094699873822,200,TB,cpu,0,
cpu,mobilenet_v2_cxr,TB,98,False,1.1401412580016768,200,TB,cpu,0,
cpu,mobilenet_v2_cxr,TB,99,False,0.0728633019971312,200,TB,cpu,0,
cpu,mobilenet_v2_cxr,TB,100,False,0.06975296700329636,200,TB,cpu,0,
cpu,mobilenet_v2_cxr,TB,101,False,0.0647715880004398,200,TB,cpu,0,
cpu,mobilenet_v2_cxr,TB,102,False,1.1372226330022386,200,TB,cpu,0,
cpu,mobilenet_v2_cxr,TB,103,False,0.06579038600102649,200,TB,cpu,0,
cpu,mobilenet_v2_cxr,TB,104,False,0.08130239399906714,200,TB,cpu,0,
cpu,mobilenet_v2_imagenet,Normal,0,True,0.06784943999809911,200,Normal,cpu,0,
cpu,mobilenet_v2_imagenet,Normal,1,True,0.06766625000091153,200,Normal,cpu,0,
cpu,mobilenet_v2_imagenet,Normal,2,True,0.1398446450002666,200,Normal,cpu,0,
cpu,mobilenet_v2_imagenet,Normal,3,True,0.07016180499704205,200,Normal,cpu,0,
cpu,mobilenet_v2_imagenet,Normal,4,True,0.06992337799965753,200,Normal,cpu,0,
cpu,mobilenet_v2_imagenet,Normal,5,False,0.5807113989976642,200,Normal,cpu,0,
cpu,mobilenet_v2_imagenet,Normal,6,False,0.07018893400163506,200,Normal,cpu,0,
cpu,mobilenet_v2_imagenet,Normal,7,False,0.06672553599855746,200,Normal,cpu,0,
cpu,mobilenet_v2_imagenet,Normal,8,False,0.06655536299876985,200,Normal,cpu,0,
cpu,mobilenet_v2_imagenet,Normal,9,False,0.06829630399806774,200,Normal,cpu,0,
cpu,mobilenet_v2_imagenet,Normal,10,False,0.09533929700046428,200,Normal,cpu,0,
cpu,mobilenet_v2_imagenet,Normal,11,False,1.5734429719996115,200,Normal,cpu,0,
cpu,mobilenet_v2_imagenet,Normal,12,False,0.07618281000031857,200,Normal,cpu,0,
cpu,mobilenet_v2_imagenet,Normal,13,False,0.07342916400011745,200,Normal,cpu,0,
cpu,mobilenet_v2_imagenet,Normal,14,False,0.06350508800096577,200,Normal,cpu,0,
cpu,mobilenet_v2_imagenet,Normal,15,False,0.0679617630012217,200,Normal,cpu,0,
cpu,mobilenet_v2_imagenet,Normal,16,False,0.06586244299978716,200,Normal,cpu,0,
cpu,mobilenet_v2_imagenet,Normal,17,False,0.07042897299834294,200,Normal,cpu,0,
cpu,mobilenet_v2_imagenet,Normal,18,False,0.06854580499930307,200,Normal,cpu,0,
cpu,mobilenet_v2_imagenet,Normal,19,False,0.07037585500074783,200,Normal,cpu,0,
cpu,mobilenet_v2_imagenet,Normal,20,False,0.12237811500017415,200,Normal,cpu,0,
cpu,mobilenet_v2_imagenet,Normal,21,False,0.0686377870006254,200,Normal,cpu,0,
cpu,mobilenet_v2_imagenet,Normal,22,False,0.0680310650022875,200,Normal,cpu,0,
cpu,mobilenet_v2_imagenet,Normal,23,False,0.16455208999832394,200,Normal,cpu,0,
cpu,mobilenet_v2_imagenet,Normal,24,False,0.06604384900128935,200,Normal,cpu,0,
cpu,mobilenet_v2_imagenet,Normal,25,False,0.069232211997587,200,Normal,cpu,0,
cpu,mobilenet_v2_imagenet,Normal,26,False,0.15133452599911834,200,Normal,cpu,0,
cpu,mobilenet_v2_imagenet,Normal,27,False,0.0704828810012259,200,Normal,cpu,0,
cpu,mobilenet_v2_imagenet,Normal,28,False,0.07482733999859192,200,Normal,cpu,0,
cpu,mobilenet_v2_imagenet,Normal,29,False,0.4692946129980555,200,Normal,cpu,0,
cpu,mobilenet_v2_imagenet,Normal,30,False,0.14907589300128166,200,Normal,cpu,0,
cpu,mobilenet_v2_imagenet,Normal,31,False,0.11695298500126228,200,Normal,cpu,0,
cpu,mobilenet_v2_imagenet,Normal,32,False,0.06584427500274614,200,Normal,cpu,0,
cpu,mobilenet_v2_imagenet,Normal,33,False,0.06581537000238313,200,Normal,cpu,0,
cpu,mobilenet_v2_imagenet,Normal,34,False,0.06954669699916849,200,Normal,cpu,0,
cpu,mobilenet_v2_imagenet,Normal,35,False,0.06624399599968456,200,Normal,cpu,0,
cpu,mobilenet_v2_imagenet,Normal,36,False,0.0694225990009727,200,Normal,cpu,0,
cpu,mobilenet_v2_imagenet,Normal,37,False,0.13774140900204657,200,Normal,cpu,0,
cpu,mobilenet_v2_imagenet,Normal,38,False,0.0693027039997105,200,Normal,cpu,0,
cpu,mobilenet_v2_imagenet,Normal,39,False,0.7149920769988967,200,Normal,cpu,0,
cpu,mobilenet_v2_imagenet,Normal,40,False,0.0704877319985826,200,Normal,cpu,0,
cpu,mobilenet_v2_imagenet,Normal,41,False,0.06740606200037291,200,Normal,cpu,0,
cpu,mobilenet_v2_imagenet,Normal,42,False,0.0698212989991589,200,Normal,cpu,0,
cpu,mobilenet_v2_imagenet,Normal,43,False,0.0758625509988633,200,Normal,cpu,0,
cpu,mobilenet_v2_imagenet,Normal,44,False,0.07409046500106342,200,Normal,cpu,0,
cpu,mobilenet_v2_imagenet,Normal,45,False,0.07531785599712748,200,Normal,cpu,0,
cpu,mobilenet_v2_imagenet,Normal,46,False,0.34096907999992254,200,Normal,cpu,0,
cpu,mobilenet_v2_imagenet,Normal,47,False,0.1635148029999982,200,Normal,cpu,0,
cpu,mobilenet_v2_imagenet,Normal,48,False,0.07374803700076882,200,Normal,cpu,0,
cpu,mobilenet_v2_imagenet,Normal,49,False,0.06958864299667766,200,Normal,cpu,0,
cpu,mobilenet_v2_imagenet,Normal,50,False,0.20082364399786456,200,Normal,cpu,0,
cpu,mobilenet_v2_imagenet,Normal,51,False,0.16885553800238995,200,Normal,cpu,0,
cpu,mobilenet_v2_imagenet,Normal,52,False,0.47009294199961005,200,Normal,cpu,0,
cpu,mobilenet_v2_imagenet,Normal,53,False,0.07703065199893899,200,Normal,cpu,0,
cpu,mobilenet_v2_imagenet,Normal,54,False,0.07488613800160238,200,Normal,cpu,0,
cpu,mobilenet_v2_imagenet,Normal,55,False,0.06552772100258153,200,Normal,cpu,0,
cpu,mobilenet_v2_imagenet,Normal,56,False,0.06869148699843208,200,Normal,cpu,0,
cpu,mobilenet_v2_imagenet,Normal,57,False,0.06838430800053175,200,Normal,cpu,0,
cpu,mobilenet_v2_imagenet,Normal,58,False,0.06576958000005106,200,Normal,cpu,0,
cpu,mobilenet_v2_imagenet,Normal,59,False,0.07539266499952646,200,Normal,cpu,0,
cpu,mobilenet_v2_imagenet,Normal,60,False,0.09794715300085954,200,Normal,cpu,0,
cpu,mobilenet_v2_imagenet,Normal,61,False,0.07196734500030288,200,Normal,cpu,0,
cpu,mobilenet_v2_imagenet,Normal,62,False,0.168773108998721,200,Normal,cpu,0,
cpu,mobilenet_v2_imagenet,Normal,63,False,0.06872618400302599,200,Normal,cpu,0,
cpu,mobilenet_v2_imagenet,Normal,64,False,0.0679885510035092,200,Normal,cpu,0,
cpu,mobilenet_v2_imagenet,Normal,65,False,0.07052196100266883,200,Normal,cpu,0,
cpu,mobilenet_v2_imagenet,Normal,66,False,0.06796226000005845,200,Normal,cpu,0,
cpu,mobilenet_v2_imagenet,Normal,67,False,0.2014656949977507,200,Normal,cpu,0,
cpu,mobilenet_v2_imagenet,Normal,68,False,0.07452875200033304,200,Normal,cpu,0,
cpu,mobilenet_v2_imagenet,Normal,69,False,0.7604778759996407,200,Normal,cpu,0,
cpu,mobilenet_v2_imagenet,Normal,70,False,0.07159918000252219,200,Normal,cpu,0,
cpu,mobilenet_v2_imagenet,Normal,71,False,0.07711638599721482,200,Normal,cpu,0,
cpu,mobilenet_v2_imagenet,Normal,72,False,0.07169753800189937,200,Normal,cpu,0,
cpu,mobilenet_v2_imagenet,Normal,73,False,0.0663422029974754,200,Normal,cpu,0,
cpu,mobilenet_v2_imagenet,Normal,74,False,0.4546132329996908,200,Normal,cpu,0,
cpu,mobilenet_v2_imagenet,Normal,75,False,0.07171692399788299,200,Normal,cpu,0,
cpu,mobilenet_v2_imagenet,Normal,76,False,0.06999184000233072,200,Normal,cpu,0,
cpu,mobilenet_v2_imagenet,Normal,77,False,0.6745840470030089,200,Normal,cpu,0,
cpu,mobilenet_v2_imagenet,Normal,78,False,0.07143257899952005,200,Normal,cpu,0,
cpu,mobilenet_v2_imagenet,Normal,79,False,0.07434400700003607,200,Normal,cpu,0,
cpu,mobilenet_v2_imagenet,Normal,80,False,0.15359788900241256,200,Normal,cpu,0,
cpu,mobilenet_v2_imagenet,Normal,81,False,0.0637629390002985,200,Normal,cpu,0,
cpu,mobilenet_v2_imagenet,Normal,82,False,0.06874812999740243,200,Normal,cpu,0,
cpu,mobilenet_v2_imagenet,Normal,83,False,0.0727569320006296,200,Normal,cpu,0,
cpu,mobilenet_v2_imagenet,Normal,84,False,0.06593682799939415,200,Normal,cpu,0,
cpu,mobilenet_v2_imagenet,Normal,85,False,0.8358205490003456,200,Normal,cpu,0,
cpu,mobilenet_v2_imagenet,Normal,86,False,0.0863349430001108,200,Normal,cpu,0,
cpu,mobilenet_v2_imagenet,Normal,87,False,0.06870380999680492,200,Normal,cpu,0,
cpu,mobilenet_v2_imagenet,Normal,88,False,0.06897593499888899,200,Normal,cpu,0,
cpu,mobilenet_v2_imagenet,Normal,89,False,0.06614993800030788,200,Normal,cpu,0,
cpu,mobilenet_v2_imagenet,Normal,90,False,0.06595031100005144,200,Normal,cpu,0,
cpu,mobilenet_v2_imagenet,Normal,91,False,0.07119979799972498,200,Normal,cpu,0,
cpu,mobilenet_v2_imagenet,Normal,92,False,0.06472512999971514,200,Normal,cpu,0,
cpu,mobilenet_v2_imagenet,Normal,93,False,0.06824448200131883,200,Normal,cpu,0,
cpu,mobilenet_v2_imagenet,Normal,94,False,0.15445751100196503,200,Normal,cpu,0,
cpu,mobilenet_v2_imagenet,Normal,95,False,0.0733264849986881,200,Normal,cpu,0,
cpu,mobilenet_v2_imagenet,Normal,96,False,0.470253337000031,200,Normal,cpu,0,
cpu,mobilenet_v2_imagenet,Normal,97,False,0.07547710500148241,200,Normal,cpu,0,
cpu,mobilenet_v2_imagenet,Normal,98,False,0.07792389399764943,200,Normal,cpu,0,
cpu,mobilenet_v2_imagenet,Normal,99,False,0.07601409400012926,200,Normal,cpu,0,
cpu,mobilenet_v2_imagenet,Normal,100,False,0.06803414599926327,200,Normal,cpu,0,
cpu,mobilenet_v2_imagenet,Normal,101,False,0.08813356999962707,200,Normal,cpu,0,
cpu,mobilenet_v2_imagenet,Normal,102,False,0.14990611900066142,200,Normal,cpu,0,
cpu,mobilenet_v2_imagenet,Normal,103,False,0.0670177899992268,200,Normal,cpu,0,
cpu,mobilenet_v2_imagenet,Normal,104,False,0.07029663499997696,200,Normal,cpu,0,
cpu,mobilenet_v2_imagenet,Pneumonia,0,True,0.06964325099761481,200,Pneumonia,cpu,0,
cpu,mobilenet_v2_imagenet,Pneumonia,1,True,0.06511184699775185,200,Pneumonia,cpu,0,
cpu,mobilenet_v2_imagenet,Pneumonia,2,True,0.1252793979983835,200,Pneumonia,cpu,0,
cpu,mobilenet_v2_imagenet,Pneumonia,3,True,0.06256939400191186,200,Pneumonia,cpu,0,
cpu,mobilenet_v2_imagenet,Pneumonia,4,True,0.06213072399987141,200,Pneumonia,cpu,0,
cpu,mobilenet_v2_imagenet,Pneumonia,5,False,0.06192802499936079,200,Pneumonia,cpu,0,
cpu,mobilenet_v2_imagenet,Pneumonia,6,False,0.06428775200038217,200,Pneumonia,cpu,0,
cpu,mobilenet_v2_imagenet,Pneumonia,7,False,0.3978610740014119,200,Pneumonia,cpu,0,
cpu,mobilenet_v2_imagenet,Pneumonia,8,False,0.06349181399855297,200,Pneumonia,cpu,0,
cpu,mobilenet_v2_imagenet,Pneumonia,9,False,0.06369911599904299,200,Pneumonia,cpu,0,
cpu,mobilenet_v2_imagenet,Pneumonia,10,False,0.0654511580032704,200,Pneumonia,cpu,0,
cpu,mobilenet_v2_imagenet,Pneumonia,11,False,0.0661529650024022,200,Pneumonia,cpu,0,
cpu,mobilenet_v2_imagenet,Pneumonia,12,False,0.06679759699909482,200,Pneumonia,cpu,0,
cpu,mobilenet_v2_imagenet,Pneumonia,13,False,0.06776494199948502,200,Pneumonia,cpu,0,
cpu,mobilenet_v2_imagenet,Pneumonia,14,False,0.153106015000958,200,Pneumonia,cpu,0,
cpu,mobilenet_v2_imagenet,Pneumonia,15,False,0.06714138399911462,200,Pneumonia,cpu,0,
cpu,mobilenet_v2_imagenet,Pneumonia,16,False,0.061167087998910574,200,Pneumonia,cpu,0,
cpu,mobilenet_v2_imagenet,Pneumonia,17,False,0.063701361999847,200,Pneumonia,cpu,0,
cpu,mobilenet_v2_imagenet,Pneumonia,18,False,0.06922884400046314,200,Pneumonia,cpu,0,
cpu,mobilenet_v2_imagenet,Pneumonia,19,False,0.06594841500191251,200,Pneumonia,cpu,0,
cpu,mobilenet_v2_imagenet,Pneumonia,20,False,0.1620954440004425,200,Pneumonia,cpu,0,
cpu,mobilenet_v2_imagenet,Pneumonia,21,False,0.06276272899776814,200,Pneumonia,cpu,0,
cpu,mobilenet_v2_imagenet,Pneumonia,22,False,0.06503025100028026,200,Pneumonia,cpu,0,
cpu,mobilenet_v2_imagenet,Pneumonia,23,False,0.06345121699996525,200,Pneumonia,cpu,0,
cpu,mobilenet_v2_imagenet,Pneumonia,24,False,0.06535607399928267,200,Pneumonia,cpu,0,
cpu,mobilenet_v2_imagenet,Pneumonia,25,False,0.06518074099949445,200,Pneumonia,cpu,0,
cpu,mobilenet_v2_imagenet,Pneumonia,26,False,0.06434571799763944,200,Pneumonia,cpu,0,
cpu,mobilenet_v2_imagenet,Pneumonia,27,False,0.0953757780007436,200,Pneumonia,cpu,0,
cpu,mobilenet_v2_imagenet,Pneumonia,28,False,0.06029140000100597,200,Pneumonia,cpu,0,
cpu,mobilenet_v2_imagenet,Pneumonia,29,False,0.06342907900034334,200,Pneumonia,cpu,0,
cpu,mobilenet_v2_imagenet,Pneumonia,30,False,0.20265272399774403,200,Pneumonia,cpu,0,
cpu,mobilenet_v2_imagenet,Pneumonia,31,False,0.08220208000057028,200,Pneumonia,cpu,0,
cpu,mobilenet_v2_imagenet,Pneumonia,32,False,0.06459356599953026,200,Pneumonia,cpu,0,
cpu,mobilenet_v2_imagenet,Pneumonia,33,False,0.06670821300212992,200,Pneumonia,cpu,0,
cpu,mobilenet_v2_imagenet,Pneumonia,34,False,0.5029907259995525,200,Pneumonia,cpu,0,
cpu,mobilenet_v2_imagenet,Pneumonia,35,False,0.0970433629991021,200,Pneumonia,cpu,0,
cpu,mobilenet_v2_imagenet,Pneumonia,36,False,0.06497997699989355,200,Pneumonia,cpu,0,
cpu,mobilenet_v2_imagenet,Pneumonia,37,False,0.06198397999833105,200,Pneumonia,cpu,0,
cpu,mobilenet_v2_imagenet,Pneumonia,38,False,0.07044865200077766,200,Pneumonia,cpu,0,
cpu,mobilenet_v2_imagenet,Pneumonia,39,False,0.12438853200001176,200,Pneumonia,cpu,0,
cpu,mobilenet_v2_imagenet,Pneumonia,40,False,0.06584811799984891,200,Pneumonia,cpu,0,
cpu,mobilenet_v2_imagenet,Pneumonia,41,False,0.06626051700004609,200,Pneumonia,cpu,0,
cpu,mobilenet_v2_imagenet,Pneumonia,42,False,0.06474842299940065,200,Pneumonia,cpu,0,
cpu,mobilenet_v2_imagenet,Pneumonia,43,False,0.0671777799980191,200,Pneumonia,cpu,0,
cpu,mobilenet_v2_imagenet,Pneumonia,44,False,0.15281140500155743,200,Pneumonia,cpu,0,
cpu,mobilenet_v2_imagenet,Pneumonia,45,False,0.06764047600154299,200,Pneumonia,cpu,0,
cpu,mobilenet_v2_imagenet,Pneumonia,46,False,0.06240987899946049,200,Pneumonia,cpu,0,
cpu,mobilenet_v2_imagenet,Pneumonia,47,False,0.06023393600116833,200,Pneumonia,cpu,0,
cpu,mobilenet_v2_imagenet,Pneumonia,48,False,1.3212722419993952,200,Pneumonia,cpu,0,
cpu,mobilenet_v2_imagenet,Pneumonia,49,False,0.06296111200208543,200,Pneumonia,cpu,0,
cpu,mobilenet_v2_imagenet,Pneumonia,50,False,0.06135502800316317,200,Pneumonia,cpu,0,
cpu,mobilenet_v2_imagenet,Pneumonia,51,False,0.064631946002919,200,Pneumonia,cpu,0,
cpu,mobilenet_v2_imagenet,Pneumonia,52,False,0.06627149199994165,200,Pneumonia,cpu,0,
cpu,mobilenet_v2_imagenet,Pneumonia,53,False,0.061554528001579456,200,Pneumonia,cpu,0,
cpu,mobilenet_v2_imagenet,Pneumonia,54,False,0.06637945500187925,200,Pneumonia,cpu,0,
cpu,mobilenet_v2_imagenet,Pneumonia,55,False,0.07048105000285432,200,Pneumonia,cpu,0,
cpu,mobilenet_v2_imagenet,Pneumonia,56,False,0.06460224300099071,200,Pneumonia,cpu,0,
cpu,mobilenet_v2_imagenet,Pneumonia,57,False,0.0682139759992424,200,Pneumonia,cpu,0,
cpu,mobilenet_v2_imagenet,Pneumonia,58,False,0.0672174460014503,200,Pneumonia,cpu,0,
cpu,mobilenet_v2_imagenet,Pneumonia,59,False,0.11906655200073146,200,Pneumonia,cpu,0,
cpu,mobilenet_v2_imagenet,Pneumonia,60,False,0.06505895699956454,200,Pneumonia,cpu,0,
cpu,mobilenet_v2_imagenet,Pneumonia,61,False,0.06440577700050198,200,Pneumonia,cpu,0,
cpu,mobilenet_v2_imagenet,Pneumonia,62,False,0.06748942300328054,200,Pneumonia,cpu,0,
cpu,mobilenet_v2_imagenet,Pneumonia,63,False,0.06152828900303575,200,Pneumonia,cpu,0,
cpu,mobilenet_v2_imagenet,Pneumonia,64,False,0.12014936600098736,200,Pneumonia,cpu,0,
cpu,mobilenet_v2_imagenet,Pneumonia,65,False,0.06433105299947783,200,Pneumonia,cpu,0,
cpu,mobilenet_v2_imagenet,Pneumonia,66,False,0.06731313400086947,200,Pneumonia,cpu,0,
cpu,mobilenet_v2_imagenet,Pneumonia,67,False,0.0646424329970614,200,Pneumonia,cpu,0,
cpu,mobilenet_v2_imagenet,Pneumonia,68,False,0.1543534410011489,200,Pneumonia,cpu,0,
cpu,mobilenet_v2_imagenet,Pneumonia,69,False,0.07148098299876438,200,Pneumonia,cpu,0,
cpu,mobilenet_v2_imagenet,Pneumonia,70,False,0.06523887799994554,200,Pneumonia,cpu,0,
cpu,mobilenet_v2_imagenet,Pneumonia,71,False,0.06206393300089985,200,Pneumonia,cpu,0,
cpu,mobilenet_v2_imagenet,Pneumonia,72,False,1.6007134450010199,200,Pneumonia,cpu,0,
cpu,mobilenet_v2_imagenet,Pneumonia,73,False,0.06833434600048349,200,Pneumonia,cpu,0,
cpu,mobilenet_v2_imagenet,Pneumonia,74,False,0.06390272100179573,200,Pneumonia,cpu,0,
cpu,mobilenet_v2_imagenet,Pneumonia,75,False,0.06382809699789505,200,Pneumonia,cpu,0,
cpu,mobilenet_v2_imagenet,Pneumonia,76,False,0.06624992100114468,200,Pneumonia,cpu,0,
cpu,mobilenet_v2_imagenet,Pneumonia,77,False,0.07346072099971934,200,Pneumonia,cpu,0,
cpu,mobilenet_v2_imagenet,Pneumonia,78,False,0.06421748099819524,200,Pneumonia,cpu,0,
cpu,mobilenet_v2_imagenet,Pneumonia,79,False,0.06709155100179487,200,Pneumonia,cpu,0,
cpu,mobilenet_v2_imagenet,Pneumonia,80,False,0.060670119997666916,200,Pneumonia,cpu,0,
cpu,mobilenet_v2_imagenet,Pneumonia,81,False,0.06808557700060192,200,Pneumonia,cpu,0,
cpu,mobilenet_v2_imagenet,Pneumonia,82,False,0.06658584400065592,200,Pneumonia,cpu,0,
cpu,mobilenet_v2_imagenet,Pneumonia,83,False,0.060734863000107,200,Pneumonia,cpu,0,
cpu,mobilenet_v2_imagenet,Pneumonia,84,False,0.06346733799728099,200,Pneumonia,cpu,0,
cpu,mobilenet_v2_imagenet,Pneumonia,85,False,0.0629036289974465,200,Pneumonia,cpu,0,
cpu,mobilenet_v2_imagenet,Pneumonia,86,False,0.06277300600049784,200,Pneumonia,cpu,0,
cpu,mobilenet_v2_imagenet,Pneumonia,87,False,0.16514216699943063,200,Pneumonia,cpu,0,
cpu,mobilenet_v2_imagenet,Pneumonia,88,False,0.06981253200137871,200,Pneumonia,cpu,0,
cpu,mobilenet_v2_imagenet,Pneumonia,89,False,0.06220686999949976,200,Pneumonia,cpu,0,
cpu,mobilenet_v2_imagenet,Pneumonia,90,False,0.6367964720011514,200,Pneumonia,cpu,0,
cpu,mobilenet_v2_imagenet,Pneumonia,91,False,0.07052605500211939,200,Pneumonia,cpu,0,
cpu,mobilenet_v2_imagenet,Pneumonia,92,False,0.06253842399746645,200,Pneumonia,cpu,0,
cpu,mobilenet_v2_imagenet,Pneumonia,93,False,0.060955004999414086,200,Pneumonia,cpu,0,
cpu,mobilenet_v2_imagenet,Pneumonia,94,False,0.05932284099981189,200,Pneumonia,cpu,0,
cpu,mobilenet_v2_imagenet,Pneumonia,95,False,0.11804592200132902,200,Pneumonia,cpu,0,
cpu,mobilenet_v2_imagenet,Pneumonia,96,False,0.06347769299827632,200,Pneumonia,cpu,0,
cpu,mobilenet_v2_imagenet,Pneumonia,97,False,0.5877963870007079,200,Pneumonia,cpu,0,
cpu,mobilenet_v2_imagenet,Pneumonia,98,False,0.06507727400094154,200,Pneumonia,cpu,0,
cpu,mobilenet_v2_imagenet,Pneumonia,99,False,0.06469450499935192,200,Pneumonia,cpu,0,
cpu,mobilenet_v2_imagenet,Pneumonia,100,False,0.06732134499907261,200,Pneumonia,cpu,0,
cpu,mobilenet_v2_imagenet,Pneumonia,101,False,0.08539056399968104,200,Pneumonia,cpu,0,
cpu,mobilenet_v2_imagenet,Pneumonia,102,False,0.06453347999922698,200,Pneumonia,cpu,0,
cpu,mobilenet_v2_imagenet,Pneumonia,103,False,0.09639360499932081,200,Pneumonia,cpu,0,
cpu,mobilenet_v2_imagenet,Pneumonia,104,False,0.06819751400325913,200,Pneumonia,cpu,0,
cpu,mobilenet_v2_imagenet,TB,0,True,0.4263648509986524,200,TB,cpu,0,
cpu,mobilenet_v2_imagenet,TB,1,True,0.07146686499982025,200,TB,cpu,0,
cpu,mobilenet_v2_imagenet,TB,2,True,0.1588390039978549,200,TB,cpu,0,
cpu,mobilenet_v2_imagenet,TB,3,True,0.07544991899703746,200,TB,cpu,0,
cpu,mobilenet_v2_imagenet,TB,4,True,0.07014151299881632,200,TB,cpu,0,
cpu,mobilenet_v2_imagenet,TB,5,False,0.69168807999813,200,TB,cpu,0,
cpu,mobilenet_v2_imagenet,TB,6,False,0.074579416999768,200,TB,cpu,0,
cpu,mobilenet_v2_imagenet,TB,7,False,0.06870142400293844,200,TB,cpu,0,
cpu,mobilenet_v2_imagenet,TB,8,False,0.12100179299886804,200,TB,cpu,0,
cpu,mobilenet_v2_imagenet,TB,9,False,0.06890876699981163,200,TB,cpu,0,
cpu,mobilenet_v2_imagenet,TB,10,False,0.07014628699835157,200,TB,cpu,0,
cpu,mobilenet_v2_imagenet,TB,11,False,0.07784962400182849,200,TB,cpu,0,
cpu,mobilenet_v2_imagenet,TB,12,False,0.0827534240015666,200,TB,cpu,0,
cpu,mobilenet_v2_imagenet,TB,13,False,0.06957617399893934,200,TB,cpu,0,
cpu,mobilenet_v2_imagenet,TB,14,False,1.697480020000512,200,TB,cpu,0,
cpu,mobilenet_v2_imagenet,TB,15,False,0.15988788500180817,200,TB,cpu,0,
cpu,mobilenet_v2_imagenet,TB,16,False,0.06939672999942559,200,TB,cpu,0,
cpu,mobilenet_v2_imagenet,TB,17,False,0.06699694599956274,200,TB,cpu,0,
cpu,mobilenet_v2_imagenet,TB,18,False,0.07057498799986206,200,TB,cpu,0,
cpu,mobilenet_v2_imagenet,TB,19,False,0.0814812440003152,200,TB,cpu,0,
cpu,mobilenet_v2_imagenet,TB,20,False,0.08092113599923323,200,TB,cpu,0,
cpu,mobilenet_v2_imagenet,TB,21,False,0.06861453099918435,200,TB,cpu,0,
cpu,mobilenet_v2_imagenet,TB,22,False,0.06602526200003922,200,TB,cpu,0,
cpu,mobilenet_v2_imagenet,TB,23,False,0.14896618999773636,200,TB,cpu,0,
cpu,mobilenet_v2_imagenet,TB,24,False,0.06414125299852458,200,TB,cpu,0,
cpu,mobilenet_v2_imagenet,TB,25,False,0.06671854999876814,200,TB,cpu,0,
cpu,mobilenet_v2_imagenet,TB,26,False,0.06708970500039868,200,TB,cpu,0,
cpu,mobilenet_v2_imagenet,TB,27,False,0.0978773499991803,200,TB,cpu,0,
cpu,mobilenet_v2_imagenet,TB,28,False,0.06921442699967884,200,TB,cpu,0,
cpu,mobilenet_v2_imagenet,TB,29,False,0.06732422899949597,200,TB,cpu,0,
cpu,mobilenet_v2_imagenet,TB,30,False,0.16542873000071268,200,TB,cpu,0,
cpu,mobilenet_v2_imagenet,TB,31,False,0.0668627809973259,200,TB,cpu,0,
cpu,mobilenet_v2_imagenet,TB,32,False,0.15367614400020102,200,TB,cpu,0,
cpu,mobilenet_v2_imagenet,TB,33,False,0.07840156699967338,200,TB,cpu,0,
cpu,mobilenet_v2_imagenet,TB,34,False,0.06976405400200747,200,TB,cpu,0,
cpu,mobilenet_v2_imagenet,TB,35,False,0.06536165899888147,200,TB,cpu,0,
cpu,mobilenet_v2_imagenet,TB,36,False,0.06521906499983743,200,TB,cpu,0,
cpu,mobilenet_v2_imagenet,TB,37,False,0.06943855300050927,200,TB,cpu,0,
cpu,mobilenet_v2_imagenet,TB,38,False,0.2719239340003696,200,TB,cpu,0,
cpu,mobilenet_v2_imagenet,TB,39,False,0.06979543300258229,200,TB,cpu,0,
cpu,mobilenet_v2_imagenet,TB,40,False,0.07398332199954893,200,TB,cpu,0,
cpu,mobilenet_v2_imagenet,TB,41,False,0.06584279800154036,200,TB,cpu,0,
cpu,mobilenet_v2_imagenet,TB,42,False,0.06560172300305567,200,TB,cpu,0,
cpu,mobilenet_v2_imagenet,TB,43,False,0.06821581600161153,200,TB,cpu,0,
cpu,mobilenet_v2_imagenet,TB,44,False,0.06574500299757347,200,TB,cpu,0,
cpu,mobilenet_v2_imagenet,TB,45,False,0.06895715700011351,200,TB,cpu,0,
cpu,mobilenet_v2_imagenet,TB,46,False,0.06822541600195109,200,TB,cpu,0,
cpu,mobilenet_v2_imagenet,TB,47,False,0.0636712660016201,200,TB,cpu,0,
cpu,mobilenet_v2_imagenet,TB,48,False,0.06467445199814392,200,TB,cpu,0,
cpu,mobilenet_v2_imagenet,TB,49,False,0.10086441900057252,200,TB,cpu,0,
cpu,mobilenet_v2_imagenet,TB,50,False,1.2992716480002855,200,TB,cpu,0,
cpu,mobilenet_v2_imagenet,TB,51,False,0.22872086700226646,200,TB,cpu,0,
cpu,mobilenet_v2_imagenet,TB,52,False,0.0686107199981052,200,TB,cpu,0,
cpu,mobilenet_v2_imagenet,TB,53,False,0.07057937699937611,200,TB,cpu,0,
cpu,mobilenet_v2_imagenet,TB,54,False,0.06586492600035854,200,TB,cpu,0,
cpu,mobilenet_v2_imagenet,TB,55,False,0.06839432200285955,200,TB,cpu,0,
cpu,mobilenet_v2_imagenet,TB,56,False,0.06764100399959716,200,TB,cpu,0,
cpu,mobilenet_v2_imagenet,TB,57,False,0.07189540199760813,200,TB,cpu,0,
cpu,mobilenet_v2_imagenet,TB,58,False,0.11944806500105187,200,TB,cpu,0,
cpu,mobilenet_v2_imagenet,TB,59,False,0.06556565500068245,200,TB,cpu,0,
cpu,mobilenet_v2_imagenet,TB,60,False,0.18025696100085042,200,TB,cpu,0,
cpu,mobilenet_v2_imagenet,TB,61,False,0.07109918800051673,200,TB,cpu,0,
cpu,mobilenet_v2_imagenet,TB,62,False,0.06876478599951952,200,TB,cpu,0,
cpu,mobilenet_v2_imagenet,TB,63,False,0.07007992400031071,200,TB,cpu,0,
cpu,mobilenet_v2_imagenet,TB,64,False,0.0656496049996349,200,TB,cpu,0,
cpu,mobilenet_v2_imagenet,TB,65,False,0.06766407100076322,200,TB,cpu,0,
cpu,mobilenet_v2_imagenet,TB,66,False,0.06812626099781482,200,TB,cpu,0,
cpu,mobilenet_v2_imagenet,TB,67,False,0.4667853639984969,200,TB,cpu,0,
cpu,mobilenet_v2_imagenet,TB,68,False,0.06747632299811812,200,TB,cpu,0,
cpu,mobilenet_v2_imagenet,TB,69,False,0.07442498000091291,200,TB,cpu,0,
cpu,mobilenet_v2_imagenet,TB,70,False,0.08018409000214888,200,TB,cpu,0,
cpu,mobilenet_v2_imagenet,TB,71,False,0.07975502999761375,200,TB,cpu,0,
cpu,mobilenet_v2_imagenet,TB,72,False,0.06564953999986756,200,TB,cpu,0,
cpu,mobilenet_v2_imagenet,TB,73,False,0.07371897999837529,200,TB,cpu,0,
cpu,mobilenet_v2_imagenet,TB,74,False,0.07191649900050834,200,TB,cpu,0,
cpu,mobilenet_v2_imagenet,TB,75,False,0.07148738199975924,200,TB,cpu,0,
cpu,mobilenet_v2_imagenet,TB,76,False,0.0680032089985616,200,TB,cpu,0,
cpu,mobilenet_v2_imagenet,TB,77,False,0.06345270800011349,200,TB,cpu,0,
cpu,mobilenet_v2_imagenet,TB,78,False,0.07210739999936777,200,TB,cpu,0,
cpu,mobilenet_v2_imagenet,TB,79,False,0.10907650299850502,200,TB,cpu,0,
cpu,mobilenet_v2_imagenet,TB,80,False,0.06545222999920952,200,TB,cpu,0,
cpu,mobilenet_v2_imagenet,TB,81,False,0.08101150799848256,200,TB,cpu,0,
cpu,mobilenet_v2_imagenet,TB,82,False,0.06664287399689783,200,TB,cpu,0,
cpu,mobilenet_v2_imagenet,TB,83,False,0.07264809700063779,200,TB,cpu,0,
cpu,mobilenet_v2_imagenet,TB,84,False,0.072412618999806,200,TB,cpu,0,
cpu,mobilenet_v2_imagenet,TB,85,False,0.06829432499944232,200,TB,cpu,0,
cpu,mobilenet_v2_imagenet,TB,86,False,0.10399904700170737,200,TB,cpu,0,
cpu,mobilenet_v2_imagenet,TB,87,False,0.17564576400036458,200,TB,cpu,0,
cpu,mobilenet_v2_imagenet,TB,88,False,0.06455023700254969,200,TB,cpu,0,
cpu,mobilenet_v2_imagenet,TB,89,False,0.06826986399755697,200,TB,cpu,0,
cpu,mobilenet_v2_imagenet,TB,90,False,0.14457311300066067,200,TB,cpu,0,
cpu,mobilenet_v2_imagenet,TB,91,False,0.06772742799876141,200,TB,cpu,0,
cpu,mobilenet_v2_imagenet,TB,92,False,0.06942718700156547,200,TB,cpu,0,
cpu,mobilenet_v2_imagenet,TB,93,False,0.0669174539980304,200,TB,cpu,0,
cpu,mobilenet_v2_imagenet,TB,94,False,0.6734680780027702,200,TB,cpu,0,
cpu,mobilenet_v2_imagenet,TB,95,False,0.6435274220020801,200,TB,cpu,0,
cpu,mobilenet_v2_imagenet,TB,96,False,0.07048876999760978,200,TB,cpu,0,
cpu,mobilenet_v2_imagenet,TB,97,False,0.07497850700019626,200,TB,cpu,0,
cpu,mobilenet_v2_imagenet,TB,98,False,0.0678655189985875,200,TB,cpu,0,
cpu,mobilenet_v2_imagenet,TB,99,False,0.06753884900172125,200,TB,cpu,0,
cpu,mobilenet_v2_imagenet,TB,100,False,0.06741526299811085,200,TB,cpu,0,
cpu,mobilenet_v2_imagenet,TB,101,False,0.0648088279995136,200,TB,cpu,0,
cpu,mobilenet_v2_imagenet,TB,102,False,0.07665324999834411,200,TB,cpu,0,
cpu,mobilenet_v2_imagenet,TB,103,False,0.06613996500163921,200,TB,cpu,0,
cpu,mobilenet_v2_imagenet,TB,104,False,0.4617431949991442,200,TB,cpu,0,
cpu,efficientnet_b0_cxr,Normal,0,True,0.7883744300015678,200,Normal,cpu,0,
cpu,efficientnet_b0_cxr,Normal,1,True,0.09691090100022848,200,Normal,cpu,0,
cpu,efficientnet_b0_cxr,Normal,2,True,0.09297602600054233,200,Normal,cpu,0,
cpu,efficientnet_b0_cxr,Normal,3,True,0.08744460399975651,200,Normal,cpu,0,
cpu,efficientnet_b0_cxr,Normal,4,True,0.08652110900220578,200,Normal,cpu,0,
cpu,efficientnet_b0_cxr,Normal,5,False,0.0889785520012083,200,Normal,cpu,0,
cpu,efficientnet_b0_cxr,Normal,6,False,1.66421494899987,200,Normal,cpu,0,
cpu,efficientnet_b0_cxr,Normal,7,False,0.09093886500340886,200,Normal,cpu,0,
cpu,efficientnet_b0_cxr,Normal,8,False,0.08452269900226383,200,Normal,cpu,0,
cpu,efficientnet_b0_cxr,Normal,9,False,0.0909537259976787,200,Normal,cpu,0,
cpu,efficientnet_b0_cxr,Normal,10,False,0.22050217899959534,200,Normal,cpu,0,
cpu,efficientnet_b0_cxr,Normal,11,False,0.09264764299950912,200,Normal,cpu,0,
cpu,efficientnet_b0_cxr,Normal,12,False,0.09215485800086753,200,Normal,cpu,0,
cpu,efficientnet_b0_cxr,Normal,13,False,0.08810110199920018,200,Normal,cpu,0,
cpu,efficientnet_b0_cxr,Normal,14,False,0.08928852600001846,200,Normal,cpu,0,
cpu,efficientnet_b0_cxr,Normal,15,False,1.2716612850017555,200,Normal,cpu,0,
cpu,efficientnet_b0_cxr,Normal,16,False,0.4847650430019712,200,Normal,cpu,0,
cpu,efficientnet_b0_cxr,Normal,17,False,0.25317962400004035,200,Normal,cpu,0,
cpu,efficientnet_b0_cxr,Normal,18,False,0.10243817100126762,200,Normal,cpu,0,
cpu,efficientnet_b0_cxr,Normal,19,False,0.08678287400107365,200,Normal,cpu,0,
cpu,efficientnet_b0_cxr,Normal,20,False,0.0949564550028299,200,Normal,cpu,0,
cpu,efficientnet_b0_cxr,Normal,21,False,0.09252433599976939,200,Normal,cpu,0,
cpu,efficientnet_b0_cxr,Normal,22,False,0.08616673200231162,200,Normal,cpu,0,
cpu,efficientnet_b0_cxr,Normal,23,False,0.08821402200192097,200,Normal,cpu,0,
cpu,efficientnet_b0_cxr,Normal,24,False,0.14082099799998105,200,Normal,cpu,0,
cpu,efficientnet_b0_cxr,Normal,25,False,0.08963571599815623,200,Normal,cpu,0,
cpu,efficientnet_b0_cxr,Normal,26,False,0.08764974700170569,200,Normal,cpu,0,
cpu,efficientnet_b0_cxr,Normal,27,False,0.09181278300093254,200,Normal,cpu,0,
cpu,efficientnet_b0_cxr,Normal,28,False,0.08707037899876013,200,Normal,cpu,0,
cpu,efficientnet_b0_cxr,Normal,29,False,0.15831347800121875,200,Normal,cpu,0,
cpu,efficientnet_b0_cxr,Normal,30,False,0.26637961300002644,200,Normal,cpu,0,
cpu,efficientnet_b0_cxr,Normal,31,False,0.0889860259994748,200,Normal,cpu,0,
cpu,efficientnet_b0_cxr,Normal,32,False,0.0875443320001068,200,Normal,cpu,0,
cpu,efficientnet_b0_cxr,Normal,33,False,0.08615541000108351,200,Normal,cpu,0,
cpu,efficientnet_b0_cxr,Normal,34,False,0.4920021899997664,200,Normal,cpu,0,
cpu,efficientnet_b0_cxr,Normal,35,False,0.09572637599922018,200,Normal,cpu,0,
cpu,efficientnet_b0_cxr,Normal,36,False,0.139048738998099,200,Normal,cpu,0,
cpu,efficientnet_b0_cxr,Normal,37,False,0.08568302999992738,200,Normal,cpu,0,
cpu,efficientnet_b0_cxr,Normal,38,False,0.24652105499990284,200,Normal,cpu,0,
cpu,efficientnet_b0_cxr,Normal,39,False,0.09945998299735948,200,Normal,cpu,0,
cpu,efficientnet_b0_cxr,Normal,40,False,0.08529005300079007,200,Normal,cpu,0,
cpu,efficientnet_b0_cxr,Normal,41,False,0.0868285559990909,200,Normal,cpu,0,
cpu,efficientnet_b0_cxr,Normal,42,False,0.23131528199883178,200,Normal,cpu,0,
cpu,efficientnet_b0_cxr,Normal,43,False,0.08392072200149414,200,Normal,cpu,0,
cpu,efficientnet_b0_cxr,Normal,44,False,0.15589956899930257,200,Normal,cpu,0,
cpu,efficientnet_b0_cxr,Normal,45,False,0.08881349999865051,200,Normal,cpu,0,
cpu,efficientnet_b0_cxr,Normal,46,False,0.8172708069978398,200,Normal,cpu,0,
cpu,efficientnet_b0_cxr,Normal,47,False,0.10105992799799424,200,Normal,cpu,0,
cpu,efficientnet_b0_cxr,Normal,48,False,0.13432843899863656,200,Normal,cpu,0,
cpu,efficientnet_b0_cxr,Normal,49,False,0.14887882800030638,200,Normal,cpu,0,
cpu,efficientnet_b0_cxr,Normal,50,False,0.09592116700150655,200,Normal,cpu,0,
cpu,efficientnet_b0_cxr,Normal,51,False,0.18364510299943504,200,Normal,cpu,0,
cpu,efficientnet_b0_cxr,Normal,52,False,0.08971379899958265,200,Normal,cpu,0,
cpu,efficientnet_b0_cxr,Normal,53,False,0.08650390600087121,200,Normal,cpu,0,
cpu,efficientnet_b0_cxr,Normal,54,False,0.09164941900235135,200,Normal,cpu,0,
cpu,efficientnet_b0_cxr,Normal,55,False,0.21838702800232568,200,Normal,cpu,0,
cpu,efficientnet_b0_cxr,Normal,56,False,0.08836515199800488,200,Normal,cpu,0,
cpu,efficientnet_b0_cxr,Normal,57,False,0.0871950780019688,200,Normal,cpu,0,
cpu,efficientnet_b0_cxr,Normal,58,False,0.09198982400266686,200,Normal,cpu,0,
cpu,efficientnet_b0_cxr,Normal,59,False,0.09074901599888108,200,Normal,cpu,0,
cpu,efficientnet_b0_cxr,Normal,60,False,0.09150800299903494,200,Normal,cpu,0,
cpu,efficientnet_b0_cxr,Normal,61,False,0.14377181099916925,200,Normal,cpu,0,
cpu,efficientnet_b0_cxr,Normal,62,False,0.23173849799786694,200,Normal,cpu,0,
cpu,efficientnet_b0_cxr,Normal,63,False,1.010065497001051,200,Normal,cpu,0,
cpu,efficientnet_b0_cxr,Normal,64,False,0.41913732700049877,200,Normal,cpu,0,
cpu,efficientnet_b0_cxr,Normal,65,False,0.08800730100119836,200,Normal,cpu,0,
cpu,efficientnet_b0_cxr,Normal,66,False,0.09512941499997396,200,Normal,cpu,0,
cpu,efficientnet_b0_cxr,Normal,67,False,0.08389109500058112,200,Normal,cpu,0,
cpu,efficientnet_b0_cxr,Normal,68,False,0.08873624600164476,200,Normal,cpu,0,
cpu,efficientnet_b0_cxr,Normal,69,False,0.25929184399865335,200,Normal,cpu,0,
cpu,efficientnet_b0_cxr,Normal,70,False,0.08923949500240269,200,Normal,cpu,0,
cpu,efficientnet_b0_cxr,Normal,71,False,0.09047435100001167,200,Normal,cpu,0,
cpu,efficientnet_b0_cxr,Normal,72,False,0.08706925200021942,200,Normal,cpu,0,
cpu,efficientnet_b0_cxr,Normal,73,False,0.08982172600008198,200,Normal,cpu,0,
cpu,efficientnet_b0_cxr,Normal,74,False,0.23146237999753794,200,Normal,cpu,0,
cpu,efficientnet_b0_cxr,Normal,75,False,0.09108830300101545,200,Normal,cpu,0,
cpu,efficientnet_b0_cxr,Normal,76,False,0.09050912500242703,200,Normal,cpu,0,
cpu,efficientnet_b0_cxr,Normal,77,False,0.09796773999914876,200,Normal,cpu,0,
cpu,efficientnet_b0_cxr,Normal,78,False,0.09181259899924044,200,Normal,cpu,0,
cpu,efficientnet_b0_cxr,Normal,79,False,0.08686661300089327,200,Normal,cpu,0,
cpu,efficientnet_b0_cxr,Normal,80,False,0.08636684000157402,200,Normal,cpu,0,
cpu,efficientnet_b0_cxr,Normal,81,False,1.0292547499993816,200,Normal,cpu,0,
cpu,efficientnet_b0_cxr,Normal,82,False,0.09412064700154588,200,Normal,cpu,0,
cpu,efficientnet_b0_cxr,Normal,83,False,0.10947388600106933,200,Normal,cpu,0,
cpu,efficientnet_b0_cxr,Normal,84,False,0.10060935499859625,200,Normal,cpu,0,
cpu,efficientnet_b0_cxr,Normal,85,False,0.08656624399736756,200,Normal,cpu,0,
cpu,efficientnet_b0_cxr,Normal,86,False,0.08883674000026076,200,Normal,cpu,0,
cpu,efficientnet_b0_cxr,Normal,87,False,0.0927844570032903,200,Normal,cpu,0,
cpu,efficientnet_b0_cxr,Normal,88,False,0.13739864799936186,200,Normal,cpu,0,
cpu,efficientnet_b0_cxr,Normal,89,False,0.08974510800180724,200,Normal,cpu,0,
cpu,efficientnet_b0_cxr,Normal,90,False,0.08827391700106091,200,Normal,cpu,0,
cpu,efficientnet_b0_cxr,Normal,91,False,0.08614988599947537,200,Normal,cpu,0,
cpu,efficientnet_b0_cxr,Normal,92,False,0.08835620700119762,200,Normal,cpu,0,
cpu,efficientnet_b0_cxr,Normal,93,False,0.1918994779989589,200,Normal,cpu,0,
cpu,efficientnet_b0_cxr,Normal,94,False,0.09075580800345051,200,Normal,cpu,0,
cpu,efficientnet_b0_cxr,Normal,95,False,0.29370825499790953,200,Normal,cpu,0,
cpu,efficientnet_b0_cxr,Normal,96,False,0.08824370599904796,200,Normal,cpu,0,
cpu,efficientnet_b0_cxr,Normal,97,False,0.09190321200003382,200,Normal,cpu,0,
cpu,efficientnet_b0_cxr,Normal,98,False,0.694045639000251,200,Normal,cpu,0,
cpu,efficientnet_b0_cxr,Normal,99,False,0.22408454499964137,200,Normal,cpu,0,
cpu,efficientnet_b0_cxr,Normal,100,False,0.08997117699982482,200,Normal,cpu,0,
cpu,efficientnet_b0_cxr,Normal,101,False,0.09060869600216392,200,Normal,cpu,0,
cpu,efficientnet_b0_cxr,Normal,102,False,0.09122928299984778,200,Normal,cpu,0,
cpu,efficientnet_b0_cxr,Normal,103,False,0.13892085400220822,200,Normal,cpu,0,
cpu,efficientnet_b0_cxr,Normal,104,False,0.15199213699816028,200,Normal,cpu,0,
cpu,efficientnet_b0_cxr,Pneumonia,0,True,0.08338297099908232,200,Pneumonia,cpu,0,
cpu,efficientnet_b0_cxr,Pneumonia,1,True,0.6955964660010068,200,Pneumonia,cpu,0,
cpu,efficientnet_b0_cxr,Pneumonia,2,True,0.6293739720022131,200,Pneumonia,cpu,0,
cpu,efficientnet_b0_cxr,Pneumonia,3,True,1.6379369040005258,200,Pneumonia,cpu,0,
cpu,efficientnet_b0_cxr,Pneumonia,4,True,0.16089587099850178,200,Pneumonia,cpu,0,
cpu,efficientnet_b0_cxr,Pneumonia,5,False,0.10576946199944359,200,Pneumonia,cpu,0,
cpu,efficientnet_b0_cxr,Pneumonia,6,False,0.4689472909994947,200,Pneumonia,cpu,0,
cpu,efficientnet_b0_cxr,Pneumonia,7,False,0.15908474100069725,200,Pneumonia,cpu,0,
cpu,efficientnet_b0_cxr,Pneumonia,8,False,0.4038880479965883,200,Pneumonia,cpu,0,
cpu,efficientnet_b0_cxr,Pneumonia,9,False,0.202358964997984,200,Pneumonia,cpu,0,
cpu,efficientnet_b0_cxr,Pneumonia,10,False,0.5023708939988865,200,Pneumonia,cpu,0,
cpu,efficientnet_b0_cxr,Pneumonia,11,False,0.13681144999645767,200,Pneumonia,cpu,0,
cpu,efficientnet_b0_cxr,Pneumonia,12,False,0.19959297300010803,200,Pneumonia,cpu,0,
cpu,efficientnet_b0_cxr,Pneumonia,13,False,0.19075100500049302,200,Pneumonia,cpu,0,
cpu,efficientnet_b0_cxr,Pneumonia,14,False,0.36950708700169344,200,Pneumonia,cpu,0,
cpu,efficientnet_b0_cxr,Pneumonia,15,False,0.17420562999905087,200,Pneumonia,cpu,0,
cpu,efficientnet_b0_cxr,Pneumonia,16,False,0.2236322070020833,200,Pneumonia,cpu,0,
cpu,efficientnet_b0_cxr,Pneumonia,17,False,0.15021034099845565,200,Pneumonia,cpu,0,
cpu,efficientnet_b0_cxr,Pneumonia,18,False,0.1924166039971169,200,Pneumonia,cpu,0,
cpu,efficientnet_b0_cxr,Pneumonia,19,False,0.16686367299917038,200,Pneumonia,cpu,0,
cpu,efficientnet_b0_cxr,Pneumonia,20,False,0.13132088400016073,200,Pneumonia,cpu,0,
cpu,efficientnet_b0_cxr,Pneumonia,21,False,0.1949345879984321,200,Pneumonia,cpu,0,
cpu,efficientnet_b0_cxr,Pneumonia,22,False,0.25862211999992724,200,Pneumonia,cpu,0,
cpu,efficientnet_b0_cxr,Pneumonia,23,False,0.2124523610000324,200,Pneumonia,cpu,0,
cpu,efficientnet_b0_cxr,Pneumonia,24,False,0.09235954900213983,200,Pneumonia,cpu,0,
cpu,efficientnet_b0_cxr,Pneumonia,25,False,0.641047344000981,200,Pneumonia,cpu,0,
cpu,efficientnet_b0_cxr,Pneumonia,26,False,0.46104017499965266,200,Pneumonia,cpu,0,
cpu,efficientnet_b0_cxr,Pneumonia,27,False,0.1401938560011331,200,Pneumonia,cpu,0,
cpu,efficientnet_b0_cxr,Pneumonia,28,False,0.16706766200150014,200,Pneumonia,cpu,0,
cpu,efficientnet_b0_cxr,Pneumonia,29,False,0.18323367899938603,200,Pneumonia,cpu,0,
cpu,efficientnet_b0_cxr,Pneumonia,30,False,0.15652992600007565,200,Pneumonia,cpu,0,
cpu,efficientnet_b0_cxr,Pneumonia,31,False,0.17277320900029736,200,Pneumonia,cpu,0,
cpu,efficientnet_b0_cxr,Pneumonia,32,False,0.2613065289988299,200,Pneumonia,cpu,0,
cpu,efficientnet_b0_cxr,Pneumonia,33,False,0.28315478500007885,200,Pneumonia,cpu,0,
cpu,efficientnet_b0_cxr,Pneumonia,34,False,0.08565062599882367,200,Pneumonia,cpu,0,
cpu,efficientnet_b0_cxr,Pneumonia,35,False,0.15898107799876016,200,Pneumonia,cpu,0,
cpu,efficientnet_b0_cxr,Pneumonia,36,False,0.1848178159998497,200,Pneumonia,cpu,0,
cpu,efficientnet_b0_cxr,Pneumonia,37,False,0.5918600149998383,200,Pneumonia,cpu,0,
cpu,efficientnet_b0_cxr,Pneumonia,38,False,0.8167751930013765,200,Pneumonia,cpu,0,
cpu,efficientnet_b0_cxr,Pneumonia,39,False,0.15386758200111217,200,Pneumonia,cpu,0,
cpu,efficientnet_b0_cxr,Pneumonia,40,False,3.8195279520004988,200,Pneumonia,cpu,0,
cpu,efficientnet_b0_cxr,Pneumonia,41,False,0.08682448100080364,200,Pneumonia,cpu,0,
cpu,efficientnet_b0_cxr,Pneumonia,42,False,0.16204329100219184,200,Pneumonia,cpu,0,
cpu,efficientnet_b0_cxr,Pneumonia,43,False,0.08037519500066992,200,Pneumonia,cpu,0,
cpu,efficientnet_b0_cxr,Pneumonia,44,False,0.49067376899984083,200,Pneumonia,cpu,0,
cpu,efficientnet_b0_cxr,Pneumonia,45,False,0.3029302520008059,200,Pneumonia,cpu,0,
cpu,efficientnet_b0_cxr,Pneumonia,46,False,0.8028971929998079,200,Pneumonia,cpu,0,
cpu,efficientnet_b0_cxr,Pneumonia,47,False,0.09785679699780303,200,Pneumonia,cpu,0,
cpu,efficientnet_b0_cxr,Pneumonia,48,False,0.1313265370008594,200,Pneumonia,cpu,0,
cpu,efficientnet_b0_cxr,Pneumonia,49,False,0.16816040799676557,200,Pneumonia,cpu,0,
cpu,efficientnet_b0_cxr,Pneumonia,50,False,0.08603164099986316,200,Pneumonia,cpu,0,
cpu,efficientnet_b0_cxr,Pneumonia,51,False,0.1515325020009186,200,Pneumonia,cpu,0,
cpu,efficientnet_b0_cxr,Pneumonia,52,False,0.16527918900101213,200,Pneumonia,cpu,0,
cpu,efficientnet_b0_cxr,Pneumonia,53,False,0.13658329900135868,200,Pneumonia,cpu,0,
cpu,efficientnet_b0_cxr,Pneumonia,54,False,0.155861786002788,200,Pneumonia,cpu,0,
cpu,efficientnet_b0_cxr,Pneumonia,55,False,0.24124298400056432,200,Pneumonia,cpu,0,
cpu,efficientnet_b0_cxr,Pneumonia,56,False,2.608764949000033,200,Pneumonia,cpu,0,
cpu,efficientnet_b0_cxr,Pneumonia,57,False,0.16705348399773357,200,Pneumonia,cpu,0,
cpu,efficientnet_b0_cxr,Pneumonia,58,False,0.5918314949994965,200,Pneumonia,cpu,0,
cpu,efficientnet_b0_cxr,Pneumonia,59,False,0.35628464100227575,200,Pneumonia,cpu,0,
cpu,efficientnet_b0_cxr,Pneumonia,60,False,0.08774738099964452,200,Pneumonia,cpu,0,
cpu,efficientnet_b0_cxr,Pneumonia,61,False,0.09502534100101911,200,Pneumonia,cpu,0,
cpu,efficientnet_b0_cxr,Pneumonia,62,False,0.30406310699981987,200,Pneumonia,cpu,0,
cpu,efficientnet_b0_cxr,Pneumonia,63,False,0.387664265002968,200,Pneumonia,cpu,0,
cpu,efficientnet_b0_cxr,Pneumonia,64,False,0.1940836279973155,200,Pneumonia,cpu,0,
cpu,efficientnet_b0_cxr,Pneumonia,65,False,0.26531903599970974,200,Pneumonia,cpu,0,
cpu,efficientnet_b0_cxr,Pneumonia,66,False,0.09783616899949266,200,Pneumonia,cpu,0,
cpu,efficientnet_b0_cxr,Pneumonia,67,False,0.15774354099994525,200,Pneumonia,cpu,0,
cpu,efficientnet_b0_cxr,Pneumonia,68,False,0.3154786459999741,200,Pneumonia,cpu,0,
cpu,efficientnet_b0_cxr,Pneumonia,69,False,0.08239529899947229,200,Pneumonia,cpu,0,
cpu,efficientnet_b0_cxr,Pneumonia,70,False,0.173898236000241,200,Pneumonia,cpu,0,
cpu,efficientnet_b0_cxr,Pneumonia,71,False,0.2005329450003046,200,Pneumonia,cpu,0,
cpu,efficientnet_b0_cxr,Pneumonia,72,False,0.18611240899917902,200,Pneumonia,cpu,0,
cpu,efficientnet_b0_cxr,Pneumonia,73,False,0.09362680100093712,200,Pneumonia,cpu,0,
cpu,efficientnet_b0_cxr,Pneumonia,74,False,0.4004698820026533,200,Pneumonia,cpu,0,
cpu,efficientnet_b0_cxr,Pneumonia,75,False,0.5272203050008102,200,Pneumonia,cpu,0,
cpu,efficientnet_b0_cxr,Pneumonia,76,False,0.7328778470000543,200,Pneumonia,cpu,0,
cpu,efficientnet_b0_cxr,Pneumonia,77,False,0.17309401400052593,200,Pneumonia,cpu,0,
cpu,efficientnet_b0_cxr,Pneumonia,78,False,0.16584727599911275,200,Pneumonia,cpu,0,
cpu,efficientnet_b0_cxr,Pneumonia,79,False,0.42839851299868315,200,Pneumonia,cpu,0,
cpu,efficientnet_b0_cxr,Pneumonia,80,False,1.3758901379987947,200,Pneumonia,cpu,0,
cpu,efficientnet_b0_cxr,Pneumonia,81,False,0.0946677149986499,200,Pneumonia,cpu,0,
cpu,efficientnet_b0_cxr,Pneumonia,82,False,0.12639922599919373,200,Pneumonia,cpu,0,
cpu,efficientnet_b0_cxr,Pneumonia,83,False,0.17281451700182515,200,Pneumonia,cpu,0,
cpu,efficientnet_b0_cxr,Pneumonia,84,False,0.16325918899747194,200,Pneumonia,cpu,0,
cpu,efficientnet_b0_cxr,Pneumonia,85,False,0.18232645099851652,200,Pneumonia,cpu,0,
cpu,efficientnet_b0_cxr,Pneumonia,86,False,0.18544128199937404,200,Pneumonia,cpu,0,
cpu,efficientnet_b0_cxr,Pneumonia,87,False,0.1601448020010139,200,Pneumonia,cpu,0,
cpu,efficientnet_b0_cxr,Pneumonia,88,False,0.876021905001835,200,Pneumonia,cpu,0,
cpu,efficientnet_b0_cxr,Pneumonia,89,False,0.0815618220003671,200,Pneumonia,cpu,0,
cpu,efficientnet_b0_cxr,Pneumonia,90,False,1.5138591620016086,200,Pneumonia,cpu,0,
cpu,efficientnet_b0_cxr,Pneumonia,91,False,0.43037572399771307,200,Pneumonia,cpu,0,
cpu,efficientnet_b0_cxr,Pneumonia,92,False,0.15474576799897477,200,Pneumonia,cpu,0,
cpu,efficientnet_b0_cxr,Pneumonia,93,False,0.18001709600139293,200,Pneumonia,cpu,0,
cpu,efficientnet_b0_cxr,Pneumonia,94,False,0.3505126459967869,200,Pneumonia,cpu,0,
cpu,efficientnet_b0_cxr,Pneumonia,95,False,0.0855138810002245,200,Pneumonia,cpu,0,
cpu,efficientnet_b0_cxr,Pneumonia,96,False,0.10033085900067817,200,Pneumonia,cpu,0,
cpu,efficientnet_b0_cxr,Pneumonia,97,False,0.15877168600127334,200,Pneumonia,cpu,0,
cpu,efficientnet_b0_cxr,Pneumonia,98,False,1.2692072080026264,200,Pneumonia,cpu,0,
cpu,efficientnet_b0_cxr,Pneumonia,99,False,0.17238684499898227,200,Pneumonia,cpu,0,
cpu,efficientnet_b0_cxr,Pneumonia,100,False,0.08517666500119958,200,Pneumonia,cpu,0,
cpu,efficientnet_b0_cxr,Pneumonia,101,False,0.10110852399884607,200,Pneumonia,cpu,0,
cpu,efficientnet_b0_cxr,Pneumonia,102,False,0.1352947960003803,200,Pneumonia,cpu,0,
cpu,efficientnet_b0_cxr,Pneumonia,103,False,0.07464534200335038,200,Pneumonia,cpu,0,
cpu,efficientnet_b0_cxr,Pneumonia,104,False,1.3950382389994047,200,Pneumonia,cpu,0,
cpu,efficientnet_b0_cxr,TB,0,True,0.3064493029996811,200,TB,cpu,0,
cpu,efficientnet_b0_cxr,TB,1,True,0.10009129500031122,200,TB,cpu,0,
cpu,efficientnet_b0_cxr,TB,2,True,0.18081721300040954,200,TB,cpu,0,
cpu,efficientnet_b0_cxr,TB,3,True,0.29143960799774504,200,TB,cpu,0,
cpu,efficientnet_b0_cxr,TB,4,True,0.15117778399871895,200,TB,cpu,0,
cpu,efficientnet_b0_cxr,TB,5,False,0.08472868600074435,200,TB,cpu,0,
cpu,efficientnet_b0_cxr,TB,6,False,0.1710449679994781,200,TB,cpu,0,
cpu,efficientnet_b0_cxr,TB,7,False,0.3418958729998849,200,TB,cpu,0,
cpu,efficientnet_b0_cxr,TB,8,False,0.4996488409997255,200,TB,cpu,0,
cpu,efficientnet_b0_cxr,TB,9,False,0.1783927889991901,200,TB,cpu,0,
cpu,efficientnet_b0_cxr,TB,10,False,0.17792856999949436,200,TB,cpu,0,
cpu,efficientnet_b0_cxr,TB,11,False,0.17663505300151883,200,TB,cpu,0,
cpu,efficientnet_b0_cxr,TB,12,False,1.1302250070002628,200,TB,cpu,0,
cpu,efficientnet_b0_cxr,TB,13,False,0.40886332700029016,200,TB,cpu,0,
cpu,efficientnet_b0_cxr,TB,14,False,0.15321980400040047,200,TB,cpu,0,
cpu,efficientnet_b0_cxr,TB,15,False,0.2546105629990052,200,TB,cpu,0,
cpu,efficientnet_b0_cxr,TB,16,False,0.11369695399844204,200,TB,cpu,0,
cpu,efficientnet_b0_cxr,TB,17,False,0.08099394600139931,200,TB,cpu,0,
cpu,efficientnet_b0_cxr,TB,18,False,0.29179514000134077,200,TB,cpu,0,
cpu,efficientnet_b0_cxr,TB,19,False,0.3021038840015535,200,TB,cpu,0,
cpu,efficientnet_b0_cxr,TB,20,False,0.14518677399973967,200,TB,cpu,0,
cpu,efficientnet_b0_cxr,TB,21,False,0.09548362800342147,200,TB,cpu,0,
cpu,efficientnet_b0_cxr,TB,22,False,0.14837840900145238,200,TB,cpu,0,
cpu,efficientnet_b0_cxr,TB,23,False,1.0127515200001653,200,TB,cpu,0,
cpu,efficientnet_b0_cxr,TB,24,False,0.1812710509984754,200,TB,cpu,0,
cpu,efficientnet_b0_cxr,TB,25,False,0.5311568770011945,200,TB,cpu,0,
cpu,efficientnet_b0_cxr,TB,26,False,0.19682867899973644,200,TB,cpu,0,
cpu,efficientnet_b0_cxr,TB,27,False,0.11366690199793084,200,TB,cpu,0,
cpu,efficientnet_b0_cxr,TB,28,False,1.6584618959968793,200,TB,cpu,0,
cpu,efficientnet_b0_cxr,TB,29,False,0.2108772810024675,200,TB,cpu,0,
cpu,efficientnet_b0_cxr,TB,30,False,0.20779258399852552,200,TB,cpu,0,
cpu,efficientnet_b0_cxr,TB,31,False,0.22238295700299204,200,TB,cpu,0,
cpu,efficientnet_b0_cxr,TB,32,False,0.11685409499841626,200,TB,cpu,0,
cpu,efficientnet_b0_cxr,TB,33,False,0.15680941800019355,200,TB,cpu,0,
cpu,efficientnet_b0_cxr,TB,34,False,0.09689102099946467,200,TB,cpu,0,
cpu,efficientnet_b0_cxr,TB,35,False,0.1741195959984907,200,TB,cpu,0,
cpu,efficientnet_b0_cxr,TB,36,False,0.17931611200037878,200,TB,cpu,0,
cpu,efficientnet_b0_cxr,TB,37,False,0.235080153997842,200,TB,cpu,0,
cpu,efficientnet_b0_cxr,TB,38,False,0.13058419699882506,200,TB,cpu,0,
cpu,efficientnet_b0_cxr,TB,39,False,0.10657932699905359,200,TB,cpu,0,
cpu,efficientnet_b0_cxr,TB,40,False,0.3290918549973867,200,TB,cpu,0,
cpu,efficientnet_b0_cxr,TB,41,False,0.19438439100122196,200,TB,cpu,0,
cpu,efficientnet_b0_cxr,TB,42,False,0.12735653600248042,200,TB,cpu,0,
cpu,efficientnet_b0_cxr,TB,43,False,0.09364341000036802,200,TB,cpu,0,
cpu,efficientnet_b0_cxr,TB,44,False,0.16642098800002714,200,TB,cpu,0,
cpu,efficientnet_b0_cxr,TB,45,False,0.08341405499959365,200,TB,cpu,0,
cpu,efficientnet_b0_cxr,TB,46,False,0.5230451620009262,200,TB,cpu,0,
cpu,efficientnet_b0_cxr,TB,47,False,0.23459680800078786,200,TB,cpu,0,
cpu,efficientnet_b0_cxr,TB,48,False,0.23996095999973477,200,TB,cpu,0,
cpu,efficientnet_b0_cxr,TB,49,False,0.7220614750003733,200,TB,cpu,0,
cpu,efficientnet_b0_cxr,TB,50,False,0.16579733199978364,200,TB,cpu,0,
cpu,efficientnet_b0_cxr,TB,51,False,0.14723643700199318,200,TB,cpu,0,
cpu,efficientnet_b0_cxr,TB,52,False,0.14708200599852717,200,TB,cpu,0,
cpu,efficientnet_b0_cxr,TB,53,False,0.14172591199894669,200,TB,cpu,0,
cpu,efficientnet_b0_cxr,TB,54,False,0.09349431800001184,200,TB,cpu,0,
cpu,efficientnet_b0_cxr,TB,55,False,0.3955345510003099,200,TB,cpu,0,
cpu,efficientnet_b0_cxr,TB,56,False,0.16449553500206093,200,TB,cpu,0,
cpu,efficientnet_b0_cxr,TB,57,False,0.15829442299946095,200,TB,cpu,0,
cpu,efficientnet_b0_cxr,TB,58,False,0.09946481800216134,200,TB,cpu,0,
cpu,efficientnet_b0_cxr,TB,59,False,0.19956966300014756,200,TB,cpu,0,
cpu,efficientnet_b0_cxr,TB,60,False,0.7018427600014547,200,TB,cpu,0,
cpu,efficientnet_b0_cxr,TB,61,False,0.09880404199793702,200,TB,cpu,0,
cpu,efficientnet_b0_cxr,TB,62,False,1.6639417330006836,200,TB,cpu,0,
cpu,efficientnet_b0_cxr,TB,63,False,0.08489638699757052,200,TB,cpu,0,
cpu,efficientnet_b0_cxr,TB,64,False,0.10080619899963494,200,TB,cpu,0,
cpu,efficientnet_b0_cxr,TB,65,False,0.31557190399689716,200,TB,cpu,0,
cpu,efficientnet_b0_cxr,TB,66,False,0.1456808139992063,200,TB,cpu,0,
cpu,efficientnet_b0_cxr,TB,67,False,0.17750501900081872,200,TB,cpu,0,
cpu,efficientnet_b0_cxr,TB,68,False,0.3034044229971187,200,TB,cpu,0,
cpu,efficientnet_b0_cxr,TB,69,False,0.1558840549987508,200,TB,cpu,0,
cpu,efficientnet_b0_cxr,TB,70,False,0.1842289449996315,200,TB,cpu,0,
cpu,efficientnet_b0_cxr,TB,71,False,0.2893594540000777,200,TB,cpu,0,
cpu,efficientnet_b0_cxr,TB,72,False,0.13845935400240705,200,TB,cpu,0,
cpu,efficientnet_b0_cxr,TB,73,False,1.2080111789982766,200,TB,cpu,0,
cpu,efficientnet_b0_cxr,TB,74,False,0.1706164790011826,200,TB,cpu,0,
cpu,efficientnet_b0_cxr,TB,75,False,0.1860281860026589,200,TB,cpu,0,
cpu,efficientnet_b0_cxr,TB,76,False,0.17311321099987254,200,TB,cpu,0,
cpu,efficientnet_b0_cxr,TB,77,False,0.1813607679978304,200,TB,cpu,0,
cpu,efficientnet_b0_cxr,TB,78,False,0.08231091300331173,200,TB,cpu,0,
cpu,efficientnet_b0_cxr,TB,79,False,0.18491372499920544,200,TB,cpu,0,
cpu,efficientnet_b0_cxr,TB,80,False,0.3310397589993954,200,TB,cpu,0,
cpu,efficientnet_b0_cxr,TB,81,False,0.1681817040007445,200,TB,cpu,0,
cpu,efficientnet_b0_cxr,TB,82,False,0.2054242960002739,200,TB,cpu,0,
cpu,efficientnet_b0_cxr,TB,83,False,0.337147250000271,200,TB,cpu,0,
cpu,efficientnet_b0_cxr,TB,84,False,0.3467919350005104,200,TB,cpu,0,
cpu,efficientnet_b0_cxr,TB,85,False,0.15223037900068448,200,TB,cpu,0,
cpu,efficientnet_b0_cxr,TB,86,False,0.14415568799813627,200,TB,cpu,0,
cpu,efficientnet_b0_cxr,TB,87,False,0.1061100320002879,200,TB,cpu,0,
cpu,efficientnet_b0_cxr,TB,88,False,0.5448568510000769,200,TB,cpu,0,
cpu,efficientnet_b0_cxr,TB,89,False,0.09188079200248467,200,TB,cpu,0,
cpu,efficientnet_b0_cxr,TB,90,False,0.35233783299918287,200,TB,cpu,0,
cpu,efficientnet_b0_cxr,TB,91,False,0.4149073149965261,200,TB,cpu,0,
cpu,efficientnet_b0_cxr,TB,92,False,0.2854481369977293,200,TB,cpu,0,
cpu,efficientnet_b0_cxr,TB,93,False,0.19804916200155276,200,TB,cpu,0,
cpu,efficientnet_b0_cxr,TB,94,False,0.19598051499997382,200,TB,cpu,0,
cpu,efficientnet_b0_cxr,TB,95,False,0.1994564930027991,200,TB,cpu,0,
cpu,efficientnet_b0_cxr,TB,96,False,0.19622727200112422,200,TB,cpu,0,
cpu,efficientnet_b0_cxr,TB,97,False,0.31725830399955157,200,TB,cpu,0,
cpu,efficientnet_b0_cxr,TB,98,False,0.16493819099923712,200,TB,cpu,0,
cpu,efficientnet_b0_cxr,TB,99,False,1.7820299310005794,200,TB,cpu,0,
cpu,efficientnet_b0_cxr,TB,100,False,0.08502227799908724,200,TB,cpu,0,
cpu,efficientnet_b0_cxr,TB,101,False,0.08956186399882426,200,TB,cpu,0,
cpu,efficientnet_b0_cxr,TB,102,False,0.16182647999812616,200,TB,cpu,0,
cpu,efficientnet_b0_cxr,TB,103,False,0.2963447049987735,200,TB,cpu,0,
cpu,efficientnet_b0_cxr,TB,104,False,0.9340213340001355,200,TB,cpu,0,
cpu,efficientnet_b0_imagenet,Normal,0,True,0.09802301400122815,200,Normal,cpu,0,
cpu,efficientnet_b0_imagenet,Normal,1,True,0.19927213000119082,200,Normal,cpu,0,
cpu,efficientnet_b0_imagenet,Normal,2,True,0.1081931379994785,200,Normal,cpu,0,
cpu,efficientnet_b0_imagenet,Normal,3,True,0.1429769469978055,200,Normal,cpu,0,
cpu,efficientnet_b0_imagenet,Normal,4,True,0.16358707800100092,200,Normal,cpu,0,
cpu,efficientnet_b0_imagenet,Normal,5,False,0.18694831399989198,200,Normal,cpu,0,
cpu,efficientnet_b0_imagenet,Normal,6,False,0.4520489950009505,200,Normal,cpu,0,
cpu,efficientnet_b0_imagenet,Normal,7,False,0.160916229000577,200,Normal,cpu,0,
cpu,efficientnet_b0_imagenet,Normal,8,False,0.3362420010016649,200,Normal,cpu,0,
cpu,efficientnet_b0_imagenet,Normal,9,False,0.729883713000163,200,Normal,cpu,0,
cpu,efficientnet_b0_imagenet,Normal,10,False,0.2168417180000688,200,Normal,cpu,0,
cpu,efficientnet_b0_imagenet,Normal,11,False,0.10589698100011447,200,Normal,cpu,0,
cpu,efficientnet_b0_imagenet,Normal,12,False,0.14044368199756718,200,Normal,cpu,0,
cpu,efficientnet_b0_imagenet,Normal,13,False,0.09425002699936158,200,Normal,cpu,0,
cpu,efficientnet_b0_imagenet,Normal,14,False,0.14334847799909767,200,Normal,cpu,0,
cpu,efficientnet_b0_imagenet,Normal,15,False,0.17050494699651608,200,Normal,cpu,0,
cpu,efficientnet_b0_imagenet,Normal,16,False,0.1820987570026773,200,Normal,cpu,0,
cpu,efficientnet_b0_imagenet,Normal,17,False,0.08137474000250222,200,Normal,cpu,0,
cpu,efficientnet_b0_imagenet,Normal,18,False,0.29234912100218935,200,Normal,cpu,0,
cpu,efficientnet_b0_imagenet,Normal,19,False,0.17483972899935907,200,Normal,cpu,0,
cpu,efficientnet_b0_imagenet,Normal,20,False,0.1579818450009043,200,Normal,cpu,0,
cpu,efficientnet_b0_imagenet,Normal,21,False,0.15773669100235566,200,Normal,cpu,0,
cpu,efficientnet_b0_imagenet,Normal,22,False,0.1077316470000369,200,Normal,cpu,0,
cpu,efficientnet_b0_imagenet,Normal,23,False,0.44594288999724085,200,Normal,cpu,0,
cpu,efficientnet_b0_imagenet,Normal,24,False,0.22342331500112778,200,Normal,cpu,0,
cpu,efficientnet_b0_imagenet,Normal,25,False,0.368351850000181,200,Normal,cpu,0,
cpu,efficientnet_b0_imagenet,Normal,26,False,0.517909204998432,200,Normal,cpu,0,
cpu,efficientnet_b0_imagenet,Normal,27,False,0.18837449100101367,200,Normal,cpu,0,
cpu,efficientnet_b0_imagenet,Normal,28,False,0.32502311899952474,200,Normal,cpu,0,
cpu,efficientnet_b0_imagenet,Normal,29,False,0.1690869570011273,200,Normal,cpu,0,
cpu,efficientnet_b0_imagenet,Normal,30,False,0.15708519799954956,200,Normal,cpu,0,
cpu,efficientnet_b0_imagenet,Normal,31,False,0.09765465999953449,200,Normal,cpu,0,
cpu,efficientnet_b0_imagenet,Normal,32,False,0.5309890390017244,200,Normal,cpu,0,
cpu,efficientnet_b0_imagenet,Normal,33,False,0.08719568800006527,200,Normal,cpu,0,
cpu,efficientnet_b0_imagenet,Normal,34,False,0.10993551499996101,200,Normal,cpu,0,
cpu,efficientnet_b0_imagenet,Normal,35,False,0.15600749499935773,200,Normal,cpu,0,
cpu,efficientnet_b0_imagenet,Normal,36,False,0.1800943219968758,200,Normal,cpu,0,
cpu,efficientnet_b0_imagenet,Normal,37,False,0.21441151299950434,200,Normal,cpu,0,
cpu,efficientnet_b0_imagenet,Normal,38,False,0.33948972299913294,200,Normal,cpu,0,
cpu,efficientnet_b0_imagenet,Normal,39,False,0.08550450599796022,200,Normal,cpu,0,
cpu,efficientnet_b0_imagenet,Normal,40,False,0.5840270549997513,200,Normal,cpu,0,
cpu,efficientnet_b0_imagenet,Normal,41,False,0.15991393600052106,200,Normal,cpu,0,
cpu,efficientnet_b0_imagenet,Normal,42,False,0.17997344900140888,200,Normal,cpu,0,
cpu,efficientnet_b0_imagenet,Normal,43,False,0.1608824069990078,200,Normal,cpu,0,
cpu,efficientnet_b0_imagenet,Normal,44,False,0.09251511199909146,200,Normal,cpu,0,
cpu,efficientnet_b0_imagenet,Normal,45,False,0.33872957700077677,200,Normal,cpu,0,
cpu,efficientnet_b0_imagenet,Normal,46,False,0.08845542099879822,200,Normal,cpu,0,
cpu,efficientnet_b0_imagenet,Normal,47,False,0.17497969399846625,200,Normal,cpu,0,
cpu,efficientnet_b0_imagenet,Normal,48,False,0.10948794700016151,200,Normal,cpu,0,
cpu,efficientnet_b0_imagenet,Normal,49,False,0.15005937999740127,200,Normal,cpu,0,
cpu,efficientnet_b0_imagenet,Normal,50,False,0.09357819999786443,200,Normal,cpu,0,
cpu,efficientnet_b0_imagenet,Normal,51,False,0.15530281300016213,200,Normal,cpu,0,
cpu,efficientnet_b0_imagenet,Normal,52,False,0.15388222599722212,200,Normal,cpu,0,
cpu,efficientnet_b0_imagenet,Normal,53,False,0.10187120200134814,200,Normal,cpu,0,
cpu,efficientnet_b0_imagenet,Normal,54,False,0.24111601099866675,200,Normal,cpu,0,
cpu,efficientnet_b0_imagenet,Normal,55,False,0.09065408199967351,200,Normal,cpu,0,
cpu,efficientnet_b0_imagenet,Normal,56,False,0.22854441900199163,200,Normal,cpu,0,
cpu,efficientnet_b0_imagenet,Normal,57,False,0.09350784799971734,200,Normal,cpu,0,
cpu,efficientnet_b0_imagenet,Normal,58,False,0.1774138500004483,200,Normal,cpu,0,
cpu,efficientnet_b0_imagenet,Normal,59,False,0.17751695499828202,200,Normal,cpu,0,
cpu,efficientnet_b0_imagenet,Normal,60,False,0.1486569699991378,200,Normal,cpu,0,
cpu,efficientnet_b0_imagenet,Normal,61,False,0.2133504820012604,200,Normal,cpu,0,
cpu,efficientnet_b0_imagenet,Normal,62,False,0.40007159000015236,200,Normal,cpu,0,
cpu,efficientnet_b0_imagenet,Normal,63,False,0.0922006760010845,200,Normal,cpu,0,
cpu,efficientnet_b0_imagenet,Normal,64,False,1.9330738860007841,200,Normal,cpu,0,
cpu,efficientnet_b0_imagenet,Normal,65,False,0.3852339539989771,200,Normal,cpu,0,
cpu,efficientnet_b0_imagenet,Normal,66,False,0.3131567099990207,200,Normal,cpu,0,
cpu,efficientnet_b0_imagenet,Normal,67,False,0.15337885899862158,200,Normal,cpu,0,
cpu,efficientnet_b0_imagenet,Normal,68,False,0.19737922200147295,200,Normal,cpu,0,
cpu,efficientnet_b0_imagenet,Normal,69,False,0.19948044600096182,200,Normal,cpu,0,
cpu,efficientnet_b0_imagenet,Normal,70,False,0.12800072399841156,200,Normal,cpu,0,
cpu,efficientnet_b0_imagenet,Normal,71,False,0.1609166610032844,200,Normal,cpu,0,
cpu,efficientnet_b0_imagenet,Normal,72,False,1.7576342829997884,200,Normal,cpu,0,
cpu,efficientnet_b0_imagenet,Normal,73,False,0.10714208399804193,200,Normal,cpu,0,
cpu,efficientnet_b0_imagenet,Normal,74,False,0.14718761099720723,200,Normal,cpu,0,
cpu,efficientnet_b0_imagenet,Normal,75,False,0.1049759070010623,200,Normal,cpu,0,
cpu,efficientnet_b0_imagenet,Normal,76,False,0.34620955499849515,200,Normal,cpu,0,
cpu,efficientnet_b0_imagenet,Normal,77,False,0.1007311529974686,200,Normal,cpu,0,
cpu,efficientnet_b0_imagenet,Normal,78,False,0.1950585359991237,200,Normal,cpu,0,
cpu,efficientnet_b0_imagenet,Normal,79,False,0.15023380300044664,200,Normal,cpu,0,
cpu,efficientnet_b0_imagenet,Normal,80,False,0.1486975679981697,200,Normal,cpu,0,
cpu,efficientnet_b0_imagenet,Normal,81,False,0.08789133199752541,200,Normal,cpu,0,
cpu,efficientnet_b0_imagenet,Normal,82,False,0.15476005500022438,200,Normal,cpu,0,
cpu,efficientnet_b0_imagenet,Normal,83,False,0.11626465999870561,200,Normal,cpu,0,
cpu,efficientnet_b0_imagenet,Normal,84,False,0.12155463299859548,200,Normal,cpu,0,
cpu,efficientnet_b0_imagenet,Normal,85,False,0.530056744999456,200,Normal,cpu,0,
cpu,efficientnet_b0_imagenet,Normal,86,False,0.13635197300027357,200,Normal,cpu,0,
cpu,efficientnet_b0_imagenet,Normal,87,False,0.10789096399821574,200,Normal,cpu,0,
cpu,efficientnet_b0_imagenet,Normal,88,False,0.12430419699740014,200,Normal,cpu,0,
cpu,efficientnet_b0_imagenet,Normal,89,False,2.327072791002138,200,Normal,cpu,0,
cpu,efficientnet_b0_imagenet,Normal,90,False,0.14315489000000525,200,Normal,cpu,0,
cpu,efficientnet_b0_imagenet,Normal,91,False,0.1817359260021476,200,Normal,cpu,0,
cpu,efficientnet_b0_imagenet,Normal,92,False,0.22400396699958947,200,Normal,cpu,0,
cpu,efficientnet_b0_imagenet,Normal,93,False,0.15707381699758116,200,Normal,cpu,0,
cpu,efficientnet_b0_imagenet,Normal,94,False,0.18484528499902808,200,Normal,cpu,0,
cpu,efficientnet_b0_imagenet,Normal,95,False,0.16348895900227944,200,Normal,cpu,0,
cpu,efficientnet_b0_imagenet,Normal,96,False,0.18058377699708217,200,Normal,cpu,0,
cpu,efficientnet_b0_imagenet,Normal,97,False,0.16975618599826703,200,Normal,cpu,0,
cpu,efficientnet_b0_imagenet,Normal,98,False,0.23518115600018064,200,Normal,cpu,0,
cpu,efficientnet_b0_imagenet,Normal,99,False,0.15141285600111587,200,Normal,cpu,0,
cpu,efficientnet_b0_imagenet,Normal,100,False,1.2443592270028603,200,Normal,cpu,0,
cpu,efficientnet_b0_imagenet,Normal,101,False,0.3439049309999973,200,Normal,cpu,0,
cpu,efficientnet_b0_imagenet,Normal,102,False,0.0924034859999665,200,Normal,cpu,0,
cpu,efficientnet_b0_imagenet,Normal,103,False,0.18879269999888493,200,Normal,cpu,0,
cpu,efficientnet_b0_imagenet,Normal,104,False,1.4362960789985664,200,Normal,cpu,0,
cpu,efficientnet_b0_imagenet,Pneumonia,0,True,0.14683518300080323,200,Pneumonia,cpu,0,
cpu,efficientnet_b0_imagenet,Pneumonia,1,True,0.78431182499844,200,Pneumonia,cpu,0,
cpu,efficientnet_b0_imagenet,Pneumonia,2,True,0.3132315129987546,200,Pneumonia,cpu,0,
cpu,efficientnet_b0_imagenet,Pneumonia,3,True,0.8753537359989423,200,Pneumonia,cpu,0,
cpu,efficientnet_b0_imagenet,Pneumonia,4,True,0.1261541749991011,200,Pneumonia,cpu,0,
cpu,efficientnet_b0_imagenet,Pneumonia,5,False,0.161356339998747,200,Pneumonia,cpu,0,
cpu,efficientnet_b0_imagenet,Pneumonia,6,False,0.16984259200035012,200,Pneumonia,cpu,0,
cpu,efficientnet_b0_imagenet,Pneumonia,7,False,0.18481968099877122,200,Pneumonia,cpu,0,
cpu,efficientnet_b0_imagenet,Pneumonia,8,False,0.1694829820007726,200,Pneumonia,cpu,0,
cpu,efficientnet_b0_imagenet,Pneumonia,9,False,0.2031587479978043,200,Pneumonia,cpu,0,
cpu,efficientnet_b0_imagenet,Pneumonia,10,False,0.35227495299841394,200,Pneumonia,cpu,0,
cpu,efficientnet_b0_imagenet,Pneumonia,11,False,0.15980064899849822,200,Pneumonia,cpu,0,
cpu,efficientnet_b0_imagenet,Pneumonia,12,False,0.23989282300317427,200,Pneumonia,cpu,0,
cpu,efficientnet_b0_imagenet,Pneumonia,13,False,0.4458456960019248,200,Pneumonia,cpu,0,
cpu,efficientnet_b0_imagenet,Pneumonia,14,False,0.17379418400014401,200,Pneumonia,cpu,0,
cpu,efficientnet_b0_imagenet,Pneumonia,15,False,0.3959715429991775,200,Pneumonia,cpu,0,
cpu,efficientnet_b0_imagenet,Pneumonia,16,False,0.0979191799997352,200,Pneumonia,cpu,0,
cpu,efficientnet_b0_imagenet,Pneumonia,17,False,0.13175250799758942,200,Pneumonia,cpu,0,
cpu,efficientnet_b0_imagenet,Pneumonia,18,False,0.9847072990014567,200,Pneumonia,cpu,0,
cpu,efficientnet_b0_imagenet,Pneumonia,19,False,0.08649666900237207,200,Pneumonia,cpu,0,
cpu,efficientnet_b0_imagenet,Pneumonia,20,False,0.10935594500188017,200,Pneumonia,cpu,0,
cpu,efficientnet_b0_imagenet,Pneumonia,21,False,0.08643061799739371,200,Pneumonia,cpu,0,
cpu,efficientnet_b0_imagenet,Pneumonia,22,False,0.07380759199804743,200,Pneumonia,cpu,0,
cpu,efficientnet_b0_imagenet,Pneumonia,23,False,0.15879523399780737,200,Pneumonia,cpu,0,
cpu,efficientnet_b0_imagenet,Pneumonia,24,False,0.3672586330030754,200,Pneumonia,cpu,0,
cpu,efficientnet_b0_imagenet,Pneumonia,25,False,0.2508806839978206,200,Pneumonia,cpu,0,
cpu,efficientnet_b0_imagenet,Pneumonia,26,False,0.5481592520009144,200,Pneumonia,cpu,0,
cpu,efficientnet_b0_imagenet,Pneumonia,27,False,0.1409754510023049,200,Pneumonia,cpu,0,
cpu,efficientnet_b0_imagenet,Pneumonia,28,False,0.4191727389988955,200,Pneumonia,cpu,0,
cpu,efficientnet_b0_imagenet,Pneumonia,29,False,1.0243164979983703,200,Pneumonia,cpu,0,
cpu,efficientnet_b0_imagenet,Pneumonia,30,False,0.07944969600066543,200,Pneumonia,cpu,0,
cpu,efficientnet_b0_imagenet,Pneumonia,31,False,0.9082372119992215,200,Pneumonia,cpu,0,
cpu,efficientnet_b0_imagenet,Pneumonia,32,False,0.07928267899842467,200,Pneumonia,cpu,0,
cpu,efficientnet_b0_imagenet,Pneumonia,33,False,0.15120558900161996,200,Pneumonia,cpu,0,
cpu,efficientnet_b0_imagenet,Pneumonia,34,False,0.30560452099962276,200,Pneumonia,cpu,0,
cpu,efficientnet_b0_imagenet,Pneumonia,35,False,0.18929872499938938,200,Pneumonia,cpu,0,
cpu,efficientnet_b0_imagenet,Pneumonia,36,False,0.07839307399990503,200,Pneumonia,cpu,0,
cpu,efficientnet_b0_imagenet,Pneumonia,37,False,0.08791704399845912,200,Pneumonia,cpu,0,
cpu,efficientnet_b0_imagenet,Pneumonia,38,False,0.09201599999869359,200,Pneumonia,cpu,0,
cpu,efficientnet_b0_imagenet,Pneumonia,39,False,1.1544461869998486,200,Pneumonia,cpu,0,
cpu,efficientnet_b0_imagenet,Pneumonia,40,False,0.08407679599986295,200,Pneumonia,cpu,0,
cpu,efficientnet_b0_imagenet,Pneumonia,41,False,0.20111772100062808,200,Pneumonia,cpu,0,
cpu,efficientnet_b0_imagenet,Pneumonia,42,False,0.07831328900283552,200,Pneumonia,cpu,0,
cpu,efficientnet_b0_imagenet,Pneumonia,43,False,0.17396092600029078,200,Pneumonia,cpu,0,
cpu,efficientnet_b0_imagenet,Pneumonia,44,False,0.31367362899982254,200,Pneumonia,cpu,0,
cpu,efficientnet_b0_imagenet,Pneumonia,45,False,0.34449081999991904,200,Pneumonia,cpu,0,
cpu,efficientnet_b0_imagenet,Pneumonia,46,False,0.10007646699887118,200,Pneumonia,cpu,0,
cpu,efficientnet_b0_imagenet,Pneumonia,47,False,0.14282656000068528,200,Pneumonia,cpu,0,
cpu,efficientnet_b0_imagenet,Pneumonia,48,False,0.09276010900066467,200,Pneumonia,cpu,0,
cpu,efficientnet_b0_imagenet,Pneumonia,49,False,0.16330673799893702,200,Pneumonia,cpu,0,
cpu,efficientnet_b0_imagenet,Pneumonia,50,False,0.18400421800106415,200,Pneumonia,cpu,0,
cpu,efficientnet_b0_imagenet,Pneumonia,51,False,0.08525054899655515,200,Pneumonia,cpu,0,
cpu,efficientnet_b0_imagenet,Pneumonia,52,False,0.09650068799965084,200,Pneumonia,cpu,0,
cpu,efficientnet_b0_imagenet,Pneumonia,53,False,0.08323365999967791,200,Pneumonia,cpu,0,
cpu,efficientnet_b0_imagenet,Pneumonia,54,False,0.9577051930027665,200,Pneumonia,cpu,0,
cpu,efficientnet_b0_imagenet,Pneumonia,55,False,0.1287829110005987,200,Pneumonia,cpu,0,
cpu,efficientnet_b0_imagenet,Pneumonia,56,False,0.19754851600009715,200,Pneumonia,cpu,0,
cpu,efficientnet_b0_imagenet,Pneumonia,57,False,0.20376776500052074,200,Pneumonia,cpu,0,
cpu,efficientnet_b0_imagenet,Pneumonia,58,False,1.3870752389993868,200,Pneumonia,cpu,0,
cpu,efficientnet_b0_imagenet,Pneumonia,59,False,0.07708920699951705,200,Pneumonia,cpu,0,
cpu,efficientnet_b0_imagenet,Pneumonia,60,False,0.46443386399914743,200,Pneumonia,cpu,0,
cpu,efficientnet_b0_imagenet,Pneumonia,61,False,0.19268168700000388,200,Pneumonia,cpu,0,
cpu,efficientnet_b0_imagenet,Pneumonia,62,False,0.08935157200176036,200,Pneumonia,cpu,0,
cpu,efficientnet_b0_imagenet,Pneumonia,63,False,0.20425915899977554,200,Pneumonia,cpu,0,
cpu,efficientnet_b0_imagenet,Pneumonia,64,False,0.24144950499976403,200,Pneumonia,cpu,0,
cpu,efficientnet_b0_imagenet,Pneumonia,65,False,0.07372462399871438,200,Pneumonia,cpu,0,
cpu,efficientnet_b0_imagenet,Pneumonia,66,False,0.28043050700216554,200,Pneumonia,cpu,0,
cpu,efficientnet_b0_imagenet,Pneumonia,67,False,0.4488567680018605,200,Pneumonia,cpu,0,
cpu,efficientnet_b0_imagenet,Pneumonia,68,False,0.19677023299664143,200,Pneumonia,cpu,0,
cpu,efficientnet_b0_imagenet,Pneumonia,69,False,0.17468752899731044,200,Pneumonia,cpu,0,
cpu,efficientnet_b0_imagenet,Pneumonia,70,False,0.14831343399782781,200,Pneumonia,cpu,0,
cpu,efficientnet_b0_imagenet,Pneumonia,71,False,0.5772507990004669,200,Pneumonia,cpu,0,
cpu,efficientnet_b0_imagenet,Pneumonia,72,False,0.27208371400047326,200,Pneumonia,cpu,0,
cpu,efficientnet_b0_imagenet,Pneumonia,73,False,0.4192003299976932,200,Pneumonia,cpu,0,
cpu,efficientnet_b0_imagenet,Pneumonia,74,False,0.17403907799962326,200,Pneumonia,cpu,0,
cpu,efficientnet_b0_imagenet,Pneumonia,75,False,0.1993346500021289,200,Pneumonia,cpu,0,
cpu,efficientnet_b0_imagenet,Pneumonia,76,False,0.43727119699906325,200,Pneumonia,cpu,0,
cpu,efficientnet_b0_imagenet,Pneumonia,77,False,1.633404886997596,200,Pneumonia,cpu,0,
cpu,efficientnet_b0_imagenet,Pneumonia,78,False,0.07719082499897922,200,Pneumonia,cpu,0,
cpu,efficientnet_b0_imagenet,Pneumonia,79,False,1.0856552320001356,200,Pneumonia,cpu,0,
cpu,efficientnet_b0_imagenet,Pneumonia,80,False,0.15761430599741288,200,Pneumonia,cpu,0,
cpu,efficientnet_b0_imagenet,Pneumonia,81,False,0.11418699699788704,200,Pneumonia,cpu,0,
cpu,efficientnet_b0_imagenet,Pneumonia,82,False,0.2058463040011702,200,Pneumonia,cpu,0,
cpu,efficientnet_b0_imagenet,Pneumonia,83,False,0.1939074360016093,200,Pneumonia,cpu,0,
cpu,efficientnet_b0_imagenet,Pneumonia,84,False,0.2030152059996908,200,Pneumonia,cpu,0,
cpu,efficientnet_b0_imagenet,Pneumonia,85,False,1.2915649720016518,200,Pneumonia,cpu,0,
cpu,efficientnet_b0_imagenet,Pneumonia,86,False,0.11001630800092244,200,Pneumonia,cpu,0,
cpu,efficientnet_b0_imagenet,Pneumonia,87,False,0.79235477399925,200,Pneumonia,cpu,0,
cpu,efficientnet_b0_imagenet,Pneumonia,88,False,0.5260737470016466,200,Pneumonia,cpu,0,
cpu,efficientnet_b0_imagenet,Pneumonia,89,False,0.362191394000547,200,Pneumonia,cpu,0,
cpu,efficientnet_b0_imagenet,Pneumonia,90,False,0.21279696299825446,200,Pneumonia,cpu,0,
cpu,efficientnet_b0_imagenet,Pneumonia,91,False,0.20515335100208176,200,Pneumonia,cpu,0,
cpu,efficientnet_b0_imagenet,Pneumonia,92,False,0.7148612450000655,200,Pneumonia,cpu,0,
cpu,efficientnet_b0_imagenet,Pneumonia,93,False,0.17936941099833348,200,Pneumonia,cpu,0,
cpu,efficientnet_b0_imagenet,Pneumonia,94,False,0.7204681349976454,200,Pneumonia,cpu,0,
cpu,efficientnet_b0_imagenet,Pneumonia,95,False,0.21786500999951386,200,Pneumonia,cpu,0,
cpu,efficientnet_b0_imagenet,Pneumonia,96,False,1.3322355060008704,200,Pneumonia,cpu,0,
cpu,efficientnet_b0_imagenet,Pneumonia,97,False,0.2039379909983836,200,Pneumonia,cpu,0,
cpu,efficientnet_b0_imagenet,Pneumonia,98,False,0.2245126240013633,200,Pneumonia,cpu,0,
cpu,efficientnet_b0_imagenet,Pneumonia,99,False,0.19991059200037853,200,Pneumonia,cpu,0,
cpu,efficientnet_b0_imagenet,Pneumonia,100,False,0.9585309110007074,200,Pneumonia,cpu,0,
cpu,efficientnet_b0_imagenet,Pneumonia,101,False,0.1311342010012595,200,Pneumonia,cpu,0,
cpu,efficientnet_b0_imagenet,Pneumonia,102,False,0.1988377119996585,200,Pneumonia,cpu,0,
cpu,efficientnet_b0_imagenet,Pneumonia,103,False,0.1513898569974117,200,Pneumonia,cpu,0,
cpu,efficientnet_b0_imagenet,Pneumonia,104,False,0.156780023000465,200,Pneumonia,cpu,0,
cpu,efficientnet_b0_imagenet,TB,0,True,1.2808491389987466,200,TB,cpu,0,
cpu,efficientnet_b0_imagenet,TB,1,True,0.18278581999766175,200,TB,cpu,0,
cpu,efficientnet_b0_imagenet,TB,2,True,0.21134531300049275,200,TB,cpu,0,
cpu,efficientnet_b0_imagenet,TB,3,True,0.19971444600014365,200,TB,cpu,0,
cpu,efficientnet_b0_imagenet,TB,4,True,0.20127192699874286,200,TB,cpu,0,
cpu,efficientnet_b0_imagenet,TB,5,False,0.20356715099842404,200,TB,cpu,0,
cpu,efficientnet_b0_imagenet,TB,6,False,0.0994943260011496,200,TB,cpu,0,
cpu,efficientnet_b0_imagenet,TB,7,False,0.6061047090006468,200,TB,cpu,0,
cpu,efficientnet_b0_imagenet,TB,8,False,0.2566802439978346,200,TB,cpu,0,
cpu,efficientnet_b0_imagenet,TB,9,False,0.16135393899821793,200,TB,cpu,0,
cpu,efficientnet_b0_imagenet,TB,10,False,0.20803936000083922,200,TB,cpu,0,
cpu,efficientnet_b0_imagenet,TB,11,False,0.2688638079998782,200,TB,cpu,0,
cpu,efficientnet_b0_imagenet,TB,12,False,1.2619324940023944,200,TB,cpu,0,
cpu,efficientnet_b0_imagenet,TB,13,False,0.2014009310005349,200,TB,cpu,0,
cpu,efficientnet_b0_imagenet,TB,14,False,0.24615418900066288,200,TB,cpu,0,
cpu,efficientnet_b0_imagenet,TB,15,False,0.21906081199995242,200,TB,cpu,0,
cpu,efficientnet_b0_imagenet,TB,16,False,0.1020120200009842,200,TB,cpu,0,
cpu,efficientnet_b0_imagenet,TB,17,False,0.38066759999856004,200,TB,cpu,0,
cpu,efficientnet_b0_imagenet,TB,18,False,0.2592155999991519,200,TB,cpu,0,
cpu,efficientnet_b0_imagenet,TB,19,False,0.22018381800080533,200,TB,cpu,0,
cpu,efficientnet_b0_imagenet,TB,20,False,0.17599780800082954,200,TB,cpu,0,
cpu,efficientnet_b0_imagenet,TB,21,False,0.3898291120021895,200,TB,cpu,0,
cpu,efficientnet_b0_imagenet,TB,22,False,0.09735820200148737,200,TB,cpu,0,
cpu,efficientnet_b0_imagenet,TB,23,False,0.3286123840007349,200,TB,cpu,0,
cpu,efficientnet_b0_imagenet,TB,24,False,0.20676017399819102,200,TB,cpu,0,
cpu,efficientnet_b0_imagenet,TB,25,False,0.10316942400095286,200,TB,cpu,0,
cpu,efficientnet_b0_imagenet,TB,26,False,0.198851941000612,200,TB,cpu,0,
cpu,efficientnet_b0_imagenet,TB,27,False,0.20510954699784634,200,TB,cpu,0,
cpu,efficientnet_b0_imagenet,TB,28,False,0.131307198000286,200,TB,cpu,0,
cpu,efficientnet_b0_imagenet,TB,29,False,0.10255136399791809,200,TB,cpu,0,
cpu,efficientnet_b0_imagenet,TB,30,False,0.25566138199792476,200,TB,cpu,0,
cpu,efficientnet_b0_imagenet,TB,31,False,0.7776719909998064,200,TB,cpu,0,
cpu,efficientnet_b0_imagenet,TB,32,False,0.14879756499794894,200,TB,cpu,0,
cpu,efficientnet_b0_imagenet,TB,33,False,0.37175761300022714,200,TB,cpu,0,
cpu,efficientnet_b0_imagenet,TB,34,False,0.11518995300139068,200,TB,cpu,0,
cpu,efficientnet_b0_imagenet,TB,35,False,0.3210275620003813,200,TB,cpu,0,
cpu,efficientnet_b0_imagenet,TB,36,False,0.18540120000034221,200,TB,cpu,0,
cpu,efficientnet_b0_imagenet,TB,37,False,0.21135423699888634,200,TB,cpu,0,
cpu,efficientnet_b0_imagenet,TB,38,False,0.233501000002434,200,TB,cpu,0,
cpu,efficientnet_b0_imagenet,TB,39,False,0.4044963540000026,200,TB,cpu,0,
cpu,efficientnet_b0_imagenet,TB,40,False,0.274789752002107,200,TB,cpu,0,
cpu,efficientnet_b0_imagenet,TB,41,False,0.19685006800136762,200,TB,cpu,0,
cpu,efficientnet_b0_imagenet,TB,42,False,0.18259398599911947,200,TB,cpu,0,
cpu,efficientnet_b0_imagenet,TB,43,False,0.29421152499708114,200,TB,cpu,0,
cpu,efficientnet_b0_imagenet,TB,44,False,0.19863640900075552,200,TB,cpu,0,
cpu,efficientnet_b0_imagenet,TB,45,False,0.2389201999976649,200,TB,cpu,0,
cpu,efficientnet_b0_imagenet,TB,46,False,0.08549418199982028,200,TB,cpu,0,
cpu,efficientnet_b0_imagenet,TB,47,False,0.17916302099911263,200,TB,cpu,0,
cpu,efficientnet_b0_imagenet,TB,48,False,0.5950258259981638,200,TB,cpu,0,
cpu,efficientnet_b0_imagenet,TB,49,False,0.22648035000020172,200,TB,cpu,0,
cpu,efficientnet_b0_imagenet,TB,50,False,0.1822566819973872,200,TB,cpu,0,
cpu,efficientnet_b0_imagenet,TB,51,False,0.33016515000053914,200,TB,cpu,0,
cpu,efficientnet_b0_imagenet,TB,52,False,0.3892547529976582,200,TB,cpu,0,
cpu,efficientnet_b0_imagenet,TB,53,False,0.11326533000101335,200,TB,cpu,0,
cpu,efficientnet_b0_imagenet,TB,54,False,0.08394350099842995,200,TB,cpu,0,
cpu,efficientnet_b0_imagenet,TB,55,False,0.1037715059974289,200,TB,cpu,0,
cpu,efficientnet_b0_imagenet,TB,56,False,0.12605364000046393,200,TB,cpu,0,
cpu,efficientnet_b0_imagenet,TB,57,False,0.0896269629993185,200,TB,cpu,0,
cpu,efficientnet_b0_imagenet,TB,58,False,0.17016732999763917,200,TB,cpu,0,
cpu,efficientnet_b0_imagenet,TB,59,False,0.2096041940021678,200,TB,cpu,0,
cpu,efficientnet_b0_imagenet,TB,60,False,0.18061372400188702,200,TB,cpu,0,
cpu,efficientnet_b0_imagenet,TB,61,False,0.09669064400077332,200,TB,cpu,0,
cpu,efficientnet_b0_imagenet,TB,62,False,0.7830829580016143,200,TB,cpu,0,
cpu,efficientnet_b0_imagenet,TB,63,False,0.7634011930022098,200,TB,cpu,0,
cpu,efficientnet_b0_imagenet,TB,64,False,0.17449371299881022,200,TB,cpu,0,
cpu,efficientnet_b0_imagenet,TB,65,False,1.6377721509998082,200,TB,cpu,0,
cpu,efficientnet_b0_imagenet,TB,66,False,0.10121740300019155,200,TB,cpu,0,
cpu,efficientnet_b0_imagenet,TB,67,False,2.4143956959997013,200,TB,cpu,0,
cpu,efficientnet_b0_imagenet,TB,68,False,0.9281790999993973,200,TB,cpu,0,
cpu,efficientnet_b0_imagenet,TB,69,False,0.22700471999996807,200,TB,cpu,0,
cpu,efficientnet_b0_imagenet,TB,70,False,0.08449247099997592,200,TB,cpu,0,
cpu,efficientnet_b0_imagenet,TB,71,False,0.3470922080014134,200,TB,cpu,0,
cpu,efficientnet_b0_imagenet,TB,72,False,0.09547918899988872,200,TB,cpu,0,
cpu,efficientnet_b0_imagenet,TB,73,False,0.1685783220018493,200,TB,cpu,0,
cpu,efficientnet_b0_imagenet,TB,74,False,2.998048073000973,200,TB,cpu,0,
cpu,efficientnet_b0_imagenet,TB,75,False,0.1980855559995689,200,TB,cpu,0,
cpu,efficientnet_b0_imagenet,TB,76,False,0.08607669499906478,200,TB,cpu,0,
cpu,efficientnet_b0_imagenet,TB,77,False,0.2009847549998085,200,TB,cpu,0,
cpu,efficientnet_b0_imagenet,TB,78,False,0.2393225669984531,200,TB,cpu,0,
cpu,efficientnet_b0_imagenet,TB,79,False,0.16848412200124585,200,TB,cpu,0,
cpu,efficientnet_b0_imagenet,TB,80,False,0.32654219799951534,200,TB,cpu,0,
cpu,efficientnet_b0_imagenet,TB,81,False,0.08351796500210185,200,TB,cpu,0,
cpu,efficientnet_b0_imagenet,TB,82,False,0.16180931499911821,200,TB,cpu,0,
cpu,efficientnet_b0_imagenet,TB,83,False,0.19888278500002343,200,TB,cpu,0,
cpu,efficientnet_b0_imagenet,TB,84,False,0.1993724599997222,200,TB,cpu,0,
cpu,efficientnet_b0_imagenet,TB,85,False,0.20366250200095237,200,TB,cpu,0,
cpu,efficientnet_b0_imagenet,TB,86,False,0.34722705199965276,200,TB,cpu,0,
cpu,efficientnet_b0_imagenet,TB,87,False,1.6877569450007286,200,TB,cpu,0,
cpu,efficientnet_b0_imagenet,TB,88,False,0.12350413899912382,200,TB,cpu,0,
cpu,efficientnet_b0_imagenet,TB,89,False,0.20345391500086407,200,TB,cpu,0,
cpu,efficientnet_b0_imagenet,TB,90,False,0.2416237090001232,200,TB,cpu,0,
cpu,efficientnet_b0_imagenet,TB,91,False,0.1556097239990777,200,TB,cpu,0,
cpu,efficientnet_b0_imagenet,TB,92,False,0.17058480199921178,200,TB,cpu,0,
cpu,efficientnet_b0_imagenet,TB,93,False,0.17201611200289335,200,TB,cpu,0,
cpu,efficientnet_b0_imagenet,TB,94,False,0.6141556199982006,200,TB,cpu,0,
cpu,efficientnet_b0_imagenet,TB,95,False,0.22347760100092273,200,TB,cpu,0,
cpu,efficientnet_b0_imagenet,TB,96,False,0.1851908110002114,200,TB,cpu,0,
cpu,efficientnet_b0_imagenet,TB,97,False,0.0919916060011019,200,TB,cpu,0,
cpu,efficientnet_b0_imagenet,TB,98,False,2.4869611419999273,200,TB,cpu,0,
cpu,efficientnet_b0_imagenet,TB,99,False,0.10302410200165468,200,TB,cpu,0,
cpu,efficientnet_b0_imagenet,TB,100,False,0.8106949150023866,200,TB,cpu,0,
cpu,efficientnet_b0_imagenet,TB,101,False,0.7308374589993036,200,TB,cpu,0,
cpu,efficientnet_b0_imagenet,TB,102,False,1.01226997699996,200,TB,cpu,0,
cpu,efficientnet_b0_imagenet,TB,103,False,0.7665882290020818,200,TB,cpu,0,
cpu,efficientnet_b0_imagenet,TB,104,False,0.17963201500242576,200,TB,cpu,0,
cpu,resnet50_cxr,Normal,0,True,0.5206755199978943,200,Normal,cpu,0,
cpu,resnet50_cxr,Normal,1,True,1.0661456960006035,200,Normal,cpu,0,
cpu,resnet50_cxr,Normal,2,True,0.29760802400051034,200,Normal,cpu,0,
cpu,resnet50_cxr,Normal,3,True,0.6864291349993437,200,Normal,cpu,0,
cpu,resnet50_cxr,Normal,4,True,0.26997371800098335,200,Normal,cpu,0,
cpu,resnet50_cxr,Normal,5,False,1.5863625130004948,200,Normal,cpu,0,
cpu,resnet50_cxr,Normal,6,False,0.29565208300118684,200,Normal,cpu,0,
cpu,resnet50_cxr,Normal,7,False,0.8764768729997741,200,Normal,cpu,0,
cpu,resnet50_cxr,Normal,8,False,0.5200655270018615,200,Normal,cpu,0,
cpu,resnet50_cxr,Normal,9,False,0.3042469580032048,200,Normal,cpu,0,
cpu,resnet50_cxr,Normal,10,False,1.1500358850025805,200,Normal,cpu,0,
cpu,resnet50_cxr,Normal,11,False,1.3299448140023742,200,Normal,cpu,0,
cpu,resnet50_cxr,Normal,12,False,0.44344419799745083,200,Normal,cpu,0,
cpu,resnet50_cxr,Normal,13,False,0.43459052499747486,200,Normal,cpu,0,
cpu,resnet50_cxr,Normal,14,False,0.26717794700016384,200,Normal,cpu,0,
cpu,resnet50_cxr,Normal,15,False,0.5078471419983543,200,Normal,cpu,0,
cpu,resnet50_cxr,Normal,16,False,0.29591941199760186,200,Normal,cpu,0,
cpu,resnet50_cxr,Normal,17,False,0.47002485299890395,200,Normal,cpu,0,
cpu,resnet50_cxr,Normal,18,False,0.6058166330003587,200,Normal,cpu,0,
cpu,resnet50_cxr,Normal,19,False,0.290307715000381,200,Normal,cpu,0,
cpu,resnet50_cxr,Normal,20,False,0.44966672499867855,200,Normal,cpu,0,
cpu,resnet50_cxr,Normal,21,False,1.191606710999622,200,Normal,cpu,0,
cpu,resnet50_cxr,Normal,22,False,0.8601114209996013,200,Normal,cpu,0,
cpu,resnet50_cxr,Normal,23,False,0.2941157850000309,200,Normal,cpu,0,
cpu,resnet50_cxr,Normal,24,False,0.29342765399997006,200,Normal,cpu,0,
cpu,resnet50_cxr,Normal,25,False,0.4317831260013918,200,Normal,cpu,0,
cpu,resnet50_cxr,Normal,26,False,0.2728941509994911,200,Normal,cpu,0,
cpu,resnet50_cxr,Normal,27,False,0.8970650150004076,200,Normal,cpu,0,
cpu,resnet50_cxr,Normal,28,False,1.0127989540014823,200,Normal,cpu,0,
cpu,resnet50_cxr,Normal,29,False,0.2994935710012214,200,Normal,cpu,0,
cpu,resnet50_cxr,Normal,30,False,1.0277378959981434,200,Normal,cpu,0,
cpu,resnet50_cxr,Normal,31,False,0.4210957089999283,200,Normal,cpu,0,
cpu,resnet50_cxr,Normal,32,False,0.4288107350002974,200,Normal,cpu,0,
cpu,resnet50_cxr,Normal,33,False,0.3052228609994927,200,Normal,cpu,0,
cpu,resnet50_cxr,Normal,34,False,0.4733532270001888,200,Normal,cpu,0,
cpu,resnet50_cxr,Normal,35,False,0.7665040319989203,200,Normal,cpu,0,
cpu,resnet50_cxr,Normal,36,False,0.7050368310010526,200,Normal,cpu,0,
cpu,resnet50_cxr,Normal,37,False,0.39892900100312545,200,Normal,cpu,0,
cpu,resnet50_cxr,Normal,38,False,0.28295765499933623,200,Normal,cpu,0,
cpu,resnet50_cxr,Normal,39,False,0.2832106770001701,200,Normal,cpu,0,
cpu,resnet50_cxr,Normal,40,False,0.2933850179979345,200,Normal,cpu,0,
cpu,resnet50_cxr,Normal,41,False,0.6715067329969315,200,Normal,cpu,0,
cpu,resnet50_cxr,Normal,42,False,0.4424971650005318,200,Normal,cpu,0,
cpu,resnet50_cxr,Normal,43,False,0.34305247600059374,200,Normal,cpu,0,
cpu,resnet50_cxr,Normal,44,False,0.6277055080026912,200,Normal,cpu,0,
cpu,resnet50_cxr,Normal,45,False,0.3003668989986181,200,Normal,cpu,0,
cpu,resnet50_cxr,Normal,46,False,0.4239517360001628,200,Normal,cpu,0,
cpu,resnet50_cxr,Normal,47,False,0.9438420380029129,200,Normal,cpu,0,
cpu,resnet50_cxr,Normal,48,False,0.3816575010023371,200,Normal,cpu,0,
cpu,resnet50_cxr,Normal,49,False,1.7814447390010173,200,Normal,cpu,0,
cpu,resnet50_cxr,Normal,50,False,0.3608642439976393,200,Normal,cpu,0,
cpu,resnet50_cxr,Normal,51,False,0.4611914879969845,200,Normal,cpu,0,
cpu,resnet50_cxr,Normal,52,False,0.44503860300028464,200,Normal,cpu,0,
cpu,resnet50_cxr,Normal,53,False,0.300988718001463,200,Normal,cpu,0,
cpu,resnet50_cxr,Normal,54,False,0.47655407000274863,200,Normal,cpu,0,
cpu,resnet50_cxr,Normal,55,False,0.2854170749997138,200,Normal,cpu,0,
cpu,resnet50_cxr,Normal,56,False,0.816106676000345,200,Normal,cpu,0,
cpu,resnet50_cxr,Normal,57,False,0.3794395400000212,200,Normal,cpu,0,
cpu,resnet50_cxr,Normal,58,False,0.2678011089992651,200,Normal,cpu,0,
cpu,resnet50_cxr,Normal,59,False,0.4854176449989609,200,Normal,cpu,0,
cpu,resnet50_cxr,Normal,60,False,0.3124427389993798,200,Normal,cpu,0,
cpu,resnet50_cxr,Normal,61,False,0.4880868839973118,200,Normal,cpu,0,
cpu,resnet50_cxr,Normal,62,False,1.3884543610001856,200,Normal,cpu,0,
cpu,resnet50_cxr,Normal,63,False,0.42469477400300093,200,Normal,cpu,0,
cpu,resnet50_cxr,Normal,64,False,0.3075909489998594,200,Normal,cpu,0,
cpu,resnet50_cxr,Normal,65,False,0.30225141199844074,200,Normal,cpu,0,
cpu,resnet50_cxr,Normal,66,False,0.4156926729992847,200,Normal,cpu,0,
cpu,resnet50_cxr,Normal,67,False,0.30571898199923453,200,Normal,cpu,0,
cpu,resnet50_cxr,Normal,68,False,0.2897548039982212,200,Normal,cpu,0,
cpu,resnet50_cxr,Normal,69,False,0.28468321100081084,200,Normal,cpu,0,
cpu,resnet50_cxr,Normal,70,False,0.39431933499872684,200,Normal,cpu,0,
cpu,resnet50_cxr,Normal,71,False,0.4172922039979312,200,Normal,cpu,0,
cpu,resnet50_cxr,Normal,72,False,0.29732028400030686,200,Normal,cpu,0,
cpu,resnet50_cxr,Normal,73,False,0.5825616160000209,200,Normal,cpu,0,
cpu,resnet50_cxr,Normal,74,False,0.4184436920004373,200,Normal,cpu,0,
cpu,resnet50_cxr,Normal,75,False,0.45922166200034553,200,Normal,cpu,0,
cpu,resnet50_cxr,Normal,76,False,0.39190144399981364,200,Normal,cpu,0,
cpu,resnet50_cxr,Normal,77,False,0.5149618880022899,200,Normal,cpu,0,
cpu,resnet50_cxr,Normal,78,False,0.5210486539981503,200,Normal,cpu,0,
cpu,resnet50_cxr,Normal,79,False,0.5994460830006574,200,Normal,cpu,0,
cpu,resnet50_cxr,Normal,80,False,0.3982882509990304,200,Normal,cpu,0,
cpu,resnet50_cxr,Normal,81,False,0.9693434540022281,200,Normal,cpu,0,
cpu,resnet50_cxr,Normal,82,False,0.30184734299837146,200,Normal,cpu,0,
cpu,resnet50_cxr,Normal,83,False,0.9988670519996958,200,Normal,cpu,0,
cpu,resnet50_cxr,Normal,84,False,0.3238844710031117,200,Normal,cpu,0,
cpu,resnet50_cxr,Normal,85,False,0.3426368120017287,200,Normal,cpu,0,
cpu,resnet50_cxr,Normal,86,False,0.26244193199818255,200,Normal,cpu,0,
cpu,resnet50_cxr,Normal,87,False,0.2955828220001422,200,Normal,cpu,0,
cpu,resnet50_cxr,Normal,88,False,0.30120629999873927,200,Normal,cpu,0,
cpu,resnet50_cxr,Normal,89,False,0.3434219420014415,200,Normal,cpu,0,
cpu,resnet50_cxr,Normal,90,False,0.8872053179984505,200,Normal,cpu,0,
cpu,resnet50_cxr,Normal,91,False,1.145154466998065,200,Normal,cpu,0,
cpu,resnet50_cxr,Normal,92,False,0.3389097479994234,200,Normal,cpu,0,
cpu,resnet50_cxr,Normal,93,False,0.4103104070018162,200,Normal,cpu,0,
cpu,resnet50_cxr,Normal,94,False,0.3654696160010644,200,Normal,cpu,0,
cpu,resnet50_cxr,Normal,95,False,0.31368667100105085,200,Normal,cpu,0,
cpu,resnet50_cxr,Normal,96,False,0.3992163580005581,200,Normal,cpu,0,
cpu,resnet50_cxr,Normal,97,False,0.2935070790008467,200,Normal,cpu,0,
cpu,resnet50_cxr,Normal,98,False,0.405605194002419,200,Normal,cpu,0,
cpu,resnet50_cxr,Normal,99,False,1.0316255760008062,200,Normal,cpu,0,
cpu,resnet50_cxr,Normal,100,False,0.40646086700144224,200,Normal,cpu,0,
cpu,resnet50_cxr,Normal,101,False,1.2010295239997504,200,Normal,cpu,0,
cpu,resnet50_cxr,Normal,102,False,0.621888437999587,200,Normal,cpu,0,
cpu,resnet50_cxr,Normal,103,False,0.7437073000000964,200,Normal,cpu,0,
cpu,resnet50_cxr,Normal,104,False,0.4043286910018651,200,Normal,cpu,0,
cpu,resnet50_cxr,Pneumonia,0,True,0.3062773579986242,200,Pneumonia,cpu,0,
cpu,resnet50_cxr,Pneumonia,1,True,0.2720398159981414,200,Pneumonia,cpu,0,
cpu,resnet50_cxr,Pneumonia,2,True,0.31611467499897117,200,Pneumonia,cpu,0,
cpu,resnet50_cxr,Pneumonia,3,True,0.3973331060005876,200,Pneumonia,cpu,0,
cpu,resnet50_cxr,Pneumonia,4,True,1.6967140579981788,200,Pneumonia,cpu,0,
cpu,resnet50_cxr,Pneumonia,5,False,0.6186976300014067,200,Pneumonia,cpu,0,
cpu,resnet50_cxr,Pneumonia,6,False,0.27164029800042044,200,Pneumonia,cpu,0,
cpu,resnet50_cxr,Pneumonia,7,False,1.2330708839981526,200,Pneumonia,cpu,0,
cpu,resnet50_cxr,Pneumonia,8,False,0.2911052230010682,200,Pneumonia,cpu,0,
cpu,resnet50_cxr,Pneumonia,9,False,0.2728599670008407,200,Pneumonia,cpu,0,
cpu,resnet50_cxr,Pneumonia,10,False,0.32224502000099164,200,Pneumonia,cpu,0,
cpu,resnet50_cxr,Pneumonia,11,False,2.2739418700002716,200,Pneumonia,cpu,0,
cpu,resnet50_cxr,Pneumonia,12,False,0.4388211819969001,200,Pneumonia,cpu,0,
cpu,resnet50_cxr,Pneumonia,13,False,0.563654719000624,200,Pneumonia,cpu,0,
cpu,resnet50_cxr,Pneumonia,14,False,1.0589148239996575,200,Pneumonia,cpu,0,
cpu,resnet50_cxr,Pneumonia,15,False,1.1644716170012543,200,Pneumonia,cpu,0,
cpu,resnet50_cxr,Pneumonia,16,False,0.6389322930008348,200,Pneumonia,cpu,0,
cpu,resnet50_cxr,Pneumonia,17,False,0.2869427989971882,200,Pneumonia,cpu,0,
cpu,resnet50_cxr,Pneumonia,18,False,0.30498522400012007,200,Pneumonia,cpu,0,
cpu,resnet50_cxr,Pneumonia,19,False,0.5272860249970108,200,Pneumonia,cpu,0,
cpu,resnet50_cxr,Pneumonia,20,False,0.42408428999988246,200,Pneumonia,cpu,0,
cpu,resnet50_cxr,Pneumonia,21,False,0.4056843350008421,200,Pneumonia,cpu,0,
cpu,resnet50_cxr,Pneumonia,22,False,0.5963622880008188,200,Pneumonia,cpu,0,
cpu,resnet50_cxr,Pneumonia,23,False,0.6108460539981024,200,Pneumonia,cpu,0,
cpu,resnet50_cxr,Pneumonia,24,False,0.4072089710025466,200,Pneumonia,cpu,0,
cpu,resnet50_cxr,Pneumonia,25,False,0.3971650919993408,200,Pneumonia,cpu,0,
cpu,resnet50_cxr,Pneumonia,26,False,0.5129299849977542,200,Pneumonia,cpu,0,
cpu,resnet50_cxr,Pneumonia,27,False,0.5324087820008572,200,Pneumonia,cpu,0,
cpu,resnet50_cxr,Pneumonia,28,False,0.382307165000384,200,Pneumonia,cpu,0,
cpu,resnet50_cxr,Pneumonia,29,False,0.5506902749984874,200,Pneumonia,cpu,0,
cpu,resnet50_cxr,Pneumonia,30,False,0.3837326659995597,200,Pneumonia,cpu,0,
cpu,resnet50_cxr,Pneumonia,31,False,0.4330290090001654,200,Pneumonia,cpu,0,
cpu,resnet50_cxr,Pneumonia,32,False,0.2933972770006221,200,Pneumonia,cpu,0,
cpu,resnet50_cxr,Pneumonia,33,False,1.2360103610008082,200,Pneumonia,cpu,0,
cpu,resnet50_cxr,Pneumonia,34,False,1.1426318659978278,200,Pneumonia,cpu,0,
cpu,resnet50_cxr,Pneumonia,35,False,0.2668878910008061,200,Pneumonia,cpu,0,
cpu,resnet50_cxr,Pneumonia,36,False,1.7248050650014193,200,Pneumonia,cpu,0,
cpu,resnet50_cxr,Pneumonia,37,False,0.2661352149989398,200,Pneumonia,cpu,0,
cpu,resnet50_cxr,Pneumonia,38,False,0.29442827100137947,200,Pneumonia,cpu,0,
cpu,resnet50_cxr,Pneumonia,39,False,0.31055555700004334,200,Pneumonia,cpu,0,
cpu,resnet50_cxr,Pneumonia,40,False,0.45091476699963096,200,Pneumonia,cpu,0,
cpu,resnet50_cxr,Pneumonia,41,False,0.6085194689985656,200,Pneumonia,cpu,0,
cpu,resnet50_cxr,Pneumonia,42,False,0.2934088239999255,200,Pneumonia,cpu,0,
cpu,resnet50_cxr,Pneumonia,43,False,1.0869776950021333,200,Pneumonia,cpu,0,
cpu,resnet50_cxr,Pneumonia,44,False,0.5524147029973392,200,Pneumonia,cpu,0,
cpu,resnet50_cxr,Pneumonia,45,False,1.3851098230006755,200,Pneumonia,cpu,0,
cpu,resnet50_cxr,Pneumonia,46,False,1.427442467000219,200,Pneumonia,cpu,0,
cpu,resnet50_cxr,Pneumonia,47,False,0.7645258060001652,200,Pneumonia,cpu,0,
cpu,resnet50_cxr,Pneumonia,48,False,0.297968367998692,200,Pneumonia,cpu,0,
cpu,resnet50_cxr,Pneumonia,49,False,0.588769099998899,200,Pneumonia,cpu,0,
cpu,resnet50_cxr,Pneumonia,50,False,0.6494954049994703,200,Pneumonia,cpu,0,
cpu,resnet50_cxr,Pneumonia,51,False,1.3187041220007814,200,Pneumonia,cpu,0,
cpu,resnet50_cxr,Pneumonia,52,False,0.5836060289984744,200,Pneumonia,cpu,0,
cpu,resnet50_cxr,Pneumonia,53,False,0.963559551997605,200,Pneumonia,cpu,0,
cpu,resnet50_cxr,Pneumonia,54,False,0.8145895569978165,200,Pneumonia,cpu,0,
cpu,resnet50_cxr,Pneumonia,55,False,0.40816708499914967,200,Pneumonia,cpu,0,
cpu,resnet50_cxr,Pneumonia,56,False,0.7172184370028845,200,Pneumonia,cpu,0,
cpu,resnet50_cxr,Pneumonia,57,False,0.28053032200114103,200,Pneumonia,cpu,0,
cpu,resnet50_cxr,Pneumonia,58,False,0.6136846459994558,200,Pneumonia,cpu,0,
cpu,resnet50_cxr,Pneumonia,59,False,0.3488495859965042,200,Pneumonia,cpu,0,
cpu,resnet50_cxr,Pneumonia,60,False,0.8044313960017462,200,Pneumonia,cpu,0,
cpu,resnet50_cxr,Pneumonia,61,False,2.09658187000241,200,Pneumonia,cpu,0,
cpu,resnet50_cxr,Pneumonia,62,False,0.9020686799995019,200,Pneumonia,cpu,0,
cpu,resnet50_cxr,Pneumonia,63,False,0.4464774340012809,200,Pneumonia,cpu,0,
cpu,resnet50_cxr,Pneumonia,64,False,0.8935754470003303,200,Pneumonia,cpu,0,
cpu,resnet50_cxr,Pneumonia,65,False,0.2689916400013317,200,Pneumonia,cpu,0,
cpu,resnet50_cxr,Pneumonia,66,False,0.42438732699883985,200,Pneumonia,cpu,0,
cpu,resnet50_cxr,Pneumonia,67,False,1.86716368800262,200,Pneumonia,cpu,0,
cpu,resnet50_cxr,Pneumonia,68,False,0.3128133389982395,200,Pneumonia,cpu,0,
cpu,resnet50_cxr,Pneumonia,69,False,0.631301377001364,200,Pneumonia,cpu,0,
cpu,resnet50_cxr,Pneumonia,70,False,0.3591257640000549,200,Pneumonia,cpu,0,
cpu,resnet50_cxr,Pneumonia,71,False,0.30296976099998574,200,Pneumonia,cpu,0,
cpu,resnet50_cxr,Pneumonia,72,False,0.8561770080013957,200,Pneumonia,cpu,0,
cpu,resnet50_cxr,Pneumonia,73,False,0.7515829030016903,200,Pneumonia,cpu,0,
cpu,resnet50_cxr,Pneumonia,74,False,2.013834601999406,200,Pneumonia,cpu,0,
cpu,resnet50_cxr,Pneumonia,75,False,2.585502229998383,200,Pneumonia,cpu,0,
cpu,resnet50_cxr,Pneumonia,76,False,1.416543035000359,200,Pneumonia,cpu,0,
cpu,resnet50_cxr,Pneumonia,77,False,0.9547750630008522,200,Pneumonia,cpu,0,
cpu,resnet50_cxr,Pneumonia,78,False,0.4916091239974776,200,Pneumonia,cpu,0,
cpu,resnet50_cxr,Pneumonia,79,False,0.4282193270009884,200,Pneumonia,cpu,0,
cpu,resnet50_cxr,Pneumonia,80,False,0.3343205669989402,200,Pneumonia,cpu,0,
cpu,resnet50_cxr,Pneumonia,81,False,0.8958362609992037,200,Pneumonia,cpu,0,
cpu,resnet50_cxr,Pneumonia,82,False,0.6224011319973215,200,Pneumonia,cpu,0,
cpu,resnet50_cxr,Pneumonia,83,False,1.9404164590014261,200,Pneumonia,cpu,0,
cpu,resnet50_cxr,Pneumonia,84,False,0.4100613739974506,200,Pneumonia,cpu,0,
cpu,resnet50_cxr,Pneumonia,85,False,0.7082130139970104,200,Pneumonia,cpu,0,
cpu,resnet50_cxr,Pneumonia,86,False,0.62347234200206,200,Pneumonia,cpu,0,
cpu,resnet50_cxr,Pneumonia,87,False,0.6894360040023457,200,Pneumonia,cpu,0,
cpu,resnet50_cxr,Pneumonia,88,False,0.5923703720000049,200,Pneumonia,cpu,0,
cpu,resnet50_cxr,Pneumonia,89,False,0.41415717600102653,200,Pneumonia,cpu,0,
cpu,resnet50_cxr,Pneumonia,90,False,0.6346839850011747,200,Pneumonia,cpu,0,
cpu,resnet50_cxr,Pneumonia,91,False,0.6386835470002552,200,Pneumonia,cpu,0,
cpu,resnet50_cxr,Pneumonia,92,False,0.4243093039985979,200,Pneumonia,cpu,0,
cpu,resnet50_cxr,Pneumonia,93,False,0.519477318997815,200,Pneumonia,cpu,0,
cpu,resnet50_cxr,Pneumonia,94,False,0.45175076899977284,200,Pneumonia,cpu,0,
cpu,resnet50_cxr,Pneumonia,95,False,0.33945588300048257,200,Pneumonia,cpu,0,
cpu,resnet50_cxr,Pneumonia,96,False,0.5730199790014012,200,Pneumonia,cpu,0,
cpu,resnet50_cxr,Pneumonia,97,False,2.431589896001242,200,Pneumonia,cpu,0,
cpu,resnet50_cxr,Pneumonia,98,False,1.029557696001575,200,Pneumonia,cpu,0,
cpu,resnet50_cxr,Pneumonia,99,False,0.9683711140023661,200,Pneumonia,cpu,0,
cpu,resnet50_cxr,Pneumonia,100,False,1.3608596329977445,200,Pneumonia,cpu,0,
cpu,resnet50_cxr,Pneumonia,101,False,0.7053200259979349,200,Pneumonia,cpu,0,
cpu,resnet50_cxr,Pneumonia,102,False,0.6842717890031054,200,Pneumonia,cpu,0,
cpu,resnet50_cxr,Pneumonia,103,False,0.4456103769989568,200,Pneumonia,cpu,0,
cpu,resnet50_cxr,Pneumonia,104,False,0.6479181499998958,200,Pneumonia,cpu,0,
cpu,resnet50_cxr,TB,0,True,0.7458742890012218,200,TB,cpu,0,
cpu,resnet50_cxr,TB,1,True,0.6761411369989219,200,TB,cpu,0,
cpu,resnet50_cxr,TB,2,True,0.6986153299985745,200,TB,cpu,0,
cpu,resnet50_cxr,TB,3,True,0.917016932999104,200,TB,cpu,0,
cpu,resnet50_cxr,TB,4,True,0.6696057480003219,200,TB,cpu,0,
cpu,resnet50_cxr,TB,5,False,0.4482894689972454,200,TB,cpu,0,
cpu,resnet50_cxr,TB,6,False,1.2727596320000885,200,TB,cpu,0,
cpu,resnet50_cxr,TB,7,False,0.3855897350003943,200,TB,cpu,0,
cpu,resnet50_cxr,TB,8,False,0.6397610269996221,200,TB,cpu,0,
cpu,resnet50_cxr,TB,9,False,0.9874487340021005,200,TB,cpu,0,
cpu,resnet50_cxr,TB,10,False,0.41444523600148386,200,TB,cpu,0,
cpu,resnet50_cxr,TB,11,False,0.28491499799929443,200,TB,cpu,0,
cpu,resnet50_cxr,TB,12,False,0.6584353990001546,200,TB,cpu,0,
cpu,resnet50_cxr,TB,13,False,0.33957839899812825,200,TB,cpu,0,
cpu,resnet50_cxr,TB,14,False,0.38156203600010485,200,TB,cpu,0,
cpu,resnet50_cxr,TB,15,False,0.6087437949972809,200,TB,cpu,0,
cpu,resnet50_cxr,TB,16,False,0.9658165580003697,200,TB,cpu,0,
cpu,resnet50_cxr,TB,17,False,0.96580085000096,200,TB,cpu,0,
cpu,resnet50_cxr,TB,18,False,0.5527235720001045,200,TB,cpu,0,
cpu,resnet50_cxr,TB,19,False,0.30206153000108316,200,TB,cpu,0,
cpu,resnet50_cxr,TB,20,False,0.33051736999914283,200,TB,cpu,0,
cpu,resnet50_cxr,TB,21,False,1.398007077001239,200,TB,cpu,0,
cpu,resnet50_cxr,TB,22,False,0.37334174900024664,200,TB,cpu,0,
cpu,resnet50_cxr,TB,23,False,0.39171565400101827,200,TB,cpu,0,
cpu,resnet50_cxr,TB,24,False,0.5923460060002981,200,TB,cpu,0,
cpu,resnet50_cxr,TB,25,False,0.616058151001198,200,TB,cpu,0,
cpu,resnet50_cxr,TB,26,False,0.4371824720001314,200,TB,cpu,0,
cpu,resnet50_cxr,TB,27,False,0.6412280689983163,200,TB,cpu,0,
cpu,resnet50_cxr,TB,28,False,0.9380241359976935,200,TB,cpu,0,
cpu,resnet50_cxr,TB,29,False,0.6874211270005617,200,TB,cpu,0,
cpu,resnet50_cxr,TB,30,False,0.6309137859971088,200,TB,cpu,0,
cpu,resnet50_cxr,TB,31,False,1.2651752469973871,200,TB,cpu,0,
cpu,resnet50_cxr,TB,32,False,1.2490683200012427,200,TB,cpu,0,
cpu,resnet50_cxr,TB,33,False,1.0841122569981962,200,TB,cpu,0,
cpu,resnet50_cxr,TB,34,False,0.35412353799983975,200,TB,cpu,0,
cpu,resnet50_cxr,TB,35,False,0.6742145019998134,200,TB,cpu,0,
cpu,resnet50_cxr,TB,36,False,0.374090677996719,200,TB,cpu,0,
cpu,resnet50_cxr,TB,37,False,0.3839893430013035,200,TB,cpu,0,
cpu,resnet50_cxr,TB,38,False,0.6240983919997234,200,TB,cpu,0,
cpu,resnet50_cxr,TB,39,False,0.35348159199929796,200,TB,cpu,0,
cpu,resnet50_cxr,TB,40,False,0.33355191699956777,200,TB,cpu,0,
cpu,resnet50_cxr,TB,41,False,0.6027385009983846,200,TB,cpu,0,
cpu,resnet50_cxr,TB,42,False,0.5141896879977139,200,TB,cpu,0,
cpu,resnet50_cxr,TB,43,False,0.2559232029998384,200,TB,cpu,0,
cpu,resnet50_cxr,TB,44,False,0.6954320430013468,200,TB,cpu,0,
cpu,resnet50_cxr,TB,45,False,0.43108368200046243,200,TB,cpu,0,
cpu,resnet50_cxr,TB,46,False,0.6608264349997626,200,TB,cpu,0,
cpu,resnet50_cxr,TB,47,False,0.7000187929988897,200,TB,cpu,0,
cpu,resnet50_cxr,TB,48,False,0.4024049500003457,200,TB,cpu,0,
cpu,resnet50_cxr,TB,49,False,0.5488469280026038,200,TB,cpu,0,
cpu,resnet50_cxr,TB,50,False,0.2604053050017683,200,TB,cpu,0,
cpu,resnet50_cxr,TB,51,False,1.3044651970012637,200,TB,cpu,0,
cpu,resnet50_cxr,TB,52,False,1.6709318899993377,200,TB,cpu,0,
cpu,resnet50_cxr,TB,53,False,0.4905536400001438,200,TB,cpu,0,
cpu,resnet50_cxr,TB,54,False,0.6015949409993482,200,TB,cpu,0,
cpu,resnet50_cxr,TB,55,False,0.9301022580002609,200,TB,cpu,0,
cpu,resnet50_cxr,TB,56,False,0.5208723049981927,200,TB,cpu,0,
cpu,resnet50_cxr,TB,57,False,1.2697754929977236,200,TB,cpu,0,
cpu,resnet50_cxr,TB,58,False,0.7308182089982438,200,TB,cpu,0,
cpu,resnet50_cxr,TB,59,False,0.2770295590016758,200,TB,cpu,0,
cpu,resnet50_cxr,TB,60,False,0.9472596170016914,200,TB,cpu,0,
cpu,resnet50_cxr,TB,61,False,0.3306341169991356,200,TB,cpu,0,
cpu,resnet50_cxr,TB,62,False,0.6497136379985022,200,TB,cpu,0,
cpu,resnet50_cxr,TB,63,False,2.000536089999514,200,TB,cpu,0,
cpu,resnet50_cxr,TB,64,False,0.9567836980022548,200,TB,cpu,0,
cpu,resnet50_cxr,TB,65,False,0.4712285720015643,200,TB,cpu,0,
cpu,resnet50_cxr,TB,66,False,0.5779726330001722,200,TB,cpu,0,
cpu,resnet50_cxr,TB,67,False,1.4757474239995645,200,TB,cpu,0,
cpu,resnet50_cxr,TB,68,False,0.9488942729985865,200,TB,cpu,0,
cpu,resnet50_cxr,TB,69,False,0.3631078729995352,200,TB,cpu,0,
cpu,resnet50_cxr,TB,70,False,0.2663775889996032,200,TB,cpu,0,
cpu,resnet50_cxr,TB,71,False,0.5034077380005328,200,TB,cpu,0,
cpu,resnet50_cxr,TB,72,False,1.6254281740002625,200,TB,cpu,0,
cpu,resnet50_cxr,TB,73,False,0.6835047249987838,200,TB,cpu,0,
cpu,resnet50_cxr,TB,74,False,0.28627710299770115,200,TB,cpu,0,
cpu,resnet50_cxr,TB,75,False,0.6436571249978442,200,TB,cpu,0,
cpu,resnet50_cxr,TB,76,False,0.8533129220013507,200,TB,cpu,0,
cpu,resnet50_cxr,TB,77,False,1.0942673589997867,200,TB,cpu,0,
cpu,resnet50_cxr,TB,78,False,0.323275636001199,200,TB,cpu,0,
cpu,resnet50_cxr,TB,79,False,0.4597978300007526,200,TB,cpu,0,
cpu,resnet50_cxr,TB,80,False,0.5363633550005034,200,TB,cpu,0,
cpu,resnet50_cxr,TB,81,False,0.6727514470003371,200,TB,cpu,0,
cpu,resnet50_cxr,TB,82,False,0.6014551570006006,200,TB,cpu,0,
cpu,resnet50_cxr,TB,83,False,0.5382920070005639,200,TB,cpu,0,
cpu,resnet50_cxr,TB,84,False,0.4918297940021148,200,TB,cpu,0,
cpu,resnet50_cxr,TB,85,False,0.7379849910030316,200,TB,cpu,0,
cpu,resnet50_cxr,TB,86,False,0.7765179109992459,200,TB,cpu,0,
cpu,resnet50_cxr,TB,87,False,0.5143405429989798,200,TB,cpu,0,
cpu,resnet50_cxr,TB,88,False,1.3301010499999393,200,TB,cpu,0,
cpu,resnet50_cxr,TB,89,False,0.9759521690029942,200,TB,cpu,0,
cpu,resnet50_cxr,TB,90,False,0.3968934119984624,200,TB,cpu,0,
cpu,resnet50_cxr,TB,91,False,0.6187604400001874,200,TB,cpu,0,
cpu,resnet50_cxr,TB,92,False,0.6407999570001266,200,TB,cpu,0,
cpu,resnet50_cxr,TB,93,False,0.37032671199995093,200,TB,cpu,0,
cpu,resnet50_cxr,TB,94,False,0.5023844890019973,200,TB,cpu,0,
cpu,resnet50_cxr,TB,95,False,2.539471912998124,200,TB,cpu,0,
cpu,resnet50_cxr,TB,96,False,1.250093195001682,200,TB,cpu,0,
cpu,resnet50_cxr,TB,97,False,0.4337964609985647,200,TB,cpu,0,
cpu,resnet50_cxr,TB,98,False,1.1205414839969308,200,TB,cpu,0,
cpu,resnet50_cxr,TB,99,False,0.5103819970026962,200,TB,cpu,0,
cpu,resnet50_cxr,TB,100,False,0.7194147109985352,200,TB,cpu,0,
cpu,resnet50_cxr,TB,101,False,0.34003183899767464,200,TB,cpu,0,
cpu,resnet50_cxr,TB,102,False,0.9201517690016772,200,TB,cpu,0,
cpu,resnet50_cxr,TB,103,False,1.3281530900021608,200,TB,cpu,0,
cpu,resnet50_cxr,TB,104,False,0.687418333000096,200,TB,cpu,0,
cpu,resnet50_imagenet,Normal,0,True,0.9146132010027941,200,Normal,cpu,0,
cpu,resnet50_imagenet,Normal,1,True,0.6033502350001072,200,Normal,cpu,0,
cpu,resnet50_imagenet,Normal,2,True,0.8037871419983276,200,Normal,cpu,0,
cpu,resnet50_imagenet,Normal,3,True,1.144369696998183,200,Normal,cpu,0,
cpu,resnet50_imagenet,Normal,4,True,0.31611693399827345,200,Normal,cpu,0,
cpu,resnet50_imagenet,Normal,5,False,0.4716356410026492,200,Normal,cpu,0,
cpu,resnet50_imagenet,Normal,6,False,0.2643517359974794,200,Normal,cpu,0,
cpu,resnet50_imagenet,Normal,7,False,0.6428026920002594,200,Normal,cpu,0,
cpu,resnet50_imagenet,Normal,8,False,0.6947488629994041,200,Normal,cpu,0,
cpu,resnet50_imagenet,Normal,9,False,1.0140998749993742,200,Normal,cpu,0,
cpu,resnet50_imagenet,Normal,10,False,0.7653160100016976,200,Normal,cpu,0,
cpu,resnet50_imagenet,Normal,11,False,0.5837494099978358,200,Normal,cpu,0,
cpu,resnet50_imagenet,Normal,12,False,0.8307547510012228,200,Normal,cpu,0,
cpu,resnet50_imagenet,Normal,13,False,1.6223335199974827,200,Normal,cpu,0,
cpu,resnet50_imagenet,Normal,14,False,0.5345959059995948,200,Normal,cpu,0,
cpu,resnet50_imagenet,Normal,15,False,0.3726825510020717,200,Normal,cpu,0,
cpu,resnet50_imagenet,Normal,16,False,0.40289942800154677,200,Normal,cpu,0,
cpu,resnet50_imagenet,Normal,17,False,0.833812882003258,200,Normal,cpu,0,
cpu,resnet50_imagenet,Normal,18,False,0.2651537769997958,200,Normal,cpu,0,
cpu,resnet50_imagenet,Normal,19,False,0.5486368629972276,200,Normal,cpu,0,
cpu,resnet50_imagenet,Normal,20,False,1.4814480419991014,200,Normal,cpu,0,
cpu,resnet50_imagenet,Normal,21,False,0.7007003309990978,200,Normal,cpu,0,
cpu,resnet50_imagenet,Normal,22,False,0.7019175490022462,200,Normal,cpu,0,
cpu,resnet50_imagenet,Normal,23,False,0.5360926369976369,200,Normal,cpu,0,
cpu,resnet50_imagenet,Normal,24,False,0.7218571339981281,200,Normal,cpu,0,
cpu,resnet50_imagenet,Normal,25,False,0.7280091649990936,200,Normal,cpu,0,
cpu,resnet50_imagenet,Normal,26,False,0.9742345140002726,200,Normal,cpu,0,
cpu,resnet50_imagenet,Normal,27,False,0.6328275300002133,200,Normal,cpu,0,
cpu,resnet50_imagenet,Normal,28,False,0.37632415699772537,200,Normal,cpu,0,
cpu,resnet50_imagenet,Normal,29,False,0.635634893002134,200,Normal,cpu,0,
cpu,resnet50_imagenet,Normal,30,False,0.35394505899967044,200,Normal,cpu,0,
cpu,resnet50_imagenet,Normal,31,False,0.3476527430029819,200,Normal,cpu,0,
cpu,resnet50_imagenet,Normal,32,False,1.0500736859976314,200,Normal,cpu,0,
cpu,resnet50_imagenet,Normal,33,False,0.43256375700002536,200,Normal,cpu,0,
cpu,resnet50_imagenet,Normal,34,False,1.5912354770007369,200,Normal,cpu,0,
cpu,resnet50_imagenet,Normal,35,False,0.5160487110006216,200,Normal,cpu,0,
cpu,resnet50_imagenet,Normal,36,False,0.3681867079976655,200,Normal,cpu,0,
cpu,resnet50_imagenet,Normal,37,False,0.3381401119986549,200,Normal,cpu,0,
cpu,resnet50_imagenet,Normal,38,False,0.6047402100011823,200,Normal,cpu,0,
cpu,resnet50_imagenet,Normal,39,False,0.4179449930015835,200,Normal,cpu,0,
cpu,resnet50_imagenet,Normal,40,False,0.6000294919977023,200,Normal,cpu,0,
cpu,resnet50_imagenet,Normal,41,False,1.583385972000542,200,Normal,cpu,0,
cpu,resnet50_imagenet,Normal,42,False,0.46157230400058324,200,Normal,cpu,0,
cpu,resnet50_imagenet,Normal,43,False,0.6854171369996038,200,Normal,cpu,0,
cpu,resnet50_imagenet,Normal,44,False,0.41109209599744645,200,Normal,cpu,0,
cpu,resnet50_imagenet,Normal,45,False,0.981780999001785,200,Normal,cpu,0,
cpu,resnet50_imagenet,Normal,46,False,1.0562883370002965,200,Normal,cpu,0,
cpu,resnet50_imagenet,Normal,47,False,0.597896072002186,200,Normal,cpu,0,
cpu,resnet50_imagenet,Normal,48,False,0.49944293800217565,200,Normal,cpu,0,
cpu,resnet50_imagenet,Normal,49,False,0.690672757998982,200,Normal,cpu,0,
cpu,resnet50_imagenet,Normal,50,False,0.6837494000028528,200,Normal,cpu,0,
cpu,resnet50_imagenet,Normal,51,False,0.5299252770018938,200,Normal,cpu,0,
cpu,resnet50_imagenet,Normal,52,False,0.6409597429992573,200,Normal,cpu,0,
cpu,resnet50_imagenet,Normal,53,False,1.3746967180013598,200,Normal,cpu,0,
cpu,resnet50_imagenet,Normal,54,False,0.35171876899767085,200,Normal,cpu,0,
cpu,resnet50_imagenet,Normal,55,False,0.3935700229994836,200,Normal,cpu,0,
cpu,resnet50_imagenet,Normal,56,False,0.6364799040020443,200,Normal,cpu,0,
cpu,resnet50_imagenet,Normal,57,False,0.3958688640013861,200,Normal,cpu,0,
cpu,resnet50_imagenet,Normal,58,False,0.36714933600160293,200,Normal,cpu,0,
cpu,resnet50_imagenet,Normal,59,False,0.3339674800008652,200,Normal,cpu,0,
cpu,resnet50_imagenet,Normal,60,False,0.6026032270019641,200,Normal,cpu,0,
cpu,resnet50_imagenet,Normal,61,False,1.9849051970013534,200,Normal,cpu,0,
cpu,resnet50_imagenet,Normal,62,False,0.860761765998177,200,Normal,cpu,0,
cpu,resnet50_imagenet,Normal,63,False,0.6300980070009246,200,Normal,cpu,0,
cpu,resnet50_imagenet,Normal,64,False,0.6870662729998003,200,Normal,cpu,0,
cpu,resnet50_imagenet,Normal,65,False,1.1859277850016952,200,Normal,cpu,0,
cpu,resnet50_imagenet,Normal,66,False,0.30640603700157953,200,Normal,cpu,0,
cpu,resnet50_imagenet,Normal,67,False,0.3996045359999698,200,Normal,cpu,0,
cpu,resnet50_imagenet,Normal,68,False,0.8165132380017894,200,Normal,cpu,0,
cpu,resnet50_imagenet,Normal,69,False,0.5493543890006549,200,Normal,cpu,0,
cpu,resnet50_imagenet,Normal,70,False,0.5937022250000155,200,Normal,cpu,0,
cpu,resnet50_imagenet,Normal,71,False,1.419031831999746,200,Normal,cpu,0,
cpu,resnet50_imagenet,Normal,72,False,0.26461347899748944,200,Normal,cpu,0,
cpu,resnet50_imagenet,Normal,73,False,2.821337695000693,200,Normal,cpu,0,
cpu,resnet50_imagenet,Normal,74,False,0.529952172000776,200,Normal,cpu,0,
cpu,resnet50_imagenet,Normal,75,False,0.34947410100357956,200,Normal,cpu,0,
cpu,resnet50_imagenet,Normal,76,False,0.5974376459998894,200,Normal,cpu,0,
cpu,resnet50_imagenet,Normal,77,False,0.35332622200076,200,Normal,cpu,0,
cpu,resnet50_imagenet,Normal,78,False,0.6988374470020062,200,Normal,cpu,0,
cpu,resnet50_imagenet,Normal,79,False,0.33024137200118275,200,Normal,cpu,0,
cpu,resnet50_imagenet,Normal,80,False,0.32117471599849523,200,Normal,cpu,0,
cpu,resnet50_imagenet,Normal,81,False,0.35840799099969445,200,Normal,cpu,0,
cpu,resnet50_imagenet,Normal,82,False,0.5519786109980487,200,Normal,cpu,0,
cpu,resnet50_imagenet,Normal,83,False,0.5421745990024647,200,Normal,cpu,0,
cpu,resnet50_imagenet,Normal,84,False,0.8161104889986746,200,Normal,cpu,0,
cpu,resnet50_imagenet,Normal,85,False,0.27783148899834487,200,Normal,cpu,0,
cpu,resnet50_imagenet,Normal,86,False,0.3489739610013203,200,Normal,cpu,0,
cpu,resnet50_imagenet,Normal,87,False,1.3942872080006055,200,Normal,cpu,0,
cpu,resnet50_imagenet,Normal,88,False,1.823388246997638,200,Normal,cpu,0,
cpu,resnet50_imagenet,Normal,89,False,0.4855159979997552,200,Normal,cpu,0,
cpu,resnet50_imagenet,Normal,90,False,0.39260404800006654,200,Normal,cpu,0,
cpu,resnet50_imagenet,Normal,91,False,0.7055948289998923,200,Normal,cpu,0,
cpu,resnet50_imagenet,Normal,92,False,0.645866417002253,200,Normal,cpu,0,
cpu,resnet50_imagenet,Normal,93,False,0.40588708500217763,200,Normal,cpu,0,
cpu,resnet50_imagenet,Normal,94,False,1.2066987979997066,200,Normal,cpu,0,
cpu,resnet50_imagenet,Normal,95,False,1.136302399001579,200,Normal,cpu,0,
cpu,resnet50_imagenet,Normal,96,False,0.3668462539972097,200,Normal,cpu,0,
cpu,resnet50_imagenet,Normal,97,False,1.107667913998739,200,Normal,cpu,0,
cpu,resnet50_imagenet,Normal,98,False,0.3854045150001184,200,Normal,cpu,0,
cpu,resnet50_imagenet,Normal,99,False,0.9498043500025233,200,Normal,cpu,0,
cpu,resnet50_imagenet,Normal,100,False,1.1032221200002823,200,Normal,cpu,0,
cpu,resnet50_imagenet,Normal,101,False,0.5683560710021993,200,Normal,cpu,0,
cpu,resnet50_imagenet,Normal,102,False,1.059413973998744,200,Normal,cpu,0,
cpu,resnet50_imagenet,Normal,103,False,0.33099081800173735,200,Normal,cpu,0,
cpu,resnet50_imagenet,Normal,104,False,1.6189601409969328,200,Normal,cpu,0,
cpu,resnet50_imagenet,Pneumonia,0,True,0.5609379099987564,200,Pneumonia,cpu,0,
cpu,resnet50_imagenet,Pneumonia,1,True,1.556110486999387,200,Pneumonia,cpu,0,
cpu,resnet50_imagenet,Pneumonia,2,True,1.3757491889991798,200,Pneumonia,cpu,0,
cpu,resnet50_imagenet,Pneumonia,3,True,0.2733743600001617,200,Pneumonia,cpu,0,
cpu,resnet50_imagenet,Pneumonia,4,True,0.34751241199774086,200,Pneumonia,cpu,0,
cpu,resnet50_imagenet,Pneumonia,5,False,0.3311020620021736,200,Pneumonia,cpu,0,
cpu,resnet50_imagenet,Pneumonia,6,False,0.6181039219991362,200,Pneumonia,cpu,0,
cpu,resnet50_imagenet,Pneumonia,7,False,1.4433643949996622,200,Pneumonia,cpu,0,
cpu,resnet50_imagenet,Pneumonia,8,False,1.3340810970003076,200,Pneumonia,cpu,0,
cpu,resnet50_imagenet,Pneumonia,9,False,0.43360172899701865,200,Pneumonia,cpu,0,
cpu,resnet50_imagenet,Pneumonia,10,False,0.3007150420016842,200,Pneumonia,cpu,0,
cpu,resnet50_imagenet,Pneumonia,11,False,0.6736047970007348,200,Pneumonia,cpu,0,
cpu,resnet50_imagenet,Pneumonia,12,False,0.42361459800304146,200,Pneumonia,cpu,0,
cpu,resnet50_imagenet,Pneumonia,13,False,0.6253143049980281,200,Pneumonia,cpu,0,
cpu,resnet50_imagenet,Pneumonia,14,False,0.3563210690008418,200,Pneumonia,cpu,0,
cpu,resnet50_imagenet,Pneumonia,15,False,0.8186705059997621,200,Pneumonia,cpu,0,
cpu,resnet50_imagenet,Pneumonia,16,False,0.64488849099871,200,Pneumonia,cpu,0,
cpu,resnet50_imagenet,Pneumonia,17,False,0.34758547299861675,200,Pneumonia,cpu,0,
cpu,resnet50_imagenet,Pneumonia,18,False,0.4538083789993834,200,Pneumonia,cpu,0,
cpu,resnet50_imagenet,Pneumonia,19,False,0.4832140040016384,200,Pneumonia,cpu,0,
cpu,resnet50_imagenet,Pneumonia,20,False,0.28225627500069095,200,Pneumonia,cpu,0,
cpu,resnet50_imagenet,Pneumonia,21,False,0.28546203300356865,200,Pneumonia,cpu,0,
cpu,resnet50_imagenet,Pneumonia,22,False,0.29581585900086793,200,Pneumonia,cpu,0,
cpu,resnet50_imagenet,Pneumonia,23,False,0.9981722820011782,200,Pneumonia,cpu,0,
cpu,resnet50_imagenet,Pneumonia,24,False,0.3950846919979085,200,Pneumonia,cpu,0,
cpu,resnet50_imagenet,Pneumonia,25,False,0.2450315150017559,200,Pneumonia,cpu,0,
cpu,resnet50_imagenet,Pneumonia,26,False,0.5720894840014807,200,Pneumonia,cpu,0,
cpu,resnet50_imagenet,Pneumonia,27,False,0.3879175350011792,200,Pneumonia,cpu,0,
cpu,resnet50_imagenet,Pneumonia,28,False,0.28375931900154683,200,Pneumonia,cpu,0,
cpu,resnet50_imagenet,Pneumonia,29,False,0.25647419600136345,200,Pneumonia,cpu,0,
cpu,resnet50_imagenet,Pneumonia,30,False,0.2703721240031882,200,Pneumonia,cpu,0,
cpu,resnet50_imagenet,Pneumonia,31,False,0.7642176920016936,200,Pneumonia,cpu,0,
cpu,resnet50_imagenet,Pneumonia,32,False,0.3735151559994847,200,Pneumonia,cpu,0,
cpu,resnet50_imagenet,Pneumonia,33,False,0.29404226100086817,200,Pneumonia,cpu,0,
cpu,resnet50_imagenet,Pneumonia,34,False,0.9371288529982849,200,Pneumonia,cpu,0,
cpu,resnet50_imagenet,Pneumonia,35,False,0.26058631599880755,200,Pneumonia,cpu,0,
cpu,resnet50_imagenet,Pneumonia,36,False,0.2626736920028634,200,Pneumonia,cpu,0,
cpu,resnet50_imagenet,Pneumonia,37,False,0.28353806999803055,200,Pneumonia,cpu,0,
cpu,resnet50_imagenet,Pneumonia,38,False,0.2679671939986292,200,Pneumonia,cpu,0,
cpu,resnet50_imagenet,Pneumonia,39,False,0.26622841299831634,200,Pneumonia,cpu,0,
cpu,resnet50_imagenet,Pneumonia,40,False,0.2818787489995884,200,Pneumonia,cpu,0,
cpu,resnet50_imagenet,Pneumonia,41,False,0.2541843049984891,200,Pneumonia,cpu,0,
cpu,resnet50_imagenet,Pneumonia,42,False,2.3478263530014374,200,Pneumonia,cpu,0,
cpu,resnet50_imagenet,Pneumonia,43,False,1.4433180129999528,200,Pneumonia,cpu,0,
cpu,resnet50_imagenet,Pneumonia,44,False,0.27098013700015144,200,Pneumonia,cpu,0,
cpu,resnet50_imagenet,Pneumonia,45,False,0.2724065000002156,200,Pneumonia,cpu,0,
cpu,resnet50_imagenet,Pneumonia,46,False,0.28104665799764916,200,Pneumonia,cpu,0,
cpu,resnet50_imagenet,Pneumonia,47,False,0.2431963529998029,200,Pneumonia,cpu,0,
cpu,resnet50_imagenet,Pneumonia,48,False,0.2649913809982536,200,Pneumonia,cpu,0,
cpu,resnet50_imagenet,Pneumonia,49,False,0.27253391799968085,200,Pneumonia,cpu,0,
cpu,resnet50_imagenet,Pneumonia,50,False,0.29569659100161516,200,Pneumonia,cpu,0,
cpu,resnet50_imagenet,Pneumonia,51,False,0.2644046370005526,200,Pneumonia,cpu,0,
cpu,resnet50_imagenet,Pneumonia,52,False,0.29487645200060797,200,Pneumonia,cpu,0,
cpu,resnet50_imagenet,Pneumonia,53,False,0.7891503280006873,200,Pneumonia,cpu,0,
cpu,resnet50_imagenet,Pneumonia,54,False,0.2944063540016941,200,Pneumonia,cpu,0,
cpu,resnet50_imagenet,Pneumonia,55,False,0.2628755900004762,200,Pneumonia,cpu,0,
cpu,resnet50_imagenet,Pneumonia,56,False,0.2713854209978308,200,Pneumonia,cpu,0,
cpu,resnet50_imagenet,Pneumonia,57,False,0.27749898500042036,200,Pneumonia,cpu,0,
cpu,resnet50_imagenet,Pneumonia,58,False,0.8503227719993447,200,Pneumonia,cpu,0,
cpu,resnet50_imagenet,Pneumonia,59,False,0.2912767839989101,200,Pneumonia,cpu,0,
cpu,resnet50_imagenet,Pneumonia,60,False,0.25610914299977594,200,Pneumonia,cpu,0,
cpu,resnet50_imagenet,Pneumonia,61,False,0.27613277599812136,200,Pneumonia,cpu,0,
cpu,resnet50_imagenet,Pneumonia,62,False,0.6234117770000012,200,Pneumonia,cpu,0,
cpu,resnet50_imagenet,Pneumonia,63,False,0.27788371599672246,200,Pneumonia,cpu,0,
cpu,resnet50_imagenet,Pneumonia,64,False,0.41142740199939,200,Pneumonia,cpu,0,
cpu,resnet50_imagenet,Pneumonia,65,False,0.5827929449988005,200,Pneumonia,cpu,0,
cpu,resnet50_imagenet,Pneumonia,66,False,0.6342407179981819,200,Pneumonia,cpu,0,
cpu,resnet50_imagenet,Pneumonia,67,False,0.2777402930005337,200,Pneumonia,cpu,0,
cpu,resnet50_imagenet,Pneumonia,68,False,0.5840660459980427,200,Pneumonia,cpu,0,
cpu,resnet50_imagenet,Pneumonia,69,False,0.2732588660001056,200,Pneumonia,cpu,0,
cpu,resnet50_imagenet,Pneumonia,70,False,0.2609308200007945,200,Pneumonia,cpu,0,
cpu,resnet50_imagenet,Pneumonia,71,False,0.6484579700008908,200,Pneumonia,cpu,0,
cpu,resnet50_imagenet,Pneumonia,72,False,0.3545463609989383,200,Pneumonia,cpu,0,
cpu,resnet50_imagenet,Pneumonia,73,False,0.28403042200079653,200,Pneumonia,cpu,0,
cpu,resnet50_imagenet,Pneumonia,74,False,0.31405130499842926,200,Pneumonia,cpu,0,
cpu,resnet50_imagenet,Pneumonia,75,False,0.4814044439990539,200,Pneumonia,cpu,0,
cpu,resnet50_imagenet,Pneumonia,76,False,0.25677978900057497,200,Pneumonia,cpu,0,
cpu,resnet50_imagenet,Pneumonia,77,False,0.262765727002261,200,Pneumonia,cpu,0,
cpu,resnet50_imagenet,Pneumonia,78,False,0.278567915000167,200,Pneumonia,cpu,0,
cpu,resnet50_imagenet,Pneumonia,79,False,0.28553905000080704,200,Pneumonia,cpu,0,
cpu,resnet50_imagenet,Pneumonia,80,False,2.023332468997978,200,Pneumonia,cpu,0,
cpu,resnet50_imagenet,Pneumonia,81,False,0.31057643899839604,200,Pneumonia,cpu,0,
cpu,resnet50_imagenet,Pneumonia,82,False,0.28758848600045894,200,Pneumonia,cpu,0,
cpu,resnet50_imagenet,Pneumonia,83,False,0.26310676600041916,200,Pneumonia,cpu,0,
cpu,resnet50_imagenet,Pneumonia,84,False,1.5839056229997368,200,Pneumonia,cpu,0,
cpu,resnet50_imagenet,Pneumonia,85,False,0.368170020999969,200,Pneumonia,cpu,0,
cpu,resnet50_imagenet,Pneumonia,86,False,0.2820225229988864,200,Pneumonia,cpu,0,
cpu,resnet50_imagenet,Pneumonia,87,False,0.4000157139998919,200,Pneumonia,cpu,0,
cpu,resnet50_imagenet,Pneumonia,88,False,0.2893528470012825,200,Pneumonia,cpu,0,
cpu,resnet50_imagenet,Pneumonia,89,False,1.0032384329970228,200,Pneumonia,cpu,0,
cpu,resnet50_imagenet,Pneumonia,90,False,0.2639562990007107,200,Pneumonia,cpu,0,
cpu,resnet50_imagenet,Pneumonia,91,False,0.3446328199970594,200,Pneumonia,cpu,0,
cpu,resnet50_imagenet,Pneumonia,92,False,0.961977516002662,200,Pneumonia,cpu,0,
cpu,resnet50_imagenet,Pneumonia,93,False,0.3436534379980003,200,Pneumonia,cpu,0,
cpu,resnet50_imagenet,Pneumonia,94,False,2.263570807997894,200,Pneumonia,cpu,0,
cpu,resnet50_imagenet,Pneumonia,95,False,0.25126497100063716,200,Pneumonia,cpu,0,
cpu,resnet50_imagenet,Pneumonia,96,False,0.27700686999742175,200,Pneumonia,cpu,0,
cpu,resnet50_imagenet,Pneumonia,97,False,0.2726999749975221,200,Pneumonia,cpu,0,
cpu,resnet50_imagenet,Pneumonia,98,False,0.2554726740017941,200,Pneumonia,cpu,0,
cpu,resnet50_imagenet,Pneumonia,99,False,0.28785650299687404,200,Pneumonia,cpu,0,
cpu,resnet50_imagenet,Pneumonia,100,False,0.2700379640009487,200,Pneumonia,cpu,0,
cpu,resnet50_imagenet,Pneumonia,101,False,0.24579874299888615,200,Pneumonia,cpu,0,
cpu,resnet50_imagenet,Pneumonia,102,False,1.0789699599990854,200,Pneumonia,cpu,0,
cpu,resnet50_imagenet,Pneumonia,103,False,0.7715754999990168,200,Pneumonia,cpu,0,
cpu,resnet50_imagenet,Pneumonia,104,False,0.24970657100129756,200,Pneumonia,cpu,0,
cpu,resnet50_imagenet,TB,0,True,0.665131988000212,200,TB,cpu,0,
cpu,resnet50_imagenet,TB,1,True,0.30440598000132013,200,TB,cpu,0,
cpu,resnet50_imagenet,TB,2,True,0.7525025360009749,200,TB,cpu,0,
cpu,resnet50_imagenet,TB,3,True,0.26002539600085584,200,TB,cpu,0,
cpu,resnet50_imagenet,TB,4,True,0.4719989240002178,200,TB,cpu,0,
cpu,resnet50_imagenet,TB,5,False,0.4076897650011233,200,TB,cpu,0,
cpu,resnet50_imagenet,TB,6,False,0.2863478990002477,200,TB,cpu,0,
cpu,resnet50_imagenet,TB,7,False,1.7145541130012134,200,TB,cpu,0,
cpu,resnet50_imagenet,TB,8,False,0.2935063369986892,200,TB,cpu,0,
cpu,resnet50_imagenet,TB,9,False,0.29439750500023365,200,TB,cpu,0,
cpu,resnet50_imagenet,TB,10,False,0.30200058500122395,200,TB,cpu,0,
cpu,resnet50_imagenet,TB,11,False,0.3310861850004585,200,TB,cpu,0,
cpu,resnet50_imagenet,TB,12,False,0.5878823370003374,200,TB,cpu,0,
cpu,resnet50_imagenet,TB,13,False,0.5806248109984153,200,TB,cpu,0,
cpu,resnet50_imagenet,TB,14,False,0.27626878099908936,200,TB,cpu,0,
cpu,resnet50_imagenet,TB,15,False,0.33155690700004925,200,TB,cpu,0,
cpu,resnet50_imagenet,TB,16,False,0.6167190660016786,200,TB,cpu,0,
cpu,resnet50_imagenet,TB,17,False,0.3032965439997497,200,TB,cpu,0,
cpu,resnet50_imagenet,TB,18,False,0.30330208699888317,200,TB,cpu,0,
cpu,resnet50_imagenet,TB,19,False,0.2964428269988275,200,TB,cpu,0,
cpu,resnet50_imagenet,TB,20,False,0.29320442200332764,200,TB,cpu,0,
cpu,resnet50_imagenet,TB,21,False,0.5107822059981117,200,TB,cpu,0,
cpu,resnet50_imagenet,TB,22,False,0.3973368350016244,200,TB,cpu,0,
cpu,resnet50_imagenet,TB,23,False,0.3001928470002895,200,TB,cpu,0,
cpu,resnet50_imagenet,TB,24,False,0.30047036399992066,200,TB,cpu,0,
cpu,resnet50_imagenet,TB,25,False,0.3813184319988068,200,TB,cpu,0,
cpu,resnet50_imagenet,TB,26,False,0.2938686960005725,200,TB,cpu,0,
cpu,resnet50_imagenet,TB,27,False,0.3755894259993511,200,TB,cpu,0,
cpu,resnet50_imagenet,TB,28,False,0.29633580400331994,200,TB,cpu,0,
cpu,resnet50_imagenet,TB,29,False,0.45954274399991846,200,TB,cpu,0,
cpu,resnet50_imagenet,TB,30,False,0.28563556199878803,200,TB,cpu,0,
cpu,resnet50_imagenet,TB,31,False,0.4009043299993209,200,TB,cpu,0,
cpu,resnet50_imagenet,TB,32,False,0.2901820580009371,200,TB,cpu,0,
cpu,resnet50_imagenet,TB,33,False,0.9204759320018638,200,TB,cpu,0,
cpu,resnet50_imagenet,TB,34,False,0.4038492719992064,200,TB,cpu,0,
cpu,resnet50_imagenet,TB,35,False,0.2959660989981785,200,TB,cpu,0,
cpu,resnet50_imagenet,TB,36,False,0.43243905499912216,200,TB,cpu,0,
cpu,resnet50_imagenet,TB,37,False,0.7692566369987617,200,TB,cpu,0,
cpu,resnet50_imagenet,TB,38,False,0.2995541210002557,200,TB,cpu,0,
cpu,resnet50_imagenet,TB,39,False,0.33230985699992743,200,TB,cpu,0,
cpu,resnet50_imagenet,TB,40,False,0.26749805600047694,200,TB,cpu,0,
cpu,resnet50_imagenet,TB,41,False,0.5769895160010492,200,TB,cpu,0,
cpu,resnet50_imagenet,TB,42,False,0.9418680790004146,200,TB,cpu,0,
cpu,resnet50_imagenet,TB,43,False,0.3550372140016407,200,TB,cpu,0,
cpu,resnet50_imagenet,TB,44,False,1.2677821049983322,200,TB,cpu,0,
cpu,resnet50_imagenet,TB,45,False,0.2659502690003137,200,TB,cpu,0,
cpu,resnet50_imagenet,TB,46,False,0.8754174349996902,200,TB,cpu,0,
cpu,resnet50_imagenet,TB,47,False,0.29275065299952985,200,TB,cpu,0,
cpu,resnet50_imagenet,TB,48,False,0.27009078600167413,200,TB,cpu,0,
cpu,resnet50_imagenet,TB,49,False,0.48564428700046847,200,TB,cpu,0,
cpu,resnet50_imagenet,TB,50,False,0.3114616550010396,200,TB,cpu,0,
cpu,resnet50_imagenet,TB,51,False,0.3194636330008507,200,TB,cpu,0,
cpu,resnet50_imagenet,TB,52,False,0.29282200099987676,200,TB,cpu,0,
cpu,resnet50_imagenet,TB,53,False,0.45294210799693246,200,TB,cpu,0,
cpu,resnet50_imagenet,TB,54,False,0.3253942470000766,200,TB,cpu,0,
cpu,resnet50_imagenet,TB,55,False,0.26341364000109024,200,TB,cpu,0,
cpu,resnet50_imagenet,TB,56,False,0.2860675589981838,200,TB,cpu,0,
cpu,resnet50_imagenet,TB,57,False,0.7116743639999186,200,TB,cpu,0,
cpu,resnet50_imagenet,TB,58,False,1.644876012000168,200,TB,cpu,0,
cpu,resnet50_imagenet,TB,59,False,0.269456189002085,200,TB,cpu,0,
cpu,resnet50_imagenet,TB,60,False,0.5334877360000974,200,TB,cpu,0,
cpu,resnet50_imagenet,TB,61,False,0.3172182669986796,200,TB,cpu,0,
cpu,resnet50_imagenet,TB,62,False,0.4017064140025468,200,TB,cpu,0,
cpu,resnet50_imagenet,TB,63,False,0.2979996649992245,200,TB,cpu,0,
cpu,resnet50_imagenet,TB,64,False,0.27569658100037486,200,TB,cpu,0,
cpu,resnet50_imagenet,TB,65,False,0.6602078800024174,200,TB,cpu,0,
cpu,resnet50_imagenet,TB,66,False,0.2867659379990073,200,TB,cpu,0,
cpu,resnet50_imagenet,TB,67,False,0.2936130170019169,200,TB,cpu,0,
cpu,resnet50_imagenet,TB,68,False,0.51758534399778,200,TB,cpu,0,
cpu,resnet50_imagenet,TB,69,False,0.39184163600293687,200,TB,cpu,0,
cpu,resnet50_imagenet,TB,70,False,0.41212005600027624,200,TB,cpu,0,
cpu,resnet50_imagenet,TB,71,False,1.8460043230006704,200,TB,cpu,0,
cpu,resnet50_imagenet,TB,72,False,0.295888215998275,200,TB,cpu,0,
cpu,resnet50_imagenet,TB,73,False,0.5266297859998303,200,TB,cpu,0,
cpu,resnet50_imagenet,TB,74,False,0.42097447400010424,200,TB,cpu,0,
cpu,resnet50_imagenet,TB,75,False,0.7877919079983258,200,TB,cpu,0,
cpu,resnet50_imagenet,TB,76,False,0.6254882629982603,200,TB,cpu,0,
cpu,resnet50_imagenet,TB,77,False,0.2899416990003374,200,TB,cpu,0,
cpu,resnet50_imagenet,TB,78,False,0.3179765569984738,200,TB,cpu,0,
cpu,resnet50_imagenet,TB,79,False,0.28875177499867277,200,TB,cpu,0,
cpu,resnet50_imagenet,TB,80,False,0.28622404300040216,200,TB,cpu,0,
cpu,resnet50_imagenet,TB,81,False,0.6257029389998934,200,TB,cpu,0,
cpu,resnet50_imagenet,TB,82,False,0.30015254200043273,200,TB,cpu,0,
cpu,resnet50_imagenet,TB,83,False,0.29264067099938984,200,TB,cpu,0,
cpu,resnet50_imagenet,TB,84,False,0.28048302800016245,200,TB,cpu,0,
cpu,resnet50_imagenet,TB,85,False,1.056975504001457,200,TB,cpu,0,
cpu,resnet50_imagenet,TB,86,False,0.2690447579989268,200,TB,cpu,0,
cpu,resnet50_imagenet,TB,87,False,0.3913191689971427,200,TB,cpu,0,
cpu,resnet50_imagenet,TB,88,False,0.598084702000051,200,TB,cpu,0,
cpu,resnet50_imagenet,TB,89,False,1.0760708039997553,200,TB,cpu,0,
cpu,resnet50_imagenet,TB,90,False,0.7075539189972915,200,TB,cpu,0,
cpu,resnet50_imagenet,TB,91,False,0.8110122599973693,200,TB,cpu,0,
cpu,resnet50_imagenet,TB,92,False,0.5915421380013868,200,TB,cpu,0,
cpu,resnet50_imagenet,TB,93,False,0.6174982370030193,200,TB,cpu,0,
cpu,resnet50_imagenet,TB,94,False,0.2910620379989268,200,TB,cpu,0,
cpu,resnet50_imagenet,TB,95,False,0.2742770920012845,200,TB,cpu,0,
cpu,resnet50_imagenet,TB,96,False,0.6305777320012567,200,TB,cpu,0,
cpu,resnet50_imagenet,TB,97,False,0.3459161140017386,200,TB,cpu,0,
cpu,resnet50_imagenet,TB,98,False,0.3230137430000468,200,TB,cpu,0,
cpu,resnet50_imagenet,TB,99,False,0.5815912629986997,200,TB,cpu,0,
cpu,resnet50_imagenet,TB,100,False,0.4199971779999032,200,TB,cpu,0,
cpu,resnet50_imagenet,TB,101,False,0.3054673090009601,200,TB,cpu,0,
cpu,resnet50_imagenet,TB,102,False,0.6607963470014511,200,TB,cpu,0,
cpu,resnet50_imagenet,TB,103,False,0.26261155500105815,200,TB,cpu,0,
cpu,resnet50_imagenet,TB,104,False,0.29724539200105937,200,TB,cpu,0,
cpu,victorio_cxr,Normal,0,True,0.03740929799823789,200,Normal,cpu,0,
cpu,victorio_cxr,Normal,1,True,0.029526074999012053,200,Normal,cpu,0,
cpu,victorio_cxr,Normal,2,True,0.020574984002450947,200,Normal,cpu,0,
cpu,victorio_cxr,Normal,3,True,0.019574170000851154,200,Normal,cpu,0,
cpu,victorio_cxr,Normal,4,True,0.14757790099974955,200,Normal,cpu,0,
cpu,victorio_cxr,Normal,5,False,0.11707177899734234,200,Normal,cpu,0,
cpu,victorio_cxr,Normal,6,False,0.02131384899985278,200,Normal,cpu,0,
cpu,victorio_cxr,Normal,7,False,0.017662006001046393,200,Normal,cpu,0,
cpu,victorio_cxr,Normal,8,False,0.03654942999855848,200,Normal,cpu,0,
cpu,victorio_cxr,Normal,9,False,0.02389902300274116,200,Normal,cpu,0,
cpu,victorio_cxr,Normal,10,False,0.018991594999533845,200,Normal,cpu,0,
cpu,victorio_cxr,Normal,11,False,0.018947149997984525,200,Normal,cpu,0,
cpu,victorio_cxr,Normal,12,False,0.03439862700179219,200,Normal,cpu,0,
cpu,victorio_cxr,Normal,13,False,0.024853538001480047,200,Normal,cpu,0,
cpu,victorio_cxr,Normal,14,False,0.01886734800064005,200,Normal,cpu,0,
cpu,victorio_cxr,Normal,15,False,0.01928385800056276,200,Normal,cpu,0,
cpu,victorio_cxr,Normal,16,False,0.033201432997884694,200,Normal,cpu,0,
cpu,victorio_cxr,Normal,17,False,0.09704565799984266,200,Normal,cpu,0,
cpu,victorio_cxr,Normal,18,False,0.03125758099849918,200,Normal,cpu,0,
cpu,victorio_cxr,Normal,19,False,0.019718777999514714,200,Normal,cpu,0,
cpu,victorio_cxr,Normal,20,False,0.02183214100296027,200,Normal,cpu,0,
cpu,victorio_cxr,Normal,21,False,0.16855030200167676,200,Normal,cpu,0,
cpu,victorio_cxr,Normal,22,False,0.0194632399980037,200,Normal,cpu,0,
cpu,victorio_cxr,Normal,23,False,0.03562906599836424,200,Normal,cpu,0,
cpu,victorio_cxr,Normal,24,False,0.02855090199955157,200,Normal,cpu,0,
cpu,victorio_cxr,Normal,25,False,0.021623007000016514,200,Normal,cpu,0,
cpu,victorio_cxr,Normal,26,False,0.019173048000084236,200,Normal,cpu,0,
cpu,victorio_cxr,Normal,27,False,0.0348408149984607,200,Normal,cpu,0,
cpu,victorio_cxr,Normal,28,False,0.03327338300005067,200,Normal,cpu,0,
cpu,victorio_cxr,Normal,29,False,0.022894305999216158,200,Normal,cpu,0,
cpu,victorio_cxr,Normal,30,False,0.02085830100259045,200,Normal,cpu,0,
cpu,victorio_cxr,Normal,31,False,0.12298997600009898,200,Normal,cpu,0,
cpu,victorio_cxr,Normal,32,False,0.02935954599888646,200,Normal,cpu,0,
cpu,victorio_cxr,Normal,33,False,0.01981187799901818,200,Normal,cpu,0,
cpu,victorio_cxr,Normal,34,False,0.01944148799884715,200,Normal,cpu,0,
cpu,victorio_cxr,Normal,35,False,0.022118849999969825,200,Normal,cpu,0,
cpu,victorio_cxr,Normal,36,False,0.018921064998721704,200,Normal,cpu,0,
cpu,victorio_cxr,Normal,37,False,0.022151059998577693,200,Normal,cpu,0,
cpu,victorio_cxr,Normal,38,False,0.022068356000090716,200,Normal,cpu,0,
cpu,victorio_cxr,Normal,39,False,0.019887572001607623,200,Normal,cpu,0,
cpu,victorio_cxr,Normal,40,False,0.02553207500022836,200,Normal,cpu,0,
cpu,victorio_cxr,Normal,41,False,0.03181333199972869,200,Normal,cpu,0,
cpu,victorio_cxr,Normal,42,False,0.018952741000248352,200,Normal,cpu,0,
cpu,victorio_cxr,Normal,43,False,0.05521932700139587,200,Normal,cpu,0,
cpu,victorio_cxr,Normal,44,False,0.023346298999967985,200,Normal,cpu,0,
cpu,victorio_cxr,Normal,45,False,0.019363430998055264,200,Normal,cpu,0,
cpu,victorio_cxr,Normal,46,False,0.017798181001126068,200,Normal,cpu,0,
cpu,victorio_cxr,Normal,47,False,0.02793270899928757,200,Normal,cpu,0,
cpu,victorio_cxr,Normal,48,False,0.032486693999089766,200,Normal,cpu,0,
cpu,victorio_cxr,Normal,49,False,0.021608833001664607,200,Normal,cpu,0,
cpu,victorio_cxr,Normal,50,False,0.017500043999461923,200,Normal,cpu,0,
cpu,victorio_cxr,Normal,51,False,0.16105594100008602,200,Normal,cpu,0,
cpu,victorio_cxr,Normal,52,False,0.018118614996637916,200,Normal,cpu,0,
cpu,victorio_cxr,Normal,53,False,0.020499815000221133,200,Normal,cpu,0,
cpu,victorio_cxr,Normal,54,False,0.038706554001691984,200,Normal,cpu,0,
cpu,victorio_cxr,Normal,55,False,0.10216552400015644,200,Normal,cpu,0,
cpu,victorio_cxr,Normal,56,False,0.025510619998385664,200,Normal,cpu,0,
cpu,victorio_cxr,Normal,57,False,0.01974656500169658,200,Normal,cpu,0,
cpu,victorio_cxr,Normal,58,False,0.019300317002489464,200,Normal,cpu,0,
cpu,victorio_cxr,Normal,59,False,0.023765940000885166,200,Normal,cpu,0,
cpu,victorio_cxr,Normal,60,False,0.0326132209993375,200,Normal,cpu,0,
cpu,victorio_cxr,Normal,61,False,0.019462177999230335,200,Normal,cpu,0,
cpu,victorio_cxr,Normal,62,False,0.017603947999305092,200,Normal,cpu,0,
cpu,victorio_cxr,Normal,63,False,0.03035993899902678,200,Normal,cpu,0,
cpu,victorio_cxr,Normal,64,False,0.03601964399786084,200,Normal,cpu,0,
cpu,victorio_cxr,Normal,65,False,0.02281935499922838,200,Normal,cpu,0,
cpu,victorio_cxr,Normal,66,False,0.01915215600092779,200,Normal,cpu,0,
cpu,victorio_cxr,Normal,67,False,0.02933704899987788,200,Normal,cpu,0,
cpu,victorio_cxr,Normal,68,False,0.0664529189998575,200,Normal,cpu,0,
cpu,victorio_cxr,Normal,69,False,0.08097146599902771,200,Normal,cpu,0,
cpu,victorio_cxr,Normal,70,False,0.10347061499851407,200,Normal,cpu,0,
cpu,victorio_cxr,Normal,71,False,0.09994242299944744,200,Normal,cpu,0,
cpu,victorio_cxr,Normal,72,False,0.09656866699879174,200,Normal,cpu,0,
cpu,victorio_cxr,Normal,73,False,0.10968053699980373,200,Normal,cpu,0,
cpu,victorio_cxr,Normal,74,False,0.042837323002459016,200,Normal,cpu,0,
cpu,victorio_cxr,Normal,75,False,0.10719301500284928,200,Normal,cpu,0,
cpu,victorio_cxr,Normal,76,False,0.1082570759972441,200,Normal,cpu,0,
cpu,victorio_cxr,Normal,77,False,0.09305489200050943,200,Normal,cpu,0,
cpu,victorio_cxr,Normal,78,False,0.11081038200063631,200,Normal,cpu,0,
cpu,victorio_cxr,Normal,79,False,0.10950395299732918,200,Normal,cpu,0,
cpu,victorio_cxr,Normal,80,False,0.11021124599938048,200,Normal,cpu,0,
cpu,victorio_cxr,Normal,81,False,0.11658941300265724,200,Normal,cpu,0,
cpu,victorio_cxr,Normal,82,False,0.11400272399987443,200,Normal,cpu,0,
cpu,victorio_cxr,Normal,83,False,0.0934981880018313,200,Normal,cpu,0,
cpu,victorio_cxr,Normal,84,False,0.09895218499877956,200,Normal,cpu,0,
cpu,victorio_cxr,Normal,85,False,0.09244392300024629,200,Normal,cpu,0,
cpu,victorio_cxr,Normal,86,False,0.11288896499900147,200,Normal,cpu,0,
cpu,victorio_cxr,Normal,87,False,0.09473528699891176,200,Normal,cpu,0,
cpu,victorio_cxr,Normal,88,False,0.04664637799942284,200,Normal,cpu,0,
cpu,victorio_cxr,Normal,89,False,0.1153632519999519,200,Normal,cpu,0,
cpu,victorio_cxr,Normal,90,False,0.12067237200244563,200,Normal,cpu,0,
cpu,victorio_cxr,Normal,91,False,0.11240118799832999,200,Normal,cpu,0,
cpu,victorio_cxr,Normal,92,False,0.11946228400120162,200,Normal,cpu,0,
cpu,victorio_cxr,Normal,93,False,0.08949057599966181,200,Normal,cpu,0,
cpu,victorio_cxr,Normal,94,False,0.02272965399970417,200,Normal,cpu,0,
cpu,victorio_cxr,Normal,95,False,0.01964132799912477,200,Normal,cpu,0,
cpu,victorio_cxr,Normal,96,False,0.02236812299815938,200,Normal,cpu,0,
cpu,victorio_cxr,Normal,97,False,0.018874949997552903,200,Normal,cpu,0,
cpu,victorio_cxr,Normal,98,False,0.021743335000792285,200,Normal,cpu,0,
cpu,victorio_cxr,Normal,99,False,0.01921022699752939,200,Normal,cpu,0,
cpu,victorio_cxr,Normal,100,False,0.017999422998400405,200,Normal,cpu,0,
cpu,victorio_cxr,Normal,101,False,0.10432881599990651,200,Normal,cpu,0,
cpu,victorio_cxr,Normal,102,False,0.024985693002236076,200,Normal,cpu,0,
cpu,victorio_cxr,Normal,103,False,0.01860745500016492,200,Normal,cpu,0,
cpu,victorio_cxr,Normal,104,False,0.01903443400078686,200,Normal,cpu,0,
cpu,victorio_cxr,Pneumonia,0,True,0.11355548099891166,200,Pneumonia,cpu,0,
cpu,victorio_cxr,Pneumonia,1,True,0.012177010998129845,200,Pneumonia,cpu,0,
cpu,victorio_cxr,Pneumonia,2,True,0.014563398999598576,200,Pneumonia,cpu,0,
cpu,victorio_cxr,Pneumonia,3,True,0.01585354999770061,200,Pneumonia,cpu,0,
cpu,victorio_cxr,Pneumonia,4,True,0.11020986000221455,200,Pneumonia,cpu,0,
cpu,victorio_cxr,Pneumonia,5,False,0.013920741999754682,200,Pneumonia,cpu,0,
cpu,victorio_cxr,Pneumonia,6,False,0.015848753002501326,200,Pneumonia,cpu,0,
cpu,victorio_cxr,Pneumonia,7,False,0.01791951199993491,200,Pneumonia,cpu,0,
cpu,victorio_cxr,Pneumonia,8,False,0.013636380001116777,200,Pneumonia,cpu,0,
cpu,victorio_cxr,Pneumonia,9,False,0.01430331800293061,200,Pneumonia,cpu,0,
cpu,victorio_cxr,Pneumonia,10,False,0.013617282998893643,200,Pneumonia,cpu,0,
cpu,victorio_cxr,Pneumonia,11,False,0.014457788001891458,200,Pneumonia,cpu,0,
cpu,victorio_cxr,Pneumonia,12,False,0.012261166997632245,200,Pneumonia,cpu,0,
cpu,victorio_cxr,Pneumonia,13,False,0.016025639000872616,200,Pneumonia,cpu,0,
cpu,victorio_cxr,Pneumonia,14,False,0.015496515999984695,200,Pneumonia,cpu,0,
cpu,victorio_cxr,Pneumonia,15,False,0.016295027002342977,200,Pneumonia,cpu,0,
cpu,victorio_cxr,Pneumonia,16,False,0.015472348000912461,200,Pneumonia,cpu,0,
cpu,victorio_cxr,Pneumonia,17,False,0.01358537600026466,200,Pneumonia,cpu,0,
cpu,victorio_cxr,Pneumonia,18,False,0.014340914000058547,200,Pneumonia,cpu,0,
cpu,victorio_cxr,Pneumonia,19,False,0.014930410001397831,200,Pneumonia,cpu,0,
cpu,victorio_cxr,Pneumonia,20,False,0.012148881000030087,200,Pneumonia,cpu,0,
cpu,victorio_cxr,Pneumonia,21,False,0.015000416999100707,200,Pneumonia,cpu,0,
cpu,victorio_cxr,Pneumonia,22,False,0.012892637998447753,200,Pneumonia,cpu,0,
cpu,victorio_cxr,Pneumonia,23,False,0.01350527600152418,200,Pneumonia,cpu,0,
cpu,victorio_cxr,Pneumonia,24,False,0.11145352699895739,200,Pneumonia,cpu,0,
cpu,victorio_cxr,Pneumonia,25,False,0.013044987001194386,200,Pneumonia,cpu,0,
cpu,victorio_cxr,Pneumonia,26,False,0.015215336999972351,200,Pneumonia,cpu,0,
cpu,victorio_cxr,Pneumonia,27,False,0.016152907999639865,200,Pneumonia,cpu,0,
cpu,victorio_cxr,Pneumonia,28,False,0.01572630000009667,200,Pneumonia,cpu,0,
cpu,victorio_cxr,Pneumonia,29,False,0.012286501998460153,200,Pneumonia,cpu,0,
cpu,victorio_cxr,Pneumonia,30,False,0.015307470999687212,200,Pneumonia,cpu,0,
cpu,victorio_cxr,Pneumonia,31,False,0.013379367999732494,200,Pneumonia,cpu,0,
cpu,victorio_cxr,Pneumonia,32,False,0.013310152000485687,200,Pneumonia,cpu,0,
cpu,victorio_cxr,Pneumonia,33,False,0.012873755000327947,200,Pneumonia,cpu,0,
cpu,victorio_cxr,Pneumonia,34,False,0.011726218002877431,200,Pneumonia,cpu,0,
cpu,victorio_cxr,Pneumonia,35,False,0.013618875000247499,200,Pneumonia,cpu,0,
cpu,victorio_cxr,Pneumonia,36,False,0.014591667000786401,200,Pneumonia,cpu,0,
cpu,victorio_cxr,Pneumonia,37,False,0.012601991998963058,200,Pneumonia,cpu,0,
cpu,victorio_cxr,Pneumonia,38,False,0.013774775001365924,200,Pneumonia,cpu,0,
cpu,victorio_cxr,Pneumonia,39,False,0.014009080001414986,200,Pneumonia,cpu,0,
cpu,victorio_cxr,Pneumonia,40,False,0.012958048002474243,200,Pneumonia,cpu,0,
cpu,victorio_cxr,Pneumonia,41,False,0.11302788399916608,200,Pneumonia,cpu,0,
cpu,victorio_cxr,Pneumonia,42,False,0.013250718999188393,200,Pneumonia,cpu,0,
cpu,victorio_cxr,Pneumonia,43,False,0.013207935000536963,200,Pneumonia,cpu,0,
cpu,victorio_cxr,Pneumonia,44,False,0.01373811500161537,200,Pneumonia,cpu,0,
cpu,victorio_cxr,Pneumonia,45,False,0.10650683599669719,200,Pneumonia,cpu,0,
cpu,victorio_cxr,Pneumonia,46,False,0.012189873999886913,200,Pneumonia,cpu,0,
cpu,victorio_cxr,Pneumonia,47,False,0.015242081997712376,200,Pneumonia,cpu,0,
cpu,victorio_cxr,Pneumonia,48,False,0.10420039800010272,200,Pneumonia,cpu,0,
cpu,victorio_cxr,Pneumonia,49,False,0.11386651400243863,200,Pneumonia,cpu,0,
cpu,victorio_cxr,Pneumonia,50,False,0.015069848999701208,200,Pneumonia,cpu,0,
cpu,victorio_cxr,Pneumonia,51,False,0.020085269999981392,200,Pneumonia,cpu,0,
cpu,victorio_cxr,Pneumonia,52,False,0.10888931600129581,200,Pneumonia,cpu,0,
cpu,victorio_cxr,Pneumonia,53,False,0.012758428001689026,200,Pneumonia,cpu,0,
cpu,victorio_cxr,Pneumonia,54,False,0.01564634700116585,200,Pneumonia,cpu,0,
cpu,victorio_cxr,Pneumonia,55,False,0.01246937500036438,200,Pneumonia,cpu,0,
cpu,victorio_cxr,Pneumonia,56,False,0.013680561998626217,200,Pneumonia,cpu,0,
cpu,victorio_cxr,Pneumonia,57,False,0.013779732998955296,200,Pneumonia,cpu,0,
cpu,victorio_cxr,Pneumonia,58,False,0.013633487000333844,200,Pneumonia,cpu,0,
cpu,victorio_cxr,Pneumonia,59,False,0.012820641000871547,200,Pneumonia,cpu,0,
cpu,victorio_cxr,Pneumonia,60,False,0.0138615479991131,200,Pneumonia,cpu,0,
cpu,victorio_cxr,Pneumonia,61,False,0.013256410999019863,200,Pneumonia,cpu,0,
cpu,victorio_cxr,Pneumonia,62,False,0.01277871699858224,200,Pneumonia,cpu,0,
cpu,victorio_cxr,Pneumonia,63,False,0.0128962960006902,200,Pneumonia,cpu,0,
cpu,victorio_cxr,Pneumonia,64,False,0.013500313998520141,200,Pneumonia,cpu,0,
cpu,victorio_cxr,Pneumonia,65,False,0.012504610000178218,200,Pneumonia,cpu,0,
cpu,victorio_cxr,Pneumonia,66,False,0.012776432999089593,200,Pneumonia,cpu,0,
cpu,victorio_cxr,Pneumonia,67,False,0.01762698300080956,200,Pneumonia,cpu,0,
cpu,victorio_cxr,Pneumonia,68,False,0.013128091999533353,200,Pneumonia,cpu,0,
cpu,victorio_cxr,Pneumonia,69,False,0.10948022700176807,200,Pneumonia,cpu,0,
cpu,victorio_cxr,Pneumonia,70,False,0.012538830000266898,200,Pneumonia,cpu,0,
cpu,victorio_cxr,Pneumonia,71,False,0.01224761000048602,200,Pneumonia,cpu,0,
cpu,victorio_cxr,Pneumonia,72,False,0.014690792999317637,200,Pneumonia,cpu,0,
cpu,victorio_cxr,Pneumonia,73,False,0.016158944999915548,200,Pneumonia,cpu,0,
cpu,victorio_cxr,Pneumonia,74,False,0.015648247997887665,200,Pneumonia,cpu,0,
cpu,victorio_cxr,Pneumonia,75,False,0.012542758999188663,200,Pneumonia,cpu,0,
cpu,victorio_cxr,Pneumonia,76,False,0.012248175000422634,200,Pneumonia,cpu,0,
cpu,victorio_cxr,Pneumonia,77,False,0.013501766999979736,200,Pneumonia,cpu,0,
cpu,victorio_cxr,Pneumonia,78,False,0.01483613299933495,200,Pneumonia,cpu,0,
cpu,victorio_cxr,Pneumonia,79,False,0.011788342999352608,200,Pneumonia,cpu,0,
cpu,victorio_cxr,Pneumonia,80,False,0.013648177999129985,200,Pneumonia,cpu,0,
cpu,victorio_cxr,Pneumonia,81,False,0.011483673999464372,200,Pneumonia,cpu,0,
cpu,victorio_cxr,Pneumonia,82,False,0.10838597199835931,200,Pneumonia,cpu,0,
cpu,victorio_cxr,Pneumonia,83,False,0.10788566200062633,200,Pneumonia,cpu,0,
cpu,victorio_cxr,Pneumonia,84,False,0.014112057000602363,200,Pneumonia,cpu,0,
cpu,victorio_cxr,Pneumonia,85,False,0.11007334600071772,200,Pneumonia,cpu,0,
cpu,victorio_cxr,Pneumonia,86,False,0.012705439999990631,200,Pneumonia,cpu,0,
cpu,victorio_cxr,Pneumonia,87,False,0.1140466139986529,200,Pneumonia,cpu,0,
cpu,victorio_cxr,Pneumonia,88,False,0.012455482999939704,200,Pneumonia,cpu,0,
cpu,victorio_cxr,Pneumonia,89,False,0.012551077001262456,200,Pneumonia,cpu,0,
cpu,victorio_cxr,Pneumonia,90,False,0.012813036002626177,200,Pneumonia,cpu,0,
cpu,victorio_cxr,Pneumonia,91,False,0.015679328997066477,200,Pneumonia,cpu,0,
cpu,victorio_cxr,Pneumonia,92,False,0.01326889600022696,200,Pneumonia,cpu,0,
cpu,victorio_cxr,Pneumonia,93,False,0.013174241998058278,200,Pneumonia,cpu,0,
cpu,victorio_cxr,Pneumonia,94,False,0.11182624100183602,200,Pneumonia,cpu,0,
cpu,victorio_cxr,Pneumonia,95,False,0.013376569000683958,200,Pneumonia,cpu,0,
cpu,victorio_cxr,Pneumonia,96,False,0.012557783000374911,200,Pneumonia,cpu,0,
cpu,victorio_cxr,Pneumonia,97,False,0.013437567999062594,200,Pneumonia,cpu,0,
cpu,victorio_cxr,Pneumonia,98,False,0.014611942999181338,200,Pneumonia,cpu,0,
cpu,victorio_cxr,Pneumonia,99,False,0.014460957998380763,200,Pneumonia,cpu,0,
cpu,victorio_cxr,Pneumonia,100,False,0.01600363099714741,200,Pneumonia,cpu,0,
cpu,victorio_cxr,Pneumonia,101,False,0.011614199000177905,200,Pneumonia,cpu,0,
cpu,victorio_cxr,Pneumonia,102,False,0.012383766999846557,200,Pneumonia,cpu,0,
cpu,victorio_cxr,Pneumonia,103,False,0.012031439997372217,200,Pneumonia,cpu,0,
cpu,victorio_cxr,Pneumonia,104,False,0.015906787000858458,200,Pneumonia,cpu,0,
cpu,victorio_cxr,TB,0,True,0.02089324500047951,200,TB,cpu,0,
cpu,victorio_cxr,TB,1,True,0.0182831839993014,200,TB,cpu,0,
cpu,victorio_cxr,TB,2,True,0.019645311000203947,200,TB,cpu,0,
cpu,victorio_cxr,TB,3,True,0.018665635001525516,200,TB,cpu,0,
cpu,victorio_cxr,TB,4,True,0.021098798999446444,200,TB,cpu,0,
cpu,victorio_cxr,TB,5,False,0.018460167000739602,200,TB,cpu,0,
cpu,victorio_cxr,TB,6,False,0.01997652200225275,200,TB,cpu,0,
cpu,victorio_cxr,TB,7,False,0.020663706000050297,200,TB,cpu,0,
cpu,victorio_cxr,TB,8,False,0.01901062600154546,200,TB,cpu,0,
cpu,victorio_cxr,TB,9,False,0.044087190999562154,200,TB,cpu,0,
cpu,victorio_cxr,TB,10,False,0.01971726799820317,200,TB,cpu,0,
cpu,victorio_cxr,TB,11,False,0.03947565500129713,200,TB,cpu,0,
cpu,victorio_cxr,TB,12,False,0.02465830300207017,200,TB,cpu,0,
cpu,victorio_cxr,TB,13,False,0.019896742000128143,200,TB,cpu,0,
cpu,victorio_cxr,TB,14,False,0.022804707998147933,200,TB,cpu,0,
cpu,victorio_cxr,TB,15,False,0.017989423999097198,200,TB,cpu,0,
cpu,victorio_cxr,TB,16,False,0.01918350299820304,200,TB,cpu,0,
cpu,victorio_cxr,TB,17,False,0.0195360450015869,200,TB,cpu,0,
cpu,victorio_cxr,TB,18,False,0.01927172000068822,200,TB,cpu,0,
cpu,victorio_cxr,TB,19,False,0.019090328001766466,200,TB,cpu,0,
cpu,victorio_cxr,TB,20,False,0.022210219001863152,200,TB,cpu,0,
cpu,victorio_cxr,TB,21,False,0.017896101999212988,200,TB,cpu,0,
cpu,victorio_cxr,TB,22,False,0.024805338001897326,200,TB,cpu,0,
cpu,victorio_cxr,TB,23,False,0.019011458000022685,200,TB,cpu,0,
cpu,victorio_cxr,TB,24,False,0.10996166100085247,200,TB,cpu,0,
cpu,victorio_cxr,TB,25,False,0.01955708600144135,200,TB,cpu,0,
cpu,victorio_cxr,TB,26,False,0.019742499996937113,200,TB,cpu,0,
cpu,victorio_cxr,TB,27,False,0.02202997299900744,200,TB,cpu,0,
cpu,victorio_cxr,TB,28,False,0.019853853998938575,200,TB,cpu,0,
cpu,victorio_cxr,TB,29,False,0.02015456300068763,200,TB,cpu,0,
cpu,victorio_cxr,TB,30,False,0.022692305999953533,200,TB,cpu,0,
cpu,victorio_cxr,TB,31,False,0.018381575002422323,200,TB,cpu,0,
cpu,victorio_cxr,TB,32,False,0.11662820299898158,200,TB,cpu,0,
cpu,victorio_cxr,TB,33,False,0.019366661999811186,200,TB,cpu,0,
cpu,victorio_cxr,TB,34,False,0.12394950399902882,200,TB,cpu,0,
cpu,victorio_cxr,TB,35,False,0.019306151996715926,200,TB,cpu,0,
cpu,victorio_cxr,TB,36,False,0.11391898200236028,200,TB,cpu,0,
cpu,victorio_cxr,TB,37,False,0.01945631300259265,200,TB,cpu,0,
cpu,victorio_cxr,TB,38,False,0.02037122199908481,200,TB,cpu,0,
cpu,victorio_cxr,TB,39,False,0.01945791999969515,200,TB,cpu,0,
cpu,victorio_cxr,TB,40,False,0.12112981199970818,200,TB,cpu,0,
cpu,victorio_cxr,TB,41,False,0.019311919997562654,200,TB,cpu,0,
cpu,victorio_cxr,TB,42,False,0.018972930000018096,200,TB,cpu,0,
cpu,victorio_cxr,TB,43,False,0.021320400999684352,200,TB,cpu,0,
cpu,victorio_cxr,TB,44,False,0.019465853001747746,200,TB,cpu,0,
cpu,victorio_cxr,TB,45,False,0.02014734399926965,200,TB,cpu,0,
cpu,victorio_cxr,TB,46,False,0.01908725300017977,200,TB,cpu,0,
cpu,victorio_cxr,TB,47,False,0.02217383199968026,200,TB,cpu,0,
cpu,victorio_cxr,TB,48,False,0.018817094001860823,200,TB,cpu,0,
cpu,victorio_cxr,TB,49,False,0.019823700000415556,200,TB,cpu,0,
cpu,victorio_cxr,TB,50,False,0.02110760899813613,200,TB,cpu,0,
cpu,victorio_cxr,TB,51,False,0.017609264999919105,200,TB,cpu,0,
cpu,victorio_cxr,TB,52,False,0.019782680999924196,200,TB,cpu,0,
cpu,victorio_cxr,TB,53,False,0.020819777997530764,200,TB,cpu,0,
cpu,victorio_cxr,TB,54,False,0.019662233000417473,200,TB,cpu,0,
cpu,victorio_cxr,TB,55,False,0.020773169002495706,200,TB,cpu,0,
cpu,victorio_cxr,TB,56,False,0.020751535997987958,200,TB,cpu,0,
cpu,victorio_cxr,TB,57,False,0.021087240002088947,200,TB,cpu,0,
cpu,victorio_cxr,TB,58,False,0.01939972400214174,200,TB,cpu,0,
cpu,victorio_cxr,TB,59,False,0.04409738500180538,200,TB,cpu,0,
cpu,victorio_cxr,TB,60,False,0.019570815999031765,200,TB,cpu,0,
cpu,victorio_cxr,TB,61,False,0.021114000999659766,200,TB,cpu,0,
cpu,victorio_cxr,TB,62,False,0.018831852998118848,200,TB,cpu,0,
cpu,victorio_cxr,TB,63,False,0.01850481099972967,200,TB,cpu,0,
cpu,victorio_cxr,TB,64,False,0.017713184999593068,200,TB,cpu,0,
cpu,victorio_cxr,TB,65,False,0.019035887002246454,200,TB,cpu,0,
cpu,victorio_cxr,TB,66,False,0.07878817600067123,200,TB,cpu,0,
cpu,victorio_cxr,TB,67,False,0.01942152999981772,200,TB,cpu,0,
cpu,victorio_cxr,TB,68,False,0.018781108999974094,200,TB,cpu,0,
cpu,victorio_cxr,TB,69,False,0.018016395999438828,200,TB,cpu,0,
cpu,victorio_cxr,TB,70,False,0.019100643999991007,200,TB,cpu,0,
cpu,victorio_cxr,TB,71,False,0.023171901997557143,200,TB,cpu,0,
cpu,victorio_cxr,TB,72,False,0.018458087000908563,200,TB,cpu,0,
cpu,victorio_cxr,TB,73,False,0.018852427001547767,200,TB,cpu,0,
cpu,victorio_cxr,TB,74,False,0.02059844100222108,200,TB,cpu,0,
cpu,victorio_cxr,TB,75,False,0.11290720800025156,200,TB,cpu,0,
cpu,victorio_cxr,TB,76,False,0.01826020500084269,200,TB,cpu,0,
cpu,victorio_cxr,TB,77,False,0.02159435400244547,200,TB,cpu,0,
cpu,victorio_cxr,TB,78,False,0.019643437997729052,200,TB,cpu,0,
cpu,victorio_cxr,TB,79,False,0.02034675999675528,200,TB,cpu,0,
cpu,victorio_cxr,TB,80,False,0.018770253998809494,200,TB,cpu,0,
cpu,victorio_cxr,TB,81,False,0.021553838003455894,200,TB,cpu,0,
cpu,victorio_cxr,TB,82,False,0.01815916299892706,200,TB,cpu,0,
cpu,victorio_cxr,TB,83,False,0.02487221900082659,200,TB,cpu,0,
cpu,victorio_cxr,TB,84,False,0.01901401299983263,200,TB,cpu,0,
cpu,victorio_cxr,TB,85,False,0.018741284002317116,200,TB,cpu,0,
cpu,victorio_cxr,TB,86,False,0.01943673999994644,200,TB,cpu,0,
cpu,victorio_cxr,TB,87,False,0.020016561000375077,200,TB,cpu,0,
cpu,victorio_cxr,TB,88,False,0.020673258000897476,200,TB,cpu,0,
cpu,victorio_cxr,TB,89,False,0.02004740399934235,200,TB,cpu,0,
cpu,victorio_cxr,TB,90,False,0.01907886399931158,200,TB,cpu,0,
cpu,victorio_cxr,TB,91,False,0.10455639900101232,200,TB,cpu,0,
cpu,victorio_cxr,TB,92,False,0.018905683002230944,200,TB,cpu,0,
cpu,victorio_cxr,TB,93,False,0.02002571800039732,200,TB,cpu,0,
cpu,victorio_cxr,TB,94,False,0.02024501699997927,200,TB,cpu,0,
cpu,victorio_cxr,TB,95,False,0.018680950997804757,200,TB,cpu,0,
cpu,victorio_cxr,TB,96,False,0.019223516999772983,200,TB,cpu,0,
cpu,victorio_cxr,TB,97,False,0.019639818998257397,200,TB,cpu,0,
cpu,victorio_cxr,TB,98,False,0.021223482999630505,200,TB,cpu,0,
cpu,victorio_cxr,TB,99,False,0.01815981199979433,200,TB,cpu,0,
cpu,victorio_cxr,TB,100,False,0.021296261002134997,200,TB,cpu,0,
cpu,victorio_cxr,TB,101,False,0.01852430600047228,200,TB,cpu,0,
cpu,victorio_cxr,TB,102,False,0.018128643998352345,200,TB,cpu,0,
cpu,victorio_cxr,TB,103,False,0.017250862998480443,200,TB,cpu,0,
cpu,victorio_cxr,TB,104,False,0.01948071599690593,200,TB,cpu,0,
cpu,victorio_imagenet,Normal,0,True,0.018080721998558147,200,TB,cpu,0,
cpu,victorio_imagenet,Normal,1,True,0.020013982000818942,200,TB,cpu,0,
cpu,victorio_imagenet,Normal,2,True,0.11529354199956288,200,TB,cpu,0,
cpu,victorio_imagenet,Normal,3,True,0.019881980999343796,200,TB,cpu,0,
cpu,victorio_imagenet,Normal,4,True,0.018015112000284716,200,TB,cpu,0,
cpu,victorio_imagenet,Normal,5,False,0.018872474996896926,200,TB,cpu,0,
cpu,victorio_imagenet,Normal,6,False,0.07412391499747173,200,TB,cpu,0,
cpu,victorio_imagenet,Normal,7,False,0.0216617709993443,200,TB,cpu,0,
cpu,victorio_imagenet,Normal,8,False,0.01897524100058945,200,TB,cpu,0,
cpu,victorio_imagenet,Normal,9,False,0.018052111998258624,200,TB,cpu,0,
cpu,victorio_imagenet,Normal,10,False,0.018253164998895954,200,TB,cpu,0,
cpu,victorio_imagenet,Normal,11,False,0.019690905002789805,200,TB,cpu,0,
cpu,victorio_imagenet,Normal,12,False,0.020483101001445903,200,TB,cpu,0,
cpu,victorio_imagenet,Normal,13,False,0.018364089999522548,200,TB,cpu,0,
cpu,victorio_imagenet,Normal,14,False,0.020619490001990926,200,TB,cpu,0,
cpu,victorio_imagenet,Normal,15,False,0.11301463500058162,200,TB,cpu,0,
cpu,victorio_imagenet,Normal,16,False,0.019967603002442047,200,TB,cpu,0,
cpu,victorio_imagenet,Normal,17,False,0.11682325600122567,200,TB,cpu,0,
cpu,victorio_imagenet,Normal,18,False,0.019079759000305785,200,TB,cpu,0,
cpu,victorio_imagenet,Normal,19,False,0.01954240000122809,200,TB,cpu,0,
cpu,victorio_imagenet,Normal,20,False,0.019836155999655602,200,TB,cpu,0,
cpu,victorio_imagenet,Normal,21,False,0.021349951002775924,200,TB,cpu,0,
cpu,victorio_imagenet,Normal,22,False,0.029935882001154823,200,TB,cpu,0,
cpu,victorio_imagenet,Normal,23,False,0.021585596001386875,200,TB,cpu,0,
cpu,victorio_imagenet,Normal,24,False,0.018431893997330917,200,TB,cpu,0,
cpu,victorio_imagenet,Normal,25,False,0.02057719000003999,200,TB,cpu,0,
cpu,victorio_imagenet,Normal,26,False,0.017950164998183027,200,TB,cpu,0,
cpu,victorio_imagenet,Normal,27,False,0.01890167199962889,200,TB,cpu,0,
cpu,victorio_imagenet,Normal,28,False,0.021017658000346273,200,TB,cpu,0,
cpu,victorio_imagenet,Normal,29,False,0.017831217002822086,200,TB,cpu,0,
cpu,victorio_imagenet,Normal,30,False,0.02004150200082222,200,TB,cpu,0,
cpu,victorio_imagenet,Normal,31,False,0.018016169000475202,200,TB,cpu,0,
cpu,victorio_imagenet,Normal,32,False,0.01996588200199767,200,TB,cpu,0,
cpu,victorio_imagenet,Normal,33,False,0.01915907100192271,200,TB,cpu,0,
cpu,victorio_imagenet,Normal,34,False,0.021599547002551844,200,TB,cpu,0,
cpu,victorio_imagenet,Normal,35,False,0.017977915002120426,200,TB,cpu,0,
cpu,victorio_imagenet,Normal,36,False,0.08057954800096923,200,TB,cpu,0,
cpu,victorio_imagenet,Normal,37,False,0.022612337001191918,200,TB,cpu,0,
cpu,victorio_imagenet,Normal,38,False,0.018696637998800725,200,TB,cpu,0,
cpu,victorio_imagenet,Normal,39,False,0.01784509400022216,200,TB,cpu,0,
cpu,victorio_imagenet,Normal,40,False,0.017783680003049085,200,TB,cpu,0,
cpu,victorio_imagenet,Normal,41,False,0.019578249000915093,200,TB,cpu,0,
cpu,victorio_imagenet,Normal,42,False,0.017376505998981884,200,TB,cpu,0,
cpu,victorio_imagenet,Normal,43,False,0.020079665999219287,200,TB,cpu,0,
cpu,victorio_imagenet,Normal,44,False,0.017525925999507308,200,TB,cpu,0,
cpu,victorio_imagenet,Normal,45,False,0.020901288000459317,200,TB,cpu,0,
cpu,victorio_imagenet,Normal,46,False,0.019099995002761716,200,TB,cpu,0,
cpu,victorio_imagenet,Normal,47,False,0.017833702000643825,200,TB,cpu,0,
cpu,victorio_imagenet,Normal,48,False,0.021884039000724442,200,TB,cpu,0,
cpu,victorio_imagenet,Normal,49,False,0.019997318002424436,200,TB,cpu,0,
cpu,victorio_imagenet,Normal,50,False,0.017957427000510506,200,TB,cpu,0,
cpu,victorio_imagenet,Normal,51,False,0.020923937001498416,200,TB,cpu,0,
cpu,victorio_imagenet,Normal,52,False,0.020736577000207035,200,TB,cpu,0,
cpu,victorio_imagenet,Normal,53,False,0.020323540000390494,200,TB,cpu,0,
cpu,victorio_imagenet,Normal,54,False,0.017255091999686556,200,TB,cpu,0,
cpu,victorio_imagenet,Normal,55,False,0.021610251998936292,200,TB,cpu,0,
cpu,victorio_imagenet,Normal,56,False,0.021001116998377256,200,TB,cpu,0,
cpu,victorio_imagenet,Normal,57,False,0.018237620999570936,200,TB,cpu,0,
cpu,victorio_imagenet,Normal,58,False,0.01955745000304887,200,TB,cpu,0,
cpu,victorio_imagenet,Normal,59,False,0.01917221399708069,200,TB,cpu,0,
cpu,victorio_imagenet,Normal,60,False,0.019983971000328893,200,TB,cpu,0,
cpu,victorio_imagenet,Normal,61,False,0.018816028998116963,200,TB,cpu,0,
cpu,victorio_imagenet,Normal,62,False,0.018304233999515418,200,TB,cpu,0,
cpu,victorio_imagenet,Normal,63,False,0.017293582001002505,200,TB,cpu,0,
cpu,victorio_imagenet,Normal,64,False,0.019560335000278428,200,TB,cpu,0,
cpu,victorio_imagenet,Normal,65,False,0.017682882000372047,200,TB,cpu,0,
cpu,victorio_imagenet,Normal,66,False,0.017454710003221408,200,TB,cpu,0,
cpu,victorio_imagenet,Normal,67,False,0.017943741000635782,200,TB,cpu,0,
cpu,victorio_imagenet,Normal,68,False,0.11558946800141712,200,TB,cpu,0,
cpu,victorio_imagenet,Normal,69,False,0.018878024002333404,200,TB,cpu,0,
cpu,victorio_imagenet,Normal,70,False,0.022283124999376014,200,TB,cpu,0,
cpu,victorio_imagenet,Normal,71,False,0.01782165099939448,200,TB,cpu,0,
cpu,victorio_imagenet,Normal,72,False,0.0225103599987051,200,TB,cpu,0,
cpu,victorio_imagenet,Normal,73,False,0.01751631300066947,200,TB,cpu,0,
cpu,victorio_imagenet,Normal,74,False,0.019003081000846578,200,TB,cpu,0,
cpu,victorio_imagenet,Normal,75,False,0.017542743000376504,200,TB,cpu,0,
cpu,victorio_imagenet,Normal,76,False,0.020625688001018716,200,TB,cpu,0,
cpu,victorio_imagenet,Normal,77,False,0.018253237001772504,200,TB,cpu,0,
cpu,victorio_imagenet,Normal,78,False,0.020470722000027308,200,TB,cpu,0,
cpu,victorio_imagenet,Normal,79,False,0.018890072002250236,200,TB,cpu,0,
cpu,victorio_imagenet,Normal,80,False,0.0181158460000006,200,TB,cpu,0,
cpu,victorio_imagenet,Normal,81,False,0.01905796700157225,200,TB,cpu,0,
cpu,victorio_imagenet,Normal,82,False,0.020687862997874618,200,TB,cpu,0,
cpu,victorio_imagenet,Normal,83,False,0.019092317001195624,200,TB,cpu,0,
cpu,victorio_imagenet,Normal,84,False,0.020963377002772177,200,TB,cpu,0,
cpu,victorio_imagenet,Normal,85,False,0.01896708300046157,200,TB,cpu,0,
cpu,victorio_imagenet,Normal,86,False,0.10737336999955005,200,TB,cpu,0,
cpu,victorio_imagenet,Normal,87,False,0.11426649500208441,200,TB,cpu,0,
cpu,victorio_imagenet,Normal,88,False,0.02036009099902003,200,TB,cpu,0,
cpu,victorio_imagenet,Normal,89,False,0.020241501999407774,200,TB,cpu,0,
cpu,victorio_imagenet,Normal,90,False,0.01973949300008826,200,TB,cpu,0,
cpu,victorio_imagenet,Normal,91,False,0.019086667998635676,200,TB,cpu,0,
cpu,victorio_imagenet,Normal,92,False,0.019798227000137558,200,TB,cpu,0,
cpu,victorio_imagenet,Normal,93,False,0.020382583999889903,200,TB,cpu,0,
cpu,victorio_imagenet,Normal,94,False,0.0193745750002563,200,TB,cpu,0,
cpu,victorio_imagenet,Normal,95,False,0.02402200700089452,200,TB,cpu,0,
cpu,victorio_imagenet,Normal,96,False,0.01859558399883099,200,TB,cpu,0,
cpu,victorio_imagenet,Normal,97,False,0.017947306998394197,200,TB,cpu,0,
cpu,victorio_imagenet,Normal,98,False,0.02101379099985934,200,TB,cpu,0,
cpu,victorio_imagenet,Normal,99,False,0.01858926199929556,200,TB,cpu,0,
cpu,victorio_imagenet,Normal,100,False,0.020736947997647803,200,TB,cpu,0,
cpu,victorio_imagenet,Normal,101,False,0.018633820000104606,200,TB,cpu,0,
cpu,victorio_imagenet,Normal,102,False,0.01939529700030107,200,TB,cpu,0,
cpu,victorio_imagenet,Normal,103,False,0.019918831003451487,200,TB,cpu,0,
cpu,victorio_imagenet,Normal,104,False,0.052377666001120815,200,TB,cpu,0,
cpu,victorio_imagenet,Pneumonia,0,True,0.015198253000562545,200,Pneumonia,cpu,0,
cpu,victorio_imagenet,Pneumonia,1,True,0.014655214003141737,200,Pneumonia,cpu,0,
cpu,victorio_imagenet,Pneumonia,2,True,0.013069127999187913,200,Pneumonia,cpu,0,
cpu,victorio_imagenet,Pneumonia,3,True,0.012740117999783251,200,Pneumonia,cpu,0,
cpu,victorio_imagenet,Pneumonia,4,True,0.05427100999804679,200,Pneumonia,cpu,0,
cpu,victorio_imagenet,Pneumonia,5,False,0.012294680000195513,200,Pneumonia,cpu,0,
cpu,victorio_imagenet,Pneumonia,6,False,0.014875805001793196,200,Pneumonia,cpu,0,
cpu,victorio_imagenet,Pneumonia,7,False,0.014567342997906962,200,Pneumonia,cpu,0,
cpu,victorio_imagenet,Pneumonia,8,False,0.012432311999873491,200,Pneumonia,cpu,0,
cpu,victorio_imagenet,Pneumonia,9,False,0.013936433002527338,200,Pneumonia,cpu,0,
cpu,victorio_imagenet,Pneumonia,10,False,0.012187857999379048,200,Pneumonia,cpu,0,
cpu,victorio_imagenet,Pneumonia,11,False,0.015234226997563383,200,Pneumonia,cpu,0,
cpu,victorio_imagenet,Pneumonia,12,False,0.12834724500135053,200,Pneumonia,cpu,0,
cpu,victorio_imagenet,Pneumonia,13,False,0.12589165700046578,200,Pneumonia,cpu,0,
cpu,victorio_imagenet,Pneumonia,14,False,0.012318413999309996,200,Pneumonia,cpu,0,
cpu,victorio_imagenet,Pneumonia,15,False,0.012596132000908256,200,Pneumonia,cpu,0,
cpu,victorio_imagenet,Pneumonia,16,False,0.11133344300105819,200,Pneumonia,cpu,0,
cpu,victorio_imagenet,Pneumonia,17,False,0.012895269002910936,200,Pneumonia,cpu,0,
cpu,victorio_imagenet,Pneumonia,18,False,0.012473486000089906,200,Pneumonia,cpu,0,
cpu,victorio_imagenet,Pneumonia,19,False,0.014487455002381466,200,Pneumonia,cpu,0,
cpu,victorio_imagenet,Pneumonia,20,False,0.014671240998723079,200,Pneumonia,cpu,0,
cpu,victorio_imagenet,Pneumonia,21,False,0.013143760999810183,200,Pneumonia,cpu,0,
cpu,victorio_imagenet,Pneumonia,22,False,0.013294516000314616,200,Pneumonia,cpu,0,
cpu,victorio_imagenet,Pneumonia,23,False,0.013026955999521306,200,Pneumonia,cpu,0,
cpu,victorio_imagenet,Pneumonia,24,False,0.013645448998431675,200,Pneumonia,cpu,0,
cpu,victorio_imagenet,Pneumonia,25,False,0.011731676000636071,200,Pneumonia,cpu,0,
cpu,victorio_imagenet,Pneumonia,26,False,0.012593474999448517,200,Pneumonia,cpu,0,
cpu,victorio_imagenet,Pneumonia,27,False,0.014862713996990351,200,Pneumonia,cpu,0,
cpu,victorio_imagenet,Pneumonia,28,False,0.013877720000891713,200,Pneumonia,cpu,0,
cpu,victorio_imagenet,Pneumonia,29,False,0.013084132999210851,200,Pneumonia,cpu,0,
cpu,victorio_imagenet,Pneumonia,30,False,0.10693760299909627,200,Pneumonia,cpu,0,
cpu,victorio_imagenet,Pneumonia,31,False,0.012290726001083385,200,Pneumonia,cpu,0,
cpu,victorio_imagenet,Pneumonia,32,False,0.014422181000554701,200,Pneumonia,cpu,0,
cpu,victorio_imagenet,Pneumonia,33,False,0.013047570999333402,200,Pneumonia,cpu,0,
cpu,victorio_imagenet,Pneumonia,34,False,0.013991236002766527,200,Pneumonia,cpu,0,
cpu,victorio_imagenet,Pneumonia,35,False,0.011491844001284335,200,Pneumonia,cpu,0,
cpu,victorio_imagenet,Pneumonia,36,False,0.01413534500170499,200,Pneumonia,cpu,0,
cpu,victorio_imagenet,Pneumonia,37,False,0.013027594999584835,200,Pneumonia,cpu,0,
cpu,victorio_imagenet,Pneumonia,38,False,0.01715750099901925,200,Pneumonia,cpu,0,
cpu,victorio_imagenet,Pneumonia,39,False,0.014661881999927573,200,Pneumonia,cpu,0,
cpu,victorio_imagenet,Pneumonia,40,False,0.013921312001912156,200,Pneumonia,cpu,0,
cpu,victorio_imagenet,Pneumonia,41,False,0.0139065319999645,200,Pneumonia,cpu,0,
cpu,victorio_imagenet,Pneumonia,42,False,0.014565762001438998,200,Pneumonia,cpu,0,
cpu,victorio_imagenet,Pneumonia,43,False,0.011836247002065647,200,Pneumonia,cpu,0,
cpu,victorio_imagenet,Pneumonia,44,False,0.056731410997599596,200,Pneumonia,cpu,0,
cpu,victorio_imagenet,Pneumonia,45,False,0.01347290199919371,200,Pneumonia,cpu,0,
cpu,victorio_imagenet,Pneumonia,46,False,0.015811443998245522,200,Pneumonia,cpu,0,
cpu,victorio_imagenet,Pneumonia,47,False,0.015902291997917928,200,Pneumonia,cpu,0,
cpu,victorio_imagenet,Pneumonia,48,False,0.013791588000458432,200,Pneumonia,cpu,0,
cpu,victorio_imagenet,Pneumonia,49,False,0.014975471000070684,200,Pneumonia,cpu,0,
cpu,victorio_imagenet,Pneumonia,50,False,0.015245894999679876,200,Pneumonia,cpu,0,
cpu,victorio_imagenet,Pneumonia,51,False,0.012926644001709064,200,Pneumonia,cpu,0,
cpu,victorio_imagenet,Pneumonia,52,False,0.015223884001898114,200,Pneumonia,cpu,0,
cpu,victorio_imagenet,Pneumonia,53,False,0.015001003001088975,200,Pneumonia,cpu,0,
cpu,victorio_imagenet,Pneumonia,54,False,0.013040295001701452,200,Pneumonia,cpu,0,
cpu,victorio_imagenet,Pneumonia,55,False,0.014047317003132775,200,Pneumonia,cpu,0,
cpu,victorio_imagenet,Pneumonia,56,False,0.013659928998094983,200,Pneumonia,cpu,0,
cpu,victorio_imagenet,Pneumonia,57,False,0.013647743002366042,200,Pneumonia,cpu,0,
cpu,victorio_imagenet,Pneumonia,58,False,0.012133172000176273,200,Pneumonia,cpu,0,
cpu,victorio_imagenet,Pneumonia,59,False,0.012275299999600975,200,Pneumonia,cpu,0,
cpu,victorio_imagenet,Pneumonia,60,False,0.012802659999579191,200,Pneumonia,cpu,0,
cpu,victorio_imagenet,Pneumonia,61,False,0.013559224000346148,200,Pneumonia,cpu,0,
cpu,victorio_imagenet,Pneumonia,62,False,0.014808113002800383,200,Pneumonia,cpu,0,
cpu,victorio_imagenet,Pneumonia,63,False,0.01367541999934474,200,Pneumonia,cpu,0,
cpu,victorio_imagenet,Pneumonia,64,False,0.0119813189994602,200,Pneumonia,cpu,0,
cpu,victorio_imagenet,Pneumonia,65,False,0.014319935002276907,200,Pneumonia,cpu,0,
cpu,victorio_imagenet,Pneumonia,66,False,0.01236995499857585,200,Pneumonia,cpu,0,
cpu,victorio_imagenet,Pneumonia,67,False,0.013112725999235408,200,Pneumonia,cpu,0,
cpu,victorio_imagenet,Pneumonia,68,False,0.013083466001262423,200,Pneumonia,cpu,0,
cpu,victorio_imagenet,Pneumonia,69,False,0.013020098002016312,200,Pneumonia,cpu,0,
cpu,victorio_imagenet,Pneumonia,70,False,0.012306344000535319,200,Pneumonia,cpu,0,
cpu,victorio_imagenet,Pneumonia,71,False,0.012615733001439366,200,Pneumonia,cpu,0,
cpu,victorio_imagenet,Pneumonia,72,False,0.014968380997743225,200,Pneumonia,cpu,0,
cpu,victorio_imagenet,Pneumonia,73,False,0.011709419999533566,200,Pneumonia,cpu,0,
cpu,victorio_imagenet,Pneumonia,74,False,0.013522697001462802,200,Pneumonia,cpu,0,
cpu,victorio_imagenet,Pneumonia,75,False,0.05598036900119041,200,Pneumonia,cpu,0,
cpu,victorio_imagenet,Pneumonia,76,False,0.01119946600010735,200,Pneumonia,cpu,0,
cpu,victorio_imagenet,Pneumonia,77,False,0.05445058600162156,200,Pneumonia,cpu,0,
cpu,victorio_imagenet,Pneumonia,78,False,0.012459030000172788,200,Pneumonia,cpu,0,
cpu,victorio_imagenet,Pneumonia,79,False,0.013124640001478838,200,Pneumonia,cpu,0,
cpu,victorio_imagenet,Pneumonia,80,False,0.013772755999525543,200,Pneumonia,cpu,0,
cpu,victorio_imagenet,Pneumonia,81,False,0.012442868999642087,200,Pneumonia,cpu,0,
cpu,victorio_imagenet,Pneumonia,82,False,0.012787153998942813,200,Pneumonia,cpu,0,
cpu,victorio_imagenet,Pneumonia,83,False,0.011964006000198424,200,Pneumonia,cpu,0,
cpu,victorio_imagenet,Pneumonia,84,False,0.014282271000411129,200,Pneumonia,cpu,0,
cpu,victorio_imagenet,Pneumonia,85,False,0.01309935800236417,200,Pneumonia,cpu,0,
cpu,victorio_imagenet,Pneumonia,86,False,0.012866911998571595,200,Pneumonia,cpu,0,
cpu,victorio_imagenet,Pneumonia,87,False,0.012943768000695854,200,Pneumonia,cpu,0,
cpu,victorio_imagenet,Pneumonia,88,False,0.012328368000453338,200,Pneumonia,cpu,0,
cpu,victorio_imagenet,Pneumonia,89,False,0.013235269001597771,200,Pneumonia,cpu,0,
cpu,victorio_imagenet,Pneumonia,90,False,0.014320220001536654,200,Pneumonia,cpu,0,
cpu,victorio_imagenet,Pneumonia,91,False,0.014588787002139725,200,Pneumonia,cpu,0,
cpu,victorio_imagenet,Pneumonia,92,False,0.011429088001023047,200,Pneumonia,cpu,0,
cpu,victorio_imagenet,Pneumonia,93,False,0.011315146999550052,200,Pneumonia,cpu,0,
cpu,victorio_imagenet,Pneumonia,94,False,0.11079585799961933,200,Pneumonia,cpu,0,
cpu,victorio_imagenet,Pneumonia,95,False,0.014914510000380687,200,Pneumonia,cpu,0,
cpu,victorio_imagenet,Pneumonia,96,False,0.01387301900103921,200,Pneumonia,cpu,0,
cpu,victorio_imagenet,Pneumonia,97,False,0.08497167500172509,200,Pneumonia,cpu,0,
cpu,victorio_imagenet,Pneumonia,98,False,0.01469090899990988,200,Pneumonia,cpu,0,
cpu,victorio_imagenet,Pneumonia,99,False,0.10753720399952726,200,Pneumonia,cpu,0,
cpu,victorio_imagenet,Pneumonia,100,False,0.015066768999531632,200,Pneumonia,cpu,0,
cpu,victorio_imagenet,Pneumonia,101,False,0.015684033998695668,200,Pneumonia,cpu,0,
cpu,victorio_imagenet,Pneumonia,102,False,0.11134834599943133,200,Pneumonia,cpu,0,
cpu,victorio_imagenet,Pneumonia,103,False,0.01452889500069432,200,Pneumonia,cpu,0,
cpu,victorio_imagenet,Pneumonia,104,False,0.015807494000910083,200,Pneumonia,cpu,0,
cpu,victorio_imagenet,TB,0,True,0.018356802000198513,200,TB,cpu,0,
cpu,victorio_imagenet,TB,1,True,0.019834964998153737,200,TB,cpu,0,
cpu,victorio_imagenet,TB,2,True,0.020136209001066163,200,TB,cpu,0,
cpu,victorio_imagenet,TB,3,True,0.01901935199930449,200,TB,cpu,0,
cpu,victorio_imagenet,TB,4,True,0.020885918998828856,200,TB,cpu,0,
cpu,victorio_imagenet,TB,5,False,0.0179422559995146,200,TB,cpu,0,
cpu,victorio_imagenet,TB,6,False,0.021752303997345734,200,TB,cpu,0,
cpu,victorio_imagenet,TB,7,False,0.018645910000486765,200,TB,cpu,0,
cpu,victorio_imagenet,TB,8,False,0.018967624997458188,200,TB,cpu,0,
cpu,victorio_imagenet,TB,9,False,0.018893697997555137,200,TB,cpu,0,
cpu,victorio_imagenet,TB,10,False,0.12244313200062606,200,TB,cpu,0,
cpu,victorio_imagenet,TB,11,False,0.017507820997707313,200,TB,cpu,0,
cpu,victorio_imagenet,TB,12,False,0.022358426002028864,200,TB,cpu,0,
cpu,victorio_imagenet,TB,13,False,0.019461525000224356,200,TB,cpu,0,
cpu,victorio_imagenet,TB,14,False,0.11391527600062545,200,TB,cpu,0,
cpu,victorio_imagenet,TB,15,False,0.020056706001923885,200,TB,cpu,0,
cpu,victorio_imagenet,TB,16,False,0.10442611600228702,200,TB,cpu,0,
cpu,victorio_imagenet,TB,17,False,0.0196196519973455,200,TB,cpu,0,
cpu,victorio_imagenet,TB,18,False,0.020321875002991874,200,TB,cpu,0,
cpu,victorio_imagenet,TB,19,False,0.01903371300068102,200,TB,cpu,0,
cpu,victorio_imagenet,TB,20,False,0.021312221000698628,200,TB,cpu,0,
cpu,victorio_imagenet,TB,21,False,0.01915441299934173,200,TB,cpu,0,
cpu,victorio_imagenet,TB,22,False,0.025117804001638433,200,TB,cpu,0,
cpu,victorio_imagenet,TB,23,False,0.018957656997372396,200,TB,cpu,0,
cpu,victorio_imagenet,TB,24,False,0.02134902300167596,200,TB,cpu,0,
cpu,victorio_imagenet,TB,25,False,0.018216559998109005,200,TB,cpu,0,
cpu,victorio_imagenet,TB,26,False,0.07949381599974004,200,TB,cpu,0,
cpu,victorio_imagenet,TB,27,False,0.022389781999663683,200,TB,cpu,0,
cpu,victorio_imagenet,TB,28,False,0.019121297998935916,200,TB,cpu,0,
cpu,victorio_imagenet,TB,29,False,0.02064372500171885,200,TB,cpu,0,
cpu,victorio_imagenet,TB,30,False,0.020983336002245778,200,TB,cpu,0,
cpu,victorio_imagenet,TB,31,False,0.022999001997959567,200,TB,cpu,0,
cpu,victorio_imagenet,TB,32,False,0.018258976000652183,200,TB,cpu,0,
cpu,victorio_imagenet,TB,33,False,0.019615451001300244,200,TB,cpu,0,
cpu,victorio_imagenet,TB,34,False,0.01970962499763118,200,TB,cpu,0,
cpu,victorio_imagenet,TB,35,False,0.1193279219987744,200,TB,cpu,0,
cpu,victorio_imagenet,TB,36,False,0.019930995000322582,200,TB,cpu,0,
cpu,victorio_imagenet,TB,37,False,0.020047443998919334,200,TB,cpu,0,
cpu,victorio_imagenet,TB,38,False,0.02050180699734483,200,TB,cpu,0,
cpu,victorio_imagenet,TB,39,False,0.020409709999512415,200,TB,cpu,0,
cpu,victorio_imagenet,TB,40,False,0.020064234999153996,200,TB,cpu,0,
cpu,victorio_imagenet,TB,41,False,0.02110045400331728,200,TB,cpu,0,
cpu,victorio_imagenet,TB,42,False,0.022421794001274975,200,TB,cpu,0,
cpu,victorio_imagenet,TB,43,False,0.11707524099983857,200,TB,cpu,0,
cpu,victorio_imagenet,TB,44,False,0.02142981100041652,200,TB,cpu,0,
cpu,victorio_imagenet,TB,45,False,0.018284476002008887,200,TB,cpu,0,
cpu,victorio_imagenet,TB,46,False,0.0216123840000364,200,TB,cpu,0,
cpu,victorio_imagenet,TB,47,False,0.0188088989998505,200,TB,cpu,0,
cpu,victorio_imagenet,TB,48,False,0.021856915001990274,200,TB,cpu,0,
cpu,victorio_imagenet,TB,49,False,0.01745987800313742,200,TB,cpu,0,
cpu,victorio_imagenet,TB,50,False,0.018620635000843322,200,TB,cpu,0,
cpu,victorio_imagenet,TB,51,False,0.020534645998850465,200,TB,cpu,0,
cpu,victorio_imagenet,TB,52,False,0.02302419199986616,200,TB,cpu,0,
cpu,victorio_imagenet,TB,53,False,0.01855814000009559,200,TB,cpu,0,
cpu,victorio_imagenet,TB,54,False,0.021542648999457015,200,TB,cpu,0,
cpu,victorio_imagenet,TB,55,False,0.01847347299917601,200,TB,cpu,0,
cpu,victorio_imagenet,TB,56,False,0.021520556998439133,200,TB,cpu,0,
cpu,victorio_imagenet,TB,57,False,0.01901513499979046,200,TB,cpu,0,
cpu,victorio_imagenet,TB,58,False,0.01988802900086739,200,TB,cpu,0,
cpu,victorio_imagenet,TB,59,False,0.11458502499954193,200,TB,cpu,0,
cpu,victorio_imagenet,TB,60,False,0.020694468999863602,200,TB,cpu,0,
cpu,victorio_imagenet,TB,61,False,0.019754853998165345,200,TB,cpu,0,
cpu,victorio_imagenet,TB,62,False,0.020224839998263633,200,TB,cpu,0,
cpu,victorio_imagenet,TB,63,False,0.018021738000243204,200,TB,cpu,0,
cpu,victorio_imagenet,TB,64,False,0.019149964999087388,200,TB,cpu,0,
cpu,victorio_imagenet,TB,65,False,0.02059487199949217,200,TB,cpu,0,
cpu,victorio_imagenet,TB,66,False,0.018940194997412618,200,TB,cpu,0,
cpu,victorio_imagenet,TB,67,False,0.0211688490016968,200,TB,cpu,0,
cpu,victorio_imagenet,TB,68,False,0.0185203660003026,200,TB,cpu,0,
cpu,victorio_imagenet,TB,69,False,0.02147374899868737,200,TB,cpu,0,
cpu,victorio_imagenet,TB,70,False,0.02184911199947237,200,TB,cpu,0,
cpu,victorio_imagenet,TB,71,False,0.018166664998716442,200,TB,cpu,0,
cpu,victorio_imagenet,TB,72,False,0.11723294100011117,200,TB,cpu,0,
cpu,victorio_imagenet,TB,73,False,0.018310996998479823,200,TB,cpu,0,
cpu,victorio_imagenet,TB,74,False,0.06326262199945631,200,TB,cpu,0,
cpu,victorio_imagenet,TB,75,False,0.02143512600014219,200,TB,cpu,0,
cpu,victorio_imagenet,TB,76,False,0.019041413001104956,200,TB,cpu,0,
cpu,victorio_imagenet,TB,77,False,0.021390411999163916,200,TB,cpu,0,
cpu,victorio_imagenet,TB,78,False,0.018137180999474367,200,TB,cpu,0,
cpu,victorio_imagenet,TB,79,False,0.019605359000706812,200,TB,cpu,0,
cpu,victorio_imagenet,TB,80,False,0.020117468000535155,200,TB,cpu,0,
cpu,victorio_imagenet,TB,81,False,0.018727447000856046,200,TB,cpu,0,
cpu,victorio_imagenet,TB,82,False,0.021065400000225054,200,TB,cpu,0,
cpu,victorio_imagenet,TB,83,False,0.019528182998328703,200,TB,cpu,0,
cpu,victorio_imagenet,TB,84,False,0.10074702899873955,200,TB,cpu,0,
cpu,victorio_imagenet,TB,85,False,0.024729869001021143,200,TB,cpu,0,
cpu,victorio_imagenet,TB,86,False,0.024094905002129963,200,TB,cpu,0,
cpu,victorio_imagenet,TB,87,False,0.01870746599888662,200,TB,cpu,0,
cpu,victorio_imagenet,TB,88,False,0.020269680997444084,200,TB,cpu,0,
cpu,victorio_imagenet,TB,89,False,0.019771802999457577,200,TB,cpu,0,
cpu,victorio_imagenet,TB,90,False,0.01787567700012005,200,TB,cpu,0,
cpu,victorio_imagenet,TB,91,False,0.01910422299988568,200,TB,cpu,0,
cpu,victorio_imagenet,TB,92,False,0.0197256040009961,200,TB,cpu,0,
cpu,victorio_imagenet,TB,93,False,0.018044084001303418,200,TB,cpu,0,
cpu,victorio_imagenet,TB,94,False,0.022866238999995403,200,TB,cpu,0,
cpu,victorio_imagenet,TB,95,False,0.018234961997222854,200,TB,cpu,0,
cpu,victorio_imagenet,TB,96,False,0.019258784002886387,200,TB,cpu,0,
cpu,victorio_imagenet,TB,97,False,0.01883576700129197,200,TB,cpu,0,
cpu,victorio_imagenet,TB,98,False,0.019321906998811755,200,TB,cpu,0,
cpu,victorio_imagenet,TB,99,False,0.018753550997644197,200,TB,cpu,0,
cpu,victorio_imagenet,TB,100,False,0.10926388199732173,200,TB,cpu,0,
cpu,victorio_imagenet,TB,101,False,0.017909229998622322,200,TB,cpu,0,
cpu,victorio_imagenet,TB,102,False,0.02039940699978615,200,TB,cpu,0,
cpu,victorio_imagenet,TB,103,False,0.11555380799836712,200,TB,cpu,0,
cpu,victorio_imagenet,TB,104,False,0.11398303000169108,200,TB,cpu,0,
gpu,mobilenet_v2_cxr,Normal,0,True,0.09214065299966023,200,Normal,cuda,0,
gpu,mobilenet_v2_cxr,Normal,1,True,0.08583686699785176,200,Normal,cuda,0,
gpu,mobilenet_v2_cxr,Normal,2,True,0.08792564399846015,200,Normal,cuda,0,
gpu,mobilenet_v2_cxr,Normal,3,True,0.26483067300068797,200,Normal,cuda,0,
gpu,mobilenet_v2_cxr,Normal,4,True,0.30160158400030923,200,Normal,cuda,0,
gpu,mobilenet_v2_cxr,Normal,5,False,0.09607835700080614,200,Normal,cuda,0,
gpu,mobilenet_v2_cxr,Normal,6,False,0.08772132100057206,200,Normal,cuda,0,
gpu,mobilenet_v2_cxr,Normal,7,False,0.08883463800157188,200,Normal,cuda,0,
gpu,mobilenet_v2_cxr,Normal,8,False,0.2617786770024395,200,Normal,cuda,0,
gpu,mobilenet_v2_cxr,Normal,9,False,0.09553077000236954,200,Normal,cuda,0,
gpu,mobilenet_v2_cxr,Normal,10,False,0.20967255700088572,200,Normal,cuda,0,
gpu,mobilenet_v2_cxr,Normal,11,False,0.1124693349993322,200,Normal,cuda,0,
gpu,mobilenet_v2_cxr,Normal,12,False,0.08741984099833644,200,Normal,cuda,0,
gpu,mobilenet_v2_cxr,Normal,13,False,0.2562128870013112,200,Normal,cuda,0,
gpu,mobilenet_v2_cxr,Normal,14,False,0.1098097100002633,200,Normal,cuda,0,
gpu,mobilenet_v2_cxr,Normal,15,False,0.19263845400200807,200,Normal,cuda,0,
gpu,mobilenet_v2_cxr,Normal,16,False,0.10530963700148277,200,Normal,cuda,0,
gpu,mobilenet_v2_cxr,Normal,17,False,0.09265566600151942,200,Normal,cuda,0,
gpu,mobilenet_v2_cxr,Normal,18,False,0.09785369500241359,200,Normal,cuda,0,
gpu,mobilenet_v2_cxr,Normal,19,False,0.08695353700022679,200,Normal,cuda,0,
gpu,mobilenet_v2_cxr,Normal,20,False,0.08942344099705224,200,Normal,cuda,0,
gpu,mobilenet_v2_cxr,Normal,21,False,0.08820207900134847,200,Normal,cuda,0,
gpu,mobilenet_v2_cxr,Normal,22,False,0.08728841499760165,200,Normal,cuda,0,
gpu,mobilenet_v2_cxr,Normal,23,False,0.08858288400006131,200,Normal,cuda,0,
gpu,mobilenet_v2_cxr,Normal,24,False,0.20744725699842093,200,Normal,cuda,0,
gpu,mobilenet_v2_cxr,Normal,25,False,0.14931998800238944,200,Normal,cuda,0,
gpu,mobilenet_v2_cxr,Normal,26,False,0.20692620900081238,200,Normal,cuda,0,
gpu,mobilenet_v2_cxr,Normal,27,False,0.11381061499923817,200,Normal,cuda,0,
gpu,mobilenet_v2_cxr,Normal,28,False,0.09904079300031299,200,Normal,cuda,0,
gpu,mobilenet_v2_cxr,Normal,29,False,0.2841653399991628,200,Normal,cuda,0,
gpu,mobilenet_v2_cxr,Normal,30,False,0.10057927600064431,200,Normal,cuda,0,
gpu,mobilenet_v2_cxr,Normal,31,False,0.09041854200040689,200,Normal,cuda,0,
gpu,mobilenet_v2_cxr,Normal,32,False,0.25009984799908125,200,Normal,cuda,0,
gpu,mobilenet_v2_cxr,Normal,33,False,0.09446180099985213,200,Normal,cuda,0,
gpu,mobilenet_v2_cxr,Normal,34,False,0.09990604199992958,200,Normal,cuda,0,
gpu,mobilenet_v2_cxr,Normal,35,False,0.08946514099807246,200,Normal,cuda,0,
gpu,mobilenet_v2_cxr,Normal,36,False,0.21252230200116173,200,Normal,cuda,0,
gpu,mobilenet_v2_cxr,Normal,37,False,0.2966548140029772,200,Normal,cuda,0,
gpu,mobilenet_v2_cxr,Normal,38,False,0.08859150399803184,200,Normal,cuda,0,
gpu,mobilenet_v2_cxr,Normal,39,False,0.1842644050011586,200,Normal,cuda,0,
gpu,mobilenet_v2_cxr,Normal,40,False,0.09433521800019662,200,Normal,cuda,0,
gpu,mobilenet_v2_cxr,Normal,41,False,0.08924353599650203,200,Normal,cuda,0,
gpu,mobilenet_v2_cxr,Normal,42,False,0.08837436199974036,200,Normal,cuda,0,
gpu,mobilenet_v2_cxr,Normal,43,False,0.0856514579973009,200,Normal,cuda,0,
gpu,mobilenet_v2_cxr,Normal,44,False,0.23493595300169545,200,Normal,cuda,0,
gpu,mobilenet_v2_cxr,Normal,45,False,0.30405269599941676,200,Normal,cuda,0,
gpu,mobilenet_v2_cxr,Normal,46,False,0.1115777840022929,200,Normal,cuda,0,
gpu,mobilenet_v2_cxr,Normal,47,False,0.08734831000037957,200,Normal,cuda,0,
gpu,mobilenet_v2_cxr,Normal,48,False,0.23820053799863672,200,Normal,cuda,0,
gpu,mobilenet_v2_cxr,Normal,49,False,0.26127223300136393,200,Normal,cuda,0,
gpu,mobilenet_v2_cxr,Normal,50,False,0.23827049000101397,200,Normal,cuda,0,
gpu,mobilenet_v2_cxr,Normal,51,False,0.1419811980013037,200,Normal,cuda,0,
gpu,mobilenet_v2_cxr,Normal,52,False,0.09166266700049164,200,Normal,cuda,0,
gpu,mobilenet_v2_cxr,Normal,53,False,0.0861934040003689,200,Normal,cuda,0,
gpu,mobilenet_v2_cxr,Normal,54,False,0.15507512600015616,200,Normal,cuda,0,
gpu,mobilenet_v2_cxr,Normal,55,False,0.0872078939974017,200,Normal,cuda,0,
gpu,mobilenet_v2_cxr,Normal,56,False,0.08809706499960157,200,Normal,cuda,0,
gpu,mobilenet_v2_cxr,Normal,57,False,0.08997471499969834,200,Normal,cuda,0,
gpu,mobilenet_v2_cxr,Normal,58,False,0.2566518999992695,200,Normal,cuda,0,
gpu,mobilenet_v2_cxr,Normal,59,False,0.09758417400007602,200,Normal,cuda,0,
gpu,mobilenet_v2_cxr,Normal,60,False,0.0915293069992913,200,Normal,cuda,0,
gpu,mobilenet_v2_cxr,Normal,61,False,0.0894085219988483,200,Normal,cuda,0,
gpu,mobilenet_v2_cxr,Normal,62,False,0.19497363100163057,200,Normal,cuda,0,
gpu,mobilenet_v2_cxr,Normal,63,False,0.1374499179983104,200,Normal,cuda,0,
gpu,mobilenet_v2_cxr,Normal,64,False,0.08659468399855541,200,Normal,cuda,0,
gpu,mobilenet_v2_cxr,Normal,65,False,0.08754383899940876,200,Normal,cuda,0,
gpu,mobilenet_v2_cxr,Normal,66,False,0.2805278449995967,200,Normal,cuda,0,
gpu,mobilenet_v2_cxr,Normal,67,False,0.09095930200055591,200,Normal,cuda,0,
gpu,mobilenet_v2_cxr,Normal,68,False,0.23986692099788343,200,Normal,cuda,0,
gpu,mobilenet_v2_cxr,Normal,69,False,0.08805274599944823,200,Normal,cuda,0,
gpu,mobilenet_v2_cxr,Normal,70,False,0.09418699700108846,200,Normal,cuda,0,
gpu,mobilenet_v2_cxr,Normal,71,False,0.08866498099814635,200,Normal,cuda,0,
gpu,mobilenet_v2_cxr,Normal,72,False,0.09417890999975498,200,Normal,cuda,0,
gpu,mobilenet_v2_cxr,Normal,73,False,0.10533839700292447,200,Normal,cuda,0,
gpu,mobilenet_v2_cxr,Normal,74,False,0.23580334199868958,200,Normal,cuda,0,
gpu,mobilenet_v2_cxr,Normal,75,False,0.27170536300036474,200,Normal,cuda,0,
gpu,mobilenet_v2_cxr,Normal,76,False,0.22714690800057724,200,Normal,cuda,0,
gpu,mobilenet_v2_cxr,Normal,77,False,0.14110743299897877,200,Normal,cuda,0,
gpu,mobilenet_v2_cxr,Normal,78,False,0.10293489299874636,200,Normal,cuda,0,
gpu,mobilenet_v2_cxr,Normal,79,False,0.09217310299936798,200,Normal,cuda,0,
gpu,mobilenet_v2_cxr,Normal,80,False,0.08854970399988815,200,Normal,cuda,0,
gpu,mobilenet_v2_cxr,Normal,81,False,0.08756444000027841,200,Normal,cuda,0,
gpu,mobilenet_v2_cxr,Normal,82,False,0.08883596200030297,200,Normal,cuda,0,
gpu,mobilenet_v2_cxr,Normal,83,False,0.08672969499821193,200,Normal,cuda,0,
gpu,mobilenet_v2_cxr,Normal,84,False,0.21284451899919077,200,Normal,cuda,0,
gpu,mobilenet_v2_cxr,Normal,85,False,0.2992355599999428,200,Normal,cuda,0,
gpu,mobilenet_v2_cxr,Normal,86,False,0.20441882500017527,200,Normal,cuda,0,
gpu,mobilenet_v2_cxr,Normal,87,False,0.2945070579989988,200,Normal,cuda,0,
gpu,mobilenet_v2_cxr,Normal,88,False,0.09559718599848566,200,Normal,cuda,0,
gpu,mobilenet_v2_cxr,Normal,89,False,0.08799241299857385,200,Normal,cuda,0,
gpu,mobilenet_v2_cxr,Normal,90,False,0.09351166600026772,200,Normal,cuda,0,
gpu,mobilenet_v2_cxr,Normal,91,False,0.08829393199994229,200,Normal,cuda,0,
gpu,mobilenet_v2_cxr,Normal,92,False,0.13463641700218432,200,Normal,cuda,0,
gpu,mobilenet_v2_cxr,Normal,93,False,0.11608015499950852,200,Normal,cuda,0,
gpu,mobilenet_v2_cxr,Normal,94,False,0.08838228000240633,200,Normal,cuda,0,
gpu,mobilenet_v2_cxr,Normal,95,False,0.0870763149978302,200,Normal,cuda,0,
gpu,mobilenet_v2_cxr,Normal,96,False,0.0915117009972164,200,Normal,cuda,0,
gpu,mobilenet_v2_cxr,Normal,97,False,0.21650306900119176,200,Normal,cuda,0,
gpu,mobilenet_v2_cxr,Normal,98,False,0.143015273999481,200,Normal,cuda,0,
gpu,mobilenet_v2_cxr,Normal,99,False,0.08758415800184594,200,Normal,cuda,0,
gpu,mobilenet_v2_cxr,Normal,100,False,0.08869524900001124,200,Normal,cuda,0,
gpu,mobilenet_v2_cxr,Normal,101,False,0.08800599499954842,200,Normal,cuda,0,
gpu,mobilenet_v2_cxr,Normal,102,False,0.09056970199890202,200,Normal,cuda,0,
gpu,mobilenet_v2_cxr,Normal,103,False,0.09042276699983631,200,Normal,cuda,0,
gpu,mobilenet_v2_cxr,Normal,104,False,0.21231124000041746,200,Normal,cuda,0,
gpu,mobilenet_v2_cxr,Pneumonia,0,True,0.13661849699929007,200,Pneumonia,cuda,0,
gpu,mobilenet_v2_cxr,Pneumonia,1,True,0.262142853000114,200,Pneumonia,cuda,0,
gpu,mobilenet_v2_cxr,Pneumonia,2,True,0.09809824299736647,200,Pneumonia,cuda,0,
gpu,mobilenet_v2_cxr,Pneumonia,3,True,0.2633848069999658,200,Pneumonia,cuda,0,
gpu,mobilenet_v2_cxr,Pneumonia,4,True,0.15772937600195291,200,Pneumonia,cuda,0,
gpu,mobilenet_v2_cxr,Pneumonia,5,False,0.08289616799811483,200,Pneumonia,cuda,0,
gpu,mobilenet_v2_cxr,Pneumonia,6,False,0.0931516400014516,200,Pneumonia,cuda,0,
gpu,mobilenet_v2_cxr,Pneumonia,7,False,0.08453318499960005,200,Pneumonia,cuda,0,
gpu,mobilenet_v2_cxr,Pneumonia,8,False,0.08305416200164473,200,Pneumonia,cuda,0,
gpu,mobilenet_v2_cxr,Pneumonia,9,False,0.23922402600146597,200,Pneumonia,cuda,0,
gpu,mobilenet_v2_cxr,Pneumonia,10,False,0.1352590640017297,200,Pneumonia,cuda,0,
gpu,mobilenet_v2_cxr,Pneumonia,11,False,0.08236805200067465,200,Pneumonia,cuda,0,
gpu,mobilenet_v2_cxr,Pneumonia,12,False,0.08220638400234748,200,Pneumonia,cuda,0,
gpu,mobilenet_v2_cxr,Pneumonia,13,False,0.09622588799902587,200,Pneumonia,cuda,0,
gpu,mobilenet_v2_cxr,Pneumonia,14,False,0.08546111100076814,200,Pneumonia,cuda,0,
gpu,mobilenet_v2_cxr,Pneumonia,15,False,0.08339336399876629,200,Pneumonia,cuda,0,
gpu,mobilenet_v2_cxr,Pneumonia,16,False,0.09259814799952437,200,Pneumonia,cuda,0,
gpu,mobilenet_v2_cxr,Pneumonia,17,False,0.24612402899947483,200,Pneumonia,cuda,0,
gpu,mobilenet_v2_cxr,Pneumonia,18,False,0.13063113800308201,200,Pneumonia,cuda,0,
gpu,mobilenet_v2_cxr,Pneumonia,19,False,0.2264994690012827,200,Pneumonia,cuda,0,
gpu,mobilenet_v2_cxr,Pneumonia,20,False,0.10997161499835784,200,Pneumonia,cuda,0,
gpu,mobilenet_v2_cxr,Pneumonia,21,False,0.09276396499990369,200,Pneumonia,cuda,0,
gpu,mobilenet_v2_cxr,Pneumonia,22,False,0.08349586399708642,200,Pneumonia,cuda,0,
gpu,mobilenet_v2_cxr,Pneumonia,23,False,0.24721746600334882,200,Pneumonia,cuda,0,
gpu,mobilenet_v2_cxr,Pneumonia,24,False,0.08346070599873201,200,Pneumonia,cuda,0,
gpu,mobilenet_v2_cxr,Pneumonia,25,False,0.0894458830007352,200,Pneumonia,cuda,0,
gpu,mobilenet_v2_cxr,Pneumonia,26,False,0.08224906000032206,200,Pneumonia,cuda,0,
gpu,mobilenet_v2_cxr,Pneumonia,27,False,0.08588995000172872,200,Pneumonia,cuda,0,
gpu,mobilenet_v2_cxr,Pneumonia,28,False,0.0832716619988787,200,Pneumonia,cuda,0,
gpu,mobilenet_v2_cxr,Pneumonia,29,False,0.083544367000286,200,Pneumonia,cuda,0,
gpu,mobilenet_v2_cxr,Pneumonia,30,False,0.2562481099994329,200,Pneumonia,cuda,0,
gpu,mobilenet_v2_cxr,Pneumonia,31,False,0.16339833800157066,200,Pneumonia,cuda,0,
gpu,mobilenet_v2_cxr,Pneumonia,32,False,0.08202916200025356,200,Pneumonia,cuda,0,
gpu,mobilenet_v2_cxr,Pneumonia,33,False,0.08171339999898919,200,Pneumonia,cuda,0,
gpu,mobilenet_v2_cxr,Pneumonia,34,False,0.08189657899856684,200,Pneumonia,cuda,0,
gpu,mobilenet_v2_cxr,Pneumonia,35,False,0.0914977659995202,200,Pneumonia,cuda,0,
gpu,mobilenet_v2_cxr,Pneumonia,36,False,0.08166451399665675,200,Pneumonia,cuda,0,
gpu,mobilenet_v2_cxr,Pneumonia,37,False,0.1593860399989353,200,Pneumonia,cuda,0,
gpu,mobilenet_v2_cxr,Pneumonia,38,False,0.09262524800215033,200,Pneumonia,cuda,0,
gpu,mobilenet_v2_cxr,Pneumonia,39,False,0.20296445300118648,200,Pneumonia,cuda,0,
gpu,mobilenet_v2_cxr,Pneumonia,40,False,0.08597913099947618,200,Pneumonia,cuda,0,
gpu,mobilenet_v2_cxr,Pneumonia,41,False,0.08372251299806521,200,Pneumonia,cuda,0,
gpu,mobilenet_v2_cxr,Pneumonia,42,False,0.08139948799725971,200,Pneumonia,cuda,0,
gpu,mobilenet_v2_cxr,Pneumonia,43,False,0.087392916000681,200,Pneumonia,cuda,0,
gpu,mobilenet_v2_cxr,Pneumonia,44,False,0.08323886500147637,200,Pneumonia,cuda,0,
gpu,mobilenet_v2_cxr,Pneumonia,45,False,0.24132362300224486,200,Pneumonia,cuda,0,
gpu,mobilenet_v2_cxr,Pneumonia,46,False,0.09222526300072786,200,Pneumonia,cuda,0,
gpu,mobilenet_v2_cxr,Pneumonia,47,False,0.08222469099928276,200,Pneumonia,cuda,0,
gpu,mobilenet_v2_cxr,Pneumonia,48,False,0.08176807199924951,200,Pneumonia,cuda,0,
gpu,mobilenet_v2_cxr,Pneumonia,49,False,0.08234373099912773,200,Pneumonia,cuda,0,
gpu,mobilenet_v2_cxr,Pneumonia,50,False,0.0964825179980835,200,Pneumonia,cuda,0,
gpu,mobilenet_v2_cxr,Pneumonia,51,False,0.08319264399688109,200,Pneumonia,cuda,0,
gpu,mobilenet_v2_cxr,Pneumonia,52,False,0.08308389300145791,200,Pneumonia,cuda,0,
gpu,mobilenet_v2_cxr,Pneumonia,53,False,0.09730764699997962,200,Pneumonia,cuda,0,
gpu,mobilenet_v2_cxr,Pneumonia,54,False,0.23881467699902714,200,Pneumonia,cuda,0,
gpu,mobilenet_v2_cxr,Pneumonia,55,False,0.09837823800262413,200,Pneumonia,cuda,0,
gpu,mobilenet_v2_cxr,Pneumonia,56,False,0.08433807999972487,200,Pneumonia,cuda,0,
gpu,mobilenet_v2_cxr,Pneumonia,57,False,0.08249836699906155,200,Pneumonia,cuda,0,
gpu,mobilenet_v2_cxr,Pneumonia,58,False,0.08283409499927075,200,Pneumonia,cuda,0,
gpu,mobilenet_v2_cxr,Pneumonia,59,False,0.08846281099977205,200,Pneumonia,cuda,0,
gpu,mobilenet_v2_cxr,Pneumonia,60,False,0.08268105900060618,200,Pneumonia,cuda,0,
gpu,mobilenet_v2_cxr,Pneumonia,61,False,0.08266694999838364,200,Pneumonia,cuda,0,
gpu,mobilenet_v2_cxr,Pneumonia,62,False,0.19845366400113562,200,Pneumonia,cuda,0,
gpu,mobilenet_v2_cxr,Pneumonia,63,False,0.09114408899768023,200,Pneumonia,cuda,0,
gpu,mobilenet_v2_cxr,Pneumonia,64,False,0.14803628099980415,200,Pneumonia,cuda,0,
gpu,mobilenet_v2_cxr,Pneumonia,65,False,0.08137030899888487,200,Pneumonia,cuda,0,
gpu,mobilenet_v2_cxr,Pneumonia,66,False,0.08149047999904724,200,Pneumonia,cuda,0,
gpu,mobilenet_v2_cxr,Pneumonia,67,False,0.09407244999965769,200,Pneumonia,cuda,0,
gpu,mobilenet_v2_cxr,Pneumonia,68,False,0.0846130030004133,200,Pneumonia,cuda,0,
gpu,mobilenet_v2_cxr,Pneumonia,69,False,0.08276184599890257,200,Pneumonia,cuda,0,
gpu,mobilenet_v2_cxr,Pneumonia,70,False,0.08377811399986967,200,Pneumonia,cuda,0,
gpu,mobilenet_v2_cxr,Pneumonia,71,False,0.08928174799802946,200,Pneumonia,cuda,0,
gpu,mobilenet_v2_cxr,Pneumonia,72,False,0.08247472399671096,200,Pneumonia,cuda,0,
gpu,mobilenet_v2_cxr,Pneumonia,73,False,0.08366250900144223,200,Pneumonia,cuda,0,
gpu,mobilenet_v2_cxr,Pneumonia,74,False,0.1981903300002159,200,Pneumonia,cuda,0,
gpu,mobilenet_v2_cxr,Pneumonia,75,False,0.11709018200053833,200,Pneumonia,cuda,0,
gpu,mobilenet_v2_cxr,Pneumonia,76,False,0.08184045300004072,200,Pneumonia,cuda,0,
gpu,mobilenet_v2_cxr,Pneumonia,77,False,0.0822317349993682,200,Pneumonia,cuda,0,
gpu,mobilenet_v2_cxr,Pneumonia,78,False,0.08778296099990257,200,Pneumonia,cuda,0,
gpu,mobilenet_v2_cxr,Pneumonia,79,False,0.08146465599929797,200,Pneumonia,cuda,0,
gpu,mobilenet_v2_cxr,Pneumonia,80,False,0.10879754099732963,200,Pneumonia,cuda,0,
gpu,mobilenet_v2_cxr,Pneumonia,81,False,0.08863537700017332,200,Pneumonia,cuda,0,
gpu,mobilenet_v2_cxr,Pneumonia,82,False,0.0827234780008439,200,Pneumonia,cuda,0,
gpu,mobilenet_v2_cxr,Pneumonia,83,False,0.08385906100011198,200,Pneumonia,cuda,0,
gpu,mobilenet_v2_cxr,Pneumonia,84,False,0.082095580000896,200,Pneumonia,cuda,0,
gpu,mobilenet_v2_cxr,Pneumonia,85,False,0.0858083289967908,200,Pneumonia,cuda,0,
gpu,mobilenet_v2_cxr,Pneumonia,86,False,0.08715232599934097,200,Pneumonia,cuda,0,
gpu,mobilenet_v2_cxr,Pneumonia,87,False,0.08178070700159878,200,Pneumonia,cuda,0,
gpu,mobilenet_v2_cxr,Pneumonia,88,False,0.08350163000068278,200,Pneumonia,cuda,0,
gpu,mobilenet_v2_cxr,Pneumonia,89,False,0.0832441700003983,200,Pneumonia,cuda,0,
gpu,mobilenet_v2_cxr,Pneumonia,90,False,0.24077072400177713,200,Pneumonia,cuda,0,
gpu,mobilenet_v2_cxr,Pneumonia,91,False,0.10529171500093071,200,Pneumonia,cuda,0,
gpu,mobilenet_v2_cxr,Pneumonia,92,False,0.09404372799690464,200,Pneumonia,cuda,0,
gpu,mobilenet_v2_cxr,Pneumonia,93,False,0.08240238399957889,200,Pneumonia,cuda,0,
gpu,mobilenet_v2_cxr,Pneumonia,94,False,0.08093220099908649,200,Pneumonia,cuda,0,
gpu,mobilenet_v2_cxr,Pneumonia,95,False,0.08005922699885559,200,Pneumonia,cuda,0,
gpu,mobilenet_v2_cxr,Pneumonia,96,False,0.0929511820031621,200,Pneumonia,cuda,0,
gpu,mobilenet_v2_cxr,Pneumonia,97,False,0.2056434709993482,200,Pneumonia,cuda,0,
gpu,mobilenet_v2_cxr,Pneumonia,98,False,0.134788285002287,200,Pneumonia,cuda,0,
gpu,mobilenet_v2_cxr,Pneumonia,99,False,0.259206279002683,200,Pneumonia,cuda,0,
gpu,mobilenet_v2_cxr,Pneumonia,100,False,0.2128019640003913,200,Pneumonia,cuda,0,
gpu,mobilenet_v2_cxr,Pneumonia,101,False,0.13451019899730454,200,Pneumonia,cuda,0,
gpu,mobilenet_v2_cxr,Pneumonia,102,False,0.0808641540024837,200,Pneumonia,cuda,0,
gpu,mobilenet_v2_cxr,Pneumonia,103,False,0.08000726699901861,200,Pneumonia,cuda,0,
gpu,mobilenet_v2_cxr,Pneumonia,104,False,0.2603281599986076,200,Pneumonia,cuda,0,
gpu,mobilenet_v2_cxr,TB,0,True,0.2409470569982659,200,TB,cuda,0,
gpu,mobilenet_v2_cxr,TB,1,True,0.29120247600076254,200,TB,cuda,0,
gpu,mobilenet_v2_cxr,TB,2,True,0.15778696900088107,200,TB,cuda,0,
gpu,mobilenet_v2_cxr,TB,3,True,0.0868572130020766,200,TB,cuda,0,
gpu,mobilenet_v2_cxr,TB,4,True,0.08602244299981976,200,TB,cuda,0,
gpu,mobilenet_v2_cxr,TB,5,False,0.08614742899953853,200,TB,cuda,0,
gpu,mobilenet_v2_cxr,TB,6,False,0.08690822499920614,200,TB,cuda,0,
gpu,mobilenet_v2_cxr,TB,7,False,0.08724657299899263,200,TB,cuda,0,
gpu,mobilenet_v2_cxr,TB,8,False,0.21653142699869932,200,TB,cuda,0,
gpu,mobilenet_v2_cxr,TB,9,False,0.29617809699993813,200,TB,cuda,0,
gpu,mobilenet_v2_cxr,TB,10,False,0.1347528609985602,200,TB,cuda,0,
gpu,mobilenet_v2_cxr,TB,11,False,0.08524932299769716,200,TB,cuda,0,
gpu,mobilenet_v2_cxr,TB,12,False,0.0872040999965975,200,TB,cuda,0,
gpu,mobilenet_v2_cxr,TB,13,False,0.08600361299977521,200,TB,cuda,0,
gpu,mobilenet_v2_cxr,TB,14,False,0.20557213199936086,200,TB,cuda,0,
gpu,mobilenet_v2_cxr,TB,15,False,0.11058655800297856,200,TB,cuda,0,
gpu,mobilenet_v2_cxr,TB,16,False,0.08729392799796187,200,TB,cuda,0,
gpu,mobilenet_v2_cxr,TB,17,False,0.08852727100020275,200,TB,cuda,0,
gpu,mobilenet_v2_cxr,TB,18,False,0.08765120500174817,200,TB,cuda,0,
gpu,mobilenet_v2_cxr,TB,19,False,0.08702650600025663,200,TB,cuda,0,
gpu,mobilenet_v2_cxr,TB,20,False,0.08680994500173256,200,TB,cuda,0,
gpu,mobilenet_v2_cxr,TB,21,False,0.08721499300008873,200,TB,cuda,0,
gpu,mobilenet_v2_cxr,TB,22,False,0.08964166000077967,200,TB,cuda,0,
gpu,mobilenet_v2_cxr,TB,23,False,0.08426067500113277,200,TB,cuda,0,
gpu,mobilenet_v2_cxr,TB,24,False,0.08729142100128229,200,TB,cuda,0,
gpu,mobilenet_v2_cxr,TB,25,False,0.087389208998502,200,TB,cuda,0,
gpu,mobilenet_v2_cxr,TB,26,False,0.21300239999982296,200,TB,cuda,0,
gpu,mobilenet_v2_cxr,TB,27,False,0.20804616099849227,200,TB,cuda,0,
gpu,mobilenet_v2_cxr,TB,28,False,0.10586190100002568,200,TB,cuda,0,
gpu,mobilenet_v2_cxr,TB,29,False,0.08618392800053698,200,TB,cuda,0,
gpu,mobilenet_v2_cxr,TB,30,False,0.0884743319984409,200,TB,cuda,0,
gpu,mobilenet_v2_cxr,TB,31,False,0.09015219299908495,200,TB,cuda,0,
gpu,mobilenet_v2_cxr,TB,32,False,0.12702327499937383,200,TB,cuda,0,
gpu,mobilenet_v2_cxr,TB,33,False,0.13522288300009677,200,TB,cuda,0,
gpu,mobilenet_v2_cxr,TB,34,False,0.08704951800245908,200,TB,cuda,0,
gpu,mobilenet_v2_cxr,TB,35,False,0.23954113899890217,200,TB,cuda,0,
gpu,mobilenet_v2_cxr,TB,36,False,0.2415677479984879,200,TB,cuda,0,
gpu,mobilenet_v2_cxr,TB,37,False,0.1365097109992348,200,TB,cuda,0,
gpu,mobilenet_v2_cxr,TB,38,False,0.0840179420010827,200,TB,cuda,0,
gpu,mobilenet_v2_cxr,TB,39,False,0.0868005920019641,200,TB,cuda,0,
gpu,mobilenet_v2_cxr,TB,40,False,0.08921506899787346,200,TB,cuda,0,
gpu,mobilenet_v2_cxr,TB,41,False,0.09310852700218675,200,TB,cuda,0,
gpu,mobilenet_v2_cxr,TB,42,False,0.08858332300223992,200,TB,cuda,0,
gpu,mobilenet_v2_cxr,TB,43,False,0.09019292899756692,200,TB,cuda,0,
gpu,mobilenet_v2_cxr,TB,44,False,0.22417063399916515,200,TB,cuda,0,
gpu,mobilenet_v2_cxr,TB,45,False,0.13687000400022953,200,TB,cuda,0,
gpu,mobilenet_v2_cxr,TB,46,False,0.15244292399802362,200,TB,cuda,0,
gpu,mobilenet_v2_cxr,TB,47,False,0.08661515900166705,200,TB,cuda,0,
gpu,mobilenet_v2_cxr,TB,48,False,0.29068673500296427,200,TB,cuda,0,
gpu,mobilenet_v2_cxr,TB,49,False,0.10408058499888284,200,TB,cuda,0,
gpu,mobilenet_v2_cxr,TB,50,False,0.23124203400220722,200,TB,cuda,0,
gpu,mobilenet_v2_cxr,TB,51,False,0.13248345900137792,200,TB,cuda,0,
gpu,mobilenet_v2_cxr,TB,52,False,0.0873173029976897,200,TB,cuda,0,
gpu,mobilenet_v2_cxr,TB,53,False,0.18414845100051025,200,TB,cuda,0,
gpu,mobilenet_v2_cxr,TB,54,False,0.2942120989973773,200,TB,cuda,0,
gpu,mobilenet_v2_cxr,TB,55,False,0.09605898299923865,200,TB,cuda,0,
gpu,mobilenet_v2_cxr,TB,56,False,0.20648622200315003,200,TB,cuda,0,
gpu,mobilenet_v2_cxr,TB,57,False,0.14285045299766352,200,TB,cuda,0,
gpu,mobilenet_v2_cxr,TB,58,False,0.09388602399849333,200,TB,cuda,0,
gpu,mobilenet_v2_cxr,TB,59,False,0.08686476100047003,200,TB,cuda,0,
gpu,mobilenet_v2_cxr,TB,60,False,0.08609379100016668,200,TB,cuda,0,
gpu,mobilenet_v2_cxr,TB,61,False,0.08757568399960292,200,TB,cuda,0,
gpu,mobilenet_v2_cxr,TB,62,False,0.09739631699994789,200,TB,cuda,0,
gpu,mobilenet_v2_cxr,TB,63,False,0.2669344180030748,200,TB,cuda,0,
gpu,mobilenet_v2_cxr,TB,64,False,0.08644469600039884,200,TB,cuda,0,
gpu,mobilenet_v2_cxr,TB,65,False,0.14509513400116703,200,TB,cuda,0,
gpu,mobilenet_v2_cxr,TB,66,False,0.08966523299750406,200,TB,cuda,0,
gpu,mobilenet_v2_cxr,TB,67,False,0.27926773199942545,200,TB,cuda,0,
gpu,mobilenet_v2_cxr,TB,68,False,0.08947203299976536,200,TB,cuda,0,
gpu,mobilenet_v2_cxr,TB,69,False,0.21184535099746427,200,TB,cuda,0,
gpu,mobilenet_v2_cxr,TB,70,False,0.13227671200002078,200,TB,cuda,0,
gpu,mobilenet_v2_cxr,TB,71,False,0.08838974000173039,200,TB,cuda,0,
gpu,mobilenet_v2_cxr,TB,72,False,0.2114397059995099,200,TB,cuda,0,
gpu,mobilenet_v2_cxr,TB,73,False,0.14373906499895384,200,TB,cuda,0,
gpu,mobilenet_v2_cxr,TB,74,False,0.22093693199713016,200,TB,cuda,0,
gpu,mobilenet_v2_cxr,TB,75,False,0.11688106899964623,200,TB,cuda,0,
gpu,mobilenet_v2_cxr,TB,76,False,0.09839418800038402,200,TB,cuda,0,
gpu,mobilenet_v2_cxr,TB,77,False,0.08587773999897763,200,TB,cuda,0,
gpu,mobilenet_v2_cxr,TB,78,False,0.09683299300013459,200,TB,cuda,0,
gpu,mobilenet_v2_cxr,TB,79,False,0.08707024999966961,200,TB,cuda,0,
gpu,mobilenet_v2_cxr,TB,80,False,0.2544560949972947,200,TB,cuda,0,
gpu,mobilenet_v2_cxr,TB,81,False,0.29375173300286406,200,TB,cuda,0,
gpu,mobilenet_v2_cxr,TB,82,False,0.08654317900072783,200,TB,cuda,0,
gpu,mobilenet_v2_cxr,TB,83,False,0.09367621799901826,200,TB,cuda,0,
gpu,mobilenet_v2_cxr,TB,84,False,0.22407985300014843,200,TB,cuda,0,
gpu,mobilenet_v2_cxr,TB,85,False,0.30263867100075004,200,TB,cuda,0,
gpu,mobilenet_v2_cxr,TB,86,False,0.09334683700217283,200,TB,cuda,0,
gpu,mobilenet_v2_cxr,TB,87,False,0.204948301998229,200,TB,cuda,0,
gpu,mobilenet_v2_cxr,TB,88,False,0.11310618499919656,200,TB,cuda,0,
gpu,mobilenet_v2_cxr,TB,89,False,0.08858704299927922,200,TB,cuda,0,
gpu,mobilenet_v2_cxr,TB,90,False,0.26070340500155,200,TB,cuda,0,
gpu,mobilenet_v2_cxr,TB,91,False,0.08923659700303688,200,TB,cuda,0,
gpu,mobilenet_v2_cxr,TB,92,False,0.24230081999849062,200,TB,cuda,0,
gpu,mobilenet_v2_cxr,TB,93,False,0.0889247399973101,200,TB,cuda,0,
gpu,mobilenet_v2_cxr,TB,94,False,0.09208956200018292,200,TB,cuda,0,
gpu,mobilenet_v2_cxr,TB,95,False,0.19424406500183977,200,TB,cuda,0,
gpu,mobilenet_v2_cxr,TB,96,False,0.13724055000056978,200,TB,cuda,0,
gpu,mobilenet_v2_cxr,TB,97,False,0.25206957399859675,200,TB,cuda,0,
gpu,mobilenet_v2_cxr,TB,98,False,0.086944016002235,200,TB,cuda,0,
gpu,mobilenet_v2_cxr,TB,99,False,0.08680278199972236,200,TB,cuda,0,
gpu,mobilenet_v2_cxr,TB,100,False,0.0888807170013024,200,TB,cuda,0,
gpu,mobilenet_v2_cxr,TB,101,False,0.3434559810011706,200,TB,cuda,0,
gpu,mobilenet_v2_cxr,TB,102,False,0.09313183500125888,200,TB,cuda,0,
gpu,mobilenet_v2_cxr,TB,103,False,0.2386620059987763,200,TB,cuda,0,
gpu,mobilenet_v2_cxr,TB,104,False,0.2013356230017962,200,TB,cuda,0,
gpu,mobilenet_v2_imagenet,Normal,0,True,0.30006446200059145,200,Normal,cuda,0,
gpu,mobilenet_v2_imagenet,Normal,1,True,0.09587048200046411,200,Normal,cuda,0,
gpu,mobilenet_v2_imagenet,Normal,2,True,0.0913112939997518,200,Normal,cuda,0,
gpu,mobilenet_v2_imagenet,Normal,3,True,0.08857787699889741,200,Normal,cuda,0,
gpu,mobilenet_v2_imagenet,Normal,4,True,0.08887677399980021,200,Normal,cuda,0,
gpu,mobilenet_v2_imagenet,Normal,5,False,0.08654699500038987,200,Normal,cuda,0,
gpu,mobilenet_v2_imagenet,Normal,6,False,0.09388574499826063,200,Normal,cuda,0,
gpu,mobilenet_v2_imagenet,Normal,7,False,0.0965394449995074,200,Normal,cuda,0,
gpu,mobilenet_v2_imagenet,Normal,8,False,0.2556903299991973,200,Normal,cuda,0,
gpu,mobilenet_v2_imagenet,Normal,9,False,0.26398593300109496,200,Normal,cuda,0,
gpu,mobilenet_v2_imagenet,Normal,10,False,0.09758438100107014,200,Normal,cuda,0,
gpu,mobilenet_v2_imagenet,Normal,11,False,0.23931626899866387,200,Normal,cuda,0,
gpu,mobilenet_v2_imagenet,Normal,12,False,0.08878837200245471,200,Normal,cuda,0,
gpu,mobilenet_v2_imagenet,Normal,13,False,0.21657087299900013,200,Normal,cuda,0,
gpu,mobilenet_v2_imagenet,Normal,14,False,0.1583809499970812,200,Normal,cuda,0,
gpu,mobilenet_v2_imagenet,Normal,15,False,0.23298422600055346,200,Normal,cuda,0,
gpu,mobilenet_v2_imagenet,Normal,16,False,0.2045862010018027,200,Normal,cuda,0,
gpu,mobilenet_v2_imagenet,Normal,17,False,0.11287920999893686,200,Normal,cuda,0,
gpu,mobilenet_v2_imagenet,Normal,18,False,0.0874061239992443,200,Normal,cuda,0,
gpu,mobilenet_v2_imagenet,Normal,19,False,0.20810853299917653,200,Normal,cuda,0,
gpu,mobilenet_v2_imagenet,Normal,20,False,0.29046958499748143,200,Normal,cuda,0,
gpu,mobilenet_v2_imagenet,Normal,21,False,0.12116223800330772,200,Normal,cuda,0,
gpu,mobilenet_v2_imagenet,Normal,22,False,0.24430319599923678,200,Normal,cuda,0,
gpu,mobilenet_v2_imagenet,Normal,23,False,0.3330562679984723,200,Normal,cuda,0,
gpu,mobilenet_v2_imagenet,Normal,24,False,0.2730310990009457,200,Normal,cuda,0,
gpu,mobilenet_v2_imagenet,Normal,25,False,0.10580425400257809,200,Normal,cuda,0,
gpu,mobilenet_v2_imagenet,Normal,26,False,0.0851532929991663,200,Normal,cuda,0,
gpu,mobilenet_v2_imagenet,Normal,27,False,0.0868049679993419,200,Normal,cuda,0,
gpu,mobilenet_v2_imagenet,Normal,28,False,0.15922686799967778,200,Normal,cuda,0,
gpu,mobilenet_v2_imagenet,Normal,29,False,0.2888726029996178,200,Normal,cuda,0,
gpu,mobilenet_v2_imagenet,Normal,30,False,0.08934001300076488,200,Normal,cuda,0,
gpu,mobilenet_v2_imagenet,Normal,31,False,0.08908821599834482,200,Normal,cuda,0,
gpu,mobilenet_v2_imagenet,Normal,32,False,0.1897872979970998,200,Normal,cuda,0,
gpu,mobilenet_v2_imagenet,Normal,33,False,0.23359033499946236,200,Normal,cuda,0,
gpu,mobilenet_v2_imagenet,Normal,34,False,0.1395244260020263,200,Normal,cuda,0,
gpu,mobilenet_v2_imagenet,Normal,35,False,0.08448531199974241,200,Normal,cuda,0,
gpu,mobilenet_v2_imagenet,Normal,36,False,0.0851278350019129,200,Normal,cuda,0,
gpu,mobilenet_v2_imagenet,Normal,37,False,0.08819067500007804,200,Normal,cuda,0,
gpu,mobilenet_v2_imagenet,Normal,38,False,0.2680474439985119,200,Normal,cuda,0,
gpu,mobilenet_v2_imagenet,Normal,39,False,0.08897443699970609,200,Normal,cuda,0,
gpu,mobilenet_v2_imagenet,Normal,40,False,0.09082788299929234,200,Normal,cuda,0,
gpu,mobilenet_v2_imagenet,Normal,41,False,0.08663289199830615,200,Normal,cuda,0,
gpu,mobilenet_v2_imagenet,Normal,42,False,0.08991012100159423,200,Normal,cuda,0,
gpu,mobilenet_v2_imagenet,Normal,43,False,0.24366693499905523,200,Normal,cuda,0,
gpu,mobilenet_v2_imagenet,Normal,44,False,0.1333396289992379,200,Normal,cuda,0,
gpu,mobilenet_v2_imagenet,Normal,45,False,0.0888475970023137,200,Normal,cuda,0,
gpu,mobilenet_v2_imagenet,Normal,46,False,0.21230992700293427,200,Normal,cuda,0,
gpu,mobilenet_v2_imagenet,Normal,47,False,0.15227528499963228,200,Normal,cuda,0,
gpu,mobilenet_v2_imagenet,Normal,48,False,0.15544073500132072,200,Normal,cuda,0,
gpu,mobilenet_v2_imagenet,Normal,49,False,0.20142827300151112,200,Normal,cuda,0,
gpu,mobilenet_v2_imagenet,Normal,50,False,0.15859517699936987,200,Normal,cuda,0,
gpu,mobilenet_v2_imagenet,Normal,51,False,0.09493394400124089,200,Normal,cuda,0,
gpu,mobilenet_v2_imagenet,Normal,52,False,0.08558198500031722,200,Normal,cuda,0,
gpu,mobilenet_v2_imagenet,Normal,53,False,0.09234074699998018,200,Normal,cuda,0,
gpu,mobilenet_v2_imagenet,Normal,54,False,0.085638556000049,200,Normal,cuda,0,
gpu,mobilenet_v2_imagenet,Normal,55,False,0.0868399450009747,200,Normal,cuda,0,
gpu,mobilenet_v2_imagenet,Normal,56,False,0.34948624200114864,200,Normal,cuda,0,
gpu,mobilenet_v2_imagenet,Normal,57,False,0.08957012600149028,200,Normal,cuda,0,
gpu,mobilenet_v2_imagenet,Normal,58,False,0.08855726500041783,200,Normal,cuda,0,
gpu,mobilenet_v2_imagenet,Normal,59,False,0.08791153199854307,200,Normal,cuda,0,
gpu,mobilenet_v2_imagenet,Normal,60,False,0.09002132599925972,200,Normal,cuda,0,
gpu,mobilenet_v2_imagenet,Normal,61,False,0.08725943199897301,200,Normal,cuda,0,
gpu,mobilenet_v2_imagenet,Normal,62,False,0.09437184399939724,200,Normal,cuda,0,
gpu,mobilenet_v2_imagenet,Normal,63,False,0.08647302099780063,200,Normal,cuda,0,
gpu,mobilenet_v2_imagenet,Normal,64,False,0.27756091300034313,200,Normal,cuda,0,
gpu,mobilenet_v2_imagenet,Normal,65,False,0.23401084799843375,200,Normal,cuda,0,
gpu,mobilenet_v2_imagenet,Normal,66,False,0.09837820500251837,200,Normal,cuda,0,
gpu,mobilenet_v2_imagenet,Normal,67,False,0.08736150199911208,200,Normal,cuda,0,
gpu,mobilenet_v2_imagenet,Normal,68,False,0.18497244199897978,200,Normal,cuda,0,
gpu,mobilenet_v2_imagenet,Normal,69,False,0.11056460399777279,200,Normal,cuda,0,
gpu,mobilenet_v2_imagenet,Normal,70,False,0.08507325800019316,200,Normal,cuda,0,
gpu,mobilenet_v2_imagenet,Normal,71,False,0.08685463099754998,200,Normal,cuda,0,
gpu,mobilenet_v2_imagenet,Normal,72,False,0.21713445500063244,200,Normal,cuda,0,
gpu,mobilenet_v2_imagenet,Normal,73,False,0.23152356300124666,200,Normal,cuda,0,
gpu,mobilenet_v2_imagenet,Normal,74,False,0.1172629569991841,200,Normal,cuda,0,
gpu,mobilenet_v2_imagenet,Normal,75,False,0.08580073100165464,200,Normal,cuda,0,
gpu,mobilenet_v2_imagenet,Normal,76,False,0.0912761089966807,200,Normal,cuda,0,
gpu,mobilenet_v2_imagenet,Normal,77,False,0.08801728400067077,200,Normal,cuda,0,
gpu,mobilenet_v2_imagenet,Normal,78,False,0.08976047499891138,200,Normal,cuda,0,
gpu,mobilenet_v2_imagenet,Normal,79,False,0.08716439400086529,200,Normal,cuda,0,
gpu,mobilenet_v2_imagenet,Normal,80,False,0.2390208969991363,200,Normal,cuda,0,
gpu,mobilenet_v2_imagenet,Normal,81,False,0.19984094699975685,200,Normal,cuda,0,
gpu,mobilenet_v2_imagenet,Normal,82,False,0.12697132999892347,200,Normal,cuda,0,
gpu,mobilenet_v2_imagenet,Normal,83,False,0.08518888099933974,200,Normal,cuda,0,
gpu,mobilenet_v2_imagenet,Normal,84,False,0.253883040000801,200,Normal,cuda,0,
gpu,mobilenet_v2_imagenet,Normal,85,False,0.10768746100075077,200,Normal,cuda,0,
gpu,mobilenet_v2_imagenet,Normal,86,False,0.08489954300239333,200,Normal,cuda,0,
gpu,mobilenet_v2_imagenet,Normal,87,False,0.08594040300158667,200,Normal,cuda,0,
gpu,mobilenet_v2_imagenet,Normal,88,False,0.09548209900094662,200,Normal,cuda,0,
gpu,mobilenet_v2_imagenet,Normal,89,False,0.08584086900009424,200,Normal,cuda,0,
gpu,mobilenet_v2_imagenet,Normal,90,False,0.28126141199754784,200,Normal,cuda,0,
gpu,mobilenet_v2_imagenet,Normal,91,False,0.09441044299819623,200,Normal,cuda,0,
gpu,mobilenet_v2_imagenet,Normal,92,False,0.08458993000022019,200,Normal,cuda,0,
gpu,mobilenet_v2_imagenet,Normal,93,False,0.08810146299947519,200,Normal,cuda,0,
gpu,mobilenet_v2_imagenet,Normal,94,False,0.08444295700246585,200,Normal,cuda,0,
gpu,mobilenet_v2_imagenet,Normal,95,False,0.0930406369989214,200,Normal,cuda,0,
gpu,mobilenet_v2_imagenet,Normal,96,False,0.08523615200101631,200,Normal,cuda,0,
gpu,mobilenet_v2_imagenet,Normal,97,False,0.08679280300202663,200,Normal,cuda,0,
gpu,mobilenet_v2_imagenet,Normal,98,False,0.27245812000182923,200,Normal,cuda,0,
gpu,mobilenet_v2_imagenet,Normal,99,False,0.15504237200002535,200,Normal,cuda,0,
gpu,mobilenet_v2_imagenet,Normal,100,False,0.08685811100076535,200,Normal,cuda,0,
gpu,mobilenet_v2_imagenet,Normal,101,False,0.08529437700053677,200,Normal,cuda,0,
gpu,mobilenet_v2_imagenet,Normal,102,False,0.08435807400019257,200,Normal,cuda,0,
gpu,mobilenet_v2_imagenet,Normal,103,False,0.09046042000045418,200,Normal,cuda,0,
gpu,mobilenet_v2_imagenet,Normal,104,False,0.08492144800038659,200,Normal,cuda,0,
gpu,mobilenet_v2_imagenet,Pneumonia,0,True,0.18050208299973747,200,Pneumonia,cuda,0,
gpu,mobilenet_v2_imagenet,Pneumonia,1,True,0.08259583700055373,200,Pneumonia,cuda,0,
gpu,mobilenet_v2_imagenet,Pneumonia,2,True,0.0913114549985039,200,Pneumonia,cuda,0,
gpu,mobilenet_v2_imagenet,Pneumonia,3,True,0.08274742900175625,200,Pneumonia,cuda,0,
gpu,mobilenet_v2_imagenet,Pneumonia,4,True,0.2442551479980466,200,Pneumonia,cuda,0,
gpu,mobilenet_v2_imagenet,Pneumonia,5,False,0.10610948899920913,200,Pneumonia,cuda,0,
gpu,mobilenet_v2_imagenet,Pneumonia,6,False,0.09909754000182147,200,Pneumonia,cuda,0,
gpu,mobilenet_v2_imagenet,Pneumonia,7,False,0.08161434900102904,200,Pneumonia,cuda,0,
gpu,mobilenet_v2_imagenet,Pneumonia,8,False,0.08425919499859447,200,Pneumonia,cuda,0,
gpu,mobilenet_v2_imagenet,Pneumonia,9,False,0.08566420900024241,200,Pneumonia,cuda,0,
gpu,mobilenet_v2_imagenet,Pneumonia,10,False,0.19416985900170403,200,Pneumonia,cuda,0,
gpu,mobilenet_v2_imagenet,Pneumonia,11,False,0.153354861002299,200,Pneumonia,cuda,0,
gpu,mobilenet_v2_imagenet,Pneumonia,12,False,0.09132700000191107,200,Pneumonia,cuda,0,
gpu,mobilenet_v2_imagenet,Pneumonia,13,False,0.08162364900272223,200,Pneumonia,cuda,0,
gpu,mobilenet_v2_imagenet,Pneumonia,14,False,0.2599145169988333,200,Pneumonia,cuda,0,
gpu,mobilenet_v2_imagenet,Pneumonia,15,False,0.08546992300034617,200,Pneumonia,cuda,0,
gpu,mobilenet_v2_imagenet,Pneumonia,16,False,0.08474037699852488,200,Pneumonia,cuda,0,
gpu,mobilenet_v2_imagenet,Pneumonia,17,False,0.09750428999905125,200,Pneumonia,cuda,0,
gpu,mobilenet_v2_imagenet,Pneumonia,18,False,0.09075379900241387,200,Pneumonia,cuda,0,
gpu,mobilenet_v2_imagenet,Pneumonia,19,False,0.20301823499903549,200,Pneumonia,cuda,0,
gpu,mobilenet_v2_imagenet,Pneumonia,20,False,0.10733411899855128,200,Pneumonia,cuda,0,
gpu,mobilenet_v2_imagenet,Pneumonia,21,False,0.09469690599871683,200,Pneumonia,cuda,0,
gpu,mobilenet_v2_imagenet,Pneumonia,22,False,0.22999478400015505,200,Pneumonia,cuda,0,
gpu,mobilenet_v2_imagenet,Pneumonia,23,False,0.1082790560030844,200,Pneumonia,cuda,0,
gpu,mobilenet_v2_imagenet,Pneumonia,24,False,0.09108524800103623,200,Pneumonia,cuda,0,
gpu,mobilenet_v2_imagenet,Pneumonia,25,False,0.0799992239990388,200,Pneumonia,cuda,0,
gpu,mobilenet_v2_imagenet,Pneumonia,26,False,0.08638751000034972,200,Pneumonia,cuda,0,
gpu,mobilenet_v2_imagenet,Pneumonia,27,False,0.08014700800049468,200,Pneumonia,cuda,0,
gpu,mobilenet_v2_imagenet,Pneumonia,28,False,0.08085855599711067,200,Pneumonia,cuda,0,
gpu,mobilenet_v2_imagenet,Pneumonia,29,False,0.2734319460032566,200,Pneumonia,cuda,0,
gpu,mobilenet_v2_imagenet,Pneumonia,30,False,0.09966742799952044,200,Pneumonia,cuda,0,
gpu,mobilenet_v2_imagenet,Pneumonia,31,False,0.20357374900049763,200,Pneumonia,cuda,0,
gpu,mobilenet_v2_imagenet,Pneumonia,32,False,0.13144861099863192,200,Pneumonia,cuda,0,
gpu,mobilenet_v2_imagenet,Pneumonia,33,False,0.08102787899770192,200,Pneumonia,cuda,0,
gpu,mobilenet_v2_imagenet,Pneumonia,34,False,0.07928886599984253,200,Pneumonia,cuda,0,
gpu,mobilenet_v2_imagenet,Pneumonia,35,False,0.08065914100006921,200,Pneumonia,cuda,0,
gpu,mobilenet_v2_imagenet,Pneumonia,36,False,0.088156980000349,200,Pneumonia,cuda,0,
gpu,mobilenet_v2_imagenet,Pneumonia,37,False,0.07892139499745099,200,Pneumonia,cuda,0,
gpu,mobilenet_v2_imagenet,Pneumonia,38,False,0.14875522700094734,200,Pneumonia,cuda,0,
gpu,mobilenet_v2_imagenet,Pneumonia,39,False,0.08159155500106863,200,Pneumonia,cuda,0,
gpu,mobilenet_v2_imagenet,Pneumonia,40,False,0.09091639700272935,200,Pneumonia,cuda,0,
gpu,mobilenet_v2_imagenet,Pneumonia,41,False,0.23738444199989317,200,Pneumonia,cuda,0,
gpu,mobilenet_v2_imagenet,Pneumonia,42,False,0.08171581600254285,200,Pneumonia,cuda,0,
gpu,mobilenet_v2_imagenet,Pneumonia,43,False,0.089581801003078,200,Pneumonia,cuda,0,
gpu,mobilenet_v2_imagenet,Pneumonia,44,False,0.0814417309993587,200,Pneumonia,cuda,0,
gpu,mobilenet_v2_imagenet,Pneumonia,45,False,0.08603333399878466,200,Pneumonia,cuda,0,
gpu,mobilenet_v2_imagenet,Pneumonia,46,False,0.08108891099982429,200,Pneumonia,cuda,0,
gpu,mobilenet_v2_imagenet,Pneumonia,47,False,0.0809934360004263,200,Pneumonia,cuda,0,
gpu,mobilenet_v2_imagenet,Pneumonia,48,False,0.09820052800205303,200,Pneumonia,cuda,0,
gpu,mobilenet_v2_imagenet,Pneumonia,49,False,0.08152760700249928,200,Pneumonia,cuda,0,
gpu,mobilenet_v2_imagenet,Pneumonia,50,False,0.07986201499807066,200,Pneumonia,cuda,0,
gpu,mobilenet_v2_imagenet,Pneumonia,51,False,0.14171550199898775,200,Pneumonia,cuda,0,
gpu,mobilenet_v2_imagenet,Pneumonia,52,False,0.20787524700062932,200,Pneumonia,cuda,0,
gpu,mobilenet_v2_imagenet,Pneumonia,53,False,0.14088998100123717,200,Pneumonia,cuda,0,
gpu,mobilenet_v2_imagenet,Pneumonia,54,False,0.08508973200150649,200,Pneumonia,cuda,0,
gpu,mobilenet_v2_imagenet,Pneumonia,55,False,0.0800326419994235,200,Pneumonia,cuda,0,
gpu,mobilenet_v2_imagenet,Pneumonia,56,False,0.08160799100005534,200,Pneumonia,cuda,0,
gpu,mobilenet_v2_imagenet,Pneumonia,57,False,0.08317980900028488,200,Pneumonia,cuda,0,
gpu,mobilenet_v2_imagenet,Pneumonia,58,False,0.08660714699726668,200,Pneumonia,cuda,0,
gpu,mobilenet_v2_imagenet,Pneumonia,59,False,0.2372717210018891,200,Pneumonia,cuda,0,
gpu,mobilenet_v2_imagenet,Pneumonia,60,False,0.29252673399969353,200,Pneumonia,cuda,0,
gpu,mobilenet_v2_imagenet,Pneumonia,61,False,0.20505517000128748,200,Pneumonia,cuda,0,
gpu,mobilenet_v2_imagenet,Pneumonia,62,False,0.1368121390005399,200,Pneumonia,cuda,0,
gpu,mobilenet_v2_imagenet,Pneumonia,63,False,0.160302167001646,200,Pneumonia,cuda,0,
gpu,mobilenet_v2_imagenet,Pneumonia,64,False,0.0840461170009803,200,Pneumonia,cuda,0,
gpu,mobilenet_v2_imagenet,Pneumonia,65,False,0.2827422480004316,200,Pneumonia,cuda,0,
gpu,mobilenet_v2_imagenet,Pneumonia,66,False,0.09828056499827653,200,Pneumonia,cuda,0,
gpu,mobilenet_v2_imagenet,Pneumonia,67,False,0.08147267399908742,200,Pneumonia,cuda,0,
gpu,mobilenet_v2_imagenet,Pneumonia,68,False,0.09066606100168428,200,Pneumonia,cuda,0,
gpu,mobilenet_v2_imagenet,Pneumonia,69,False,0.0807221449977078,200,Pneumonia,cuda,0,
gpu,mobilenet_v2_imagenet,Pneumonia,70,False,0.08289196599798743,200,Pneumonia,cuda,0,
gpu,mobilenet_v2_imagenet,Pneumonia,71,False,0.09756551300233696,200,Pneumonia,cuda,0,
gpu,mobilenet_v2_imagenet,Pneumonia,72,False,0.2643199439989985,200,Pneumonia,cuda,0,
gpu,mobilenet_v2_imagenet,Pneumonia,73,False,0.08268448099988746,200,Pneumonia,cuda,0,
gpu,mobilenet_v2_imagenet,Pneumonia,74,False,0.09154631600176799,200,Pneumonia,cuda,0,
gpu,mobilenet_v2_imagenet,Pneumonia,75,False,0.08091876000253251,200,Pneumonia,cuda,0,
gpu,mobilenet_v2_imagenet,Pneumonia,76,False,0.08358589999988908,200,Pneumonia,cuda,0,
gpu,mobilenet_v2_imagenet,Pneumonia,77,False,0.08113756500097224,200,Pneumonia,cuda,0,
gpu,mobilenet_v2_imagenet,Pneumonia,78,False,0.08923753400085843,200,Pneumonia,cuda,0,
gpu,mobilenet_v2_imagenet,Pneumonia,79,False,0.0905949679981859,200,Pneumonia,cuda,0,
gpu,mobilenet_v2_imagenet,Pneumonia,80,False,0.2376002229975711,200,Pneumonia,cuda,0,
gpu,mobilenet_v2_imagenet,Pneumonia,81,False,0.08101528300176142,200,Pneumonia,cuda,0,
gpu,mobilenet_v2_imagenet,Pneumonia,82,False,0.09045108300051652,200,Pneumonia,cuda,0,
gpu,mobilenet_v2_imagenet,Pneumonia,83,False,0.09287660500194761,200,Pneumonia,cuda,0,
gpu,mobilenet_v2_imagenet,Pneumonia,84,False,0.08568455400018138,200,Pneumonia,cuda,0,
gpu,mobilenet_v2_imagenet,Pneumonia,85,False,0.08461826900020242,200,Pneumonia,cuda,0,
gpu,mobilenet_v2_imagenet,Pneumonia,86,False,0.08162126499883016,200,Pneumonia,cuda,0,
gpu,mobilenet_v2_imagenet,Pneumonia,87,False,0.08059818100082339,200,Pneumonia,cuda,0,
gpu,mobilenet_v2_imagenet,Pneumonia,88,False,0.2103486329979205,200,Pneumonia,cuda,0,
gpu,mobilenet_v2_imagenet,Pneumonia,89,False,0.13254321299973526,200,Pneumonia,cuda,0,
gpu,mobilenet_v2_imagenet,Pneumonia,90,False,0.09476498300136882,200,Pneumonia,cuda,0,
gpu,mobilenet_v2_imagenet,Pneumonia,91,False,0.12038042700078222,200,Pneumonia,cuda,0,
gpu,mobilenet_v2_imagenet,Pneumonia,92,False,0.07819809099964914,200,Pneumonia,cuda,0,
gpu,mobilenet_v2_imagenet,Pneumonia,93,False,0.14982099999906495,200,Pneumonia,cuda,0,
gpu,mobilenet_v2_imagenet,Pneumonia,94,False,0.18931907600199338,200,Pneumonia,cuda,0,
gpu,mobilenet_v2_imagenet,Pneumonia,95,False,0.1214542950001487,200,Pneumonia,cuda,0,
gpu,mobilenet_v2_imagenet,Pneumonia,96,False,0.07755741000073613,200,Pneumonia,cuda,0,
gpu,mobilenet_v2_imagenet,Pneumonia,97,False,0.09145270800217986,200,Pneumonia,cuda,0,
gpu,mobilenet_v2_imagenet,Pneumonia,98,False,0.20761650599888526,200,Pneumonia,cuda,0,
gpu,mobilenet_v2_imagenet,Pneumonia,99,False,0.23880183100118302,200,Pneumonia,cuda,0,
gpu,mobilenet_v2_imagenet,Pneumonia,100,False,0.15737019399966812,200,Pneumonia,cuda,0,
gpu,mobilenet_v2_imagenet,Pneumonia,101,False,0.10378149600001052,200,Pneumonia,cuda,0,
gpu,mobilenet_v2_imagenet,Pneumonia,102,False,0.23315357400133507,200,Pneumonia,cuda,0,
gpu,mobilenet_v2_imagenet,Pneumonia,103,False,0.13619011899936595,200,Pneumonia,cuda,0,
gpu,mobilenet_v2_imagenet,Pneumonia,104,False,0.07944793899878277,200,Pneumonia,cuda,0,
gpu,mobilenet_v2_imagenet,TB,0,True,0.09137771500172676,200,TB,cuda,0,
gpu,mobilenet_v2_imagenet,TB,1,True,0.1984499659993162,200,TB,cuda,0,
gpu,mobilenet_v2_imagenet,TB,2,True,0.1525529969985655,200,TB,cuda,0,
gpu,mobilenet_v2_imagenet,TB,3,True,0.08629934299824527,200,TB,cuda,0,
gpu,mobilenet_v2_imagenet,TB,4,True,0.09017877400037833,200,TB,cuda,0,
gpu,mobilenet_v2_imagenet,TB,5,False,0.08518731699950877,200,TB,cuda,0,
gpu,mobilenet_v2_imagenet,TB,6,False,0.27280368900028407,200,TB,cuda,0,
gpu,mobilenet_v2_imagenet,TB,7,False,0.08798790100263432,200,TB,cuda,0,
gpu,mobilenet_v2_imagenet,TB,8,False,0.2782340829980967,200,TB,cuda,0,
gpu,mobilenet_v2_imagenet,TB,9,False,0.09031099600179004,200,TB,cuda,0,
gpu,mobilenet_v2_imagenet,TB,10,False,0.08676442599971779,200,TB,cuda,0,
gpu,mobilenet_v2_imagenet,TB,11,False,0.08660932400016463,200,TB,cuda,0,
gpu,mobilenet_v2_imagenet,TB,12,False,0.18461225099963485,200,TB,cuda,0,
gpu,mobilenet_v2_imagenet,TB,13,False,0.1630094950014609,200,TB,cuda,0,
gpu,mobilenet_v2_imagenet,TB,14,False,0.22303268600080628,200,TB,cuda,0,
gpu,mobilenet_v2_imagenet,TB,15,False,0.17931732399665634,200,TB,cuda,0,
gpu,mobilenet_v2_imagenet,TB,16,False,0.0853969479976513,200,TB,cuda,0,
gpu,mobilenet_v2_imagenet,TB,17,False,0.0847294380000676,200,TB,cuda,0,
gpu,mobilenet_v2_imagenet,TB,18,False,0.2533329190009681,200,TB,cuda,0,
gpu,mobilenet_v2_imagenet,TB,19,False,0.11026463300004252,200,TB,cuda,0,
gpu,mobilenet_v2_imagenet,TB,20,False,0.16365444400071283,200,TB,cuda,0,
gpu,mobilenet_v2_imagenet,TB,21,False,0.08552789299938013,200,TB,cuda,0,
gpu,mobilenet_v2_imagenet,TB,22,False,0.08884441500049434,200,TB,cuda,0,
gpu,mobilenet_v2_imagenet,TB,23,False,0.09080586900017806,200,TB,cuda,0,
gpu,mobilenet_v2_imagenet,TB,24,False,0.170149270001275,200,TB,cuda,0,
gpu,mobilenet_v2_imagenet,TB,25,False,0.15020063600240974,200,TB,cuda,0,
gpu,mobilenet_v2_imagenet,TB,26,False,0.2395679539986304,200,TB,cuda,0,
gpu,mobilenet_v2_imagenet,TB,27,False,0.08805666099942755,200,TB,cuda,0,
gpu,mobilenet_v2_imagenet,TB,28,False,0.0903859329991974,200,TB,cuda,0,
gpu,mobilenet_v2_imagenet,TB,29,False,0.09234634800304775,200,TB,cuda,0,
gpu,mobilenet_v2_imagenet,TB,30,False,0.08645618999798899,200,TB,cuda,0,
gpu,mobilenet_v2_imagenet,TB,31,False,0.24360515599983046,200,TB,cuda,0,
gpu,mobilenet_v2_imagenet,TB,32,False,0.20752019400242716,200,TB,cuda,0,
gpu,mobilenet_v2_imagenet,TB,33,False,0.13599144000181695,200,TB,cuda,0,
gpu,mobilenet_v2_imagenet,TB,34,False,0.08537476799756405,200,TB,cuda,0,
gpu,mobilenet_v2_imagenet,TB,35,False,0.08610457900067559,200,TB,cuda,0,
gpu,mobilenet_v2_imagenet,TB,36,False,0.08801097400282742,200,TB,cuda,0,
gpu,mobilenet_v2_imagenet,TB,37,False,0.08685366099962266,200,TB,cuda,0,
gpu,mobilenet_v2_imagenet,TB,38,False,0.09018865300095058,200,TB,cuda,0,
gpu,mobilenet_v2_imagenet,TB,39,False,0.19059323699912056,200,TB,cuda,0,
gpu,mobilenet_v2_imagenet,TB,40,False,0.10990074199798983,200,TB,cuda,0,
gpu,mobilenet_v2_imagenet,TB,41,False,0.08906623700022465,200,TB,cuda,0,
gpu,mobilenet_v2_imagenet,TB,42,False,0.09311578000051668,200,TB,cuda,0,
gpu,mobilenet_v2_imagenet,TB,43,False,0.08525999699850217,200,TB,cuda,0,
gpu,mobilenet_v2_imagenet,TB,44,False,0.15391416200145613,200,TB,cuda,0,
gpu,mobilenet_v2_imagenet,TB,45,False,0.08764818499912508,200,TB,cuda,0,
gpu,mobilenet_v2_imagenet,TB,46,False,0.09032899399971939,200,TB,cuda,0,
gpu,mobilenet_v2_imagenet,TB,47,False,0.0928432469991094,200,TB,cuda,0,
gpu,mobilenet_v2_imagenet,TB,48,False,0.32532005599932745,200,TB,cuda,0,
gpu,mobilenet_v2_imagenet,TB,49,False,0.26597817999936524,200,TB,cuda,0,
gpu,mobilenet_v2_imagenet,TB,50,False,0.29984380200039595,200,TB,cuda,0,
gpu,mobilenet_v2_imagenet,TB,51,False,0.23562298999968334,200,TB,cuda,0,
gpu,mobilenet_v2_imagenet,TB,52,False,0.13676044900057605,200,TB,cuda,0,
gpu,mobilenet_v2_imagenet,TB,53,False,0.16852323100101785,200,TB,cuda,0,
gpu,mobilenet_v2_imagenet,TB,54,False,0.295495877002395,200,TB,cuda,0,
gpu,mobilenet_v2_imagenet,TB,55,False,0.09655497900166665,200,TB,cuda,0,
gpu,mobilenet_v2_imagenet,TB,56,False,0.08762947600189364,200,TB,cuda,0,
gpu,mobilenet_v2_imagenet,TB,57,False,0.08609589999832679,200,TB,cuda,0,
gpu,mobilenet_v2_imagenet,TB,58,False,0.0920609360000526,200,TB,cuda,0,
gpu,mobilenet_v2_imagenet,TB,59,False,0.0856091399982688,200,TB,cuda,0,
gpu,mobilenet_v2_imagenet,TB,60,False,0.08849259399721632,200,TB,cuda,0,
gpu,mobilenet_v2_imagenet,TB,61,False,0.1668933239998296,200,TB,cuda,0,
gpu,mobilenet_v2_imagenet,TB,62,False,0.10296927400122513,200,TB,cuda,0,
gpu,mobilenet_v2_imagenet,TB,63,False,0.08872521599914762,200,TB,cuda,0,
gpu,mobilenet_v2_imagenet,TB,64,False,0.08796190200155252,200,TB,cuda,0,
gpu,mobilenet_v2_imagenet,TB,65,False,0.08725653799774591,200,TB,cuda,0,
gpu,mobilenet_v2_imagenet,TB,66,False,0.08586971200202242,200,TB,cuda,0,
gpu,mobilenet_v2_imagenet,TB,67,False,0.08575380100228358,200,TB,cuda,0,
gpu,mobilenet_v2_imagenet,TB,68,False,0.25746273400000064,200,TB,cuda,0,
gpu,mobilenet_v2_imagenet,TB,69,False,0.09668016999785323,200,TB,cuda,0,
gpu,mobilenet_v2_imagenet,TB,70,False,0.10146704600265366,200,TB,cuda,0,
gpu,mobilenet_v2_imagenet,TB,71,False,0.08940046199859353,200,TB,cuda,0,
gpu,mobilenet_v2_imagenet,TB,72,False,0.08679241599747911,200,TB,cuda,0,
gpu,mobilenet_v2_imagenet,TB,73,False,0.22458035400268272,200,TB,cuda,0,
gpu,mobilenet_v2_imagenet,TB,74,False,0.1331336020011804,200,TB,cuda,0,
gpu,mobilenet_v2_imagenet,TB,75,False,0.08986984999864944,200,TB,cuda,0,
gpu,mobilenet_v2_imagenet,TB,76,False,0.1871192449980299,200,TB,cuda,0,
gpu,mobilenet_v2_imagenet,TB,77,False,0.16265615399970557,200,TB,cuda,0,
gpu,mobilenet_v2_imagenet,TB,78,False,0.08882444399932865,200,TB,cuda,0,
gpu,mobilenet_v2_imagenet,TB,79,False,0.08769468299942673,200,TB,cuda,0,
gpu,mobilenet_v2_imagenet,TB,80,False,0.09486666099837748,200,TB,cuda,0,
gpu,mobilenet_v2_imagenet,TB,81,False,0.08392455599823734,200,TB,cuda,0,
gpu,mobilenet_v2_imagenet,TB,82,False,0.08682012300050701,200,TB,cuda,0,
gpu,mobilenet_v2_imagenet,TB,83,False,0.08792960700156982,200,TB,cuda,0,
gpu,mobilenet_v2_imagenet,TB,84,False,0.08592167700044229,200,TB,cuda,0,
gpu,mobilenet_v2_imagenet,TB,85,False,0.2151490329997614,200,TB,cuda,0,
gpu,mobilenet_v2_imagenet,TB,86,False,0.13984491000155685,200,TB,cuda,0,
gpu,mobilenet_v2_imagenet,TB,87,False,0.0996301190025406,200,TB,cuda,0,
gpu,mobilenet_v2_imagenet,TB,88,False,0.22120647100018687,200,TB,cuda,0,
gpu,mobilenet_v2_imagenet,TB,89,False,0.23721888699947158,200,TB,cuda,0,
gpu,mobilenet_v2_imagenet,TB,90,False,0.11895305199868744,200,TB,cuda,0,
gpu,mobilenet_v2_imagenet,TB,91,False,0.1536682039986772,200,TB,cuda,0,
gpu,mobilenet_v2_imagenet,TB,92,False,0.22252669100271305,200,TB,cuda,0,
gpu,mobilenet_v2_imagenet,TB,93,False,0.1207342259986035,200,TB,cuda,0,
gpu,mobilenet_v2_imagenet,TB,94,False,0.08879126400279347,200,TB,cuda,0,
gpu,mobilenet_v2_imagenet,TB,95,False,0.08989510700121173,200,TB,cuda,0,
gpu,mobilenet_v2_imagenet,TB,96,False,0.08871411099971738,200,TB,cuda,0,
gpu,mobilenet_v2_imagenet,TB,97,False,0.27643626899953233,200,TB,cuda,0,
gpu,mobilenet_v2_imagenet,TB,98,False,0.2380215480006882,200,TB,cuda,0,
gpu,mobilenet_v2_imagenet,TB,99,False,0.12208432300030836,200,TB,cuda,0,
gpu,mobilenet_v2_imagenet,TB,100,False,0.23931529200126533,200,TB,cuda,0,
gpu,mobilenet_v2_imagenet,TB,101,False,0.20066033100010827,200,TB,cuda,0,
gpu,mobilenet_v2_imagenet,TB,102,False,0.24105888800113462,200,TB,cuda,0,
gpu,mobilenet_v2_imagenet,TB,103,False,0.1409219769993797,200,TB,cuda,0,
gpu,mobilenet_v2_imagenet,TB,104,False,0.09482598000249709,200,TB,cuda,0,
gpu,efficientnet_b0_cxr,Normal,0,True,0.10703478900177288,200,Normal,cuda,0,
gpu,efficientnet_b0_cxr,Normal,1,True,0.10989525800323463,200,Normal,cuda,0,
gpu,efficientnet_b0_cxr,Normal,2,True,0.10703748100058874,200,Normal,cuda,0,
gpu,efficientnet_b0_cxr,Normal,3,True,0.10895447300208616,200,Normal,cuda,0,
gpu,efficientnet_b0_cxr,Normal,4,True,0.22887008599718683,200,Normal,cuda,0,
gpu,efficientnet_b0_cxr,Normal,5,False,0.16321630700258538,200,Normal,cuda,0,
gpu,efficientnet_b0_cxr,Normal,6,False,0.1090774269978283,200,Normal,cuda,0,
gpu,efficientnet_b0_cxr,Normal,7,False,0.10712759099988034,200,Normal,cuda,0,
gpu,efficientnet_b0_cxr,Normal,8,False,0.10900257600223995,200,Normal,cuda,0,
gpu,efficientnet_b0_cxr,Normal,9,False,0.10762165900086984,200,Normal,cuda,0,
gpu,efficientnet_b0_cxr,Normal,10,False,0.10922556200239342,200,Normal,cuda,0,
gpu,efficientnet_b0_cxr,Normal,11,False,0.10818866200133925,200,Normal,cuda,0,
gpu,efficientnet_b0_cxr,Normal,12,False,0.10971351700209198,200,Normal,cuda,0,
gpu,efficientnet_b0_cxr,Normal,13,False,0.11037914500047918,200,Normal,cuda,0,
gpu,efficientnet_b0_cxr,Normal,14,False,0.2674619930003246,200,Normal,cuda,0,
gpu,efficientnet_b0_cxr,Normal,15,False,0.1082456389995059,200,Normal,cuda,0,
gpu,efficientnet_b0_cxr,Normal,16,False,0.10822478699992644,200,Normal,cuda,0,
gpu,efficientnet_b0_cxr,Normal,17,False,0.2451592500001425,200,Normal,cuda,0,
gpu,efficientnet_b0_cxr,Normal,18,False,0.1279667779999727,200,Normal,cuda,0,
gpu,efficientnet_b0_cxr,Normal,19,False,0.10736948300109361,200,Normal,cuda,0,
gpu,efficientnet_b0_cxr,Normal,20,False,0.10781307399884099,200,Normal,cuda,0,
gpu,efficientnet_b0_cxr,Normal,21,False,0.10816582400002517,200,Normal,cuda,0,
gpu,efficientnet_b0_cxr,Normal,22,False,0.10846287999811466,200,Normal,cuda,0,
gpu,efficientnet_b0_cxr,Normal,23,False,0.27513017900128034,200,Normal,cuda,0,
gpu,efficientnet_b0_cxr,Normal,24,False,0.10745826800120994,200,Normal,cuda,0,
gpu,efficientnet_b0_cxr,Normal,25,False,0.2905913860013243,200,Normal,cuda,0,
gpu,efficientnet_b0_cxr,Normal,26,False,0.10915259999819682,200,Normal,cuda,0,
gpu,efficientnet_b0_cxr,Normal,27,False,0.1075569530003122,200,Normal,cuda,0,
gpu,efficientnet_b0_cxr,Normal,28,False,0.11044032400241122,200,Normal,cuda,0,
gpu,efficientnet_b0_cxr,Normal,29,False,0.10742050000044401,200,Normal,cuda,0,
gpu,efficientnet_b0_cxr,Normal,30,False,0.10864325599686708,200,Normal,cuda,0,
gpu,efficientnet_b0_cxr,Normal,31,False,0.10814734100131318,200,Normal,cuda,0,
gpu,efficientnet_b0_cxr,Normal,32,False,0.10817995499746758,200,Normal,cuda,0,
gpu,efficientnet_b0_cxr,Normal,33,False,0.1078345679998165,200,Normal,cuda,0,
gpu,efficientnet_b0_cxr,Normal,34,False,0.10897573399779503,200,Normal,cuda,0,
gpu,efficientnet_b0_cxr,Normal,35,False,0.10833703199750744,200,Normal,cuda,0,
gpu,efficientnet_b0_cxr,Normal,36,False,0.10876588699829881,200,Normal,cuda,0,
gpu,efficientnet_b0_cxr,Normal,37,False,0.10603273500237265,200,Normal,cuda,0,
gpu,efficientnet_b0_cxr,Normal,38,False,0.11052647000178695,200,Normal,cuda,0,
gpu,efficientnet_b0_cxr,Normal,39,False,0.17519363099927432,200,Normal,cuda,0,
gpu,efficientnet_b0_cxr,Normal,40,False,0.10714133999863407,200,Normal,cuda,0,
gpu,efficientnet_b0_cxr,Normal,41,False,0.10827822999999626,200,Normal,cuda,0,
gpu,efficientnet_b0_cxr,Normal,42,False,0.10960792599871638,200,Normal,cuda,0,
gpu,efficientnet_b0_cxr,Normal,43,False,0.19609999299791525,200,Normal,cuda,0,
gpu,efficientnet_b0_cxr,Normal,44,False,0.10840249499960919,200,Normal,cuda,0,
gpu,efficientnet_b0_cxr,Normal,45,False,0.28906031500082463,200,Normal,cuda,0,
gpu,efficientnet_b0_cxr,Normal,46,False,0.2021373030001996,200,Normal,cuda,0,
gpu,efficientnet_b0_cxr,Normal,47,False,0.10777314100050717,200,Normal,cuda,0,
gpu,efficientnet_b0_cxr,Normal,48,False,0.28752007500224863,200,Normal,cuda,0,
gpu,efficientnet_b0_cxr,Normal,49,False,0.10927172300216625,200,Normal,cuda,0,
gpu,efficientnet_b0_cxr,Normal,50,False,0.10847667000052752,200,Normal,cuda,0,
gpu,efficientnet_b0_cxr,Normal,51,False,0.10802281999713159,200,Normal,cuda,0,
gpu,efficientnet_b0_cxr,Normal,52,False,0.10945097800140502,200,Normal,cuda,0,
gpu,efficientnet_b0_cxr,Normal,53,False,0.10842702100126189,200,Normal,cuda,0,
gpu,efficientnet_b0_cxr,Normal,54,False,0.1077685999989626,200,Normal,cuda,0,
gpu,efficientnet_b0_cxr,Normal,55,False,0.10951531499813427,200,Normal,cuda,0,
gpu,efficientnet_b0_cxr,Normal,56,False,0.1089465580007527,200,Normal,cuda,0,
gpu,efficientnet_b0_cxr,Normal,57,False,0.2987133709975751,200,Normal,cuda,0,
gpu,efficientnet_b0_cxr,Normal,58,False,0.11243967100017471,200,Normal,cuda,0,
gpu,efficientnet_b0_cxr,Normal,59,False,0.2867170290010108,200,Normal,cuda,0,
gpu,efficientnet_b0_cxr,Normal,60,False,0.10808755800098879,200,Normal,cuda,0,
gpu,efficientnet_b0_cxr,Normal,61,False,0.10806901100295363,200,Normal,cuda,0,
gpu,efficientnet_b0_cxr,Normal,62,False,0.1080904600021313,200,Normal,cuda,0,
gpu,efficientnet_b0_cxr,Normal,63,False,0.10644630599927041,200,Normal,cuda,0,
gpu,efficientnet_b0_cxr,Normal,64,False,0.10964126999897417,200,Normal,cuda,0,
gpu,efficientnet_b0_cxr,Normal,65,False,0.10829588700289605,200,Normal,cuda,0,
gpu,efficientnet_b0_cxr,Normal,66,False,0.10800035899956129,200,Normal,cuda,0,
gpu,efficientnet_b0_cxr,Normal,67,False,0.23979478199908044,200,Normal,cuda,0,
gpu,efficientnet_b0_cxr,Normal,68,False,0.1346416380001756,200,Normal,cuda,0,
gpu,efficientnet_b0_cxr,Normal,69,False,0.10953327300012461,200,Normal,cuda,0,
gpu,efficientnet_b0_cxr,Normal,70,False,0.10718203700162121,200,Normal,cuda,0,
gpu,efficientnet_b0_cxr,Normal,71,False,0.1083212330013339,200,Normal,cuda,0,
gpu,efficientnet_b0_cxr,Normal,72,False,0.1067189139976108,200,Normal,cuda,0,
gpu,efficientnet_b0_cxr,Normal,73,False,0.2712936059979256,200,Normal,cuda,0,
gpu,efficientnet_b0_cxr,Normal,74,False,0.21181896800044342,200,Normal,cuda,0,
gpu,efficientnet_b0_cxr,Normal,75,False,0.18061778400078765,200,Normal,cuda,0,
gpu,efficientnet_b0_cxr,Normal,76,False,0.10848746200281312,200,Normal,cuda,0,
gpu,efficientnet_b0_cxr,Normal,77,False,0.10611491700183251,200,Normal,cuda,0,
gpu,efficientnet_b0_cxr,Normal,78,False,0.10673967999900924,200,Normal,cuda,0,
gpu,efficientnet_b0_cxr,Normal,79,False,0.2862331969990919,200,Normal,cuda,0,
gpu,efficientnet_b0_cxr,Normal,80,False,0.10602786299932632,200,Normal,cuda,0,
gpu,efficientnet_b0_cxr,Normal,81,False,0.10600960300143925,200,Normal,cuda,0,
gpu,efficientnet_b0_cxr,Normal,82,False,0.10847935899801087,200,Normal,cuda,0,
gpu,efficientnet_b0_cxr,Normal,83,False,0.10645971900157747,200,Normal,cuda,0,
gpu,efficientnet_b0_cxr,Normal,84,False,0.1794552659994224,200,Normal,cuda,0,
gpu,efficientnet_b0_cxr,Normal,85,False,0.14915945699976874,200,Normal,cuda,0,
gpu,efficientnet_b0_cxr,Normal,86,False,0.24395385199750308,200,Normal,cuda,0,
gpu,efficientnet_b0_cxr,Normal,87,False,0.29474071900040144,200,Normal,cuda,0,
gpu,efficientnet_b0_cxr,Normal,88,False,0.1089272949975566,200,Normal,cuda,0,
gpu,efficientnet_b0_cxr,Normal,89,False,0.19746814900281606,200,Normal,cuda,0,
gpu,efficientnet_b0_cxr,Normal,90,False,0.2594655689972569,200,Normal,cuda,0,
gpu,efficientnet_b0_cxr,Normal,91,False,0.1361097540029732,200,Normal,cuda,0,
gpu,efficientnet_b0_cxr,Normal,92,False,0.10714483400079189,200,Normal,cuda,0,
gpu,efficientnet_b0_cxr,Normal,93,False,0.29216444499979843,200,Normal,cuda,0,
gpu,efficientnet_b0_cxr,Normal,94,False,0.10976644699985627,200,Normal,cuda,0,
gpu,efficientnet_b0_cxr,Normal,95,False,0.10596336500020698,200,Normal,cuda,0,
gpu,efficientnet_b0_cxr,Normal,96,False,0.10814069399930304,200,Normal,cuda,0,
gpu,efficientnet_b0_cxr,Normal,97,False,0.23999456400269992,200,Normal,cuda,0,
gpu,efficientnet_b0_cxr,Normal,98,False,0.1347198519979429,200,Normal,cuda,0,
gpu,efficientnet_b0_cxr,Normal,99,False,0.2672828210015723,200,Normal,cuda,0,
gpu,efficientnet_b0_cxr,Normal,100,False,0.13506745700215106,200,Normal,cuda,0,
gpu,efficientnet_b0_cxr,Normal,101,False,0.10805486499884864,200,Normal,cuda,0,
gpu,efficientnet_b0_cxr,Normal,102,False,0.10597605099974317,200,Normal,cuda,0,
gpu,efficientnet_b0_cxr,Normal,103,False,0.19623001199943246,200,Normal,cuda,0,
gpu,efficientnet_b0_cxr,Normal,104,False,0.14415876899875002,200,Normal,cuda,0,
gpu,efficientnet_b0_cxr,Pneumonia,0,True,0.10051563399974839,200,Pneumonia,cuda,0,
gpu,efficientnet_b0_cxr,Pneumonia,1,True,0.10078438699929393,200,Pneumonia,cuda,0,
gpu,efficientnet_b0_cxr,Pneumonia,2,True,0.24497336400236236,200,Pneumonia,cuda,0,
gpu,efficientnet_b0_cxr,Pneumonia,3,True,0.20818407900151215,200,Pneumonia,cuda,0,
gpu,efficientnet_b0_cxr,Pneumonia,4,True,0.2942085520007822,200,Pneumonia,cuda,0,
gpu,efficientnet_b0_cxr,Pneumonia,5,False,0.10399150699959137,200,Pneumonia,cuda,0,
gpu,efficientnet_b0_cxr,Pneumonia,6,False,0.10358057400299003,200,Pneumonia,cuda,0,
gpu,efficientnet_b0_cxr,Pneumonia,7,False,0.10238736300016171,200,Pneumonia,cuda,0,
gpu,efficientnet_b0_cxr,Pneumonia,8,False,0.10425894700165372,200,Pneumonia,cuda,0,
gpu,efficientnet_b0_cxr,Pneumonia,9,False,0.10336398500294308,200,Pneumonia,cuda,0,
gpu,efficientnet_b0_cxr,Pneumonia,10,False,0.10135756499948911,200,Pneumonia,cuda,0,
gpu,efficientnet_b0_cxr,Pneumonia,11,False,0.2804367170028854,200,Pneumonia,cuda,0,
gpu,efficientnet_b0_cxr,Pneumonia,12,False,0.11824409700057004,200,Pneumonia,cuda,0,
gpu,efficientnet_b0_cxr,Pneumonia,13,False,0.10283150900067994,200,Pneumonia,cuda,0,
gpu,efficientnet_b0_cxr,Pneumonia,14,False,0.10072203899835586,200,Pneumonia,cuda,0,
gpu,efficientnet_b0_cxr,Pneumonia,15,False,0.10173436500190292,200,Pneumonia,cuda,0,
gpu,efficientnet_b0_cxr,Pneumonia,16,False,0.10300025299875415,200,Pneumonia,cuda,0,
gpu,efficientnet_b0_cxr,Pneumonia,17,False,0.10578774299938232,200,Pneumonia,cuda,0,
gpu,efficientnet_b0_cxr,Pneumonia,18,False,0.10210730000108015,200,Pneumonia,cuda,0,
gpu,efficientnet_b0_cxr,Pneumonia,19,False,0.1034350829977484,200,Pneumonia,cuda,0,
gpu,efficientnet_b0_cxr,Pneumonia,20,False,0.17192626100222697,200,Pneumonia,cuda,0,
gpu,efficientnet_b0_cxr,Pneumonia,21,False,0.17532037899945863,200,Pneumonia,cuda,0,
gpu,efficientnet_b0_cxr,Pneumonia,22,False,0.10235404199920595,200,Pneumonia,cuda,0,
gpu,efficientnet_b0_cxr,Pneumonia,23,False,0.27298388900089776,200,Pneumonia,cuda,0,
gpu,efficientnet_b0_cxr,Pneumonia,24,False,0.10566309799833107,200,Pneumonia,cuda,0,
gpu,efficientnet_b0_cxr,Pneumonia,25,False,0.10299162100272952,200,Pneumonia,cuda,0,
gpu,efficientnet_b0_cxr,Pneumonia,26,False,0.10368093400029466,200,Pneumonia,cuda,0,
gpu,efficientnet_b0_cxr,Pneumonia,27,False,0.2902315049977915,200,Pneumonia,cuda,0,
gpu,efficientnet_b0_cxr,Pneumonia,28,False,0.2995932800004084,200,Pneumonia,cuda,0,
gpu,efficientnet_b0_cxr,Pneumonia,29,False,0.10666198800026905,200,Pneumonia,cuda,0,
gpu,efficientnet_b0_cxr,Pneumonia,30,False,0.10277790100008133,200,Pneumonia,cuda,0,
gpu,efficientnet_b0_cxr,Pneumonia,31,False,0.3274576000003435,200,Pneumonia,cuda,0,
gpu,efficientnet_b0_cxr,Pneumonia,32,False,0.263022176000959,200,Pneumonia,cuda,0,
gpu,efficientnet_b0_cxr,Pneumonia,33,False,0.12742965000143158,200,Pneumonia,cuda,0,
gpu,efficientnet_b0_cxr,Pneumonia,34,False,0.10249030599879916,200,Pneumonia,cuda,0,
gpu,efficientnet_b0_cxr,Pneumonia,35,False,0.1686670570015849,200,Pneumonia,cuda,0,
gpu,efficientnet_b0_cxr,Pneumonia,36,False,0.1198474470002111,200,Pneumonia,cuda,0,
gpu,efficientnet_b0_cxr,Pneumonia,37,False,0.10278238400132977,200,Pneumonia,cuda,0,
gpu,efficientnet_b0_cxr,Pneumonia,38,False,0.10363976900043781,200,Pneumonia,cuda,0,
gpu,efficientnet_b0_cxr,Pneumonia,39,False,0.20747587900041253,200,Pneumonia,cuda,0,
gpu,efficientnet_b0_cxr,Pneumonia,40,False,0.12775557300119544,200,Pneumonia,cuda,0,
gpu,efficientnet_b0_cxr,Pneumonia,41,False,0.18933614399793441,200,Pneumonia,cuda,0,
gpu,efficientnet_b0_cxr,Pneumonia,42,False,0.3871413560009387,200,Pneumonia,cuda,0,
gpu,efficientnet_b0_cxr,Pneumonia,43,False,0.10342057999878307,200,Pneumonia,cuda,0,
gpu,efficientnet_b0_cxr,Pneumonia,44,False,0.10383455299961497,200,Pneumonia,cuda,0,
gpu,efficientnet_b0_cxr,Pneumonia,45,False,0.2879165880003711,200,Pneumonia,cuda,0,
gpu,efficientnet_b0_cxr,Pneumonia,46,False,0.10572184000193374,200,Pneumonia,cuda,0,
gpu,efficientnet_b0_cxr,Pneumonia,47,False,0.10268354900108534,200,Pneumonia,cuda,0,
gpu,efficientnet_b0_cxr,Pneumonia,48,False,0.10303955900235451,200,Pneumonia,cuda,0,
gpu,efficientnet_b0_cxr,Pneumonia,49,False,0.10208859599879361,200,Pneumonia,cuda,0,
gpu,efficientnet_b0_cxr,Pneumonia,50,False,0.10095111099872156,200,Pneumonia,cuda,0,
gpu,efficientnet_b0_cxr,Pneumonia,51,False,0.10500185600176337,200,Pneumonia,cuda,0,
gpu,efficientnet_b0_cxr,Pneumonia,52,False,0.1697980290009582,200,Pneumonia,cuda,0,
gpu,efficientnet_b0_cxr,Pneumonia,53,False,0.10345531900020433,200,Pneumonia,cuda,0,
gpu,efficientnet_b0_cxr,Pneumonia,54,False,0.2766882910000277,200,Pneumonia,cuda,0,
gpu,efficientnet_b0_cxr,Pneumonia,55,False,0.10399064399825875,200,Pneumonia,cuda,0,
gpu,efficientnet_b0_cxr,Pneumonia,56,False,0.10353201700127102,200,Pneumonia,cuda,0,
gpu,efficientnet_b0_cxr,Pneumonia,57,False,0.10346915900299791,200,Pneumonia,cuda,0,
gpu,efficientnet_b0_cxr,Pneumonia,58,False,0.10603558100046939,200,Pneumonia,cuda,0,
gpu,efficientnet_b0_cxr,Pneumonia,59,False,0.10446688799856929,200,Pneumonia,cuda,0,
gpu,efficientnet_b0_cxr,Pneumonia,60,False,0.10884568099936587,200,Pneumonia,cuda,0,
gpu,efficientnet_b0_cxr,Pneumonia,61,False,0.10534308899877942,200,Pneumonia,cuda,0,
gpu,efficientnet_b0_cxr,Pneumonia,62,False,0.10454668400052469,200,Pneumonia,cuda,0,
gpu,efficientnet_b0_cxr,Pneumonia,63,False,0.25661096000112593,200,Pneumonia,cuda,0,
gpu,efficientnet_b0_cxr,Pneumonia,64,False,0.20054980399800115,200,Pneumonia,cuda,0,
gpu,efficientnet_b0_cxr,Pneumonia,65,False,0.10509966400059056,200,Pneumonia,cuda,0,
gpu,efficientnet_b0_cxr,Pneumonia,66,False,0.33024425499752397,200,Pneumonia,cuda,0,
gpu,efficientnet_b0_cxr,Pneumonia,67,False,0.20208378200186417,200,Pneumonia,cuda,0,
gpu,efficientnet_b0_cxr,Pneumonia,68,False,0.10375471100269351,200,Pneumonia,cuda,0,
gpu,efficientnet_b0_cxr,Pneumonia,69,False,0.2959498240015819,200,Pneumonia,cuda,0,
gpu,efficientnet_b0_cxr,Pneumonia,70,False,0.1215974200022174,200,Pneumonia,cuda,0,
gpu,efficientnet_b0_cxr,Pneumonia,71,False,0.10201292200144962,200,Pneumonia,cuda,0,
gpu,efficientnet_b0_cxr,Pneumonia,72,False,0.10285484500127495,200,Pneumonia,cuda,0,
gpu,efficientnet_b0_cxr,Pneumonia,73,False,0.27282531799937715,200,Pneumonia,cuda,0,
gpu,efficientnet_b0_cxr,Pneumonia,74,False,0.17127883300054236,200,Pneumonia,cuda,0,
gpu,efficientnet_b0_cxr,Pneumonia,75,False,0.22895046900157467,200,Pneumonia,cuda,0,
gpu,efficientnet_b0_cxr,Pneumonia,76,False,0.15670736999891233,200,Pneumonia,cuda,0,
gpu,efficientnet_b0_cxr,Pneumonia,77,False,0.24385563000032562,200,Pneumonia,cuda,0,
gpu,efficientnet_b0_cxr,Pneumonia,78,False,0.13516680400061887,200,Pneumonia,cuda,0,
gpu,efficientnet_b0_cxr,Pneumonia,79,False,0.10293806000117911,200,Pneumonia,cuda,0,
gpu,efficientnet_b0_cxr,Pneumonia,80,False,0.10200078999696416,200,Pneumonia,cuda,0,
gpu,efficientnet_b0_cxr,Pneumonia,81,False,0.259667881000496,200,Pneumonia,cuda,0,
gpu,efficientnet_b0_cxr,Pneumonia,82,False,0.11980633900020621,200,Pneumonia,cuda,0,
gpu,efficientnet_b0_cxr,Pneumonia,83,False,0.2809430759989482,200,Pneumonia,cuda,0,
gpu,efficientnet_b0_cxr,Pneumonia,84,False,0.10554053799933172,200,Pneumonia,cuda,0,
gpu,efficientnet_b0_cxr,Pneumonia,85,False,0.2887298860005103,200,Pneumonia,cuda,0,
gpu,efficientnet_b0_cxr,Pneumonia,86,False,0.1719761029999063,200,Pneumonia,cuda,0,
gpu,efficientnet_b0_cxr,Pneumonia,87,False,0.10420291099944734,200,Pneumonia,cuda,0,
gpu,efficientnet_b0_cxr,Pneumonia,88,False,0.30163013499986846,200,Pneumonia,cuda,0,
gpu,efficientnet_b0_cxr,Pneumonia,89,False,0.140843990000576,200,Pneumonia,cuda,0,
gpu,efficientnet_b0_cxr,Pneumonia,90,False,0.10436279600253329,200,Pneumonia,cuda,0,
gpu,efficientnet_b0_cxr,Pneumonia,91,False,0.10205523799959337,200,Pneumonia,cuda,0,
gpu,efficientnet_b0_cxr,Pneumonia,92,False,0.10289973600083613,200,Pneumonia,cuda,0,
gpu,efficientnet_b0_cxr,Pneumonia,93,False,0.27748984299978474,200,Pneumonia,cuda,0,
gpu,efficientnet_b0_cxr,Pneumonia,94,False,0.1081666120007867,200,Pneumonia,cuda,0,
gpu,efficientnet_b0_cxr,Pneumonia,95,False,0.10465575000125682,200,Pneumonia,cuda,0,
gpu,efficientnet_b0_cxr,Pneumonia,96,False,0.16931339399889112,200,Pneumonia,cuda,0,
gpu,efficientnet_b0_cxr,Pneumonia,97,False,0.10333389600054943,200,Pneumonia,cuda,0,
gpu,efficientnet_b0_cxr,Pneumonia,98,False,0.10431485399749363,200,Pneumonia,cuda,0,
gpu,efficientnet_b0_cxr,Pneumonia,99,False,0.2740006180029013,200,Pneumonia,cuda,0,
gpu,efficientnet_b0_cxr,Pneumonia,100,False,0.1159222510032123,200,Pneumonia,cuda,0,
gpu,efficientnet_b0_cxr,Pneumonia,101,False,0.10337515399805852,200,Pneumonia,cuda,0,
gpu,efficientnet_b0_cxr,Pneumonia,102,False,0.10229938100019353,200,Pneumonia,cuda,0,
gpu,efficientnet_b0_cxr,Pneumonia,103,False,0.10349541500181658,200,Pneumonia,cuda,0,
gpu,efficientnet_b0_cxr,Pneumonia,104,False,0.10380734800128266,200,Pneumonia,cuda,0,
gpu,efficientnet_b0_cxr,TB,0,True,0.11170411599960062,200,TB,cuda,0,
gpu,efficientnet_b0_cxr,TB,1,True,0.29347953099932056,200,TB,cuda,0,
gpu,efficientnet_b0_cxr,TB,2,True,0.26163302599888993,200,TB,cuda,0,
gpu,efficientnet_b0_cxr,TB,3,True,0.3114581659974647,200,TB,cuda,0,
gpu,efficientnet_b0_cxr,TB,4,True,0.17286846400020295,200,TB,cuda,0,
gpu,efficientnet_b0_cxr,TB,5,False,0.11006075100158341,200,TB,cuda,0,
gpu,efficientnet_b0_cxr,TB,6,False,0.239996666998195,200,TB,cuda,0,
gpu,efficientnet_b0_cxr,TB,7,False,0.3687363749995711,200,TB,cuda,0,
gpu,efficientnet_b0_cxr,TB,8,False,0.3009080619995075,200,TB,cuda,0,
gpu,efficientnet_b0_cxr,TB,9,False,0.10739300599743729,200,TB,cuda,0,
gpu,efficientnet_b0_cxr,TB,10,False,0.10793329199805157,200,TB,cuda,0,
gpu,efficientnet_b0_cxr,TB,11,False,0.1138473899991368,200,TB,cuda,0,
gpu,efficientnet_b0_cxr,TB,12,False,0.3006917290003912,200,TB,cuda,0,
gpu,efficientnet_b0_cxr,TB,13,False,0.1781163870000455,200,TB,cuda,0,
gpu,efficientnet_b0_cxr,TB,14,False,0.10862537899811286,200,TB,cuda,0,
gpu,efficientnet_b0_cxr,TB,15,False,0.21730575999754365,200,TB,cuda,0,
gpu,efficientnet_b0_cxr,TB,16,False,0.2646045600013167,200,TB,cuda,0,
gpu,efficientnet_b0_cxr,TB,17,False,0.1342094090032333,200,TB,cuda,0,
gpu,efficientnet_b0_cxr,TB,18,False,0.20874177500081714,200,TB,cuda,0,
gpu,efficientnet_b0_cxr,TB,19,False,0.13960283100095694,200,TB,cuda,0,
gpu,efficientnet_b0_cxr,TB,20,False,0.10940883299917914,200,TB,cuda,0,
gpu,efficientnet_b0_cxr,TB,21,False,0.10821062800096115,200,TB,cuda,0,
gpu,efficientnet_b0_cxr,TB,22,False,0.3006151810004667,200,TB,cuda,0,
gpu,efficientnet_b0_cxr,TB,23,False,0.10832913799822563,200,TB,cuda,0,
gpu,efficientnet_b0_cxr,TB,24,False,0.1089681829980691,200,TB,cuda,0,
gpu,efficientnet_b0_cxr,TB,25,False,0.3235055640034261,200,TB,cuda,0,
gpu,efficientnet_b0_cxr,TB,26,False,0.15835523100031423,200,TB,cuda,0,
gpu,efficientnet_b0_cxr,TB,27,False,0.1091980750024959,200,TB,cuda,0,
gpu,efficientnet_b0_cxr,TB,28,False,0.10797172700040392,200,TB,cuda,0,
gpu,efficientnet_b0_cxr,TB,29,False,0.1093854629980342,200,TB,cuda,0,
gpu,efficientnet_b0_cxr,TB,30,False,0.22379117099990253,200,TB,cuda,0,
gpu,efficientnet_b0_cxr,TB,31,False,0.38184997200005455,200,TB,cuda,0,
gpu,efficientnet_b0_cxr,TB,32,False,0.12279787400257192,200,TB,cuda,0,
gpu,efficientnet_b0_cxr,TB,33,False,0.10827301999961492,200,TB,cuda,0,
gpu,efficientnet_b0_cxr,TB,34,False,0.11174243599816691,200,TB,cuda,0,
gpu,efficientnet_b0_cxr,TB,35,False,0.1727502989997447,200,TB,cuda,0,
gpu,efficientnet_b0_cxr,TB,36,False,0.11012001899871393,200,TB,cuda,0,
gpu,efficientnet_b0_cxr,TB,37,False,0.11028816899852245,200,TB,cuda,0,
gpu,efficientnet_b0_cxr,TB,38,False,0.17716607200054568,200,TB,cuda,0,
gpu,efficientnet_b0_cxr,TB,39,False,0.18506196799717145,200,TB,cuda,0,
gpu,efficientnet_b0_cxr,TB,40,False,0.11120767500324291,200,TB,cuda,0,
gpu,efficientnet_b0_cxr,TB,41,False,0.10883571700105676,200,TB,cuda,0,
gpu,efficientnet_b0_cxr,TB,42,False,0.28113872399990214,200,TB,cuda,0,
gpu,efficientnet_b0_cxr,TB,43,False,0.11111921600240748,200,TB,cuda,0,
gpu,efficientnet_b0_cxr,TB,44,False,0.10812802099826513,200,TB,cuda,0,
gpu,efficientnet_b0_cxr,TB,45,False,0.2854718769995088,200,TB,cuda,0,
gpu,efficientnet_b0_cxr,TB,46,False,0.29556498900274164,200,TB,cuda,0,
gpu,efficientnet_b0_cxr,TB,47,False,0.372441052000795,200,TB,cuda,0,
gpu,efficientnet_b0_cxr,TB,48,False,0.12653013999806717,200,TB,cuda,0,
gpu,efficientnet_b0_cxr,TB,49,False,0.10980954299884615,200,TB,cuda,0,
gpu,efficientnet_b0_cxr,TB,50,False,0.10836800600009155,200,TB,cuda,0,
gpu,efficientnet_b0_cxr,TB,51,False,0.24890234999838867,200,TB,cuda,0,
gpu,efficientnet_b0_cxr,TB,52,False,0.30196104399874457,200,TB,cuda,0,
gpu,efficientnet_b0_cxr,TB,53,False,0.11152715400021407,200,TB,cuda,0,
gpu,efficientnet_b0_cxr,TB,54,False,0.11227373600195278,200,TB,cuda,0,
gpu,efficientnet_b0_cxr,TB,55,False,0.10739177899813512,200,TB,cuda,0,
gpu,efficientnet_b0_cxr,TB,56,False,0.10950574099842925,200,TB,cuda,0,
gpu,efficientnet_b0_cxr,TB,57,False,0.176718966999033,200,TB,cuda,0,
gpu,efficientnet_b0_cxr,TB,58,False,0.28604286599875195,200,TB,cuda,0,
gpu,efficientnet_b0_cxr,TB,59,False,0.12862514899825328,200,TB,cuda,0,
gpu,efficientnet_b0_cxr,TB,60,False,0.10838348900142591,200,TB,cuda,0,
gpu,efficientnet_b0_cxr,TB,61,False,0.10847455499970238,200,TB,cuda,0,
gpu,efficientnet_b0_cxr,TB,62,False,0.10902798900133348,200,TB,cuda,0,
gpu,efficientnet_b0_cxr,TB,63,False,0.10862324100162368,200,TB,cuda,0,
gpu,efficientnet_b0_cxr,TB,64,False,0.22871323000072152,200,TB,cuda,0,
gpu,efficientnet_b0_cxr,TB,65,False,0.13781264800127246,200,TB,cuda,0,
gpu,efficientnet_b0_cxr,TB,66,False,0.10840626600111136,200,TB,cuda,0,
gpu,efficientnet_b0_cxr,TB,67,False,0.10890806399766007,200,TB,cuda,0,
gpu,efficientnet_b0_cxr,TB,68,False,0.19509069400010048,200,TB,cuda,0,
gpu,efficientnet_b0_cxr,TB,69,False,0.25011202200039406,200,TB,cuda,0,
gpu,efficientnet_b0_cxr,TB,70,False,0.11156571899846313,200,TB,cuda,0,
gpu,efficientnet_b0_cxr,TB,71,False,0.11064939000061713,200,TB,cuda,0,
gpu,efficientnet_b0_cxr,TB,72,False,0.27769204799915315,200,TB,cuda,0,
gpu,efficientnet_b0_cxr,TB,73,False,0.11211825200007297,200,TB,cuda,0,
gpu,efficientnet_b0_cxr,TB,74,False,0.10790474299938069,200,TB,cuda,0,
gpu,efficientnet_b0_cxr,TB,75,False,0.21543702199778636,200,TB,cuda,0,
gpu,efficientnet_b0_cxr,TB,76,False,0.153507573002571,200,TB,cuda,0,
gpu,efficientnet_b0_cxr,TB,77,False,0.25081766299990704,200,TB,cuda,0,
gpu,efficientnet_b0_cxr,TB,78,False,0.1379475639987504,200,TB,cuda,0,
gpu,efficientnet_b0_cxr,TB,79,False,0.17512943399924552,200,TB,cuda,0,
gpu,efficientnet_b0_cxr,TB,80,False,0.10832335099985357,200,TB,cuda,0,
gpu,efficientnet_b0_cxr,TB,81,False,0.11019517499880749,200,TB,cuda,0,
gpu,efficientnet_b0_cxr,TB,82,False,0.2691803899979277,200,TB,cuda,0,
gpu,efficientnet_b0_cxr,TB,83,False,0.10901148699849728,200,TB,cuda,0,
gpu,efficientnet_b0_cxr,TB,84,False,0.11173328099903301,200,TB,cuda,0,
gpu,efficientnet_b0_cxr,TB,85,False,0.10878276899893535,200,TB,cuda,0,
gpu,efficientnet_b0_cxr,TB,86,False,0.2652224129997194,200,TB,cuda,0,
gpu,efficientnet_b0_cxr,TB,87,False,0.11004809699807083,200,TB,cuda,0,
gpu,efficientnet_b0_cxr,TB,88,False,0.2972968950016366,200,TB,cuda,0,
gpu,efficientnet_b0_cxr,TB,89,False,0.12906939800086548,200,TB,cuda,0,
gpu,efficientnet_b0_cxr,TB,90,False,0.2662942050010315,200,TB,cuda,0,
gpu,efficientnet_b0_cxr,TB,91,False,0.3657749900012277,200,TB,cuda,0,
gpu,efficientnet_b0_cxr,TB,92,False,0.2022829150009784,200,TB,cuda,0,
gpu,efficientnet_b0_cxr,TB,93,False,0.2959763409999141,200,TB,cuda,0,
gpu,efficientnet_b0_cxr,TB,94,False,0.30133704200125067,200,TB,cuda,0,
gpu,efficientnet_b0_cxr,TB,95,False,0.3005653359978169,200,TB,cuda,0,
gpu,efficientnet_b0_cxr,TB,96,False,0.11159164499986218,200,TB,cuda,0,
gpu,efficientnet_b0_cxr,TB,97,False,0.1113766080015921,200,TB,cuda,0,
gpu,efficientnet_b0_cxr,TB,98,False,0.10945909899965045,200,TB,cuda,0,
gpu,efficientnet_b0_cxr,TB,99,False,0.10986066600162303,200,TB,cuda,0,
gpu,efficientnet_b0_cxr,TB,100,False,0.10805568299838342,200,TB,cuda,0,
gpu,efficientnet_b0_cxr,TB,101,False,0.2915767999984382,200,TB,cuda,0,
gpu,efficientnet_b0_cxr,TB,102,False,0.16063857700282824,200,TB,cuda,0,
gpu,efficientnet_b0_cxr,TB,103,False,0.10882758599836961,200,TB,cuda,0,
gpu,efficientnet_b0_cxr,TB,104,False,0.11151517899997998,200,TB,cuda,0,
gpu,efficientnet_b0_imagenet,Normal,0,True,0.2750135019996378,200,Normal,cuda,0,
gpu,efficientnet_b0_imagenet,Normal,1,True,0.23909483200259274,200,Normal,cuda,0,
gpu,efficientnet_b0_imagenet,Normal,2,True,0.16160464700078592,200,Normal,cuda,0,
gpu,efficientnet_b0_imagenet,Normal,3,True,0.15096164799979306,200,Normal,cuda,0,
gpu,efficientnet_b0_imagenet,Normal,4,True,0.10929789700094261,200,Normal,cuda,0,
gpu,efficientnet_b0_imagenet,Normal,5,False,0.10946170199895278,200,Normal,cuda,0,
gpu,efficientnet_b0_imagenet,Normal,6,False,0.2663046210000175,200,Normal,cuda,0,
gpu,efficientnet_b0_imagenet,Normal,7,False,0.29532218600070337,200,Normal,cuda,0,
gpu,efficientnet_b0_imagenet,Normal,8,False,0.17567127700021956,200,Normal,cuda,0,
gpu,efficientnet_b0_imagenet,Normal,9,False,0.10880228300084127,200,Normal,cuda,0,
gpu,efficientnet_b0_imagenet,Normal,10,False,0.10972403200139524,200,Normal,cuda,0,
gpu,efficientnet_b0_imagenet,Normal,11,False,0.10841896399870166,200,Normal,cuda,0,
gpu,efficientnet_b0_imagenet,Normal,12,False,0.11033049099933123,200,Normal,cuda,0,
gpu,efficientnet_b0_imagenet,Normal,13,False,0.11085831899981713,200,Normal,cuda,0,
gpu,efficientnet_b0_imagenet,Normal,14,False,0.10863614800109644,200,Normal,cuda,0,
gpu,efficientnet_b0_imagenet,Normal,15,False,0.1135873579987674,200,Normal,cuda,0,
gpu,efficientnet_b0_imagenet,Normal,16,False,0.11184631800279021,200,Normal,cuda,0,
gpu,efficientnet_b0_imagenet,Normal,17,False,0.10772911700041732,200,Normal,cuda,0,
gpu,efficientnet_b0_imagenet,Normal,18,False,0.17819579600109137,200,Normal,cuda,0,
gpu,efficientnet_b0_imagenet,Normal,19,False,0.1084619670000393,200,Normal,cuda,0,
gpu,efficientnet_b0_imagenet,Normal,20,False,0.24715695700069773,200,Normal,cuda,0,
gpu,efficientnet_b0_imagenet,Normal,21,False,0.30109223299950827,200,Normal,cuda,0,
gpu,efficientnet_b0_imagenet,Normal,22,False,0.2656349680000858,200,Normal,cuda,0,
gpu,efficientnet_b0_imagenet,Normal,23,False,0.13219323600060306,200,Normal,cuda,0,
gpu,efficientnet_b0_imagenet,Normal,24,False,0.26816752199738403,200,Normal,cuda,0,
gpu,efficientnet_b0_imagenet,Normal,25,False,0.13353906300108065,200,Normal,cuda,0,
gpu,efficientnet_b0_imagenet,Normal,26,False,0.10983229300109087,200,Normal,cuda,0,
gpu,efficientnet_b0_imagenet,Normal,27,False,0.108637532001012,200,Normal,cuda,0,
gpu,efficientnet_b0_imagenet,Normal,28,False,0.28067038899826,200,Normal,cuda,0,
gpu,efficientnet_b0_imagenet,Normal,29,False,0.1096882089987048,200,Normal,cuda,0,
gpu,efficientnet_b0_imagenet,Normal,30,False,0.17796874800114892,200,Normal,cuda,0,
gpu,efficientnet_b0_imagenet,Normal,31,False,0.10884137399989413,200,Normal,cuda,0,
gpu,efficientnet_b0_imagenet,Normal,32,False,0.11028148599871201,200,Normal,cuda,0,
gpu,efficientnet_b0_imagenet,Normal,33,False,0.10940963299799478,200,Normal,cuda,0,
gpu,efficientnet_b0_imagenet,Normal,34,False,0.29148237700064783,200,Normal,cuda,0,
gpu,efficientnet_b0_imagenet,Normal,35,False,0.12661608700000215,200,Normal,cuda,0,
gpu,efficientnet_b0_imagenet,Normal,36,False,0.2679505900014192,200,Normal,cuda,0,
gpu,efficientnet_b0_imagenet,Normal,37,False,0.11181785299777403,200,Normal,cuda,0,
gpu,efficientnet_b0_imagenet,Normal,38,False,0.1971503169988864,200,Normal,cuda,0,
gpu,efficientnet_b0_imagenet,Normal,39,False,0.1693260369975178,200,Normal,cuda,0,
gpu,efficientnet_b0_imagenet,Normal,40,False,0.17504899100094917,200,Normal,cuda,0,
gpu,efficientnet_b0_imagenet,Normal,41,False,0.10981060799895204,200,Normal,cuda,0,
gpu,efficientnet_b0_imagenet,Normal,42,False,0.11173588300152915,200,Normal,cuda,0,
gpu,efficientnet_b0_imagenet,Normal,43,False,0.10838587800026289,200,Normal,cuda,0,
gpu,efficientnet_b0_imagenet,Normal,44,False,0.28424518999963766,200,Normal,cuda,0,
gpu,efficientnet_b0_imagenet,Normal,45,False,0.3011370780004654,200,Normal,cuda,0,
gpu,efficientnet_b0_imagenet,Normal,46,False,0.11034317099984037,200,Normal,cuda,0,
gpu,efficientnet_b0_imagenet,Normal,47,False,0.22162025199941127,200,Normal,cuda,0,
gpu,efficientnet_b0_imagenet,Normal,48,False,0.16372794299968518,200,Normal,cuda,0,
gpu,efficientnet_b0_imagenet,Normal,49,False,0.1095041169974138,200,Normal,cuda,0,
gpu,efficientnet_b0_imagenet,Normal,50,False,0.10921052300182055,200,Normal,cuda,0,
gpu,efficientnet_b0_imagenet,Normal,51,False,0.11063144199943054,200,Normal,cuda,0,
gpu,efficientnet_b0_imagenet,Normal,52,False,0.17847307500051102,200,Normal,cuda,0,
gpu,efficientnet_b0_imagenet,Normal,53,False,0.10851416099831113,200,Normal,cuda,0,
gpu,efficientnet_b0_imagenet,Normal,54,False,0.2845417400021688,200,Normal,cuda,0,
gpu,efficientnet_b0_imagenet,Normal,55,False,0.2963577990012709,200,Normal,cuda,0,
gpu,efficientnet_b0_imagenet,Normal,56,False,0.11251793800329324,200,Normal,cuda,0,
gpu,efficientnet_b0_imagenet,Normal,57,False,0.10885904899987509,200,Normal,cuda,0,
gpu,efficientnet_b0_imagenet,Normal,58,False,0.10977081600140082,200,Normal,cuda,0,
gpu,efficientnet_b0_imagenet,Normal,59,False,0.10929536700132303,200,Normal,cuda,0,
gpu,efficientnet_b0_imagenet,Normal,60,False,0.10912954599916702,200,Normal,cuda,0,
gpu,efficientnet_b0_imagenet,Normal,61,False,0.1103469679983391,200,Normal,cuda,0,
gpu,efficientnet_b0_imagenet,Normal,62,False,0.1762806940023438,200,Normal,cuda,0,
gpu,efficientnet_b0_imagenet,Normal,63,False,0.10947962700083735,200,Normal,cuda,0,
gpu,efficientnet_b0_imagenet,Normal,64,False,0.10844011700100964,200,Normal,cuda,0,
gpu,efficientnet_b0_imagenet,Normal,65,False,0.28342242099824944,200,Normal,cuda,0,
gpu,efficientnet_b0_imagenet,Normal,66,False,0.2629211880012008,200,Normal,cuda,0,
gpu,efficientnet_b0_imagenet,Normal,67,False,0.14242098999966402,200,Normal,cuda,0,
gpu,efficientnet_b0_imagenet,Normal,68,False,0.13454785800058744,200,Normal,cuda,0,
gpu,efficientnet_b0_imagenet,Normal,69,False,0.10845692800285178,200,Normal,cuda,0,
gpu,efficientnet_b0_imagenet,Normal,70,False,0.2538327369984472,200,Normal,cuda,0,
gpu,efficientnet_b0_imagenet,Normal,71,False,0.2987106370019319,200,Normal,cuda,0,
gpu,efficientnet_b0_imagenet,Normal,72,False,0.21128086799944867,200,Normal,cuda,0,
gpu,efficientnet_b0_imagenet,Normal,73,False,0.2887831819971325,200,Normal,cuda,0,
gpu,efficientnet_b0_imagenet,Normal,74,False,0.3987212020001607,200,Normal,cuda,0,
gpu,efficientnet_b0_imagenet,Normal,75,False,0.10941495699808002,200,Normal,cuda,0,
gpu,efficientnet_b0_imagenet,Normal,76,False,0.10955861800175626,200,Normal,cuda,0,
gpu,efficientnet_b0_imagenet,Normal,77,False,0.2820572889977484,200,Normal,cuda,0,
gpu,efficientnet_b0_imagenet,Normal,78,False,0.10950524000145379,200,Normal,cuda,0,
gpu,efficientnet_b0_imagenet,Normal,79,False,0.11068097099996521,200,Normal,cuda,0,
gpu,efficientnet_b0_imagenet,Normal,80,False,0.10818241699962527,200,Normal,cuda,0,
gpu,efficientnet_b0_imagenet,Normal,81,False,0.11178139600087889,200,Normal,cuda,0,
gpu,efficientnet_b0_imagenet,Normal,82,False,0.10820713299835916,200,Normal,cuda,0,
gpu,efficientnet_b0_imagenet,Normal,83,False,0.25071508299879497,200,Normal,cuda,0,
gpu,efficientnet_b0_imagenet,Normal,84,False,0.3009059200012416,200,Normal,cuda,0,
gpu,efficientnet_b0_imagenet,Normal,85,False,0.16332036499807145,200,Normal,cuda,0,
gpu,efficientnet_b0_imagenet,Normal,86,False,0.1148115729993151,200,Normal,cuda,0,
gpu,efficientnet_b0_imagenet,Normal,87,False,0.11424207500022021,200,Normal,cuda,0,
gpu,efficientnet_b0_imagenet,Normal,88,False,0.27113338699928136,200,Normal,cuda,0,
gpu,efficientnet_b0_imagenet,Normal,89,False,0.13432067000030656,200,Normal,cuda,0,
gpu,efficientnet_b0_imagenet,Normal,90,False,0.10930255800121813,200,Normal,cuda,0,
gpu,efficientnet_b0_imagenet,Normal,91,False,0.10889535399837769,200,Normal,cuda,0,
gpu,efficientnet_b0_imagenet,Normal,92,False,0.10903048399995896,200,Normal,cuda,0,
gpu,efficientnet_b0_imagenet,Normal,93,False,0.10793151599864359,200,Normal,cuda,0,
gpu,efficientnet_b0_imagenet,Normal,94,False,0.26959566400182666,200,Normal,cuda,0,
gpu,efficientnet_b0_imagenet,Normal,95,False,0.11062515899902792,200,Normal,cuda,0,
gpu,efficientnet_b0_imagenet,Normal,96,False,0.18652362400098355,200,Normal,cuda,0,
gpu,efficientnet_b0_imagenet,Normal,97,False,0.30419523999808007,200,Normal,cuda,0,
gpu,efficientnet_b0_imagenet,Normal,98,False,0.11660172600022634,200,Normal,cuda,0,
gpu,efficientnet_b0_imagenet,Normal,99,False,0.10900746200059075,200,Normal,cuda,0,
gpu,efficientnet_b0_imagenet,Normal,100,False,0.11112861699803034,200,Normal,cuda,0,
gpu,efficientnet_b0_imagenet,Normal,101,False,0.10771907000162173,200,Normal,cuda,0,
gpu,efficientnet_b0_imagenet,Normal,102,False,0.21878248999928473,200,Normal,cuda,0,
gpu,efficientnet_b0_imagenet,Normal,103,False,0.29315873499945155,200,Normal,cuda,0,
gpu,efficientnet_b0_imagenet,Normal,104,False,0.24030169300021953,200,Normal,cuda,0,
gpu,efficientnet_b0_imagenet,Pneumonia,0,True,0.29394473200227367,200,Pneumonia,cuda,0,
gpu,efficientnet_b0_imagenet,Pneumonia,1,True,0.18378934599968488,200,Pneumonia,cuda,0,
gpu,efficientnet_b0_imagenet,Pneumonia,2,True,0.2877085469990561,200,Pneumonia,cuda,0,
gpu,efficientnet_b0_imagenet,Pneumonia,3,True,0.12123313100164523,200,Pneumonia,cuda,0,
gpu,efficientnet_b0_imagenet,Pneumonia,4,True,0.2117477579995466,200,Pneumonia,cuda,0,
gpu,efficientnet_b0_imagenet,Pneumonia,5,False,0.3014785560008022,200,Pneumonia,cuda,0,
gpu,efficientnet_b0_imagenet,Pneumonia,6,False,0.29596612499881303,200,Pneumonia,cuda,0,
gpu,efficientnet_b0_imagenet,Pneumonia,7,False,0.2983516360000067,200,Pneumonia,cuda,0,
gpu,efficientnet_b0_imagenet,Pneumonia,8,False,0.10550503999911598,200,Pneumonia,cuda,0,
gpu,efficientnet_b0_imagenet,Pneumonia,9,False,0.29982270799882826,200,Pneumonia,cuda,0,
gpu,efficientnet_b0_imagenet,Pneumonia,10,False,0.10486252299961052,200,Pneumonia,cuda,0,
gpu,efficientnet_b0_imagenet,Pneumonia,11,False,0.10389581500203349,200,Pneumonia,cuda,0,
gpu,efficientnet_b0_imagenet,Pneumonia,12,False,0.10359720999986166,200,Pneumonia,cuda,0,
gpu,efficientnet_b0_imagenet,Pneumonia,13,False,0.16871103099765605,200,Pneumonia,cuda,0,
gpu,efficientnet_b0_imagenet,Pneumonia,14,False,0.10382819599908544,200,Pneumonia,cuda,0,
gpu,efficientnet_b0_imagenet,Pneumonia,15,False,0.10360211899751448,200,Pneumonia,cuda,0,
gpu,efficientnet_b0_imagenet,Pneumonia,16,False,0.10360218699861434,200,Pneumonia,cuda,0,
gpu,efficientnet_b0_imagenet,Pneumonia,17,False,0.1054348920006305,200,Pneumonia,cuda,0,
gpu,efficientnet_b0_imagenet,Pneumonia,18,False,0.2617969319981057,200,Pneumonia,cuda,0,
gpu,efficientnet_b0_imagenet,Pneumonia,19,False,0.12485268299860763,200,Pneumonia,cuda,0,
gpu,efficientnet_b0_imagenet,Pneumonia,20,False,0.21909911599868792,200,Pneumonia,cuda,0,
gpu,efficientnet_b0_imagenet,Pneumonia,21,False,0.15386699800001225,200,Pneumonia,cuda,0,
gpu,efficientnet_b0_imagenet,Pneumonia,22,False,0.10287400399829494,200,Pneumonia,cuda,0,
gpu,efficientnet_b0_imagenet,Pneumonia,23,False,0.1750694990005286,200,Pneumonia,cuda,0,
gpu,efficientnet_b0_imagenet,Pneumonia,24,False,0.2603374860009353,200,Pneumonia,cuda,0,
gpu,efficientnet_b0_imagenet,Pneumonia,25,False,0.1045732210004644,200,Pneumonia,cuda,0,
gpu,efficientnet_b0_imagenet,Pneumonia,26,False,0.2979698189992632,200,Pneumonia,cuda,0,
gpu,efficientnet_b0_imagenet,Pneumonia,27,False,0.104039105000993,200,Pneumonia,cuda,0,
gpu,efficientnet_b0_imagenet,Pneumonia,28,False,0.1034985019978194,200,Pneumonia,cuda,0,
gpu,efficientnet_b0_imagenet,Pneumonia,29,False,0.2527229859988438,200,Pneumonia,cuda,0,
gpu,efficientnet_b0_imagenet,Pneumonia,30,False,0.24326708800072083,200,Pneumonia,cuda,0,
gpu,efficientnet_b0_imagenet,Pneumonia,31,False,0.15389624200179242,200,Pneumonia,cuda,0,
gpu,efficientnet_b0_imagenet,Pneumonia,32,False,0.10380248100045719,200,Pneumonia,cuda,0,
gpu,efficientnet_b0_imagenet,Pneumonia,33,False,0.10594265299732797,200,Pneumonia,cuda,0,
gpu,efficientnet_b0_imagenet,Pneumonia,34,False,0.10342427700015833,200,Pneumonia,cuda,0,
gpu,efficientnet_b0_imagenet,Pneumonia,35,False,0.17484792100003688,200,Pneumonia,cuda,0,
gpu,efficientnet_b0_imagenet,Pneumonia,36,False,0.10903719099951559,200,Pneumonia,cuda,0,
gpu,efficientnet_b0_imagenet,Pneumonia,37,False,0.24564556800032733,200,Pneumonia,cuda,0,
gpu,efficientnet_b0_imagenet,Pneumonia,38,False,0.2605143719993066,200,Pneumonia,cuda,0,
gpu,efficientnet_b0_imagenet,Pneumonia,39,False,0.30074706899904413,200,Pneumonia,cuda,0,
gpu,efficientnet_b0_imagenet,Pneumonia,40,False,0.3003581459997804,200,Pneumonia,cuda,0,
gpu,efficientnet_b0_imagenet,Pneumonia,41,False,0.30294377300015185,200,Pneumonia,cuda,0,
gpu,efficientnet_b0_imagenet,Pneumonia,42,False,0.1053168549988186,200,Pneumonia,cuda,0,
gpu,efficientnet_b0_imagenet,Pneumonia,43,False,0.29073333099950105,200,Pneumonia,cuda,0,
gpu,efficientnet_b0_imagenet,Pneumonia,44,False,0.1096421870024642,200,Pneumonia,cuda,0,
gpu,efficientnet_b0_imagenet,Pneumonia,45,False,0.32995796100294683,200,Pneumonia,cuda,0,
gpu,efficientnet_b0_imagenet,Pneumonia,46,False,0.10426618099882035,200,Pneumonia,cuda,0,
gpu,efficientnet_b0_imagenet,Pneumonia,47,False,0.260461211000802,200,Pneumonia,cuda,0,
gpu,efficientnet_b0_imagenet,Pneumonia,48,False,0.23809444599828566,200,Pneumonia,cuda,0,
gpu,efficientnet_b0_imagenet,Pneumonia,49,False,0.1410478100006003,200,Pneumonia,cuda,0,
gpu,efficientnet_b0_imagenet,Pneumonia,50,False,0.10352497400162974,200,Pneumonia,cuda,0,
gpu,efficientnet_b0_imagenet,Pneumonia,51,False,0.10379294599988498,200,Pneumonia,cuda,0,
gpu,efficientnet_b0_imagenet,Pneumonia,52,False,0.15075305799837224,200,Pneumonia,cuda,0,
gpu,efficientnet_b0_imagenet,Pneumonia,53,False,0.10257787599766743,200,Pneumonia,cuda,0,
gpu,efficientnet_b0_imagenet,Pneumonia,54,False,0.25785846800135914,200,Pneumonia,cuda,0,
gpu,efficientnet_b0_imagenet,Pneumonia,55,False,0.1053002229964477,200,Pneumonia,cuda,0,
gpu,efficientnet_b0_imagenet,Pneumonia,56,False,0.29488496599879,200,Pneumonia,cuda,0,
gpu,efficientnet_b0_imagenet,Pneumonia,57,False,0.17109997599982307,200,Pneumonia,cuda,0,
gpu,efficientnet_b0_imagenet,Pneumonia,58,False,0.10264910000114469,200,Pneumonia,cuda,0,
gpu,efficientnet_b0_imagenet,Pneumonia,59,False,0.2668242680010735,200,Pneumonia,cuda,0,
gpu,efficientnet_b0_imagenet,Pneumonia,60,False,0.2966731449996587,200,Pneumonia,cuda,0,
gpu,efficientnet_b0_imagenet,Pneumonia,61,False,0.10816259200146305,200,Pneumonia,cuda,0,
gpu,efficientnet_b0_imagenet,Pneumonia,62,False,0.2577327830003924,200,Pneumonia,cuda,0,
gpu,efficientnet_b0_imagenet,Pneumonia,63,False,0.12356383800215553,200,Pneumonia,cuda,0,
gpu,efficientnet_b0_imagenet,Pneumonia,64,False,0.10225965300196549,200,Pneumonia,cuda,0,
gpu,efficientnet_b0_imagenet,Pneumonia,65,False,0.10179767600129708,200,Pneumonia,cuda,0,
gpu,efficientnet_b0_imagenet,Pneumonia,66,False,0.10029934400154161,200,Pneumonia,cuda,0,
gpu,efficientnet_b0_imagenet,Pneumonia,67,False,0.17450228199959383,200,Pneumonia,cuda,0,
gpu,efficientnet_b0_imagenet,Pneumonia,68,False,0.10325994199956767,200,Pneumonia,cuda,0,
gpu,efficientnet_b0_imagenet,Pneumonia,69,False,0.22708004699961748,200,Pneumonia,cuda,0,
gpu,efficientnet_b0_imagenet,Pneumonia,70,False,0.3029865080025047,200,Pneumonia,cuda,0,
gpu,efficientnet_b0_imagenet,Pneumonia,71,False,0.11461304299882613,200,Pneumonia,cuda,0,
gpu,efficientnet_b0_imagenet,Pneumonia,72,False,0.24498443199991016,200,Pneumonia,cuda,0,
gpu,efficientnet_b0_imagenet,Pneumonia,73,False,0.13482453300093766,200,Pneumonia,cuda,0,
gpu,efficientnet_b0_imagenet,Pneumonia,74,False,0.10377468099977705,200,Pneumonia,cuda,0,
gpu,efficientnet_b0_imagenet,Pneumonia,75,False,0.10232370200174046,200,Pneumonia,cuda,0,
gpu,efficientnet_b0_imagenet,Pneumonia,76,False,0.10380141099813045,200,Pneumonia,cuda,0,
gpu,efficientnet_b0_imagenet,Pneumonia,77,False,0.10199397199903615,200,Pneumonia,cuda,0,
gpu,efficientnet_b0_imagenet,Pneumonia,78,False,0.1011658620009257,200,Pneumonia,cuda,0,
gpu,efficientnet_b0_imagenet,Pneumonia,79,False,0.16657272199881845,200,Pneumonia,cuda,0,
gpu,efficientnet_b0_imagenet,Pneumonia,80,False,0.10160506399915903,200,Pneumonia,cuda,0,
gpu,efficientnet_b0_imagenet,Pneumonia,81,False,0.10391638899818645,200,Pneumonia,cuda,0,
gpu,efficientnet_b0_imagenet,Pneumonia,82,False,0.10365320300115854,200,Pneumonia,cuda,0,
gpu,efficientnet_b0_imagenet,Pneumonia,83,False,0.10208030299691018,200,Pneumonia,cuda,0,
gpu,efficientnet_b0_imagenet,Pneumonia,84,False,0.21345803499934846,200,Pneumonia,cuda,0,
gpu,efficientnet_b0_imagenet,Pneumonia,85,False,0.15618341400113422,200,Pneumonia,cuda,0,
gpu,efficientnet_b0_imagenet,Pneumonia,86,False,0.10138385699974606,200,Pneumonia,cuda,0,
gpu,efficientnet_b0_imagenet,Pneumonia,87,False,0.10159596999801579,200,Pneumonia,cuda,0,
gpu,efficientnet_b0_imagenet,Pneumonia,88,False,0.2396276729996316,200,Pneumonia,cuda,0,
gpu,efficientnet_b0_imagenet,Pneumonia,89,False,0.3953248520010675,200,Pneumonia,cuda,0,
gpu,efficientnet_b0_imagenet,Pneumonia,90,False,0.10483934700096142,200,Pneumonia,cuda,0,
gpu,efficientnet_b0_imagenet,Pneumonia,91,False,0.10251999499814701,200,Pneumonia,cuda,0,
gpu,efficientnet_b0_imagenet,Pneumonia,92,False,0.10152486000151839,200,Pneumonia,cuda,0,
gpu,efficientnet_b0_imagenet,Pneumonia,93,False,0.10211418800099636,200,Pneumonia,cuda,0,
gpu,efficientnet_b0_imagenet,Pneumonia,94,False,0.2049671539971314,200,Pneumonia,cuda,0,
gpu,efficientnet_b0_imagenet,Pneumonia,95,False,0.166405849999137,200,Pneumonia,cuda,0,
gpu,efficientnet_b0_imagenet,Pneumonia,96,False,0.10617946200000006,200,Pneumonia,cuda,0,
gpu,efficientnet_b0_imagenet,Pneumonia,97,False,0.10316946300008567,200,Pneumonia,cuda,0,
gpu,efficientnet_b0_imagenet,Pneumonia,98,False,0.10211330099991756,200,Pneumonia,cuda,0,
gpu,efficientnet_b0_imagenet,Pneumonia,99,False,0.10219932100153528,200,Pneumonia,cuda,0,
gpu,efficientnet_b0_imagenet,Pneumonia,100,False,0.21064555599878076,200,Pneumonia,cuda,0,
gpu,efficientnet_b0_imagenet,Pneumonia,101,False,0.36308040500080097,200,Pneumonia,cuda,0,
gpu,efficientnet_b0_imagenet,Pneumonia,102,False,0.14217370699770981,200,Pneumonia,cuda,0,
gpu,efficientnet_b0_imagenet,Pneumonia,103,False,0.1025935359975847,200,Pneumonia,cuda,0,
gpu,efficientnet_b0_imagenet,Pneumonia,104,False,0.10170199999993201,200,Pneumonia,cuda,0,
gpu,efficientnet_b0_imagenet,TB,0,True,0.28272099499736214,200,TB,cuda,0,
gpu,efficientnet_b0_imagenet,TB,1,True,0.2996146050027164,200,TB,cuda,0,
gpu,efficientnet_b0_imagenet,TB,2,True,0.11142151000240119,200,TB,cuda,0,
gpu,efficientnet_b0_imagenet,TB,3,True,0.10658314299871563,200,TB,cuda,0,
gpu,efficientnet_b0_imagenet,TB,4,True,0.2878662900002382,200,TB,cuda,0,
gpu,efficientnet_b0_imagenet,TB,5,False,0.10907133300133864,200,TB,cuda,0,
gpu,efficientnet_b0_imagenet,TB,6,False,0.17754482699820073,200,TB,cuda,0,
gpu,efficientnet_b0_imagenet,TB,7,False,0.10753668100005598,200,TB,cuda,0,
gpu,efficientnet_b0_imagenet,TB,8,False,0.10806129399861675,200,TB,cuda,0,
gpu,efficientnet_b0_imagenet,TB,9,False,0.10451117800039356,200,TB,cuda,0,
gpu,efficientnet_b0_imagenet,TB,10,False,0.10610426000130246,200,TB,cuda,0,
gpu,efficientnet_b0_imagenet,TB,11,False,0.15174146099889185,200,TB,cuda,0,
gpu,efficientnet_b0_imagenet,TB,12,False,0.13117529500232195,200,TB,cuda,0,
gpu,efficientnet_b0_imagenet,TB,13,False,0.10382863999984693,200,TB,cuda,0,
gpu,efficientnet_b0_imagenet,TB,14,False,0.10526516500249272,200,TB,cuda,0,
gpu,efficientnet_b0_imagenet,TB,15,False,0.10416362999967532,200,TB,cuda,0,
gpu,efficientnet_b0_imagenet,TB,16,False,0.10501938800007338,200,TB,cuda,0,
gpu,efficientnet_b0_imagenet,TB,17,False,0.24912545200277236,200,TB,cuda,0,
gpu,efficientnet_b0_imagenet,TB,18,False,0.19951052400210756,200,TB,cuda,0,
gpu,efficientnet_b0_imagenet,TB,19,False,0.10809587699986878,200,TB,cuda,0,
gpu,efficientnet_b0_imagenet,TB,20,False,0.1091956990021572,200,TB,cuda,0,
gpu,efficientnet_b0_imagenet,TB,21,False,0.11063908200230799,200,TB,cuda,0,
gpu,efficientnet_b0_imagenet,TB,22,False,0.21368270700259018,200,TB,cuda,0,
gpu,efficientnet_b0_imagenet,TB,23,False,0.12806774999990012,200,TB,cuda,0,
gpu,efficientnet_b0_imagenet,TB,24,False,0.11140609499852872,200,TB,cuda,0,
gpu,efficientnet_b0_imagenet,TB,25,False,0.25135287099692505,200,TB,cuda,0,
gpu,efficientnet_b0_imagenet,TB,26,False,0.10934348899900215,200,TB,cuda,0,
gpu,efficientnet_b0_imagenet,TB,27,False,0.10876337099762168,200,TB,cuda,0,
gpu,efficientnet_b0_imagenet,TB,28,False,0.1726088430004893,200,TB,cuda,0,
gpu,efficientnet_b0_imagenet,TB,29,False,0.10914373100240482,200,TB,cuda,0,
gpu,efficientnet_b0_imagenet,TB,30,False,0.10839111899986165,200,TB,cuda,0,
gpu,efficientnet_b0_imagenet,TB,31,False,0.1087455470005807,200,TB,cuda,0,
gpu,efficientnet_b0_imagenet,TB,32,False,0.28442958500090754,200,TB,cuda,0,
gpu,efficientnet_b0_imagenet,TB,33,False,0.11078573700069683,200,TB,cuda,0,
gpu,efficientnet_b0_imagenet,TB,34,False,0.10908641999776592,200,TB,cuda,0,
gpu,efficientnet_b0_imagenet,TB,35,False,0.2814392449981824,200,TB,cuda,0,
gpu,efficientnet_b0_imagenet,TB,36,False,0.11262887499833596,200,TB,cuda,0,
gpu,efficientnet_b0_imagenet,TB,37,False,0.10978237399831414,200,TB,cuda,0,
gpu,efficientnet_b0_imagenet,TB,38,False,0.27549813899895526,200,TB,cuda,0,
gpu,efficientnet_b0_imagenet,TB,39,False,0.1087043410007027,200,TB,cuda,0,
gpu,efficientnet_b0_imagenet,TB,40,False,0.1820981010023388,200,TB,cuda,0,
gpu,efficientnet_b0_imagenet,TB,41,False,0.2119008980007493,200,TB,cuda,0,
gpu,efficientnet_b0_imagenet,TB,42,False,0.20855563300210633,200,TB,cuda,0,
gpu,efficientnet_b0_imagenet,TB,43,False,0.16947368100227322,200,TB,cuda,0,
gpu,efficientnet_b0_imagenet,TB,44,False,0.10858295599973644,200,TB,cuda,0,
gpu,efficientnet_b0_imagenet,TB,45,False,0.278428036999685,200,TB,cuda,0,
gpu,efficientnet_b0_imagenet,TB,46,False,0.13331299199853675,200,TB,cuda,0,
gpu,efficientnet_b0_imagenet,TB,47,False,0.11045378299968434,200,TB,cuda,0,
gpu,efficientnet_b0_imagenet,TB,48,False,0.10918799199862406,200,TB,cuda,0,
gpu,efficientnet_b0_imagenet,TB,49,False,0.28225354599999264,200,TB,cuda,0,
gpu,efficientnet_b0_imagenet,TB,50,False,0.1781270419996872,200,TB,cuda,0,
gpu,efficientnet_b0_imagenet,TB,51,False,0.10791427699950873,200,TB,cuda,0,
gpu,efficientnet_b0_imagenet,TB,52,False,0.10880081399955088,200,TB,cuda,0,
gpu,efficientnet_b0_imagenet,TB,53,False,0.30098818999977084,200,TB,cuda,0,
gpu,efficientnet_b0_imagenet,TB,54,False,0.26413811299789813,200,TB,cuda,0,
gpu,efficientnet_b0_imagenet,TB,55,False,0.13776946099824272,200,TB,cuda,0,
gpu,efficientnet_b0_imagenet,TB,56,False,0.10910467299981974,200,TB,cuda,0,
gpu,efficientnet_b0_imagenet,TB,57,False,0.2542248479985574,200,TB,cuda,0,
gpu,efficientnet_b0_imagenet,TB,58,False,0.13731257299878052,200,TB,cuda,0,
gpu,efficientnet_b0_imagenet,TB,59,False,0.11070904399821302,200,TB,cuda,0,
gpu,efficientnet_b0_imagenet,TB,60,False,0.10961791899899254,200,TB,cuda,0,
gpu,efficientnet_b0_imagenet,TB,61,False,0.2757476049991965,200,TB,cuda,0,
gpu,efficientnet_b0_imagenet,TB,62,False,0.3000272040007985,200,TB,cuda,0,
gpu,efficientnet_b0_imagenet,TB,63,False,0.36767241499910597,200,TB,cuda,0,
gpu,efficientnet_b0_imagenet,TB,64,False,0.1153899700002512,200,TB,cuda,0,
gpu,efficientnet_b0_imagenet,TB,65,False,0.10947647099965252,200,TB,cuda,0,
gpu,efficientnet_b0_imagenet,TB,66,False,0.10824123199927271,200,TB,cuda,0,
gpu,efficientnet_b0_imagenet,TB,67,False,0.3035422809989541,200,TB,cuda,0,
gpu,efficientnet_b0_imagenet,TB,68,False,0.11121765300049447,200,TB,cuda,0,
gpu,efficientnet_b0_imagenet,TB,69,False,0.1088226770007168,200,TB,cuda,0,
gpu,efficientnet_b0_imagenet,TB,70,False,0.10908764400301152,200,TB,cuda,0,
gpu,efficientnet_b0_imagenet,TB,71,False,0.10753557700081728,200,TB,cuda,0,
gpu,efficientnet_b0_imagenet,TB,72,False,0.17651245899833157,200,TB,cuda,0,
gpu,efficientnet_b0_imagenet,TB,73,False,0.28683358399939607,200,TB,cuda,0,
gpu,efficientnet_b0_imagenet,TB,74,False,0.11018346100172494,200,TB,cuda,0,
gpu,efficientnet_b0_imagenet,TB,75,False,0.10827697599961539,200,TB,cuda,0,
gpu,efficientnet_b0_imagenet,TB,76,False,0.10976630799996201,200,TB,cuda,0,
gpu,efficientnet_b0_imagenet,TB,77,False,0.10730124099791283,200,TB,cuda,0,
gpu,efficientnet_b0_imagenet,TB,78,False,0.10963687899857177,200,TB,cuda,0,
gpu,efficientnet_b0_imagenet,TB,79,False,0.1075416050007334,200,TB,cuda,0,
gpu,efficientnet_b0_imagenet,TB,80,False,0.1096057100003236,200,TB,cuda,0,
gpu,efficientnet_b0_imagenet,TB,81,False,0.10750352399918484,200,TB,cuda,0,
gpu,efficientnet_b0_imagenet,TB,82,False,0.10803957100142725,200,TB,cuda,0,
gpu,efficientnet_b0_imagenet,TB,83,False,0.21865705299933325,200,TB,cuda,0,
gpu,efficientnet_b0_imagenet,TB,84,False,0.27307167500111973,200,TB,cuda,0,
gpu,efficientnet_b0_imagenet,TB,85,False,0.13594147700132453,200,TB,cuda,0,
gpu,efficientnet_b0_imagenet,TB,86,False,0.11048819199641002,200,TB,cuda,0,
gpu,efficientnet_b0_imagenet,TB,87,False,0.28185746599774575,200,TB,cuda,0,
gpu,efficientnet_b0_imagenet,TB,88,False,0.10990742200010573,200,TB,cuda,0,
gpu,efficientnet_b0_imagenet,TB,89,False,0.28846933099703165,200,TB,cuda,0,
gpu,efficientnet_b0_imagenet,TB,90,False,0.11140157699992415,200,TB,cuda,0,
gpu,efficientnet_b0_imagenet,TB,91,False,0.20074191999810864,200,TB,cuda,0,
gpu,efficientnet_b0_imagenet,TB,92,False,0.16850127700308803,200,TB,cuda,0,
gpu,efficientnet_b0_imagenet,TB,93,False,0.1087805360002676,200,TB,cuda,0,
gpu,efficientnet_b0_imagenet,TB,94,False,0.3159486399999878,200,TB,cuda,0,
gpu,efficientnet_b0_imagenet,TB,95,False,0.1616868909986806,200,TB,cuda,0,
gpu,efficientnet_b0_imagenet,TB,96,False,0.30207803699886426,200,TB,cuda,0,
gpu,efficientnet_b0_imagenet,TB,97,False,0.30452507000154583,200,TB,cuda,0,
gpu,efficientnet_b0_imagenet,TB,98,False,0.1395691200013971,200,TB,cuda,0,
gpu,efficientnet_b0_imagenet,TB,99,False,0.1084418979990005,200,TB,cuda,0,
gpu,efficientnet_b0_imagenet,TB,100,False,0.11065645800044877,200,TB,cuda,0,
gpu,efficientnet_b0_imagenet,TB,101,False,0.27107824300037464,200,TB,cuda,0,
gpu,efficientnet_b0_imagenet,TB,102,False,0.297030972000357,200,TB,cuda,0,
gpu,efficientnet_b0_imagenet,TB,103,False,0.30250735400113626,200,TB,cuda,0,
gpu,efficientnet_b0_imagenet,TB,104,False,0.11213452000083635,200,TB,cuda,0,
gpu,resnet50_cxr,Normal,0,True,0.2466525499985437,200,Normal,cuda,0,
gpu,resnet50_cxr,Normal,1,True,0.28932217600231525,200,Normal,cuda,0,
gpu,resnet50_cxr,Normal,2,True,0.22714366299987887,200,Normal,cuda,0,
gpu,resnet50_cxr,Normal,3,True,0.24994210199656663,200,Normal,cuda,0,
gpu,resnet50_cxr,Normal,4,True,0.3692628499993589,200,Normal,cuda,0,
gpu,resnet50_cxr,Normal,5,False,0.46729795999999624,200,Normal,cuda,0,
gpu,resnet50_cxr,Normal,6,False,0.33793094499924337,200,Normal,cuda,0,
gpu,resnet50_cxr,Normal,7,False,0.25019519600027706,200,Normal,cuda,0,
gpu,resnet50_cxr,Normal,8,False,0.35210482600086834,200,Normal,cuda,0,
gpu,resnet50_cxr,Normal,9,False,0.2628871689994412,200,Normal,cuda,0,
gpu,resnet50_cxr,Normal,10,False,0.4314311580019421,200,Normal,cuda,0,
gpu,resnet50_cxr,Normal,11,False,0.309588853000605,200,Normal,cuda,0,
gpu,resnet50_cxr,Normal,12,False,0.29133892400204786,200,Normal,cuda,0,
gpu,resnet50_cxr,Normal,13,False,0.24469113199666026,200,Normal,cuda,0,
gpu,resnet50_cxr,Normal,14,False,0.2471888290019706,200,Normal,cuda,0,
gpu,resnet50_cxr,Normal,15,False,0.24804574099835008,200,Normal,cuda,0,
gpu,resnet50_cxr,Normal,16,False,0.24737788600032218,200,Normal,cuda,0,
gpu,resnet50_cxr,Normal,17,False,0.4139614259984228,200,Normal,cuda,0,
gpu,resnet50_cxr,Normal,18,False,0.24326083900086815,200,Normal,cuda,0,
gpu,resnet50_cxr,Normal,19,False,0.2303832350007724,200,Normal,cuda,0,
gpu,resnet50_cxr,Normal,20,False,0.24627412599875242,200,Normal,cuda,0,
gpu,resnet50_cxr,Normal,21,False,0.2592316669979482,200,Normal,cuda,0,
gpu,resnet50_cxr,Normal,22,False,0.2954126849981549,200,Normal,cuda,0,
gpu,resnet50_cxr,Normal,23,False,0.24332941600005142,200,Normal,cuda,0,
gpu,resnet50_cxr,Normal,24,False,0.24823857999945176,200,Normal,cuda,0,
gpu,resnet50_cxr,Normal,25,False,0.2520661470007326,200,Normal,cuda,0,
gpu,resnet50_cxr,Normal,26,False,0.24470541100163246,200,Normal,cuda,0,
gpu,resnet50_cxr,Normal,27,False,0.24810219500068342,200,Normal,cuda,0,
gpu,resnet50_cxr,Normal,28,False,0.38398633700126084,200,Normal,cuda,0,
gpu,resnet50_cxr,Normal,29,False,0.2509210219977831,200,Normal,cuda,0,
gpu,resnet50_cxr,Normal,30,False,0.24873145400124486,200,Normal,cuda,0,
gpu,resnet50_cxr,Normal,31,False,0.40580448499895283,200,Normal,cuda,0,
gpu,resnet50_cxr,Normal,32,False,0.22762328400131082,200,Normal,cuda,0,
gpu,resnet50_cxr,Normal,33,False,0.34305279000182054,200,Normal,cuda,0,
gpu,resnet50_cxr,Normal,34,False,0.3324240119982278,200,Normal,cuda,0,
gpu,resnet50_cxr,Normal,35,False,0.25337403300000005,200,Normal,cuda,0,
gpu,resnet50_cxr,Normal,36,False,0.250957495001785,200,Normal,cuda,0,
gpu,resnet50_cxr,Normal,37,False,0.3918488509989402,200,Normal,cuda,0,
gpu,resnet50_cxr,Normal,38,False,0.4628337360009027,200,Normal,cuda,0,
gpu,resnet50_cxr,Normal,39,False,0.24989057699713157,200,Normal,cuda,0,
gpu,resnet50_cxr,Normal,40,False,0.24545545399814728,200,Normal,cuda,0,
gpu,resnet50_cxr,Normal,41,False,0.40315803900011815,200,Normal,cuda,0,
gpu,resnet50_cxr,Normal,42,False,0.24773474199901102,200,Normal,cuda,0,
gpu,resnet50_cxr,Normal,43,False,0.24265402700257255,200,Normal,cuda,0,
gpu,resnet50_cxr,Normal,44,False,0.44732050000311574,200,Normal,cuda,0,
gpu,resnet50_cxr,Normal,45,False,0.4043292530004692,200,Normal,cuda,0,
gpu,resnet50_cxr,Normal,46,False,0.25312022199796047,200,Normal,cuda,0,
gpu,resnet50_cxr,Normal,47,False,0.24554649000128848,200,Normal,cuda,0,
gpu,resnet50_cxr,Normal,48,False,0.31566901299811434,200,Normal,cuda,0,
gpu,resnet50_cxr,Normal,49,False,0.2506149410000944,200,Normal,cuda,0,
gpu,resnet50_cxr,Normal,50,False,0.3432457630005956,200,Normal,cuda,0,
gpu,resnet50_cxr,Normal,51,False,0.4875349640024069,200,Normal,cuda,0,
gpu,resnet50_cxr,Normal,52,False,0.2494718650013965,200,Normal,cuda,0,
gpu,resnet50_cxr,Normal,53,False,0.24576903599881916,200,Normal,cuda,0,
gpu,resnet50_cxr,Normal,54,False,0.24947960400095326,200,Normal,cuda,0,
gpu,resnet50_cxr,Normal,55,False,0.248021613999299,200,Normal,cuda,0,
gpu,resnet50_cxr,Normal,56,False,0.3201792950021627,200,Normal,cuda,0,
gpu,resnet50_cxr,Normal,57,False,0.31538527900193003,200,Normal,cuda,0,
gpu,resnet50_cxr,Normal,58,False,0.24717960499765468,200,Normal,cuda,0,
gpu,resnet50_cxr,Normal,59,False,0.2518619540023792,200,Normal,cuda,0,
gpu,resnet50_cxr,Normal,60,False,0.24945272100012517,200,Normal,cuda,0,
gpu,resnet50_cxr,Normal,61,False,0.24740093699801946,200,Normal,cuda,0,
gpu,resnet50_cxr,Normal,62,False,0.2500447729980806,200,Normal,cuda,0,
gpu,resnet50_cxr,Normal,63,False,0.24923439199847053,200,Normal,cuda,0,
gpu,resnet50_cxr,Normal,64,False,0.34447931599788717,200,Normal,cuda,0,
gpu,resnet50_cxr,Normal,65,False,0.2591235149993736,200,Normal,cuda,0,
gpu,resnet50_cxr,Normal,66,False,0.24557714899856364,200,Normal,cuda,0,
gpu,resnet50_cxr,Normal,67,False,0.2267163830001664,200,Normal,cuda,0,
gpu,resnet50_cxr,Normal,68,False,0.24773078900034307,200,Normal,cuda,0,
gpu,resnet50_cxr,Normal,69,False,0.24748882099811453,200,Normal,cuda,0,
gpu,resnet50_cxr,Normal,70,False,0.3072337800003879,200,Normal,cuda,0,
gpu,resnet50_cxr,Normal,71,False,0.24962724199940567,200,Normal,cuda,0,
gpu,resnet50_cxr,Normal,72,False,0.24951064699780545,200,Normal,cuda,0,
gpu,resnet50_cxr,Normal,73,False,0.23236209300011978,200,Normal,cuda,0,
gpu,resnet50_cxr,Normal,74,False,0.25067636300082086,200,Normal,cuda,0,
gpu,resnet50_cxr,Normal,75,False,0.22398660700127948,200,Normal,cuda,0,
gpu,resnet50_cxr,Normal,76,False,0.22253149899916025,200,Normal,cuda,0,
gpu,resnet50_cxr,Normal,77,False,0.231161689000146,200,Normal,cuda,0,
gpu,resnet50_cxr,Normal,78,False,0.24624043600124423,200,Normal,cuda,0,
gpu,resnet50_cxr,Normal,79,False,0.22634552599993185,200,Normal,cuda,0,
gpu,resnet50_cxr,Normal,80,False,0.22737621299893362,200,Normal,cuda,0,
gpu,resnet50_cxr,Normal,81,False,0.24851039100030903,200,Normal,cuda,0,
gpu,resnet50_cxr,Normal,82,False,0.2310123389979708,200,Normal,cuda,0,
gpu,resnet50_cxr,Normal,83,False,0.249764349002362,200,Normal,cuda,0,
gpu,resnet50_cxr,Normal,84,False,0.2495694690005621,200,Normal,cuda,0,
gpu,resnet50_cxr,Normal,85,False,0.42651287099943147,200,Normal,cuda,0,
gpu,resnet50_cxr,Normal,86,False,0.43492358600269654,200,Normal,cuda,0,
gpu,resnet50_cxr,Normal,87,False,0.39819737099969643,200,Normal,cuda,0,
gpu,resnet50_cxr,Normal,88,False,0.22458511399963754,200,Normal,cuda,0,
gpu,resnet50_cxr,Normal,89,False,0.3416169819975039,200,Normal,cuda,0,
gpu,resnet50_cxr,Normal,90,False,0.26160511399939423,200,Normal,cuda,0,
gpu,resnet50_cxr,Normal,91,False,0.43818328300039866,200,Normal,cuda,0,
gpu,resnet50_cxr,Normal,92,False,0.24278917600167915,200,Normal,cuda,0,
gpu,resnet50_cxr,Normal,93,False,0.25023749700267217,200,Normal,cuda,0,
gpu,resnet50_cxr,Normal,94,False,0.3103583720003371,200,Normal,cuda,0,
gpu,resnet50_cxr,Normal,95,False,0.249948480999592,200,Normal,cuda,0,
gpu,resnet50_cxr,Normal,96,False,0.2493376239981444,200,Normal,cuda,0,
gpu,resnet50_cxr,Normal,97,False,0.2501361670001643,200,Normal,cuda,0,
gpu,resnet50_cxr,Normal,98,False,0.4410258370007796,200,Normal,cuda,0,
gpu,resnet50_cxr,Normal,99,False,0.25065144099789904,200,Normal,cuda,0,
gpu,resnet50_cxr,Normal,100,False,0.25127300600070157,200,Normal,cuda,0,
gpu,resnet50_cxr,Normal,101,False,0.24558450400218135,200,Normal,cuda,0,
gpu,resnet50_cxr,Normal,102,False,0.24866180699973484,200,Normal,cuda,0,
gpu,resnet50_cxr,Normal,103,False,0.2505415749983513,200,Normal,cuda,0,
gpu,resnet50_cxr,Normal,104,False,0.39489361099913367,200,Normal,cuda,0,
gpu,resnet50_cxr,Pneumonia,0,True,0.39252594400022645,200,Pneumonia,cuda,0,
gpu,resnet50_cxr,Pneumonia,1,True,0.24109351500010234,200,Pneumonia,cuda,0,
gpu,resnet50_cxr,Pneumonia,2,True,0.35908809499960626,200,Pneumonia,cuda,0,
gpu,resnet50_cxr,Pneumonia,3,True,0.23700130299766897,200,Pneumonia,cuda,0,
gpu,resnet50_cxr,Pneumonia,4,True,0.24131908399795066,200,Pneumonia,cuda,0,
gpu,resnet50_cxr,Pneumonia,5,False,0.24217319899980794,200,Pneumonia,cuda,0,
gpu,resnet50_cxr,Pneumonia,6,False,0.24141286599842715,200,Pneumonia,cuda,0,
gpu,resnet50_cxr,Pneumonia,7,False,0.24645053399945027,200,Pneumonia,cuda,0,
gpu,resnet50_cxr,Pneumonia,8,False,0.24426543099980336,200,Pneumonia,cuda,0,
gpu,resnet50_cxr,Pneumonia,9,False,0.24107549900145386,200,Pneumonia,cuda,0,
gpu,resnet50_cxr,Pneumonia,10,False,0.4107263990008505,200,Pneumonia,cuda,0,
gpu,resnet50_cxr,Pneumonia,11,False,0.39535794500261545,200,Pneumonia,cuda,0,
gpu,resnet50_cxr,Pneumonia,12,False,0.24139761499827728,200,Pneumonia,cuda,0,
gpu,resnet50_cxr,Pneumonia,13,False,0.2439465459974599,200,Pneumonia,cuda,0,
gpu,resnet50_cxr,Pneumonia,14,False,0.42125804199895356,200,Pneumonia,cuda,0,
gpu,resnet50_cxr,Pneumonia,15,False,0.22444106100010686,200,Pneumonia,cuda,0,
gpu,resnet50_cxr,Pneumonia,16,False,0.34501884399651317,200,Pneumonia,cuda,0,
gpu,resnet50_cxr,Pneumonia,17,False,0.2683049580009538,200,Pneumonia,cuda,0,
gpu,resnet50_cxr,Pneumonia,18,False,0.424145362998388,200,Pneumonia,cuda,0,
gpu,resnet50_cxr,Pneumonia,19,False,0.4062247280016891,200,Pneumonia,cuda,0,
gpu,resnet50_cxr,Pneumonia,20,False,0.25455409300047904,200,Pneumonia,cuda,0,
gpu,resnet50_cxr,Pneumonia,21,False,0.3703398079996987,200,Pneumonia,cuda,0,
gpu,resnet50_cxr,Pneumonia,22,False,0.2968107719971158,200,Pneumonia,cuda,0,
gpu,resnet50_cxr,Pneumonia,23,False,0.2412853809983062,200,Pneumonia,cuda,0,
gpu,resnet50_cxr,Pneumonia,24,False,0.24009941300028004,200,Pneumonia,cuda,0,
gpu,resnet50_cxr,Pneumonia,25,False,0.24196475599819678,200,Pneumonia,cuda,0,
gpu,resnet50_cxr,Pneumonia,26,False,0.24197595200166688,200,Pneumonia,cuda,0,
gpu,resnet50_cxr,Pneumonia,27,False,0.24415070800023386,200,Pneumonia,cuda,0,
gpu,resnet50_cxr,Pneumonia,28,False,0.2467859159987711,200,Pneumonia,cuda,0,
gpu,resnet50_cxr,Pneumonia,29,False,0.23986765500012552,200,Pneumonia,cuda,0,
gpu,resnet50_cxr,Pneumonia,30,False,0.24383687999943504,200,Pneumonia,cuda,0,
gpu,resnet50_cxr,Pneumonia,31,False,0.37229896200005896,200,Pneumonia,cuda,0,
gpu,resnet50_cxr,Pneumonia,32,False,0.29431159399973694,200,Pneumonia,cuda,0,
gpu,resnet50_cxr,Pneumonia,33,False,0.3045598179996887,200,Pneumonia,cuda,0,
gpu,resnet50_cxr,Pneumonia,34,False,0.24199082900304347,200,Pneumonia,cuda,0,
gpu,resnet50_cxr,Pneumonia,35,False,0.41574013300123625,200,Pneumonia,cuda,0,
gpu,resnet50_cxr,Pneumonia,36,False,0.24184434199924,200,Pneumonia,cuda,0,
gpu,resnet50_cxr,Pneumonia,37,False,0.3952275009978621,200,Pneumonia,cuda,0,
gpu,resnet50_cxr,Pneumonia,38,False,0.241456724001182,200,Pneumonia,cuda,0,
gpu,resnet50_cxr,Pneumonia,39,False,0.24284414399880916,200,Pneumonia,cuda,0,
gpu,resnet50_cxr,Pneumonia,40,False,0.24126977099876967,200,Pneumonia,cuda,0,
gpu,resnet50_cxr,Pneumonia,41,False,0.24040320399944903,200,Pneumonia,cuda,0,
gpu,resnet50_cxr,Pneumonia,42,False,0.4363126710013603,200,Pneumonia,cuda,0,
gpu,resnet50_cxr,Pneumonia,43,False,0.246737754001515,200,Pneumonia,cuda,0,
gpu,resnet50_cxr,Pneumonia,44,False,0.41711310200116714,200,Pneumonia,cuda,0,
gpu,resnet50_cxr,Pneumonia,45,False,0.2444731529976707,200,Pneumonia,cuda,0,
gpu,resnet50_cxr,Pneumonia,46,False,0.3549205900017114,200,Pneumonia,cuda,0,
gpu,resnet50_cxr,Pneumonia,47,False,0.2706160580019059,200,Pneumonia,cuda,0,
gpu,resnet50_cxr,Pneumonia,48,False,0.24601705900204252,200,Pneumonia,cuda,0,
gpu,resnet50_cxr,Pneumonia,49,False,0.4173588860030577,200,Pneumonia,cuda,0,
gpu,resnet50_cxr,Pneumonia,50,False,0.49822725799822365,200,Pneumonia,cuda,0,
gpu,resnet50_cxr,Pneumonia,51,False,0.24357369199788081,200,Pneumonia,cuda,0,
gpu,resnet50_cxr,Pneumonia,52,False,0.24078874599945266,200,Pneumonia,cuda,0,
gpu,resnet50_cxr,Pneumonia,53,False,0.23964868300026865,200,Pneumonia,cuda,0,
gpu,resnet50_cxr,Pneumonia,54,False,0.24287769100192236,200,Pneumonia,cuda,0,
gpu,resnet50_cxr,Pneumonia,55,False,0.4010820160001458,200,Pneumonia,cuda,0,
gpu,resnet50_cxr,Pneumonia,56,False,0.22125569400304812,200,Pneumonia,cuda,0,
gpu,resnet50_cxr,Pneumonia,57,False,0.24214056100026937,200,Pneumonia,cuda,0,
gpu,resnet50_cxr,Pneumonia,58,False,0.3835246390008251,200,Pneumonia,cuda,0,
gpu,resnet50_cxr,Pneumonia,59,False,0.3944534410002234,200,Pneumonia,cuda,0,
gpu,resnet50_cxr,Pneumonia,60,False,0.2607757749974553,200,Pneumonia,cuda,0,
gpu,resnet50_cxr,Pneumonia,61,False,0.2431931520004582,200,Pneumonia,cuda,0,
gpu,resnet50_cxr,Pneumonia,62,False,0.24152071199932834,200,Pneumonia,cuda,0,
gpu,resnet50_cxr,Pneumonia,63,False,0.23615661900112173,200,Pneumonia,cuda,0,
gpu,resnet50_cxr,Pneumonia,64,False,0.22201347400186933,200,Pneumonia,cuda,0,
gpu,resnet50_cxr,Pneumonia,65,False,0.2205627099974663,200,Pneumonia,cuda,0,
gpu,resnet50_cxr,Pneumonia,66,False,0.3343125479987066,200,Pneumonia,cuda,0,
gpu,resnet50_cxr,Pneumonia,67,False,0.24497294400134706,200,Pneumonia,cuda,0,
gpu,resnet50_cxr,Pneumonia,68,False,0.2432945219989051,200,Pneumonia,cuda,0,
gpu,resnet50_cxr,Pneumonia,69,False,0.245246913000301,200,Pneumonia,cuda,0,
gpu,resnet50_cxr,Pneumonia,70,False,0.24356380900280783,200,Pneumonia,cuda,0,
gpu,resnet50_cxr,Pneumonia,71,False,0.356953810001869,200,Pneumonia,cuda,0,
gpu,resnet50_cxr,Pneumonia,72,False,0.28344125900184736,200,Pneumonia,cuda,0,
gpu,resnet50_cxr,Pneumonia,73,False,0.24641411300035543,200,Pneumonia,cuda,0,
gpu,resnet50_cxr,Pneumonia,74,False,0.23991448100059642,200,Pneumonia,cuda,0,
gpu,resnet50_cxr,Pneumonia,75,False,0.29777914700025576,200,Pneumonia,cuda,0,
gpu,resnet50_cxr,Pneumonia,76,False,0.24007611900015036,200,Pneumonia,cuda,0,
gpu,resnet50_cxr,Pneumonia,77,False,0.24314917100127786,200,Pneumonia,cuda,0,
gpu,resnet50_cxr,Pneumonia,78,False,0.23966404699967825,200,Pneumonia,cuda,0,
gpu,resnet50_cxr,Pneumonia,79,False,0.2427943939983379,200,Pneumonia,cuda,0,
gpu,resnet50_cxr,Pneumonia,80,False,0.24177984400012065,200,Pneumonia,cuda,0,
gpu,resnet50_cxr,Pneumonia,81,False,0.23732754599768668,200,Pneumonia,cuda,0,
gpu,resnet50_cxr,Pneumonia,82,False,0.4851702469968586,200,Pneumonia,cuda,0,
gpu,resnet50_cxr,Pneumonia,83,False,0.40546631399774924,200,Pneumonia,cuda,0,
gpu,resnet50_cxr,Pneumonia,84,False,0.2452316859998973,200,Pneumonia,cuda,0,
gpu,resnet50_cxr,Pneumonia,85,False,0.35548454300078447,200,Pneumonia,cuda,0,
gpu,resnet50_cxr,Pneumonia,86,False,0.28417120599988266,200,Pneumonia,cuda,0,
gpu,resnet50_cxr,Pneumonia,87,False,0.41142507100084913,200,Pneumonia,cuda,0,
gpu,resnet50_cxr,Pneumonia,88,False,0.3997424619992671,200,Pneumonia,cuda,0,
gpu,resnet50_cxr,Pneumonia,89,False,0.23776166300012846,200,Pneumonia,cuda,0,
gpu,resnet50_cxr,Pneumonia,90,False,0.24532370399901993,200,Pneumonia,cuda,0,
gpu,resnet50_cxr,Pneumonia,91,False,0.24163395300274715,200,Pneumonia,cuda,0,
gpu,resnet50_cxr,Pneumonia,92,False,0.2415471450003679,200,Pneumonia,cuda,0,
gpu,resnet50_cxr,Pneumonia,93,False,0.2444792160022189,200,Pneumonia,cuda,0,
gpu,resnet50_cxr,Pneumonia,94,False,0.39028156499989564,200,Pneumonia,cuda,0,
gpu,resnet50_cxr,Pneumonia,95,False,0.24059607700110064,200,Pneumonia,cuda,0,
gpu,resnet50_cxr,Pneumonia,96,False,0.2422526519985695,200,Pneumonia,cuda,0,
gpu,resnet50_cxr,Pneumonia,97,False,0.24139494500195724,200,Pneumonia,cuda,0,
gpu,resnet50_cxr,Pneumonia,98,False,0.24086461499973666,200,Pneumonia,cuda,0,
gpu,resnet50_cxr,Pneumonia,99,False,0.241377423000813,200,Pneumonia,cuda,0,
gpu,resnet50_cxr,Pneumonia,100,False,0.24036186699959217,200,Pneumonia,cuda,0,
gpu,resnet50_cxr,Pneumonia,101,False,0.35751937700115377,200,Pneumonia,cuda,0,
gpu,resnet50_cxr,Pneumonia,102,False,0.29381785599980503,200,Pneumonia,cuda,0,
gpu,resnet50_cxr,Pneumonia,103,False,0.31111494500146364,200,Pneumonia,cuda,0,
gpu,resnet50_cxr,Pneumonia,104,False,0.3118077409999387,200,Pneumonia,cuda,0,
gpu,resnet50_cxr,TB,0,True,0.2578777700000501,200,TB,cuda,0,
gpu,resnet50_cxr,TB,1,True,0.2486141379995388,200,TB,cuda,0,
gpu,resnet50_cxr,TB,2,True,0.247077440002613,200,TB,cuda,0,
gpu,resnet50_cxr,TB,3,True,0.24841669599845773,200,TB,cuda,0,
gpu,resnet50_cxr,TB,4,True,0.25165393600036623,200,TB,cuda,0,
gpu,resnet50_cxr,TB,5,False,0.2530792489997111,200,TB,cuda,0,
gpu,resnet50_cxr,TB,6,False,0.24523510600192822,200,TB,cuda,0,
gpu,resnet50_cxr,TB,7,False,0.4286089239976718,200,TB,cuda,0,
gpu,resnet50_cxr,TB,8,False,0.2522328170016408,200,TB,cuda,0,
gpu,resnet50_cxr,TB,9,False,0.24982133299999987,200,TB,cuda,0,
gpu,resnet50_cxr,TB,10,False,0.39565465900159325,200,TB,cuda,0,
gpu,resnet50_cxr,TB,11,False,0.24620641699948465,200,TB,cuda,0,
gpu,resnet50_cxr,TB,12,False,0.25062535400138586,200,TB,cuda,0,
gpu,resnet50_cxr,TB,13,False,0.24909997799841221,200,TB,cuda,0,
gpu,resnet50_cxr,TB,14,False,0.24901292600043234,200,TB,cuda,0,
gpu,resnet50_cxr,TB,15,False,0.25023711299945717,200,TB,cuda,0,
gpu,resnet50_cxr,TB,16,False,0.25019221100228606,200,TB,cuda,0,
gpu,resnet50_cxr,TB,17,False,0.24611929599996074,200,TB,cuda,0,
gpu,resnet50_cxr,TB,18,False,0.35791369500293513,200,TB,cuda,0,
gpu,resnet50_cxr,TB,19,False,0.279633043002832,200,TB,cuda,0,
gpu,resnet50_cxr,TB,20,False,0.24921445600193692,200,TB,cuda,0,
gpu,resnet50_cxr,TB,21,False,0.4755982720016618,200,TB,cuda,0,
gpu,resnet50_cxr,TB,22,False,0.24899655199988047,200,TB,cuda,0,
gpu,resnet50_cxr,TB,23,False,0.44614855799954967,200,TB,cuda,0,
gpu,resnet50_cxr,TB,24,False,0.2501508850000391,200,TB,cuda,0,
gpu,resnet50_cxr,TB,25,False,0.25047600399921066,200,TB,cuda,0,
gpu,resnet50_cxr,TB,26,False,0.36509656199996243,200,TB,cuda,0,
gpu,resnet50_cxr,TB,27,False,0.27622039699781453,200,TB,cuda,0,
gpu,resnet50_cxr,TB,28,False,0.25281569000071613,200,TB,cuda,0,
gpu,resnet50_cxr,TB,29,False,0.25159557400183985,200,TB,cuda,0,
gpu,resnet50_cxr,TB,30,False,0.24934268599827192,200,TB,cuda,0,
gpu,resnet50_cxr,TB,31,False,0.24876345500160824,200,TB,cuda,0,
gpu,resnet50_cxr,TB,32,False,0.24969828599932953,200,TB,cuda,0,
gpu,resnet50_cxr,TB,33,False,0.24797980699804612,200,TB,cuda,0,
gpu,resnet50_cxr,TB,34,False,0.24975150799946277,200,TB,cuda,0,
gpu,resnet50_cxr,TB,35,False,0.25194887799807475,200,TB,cuda,0,
gpu,resnet50_cxr,TB,36,False,0.25144489200101816,200,TB,cuda,0,
gpu,resnet50_cxr,TB,37,False,0.24773036600163323,200,TB,cuda,0,
gpu,resnet50_cxr,TB,38,False,0.2494201859990426,200,TB,cuda,0,
gpu,resnet50_cxr,TB,39,False,0.24650090599971008,200,TB,cuda,0,
gpu,resnet50_cxr,TB,40,False,0.42497053400074947,200,TB,cuda,0,
gpu,resnet50_cxr,TB,41,False,0.2559081520012114,200,TB,cuda,0,
gpu,resnet50_cxr,TB,42,False,0.24989527499928954,200,TB,cuda,0,
gpu,resnet50_cxr,TB,43,False,0.2504705659994215,200,TB,cuda,0,
gpu,resnet50_cxr,TB,44,False,0.2512085369999113,200,TB,cuda,0,
gpu,resnet50_cxr,TB,45,False,0.4262331729987636,200,TB,cuda,0,
gpu,resnet50_cxr,TB,46,False,0.24747812699934002,200,TB,cuda,0,
gpu,resnet50_cxr,TB,47,False,0.2439113839973288,200,TB,cuda,0,
gpu,resnet50_cxr,TB,48,False,0.22519572300006985,200,TB,cuda,0,
gpu,resnet50_cxr,TB,49,False,0.23393041899907985,200,TB,cuda,0,
gpu,resnet50_cxr,TB,50,False,0.23038527600147063,200,TB,cuda,0,
gpu,resnet50_cxr,TB,51,False,0.24947314800010645,200,TB,cuda,0,
gpu,resnet50_cxr,TB,52,False,0.24794013000064297,200,TB,cuda,0,
gpu,resnet50_cxr,TB,53,False,0.24906876000022748,200,TB,cuda,0,
gpu,resnet50_cxr,TB,54,False,0.2505856739990122,200,TB,cuda,0,
gpu,resnet50_cxr,TB,55,False,0.3881349629991746,200,TB,cuda,0,
gpu,resnet50_cxr,TB,56,False,0.2776785780006321,200,TB,cuda,0,
gpu,resnet50_cxr,TB,57,False,0.24652823300129967,200,TB,cuda,0,
gpu,resnet50_cxr,TB,58,False,0.4101013870022143,200,TB,cuda,0,
gpu,resnet50_cxr,TB,59,False,0.2481833399979223,200,TB,cuda,0,
gpu,resnet50_cxr,TB,60,False,0.2450187439972069,200,TB,cuda,0,
gpu,resnet50_cxr,TB,61,False,0.24820289900162607,200,TB,cuda,0,
gpu,resnet50_cxr,TB,62,False,0.2473550789982255,200,TB,cuda,0,
gpu,resnet50_cxr,TB,63,False,0.2485184510005638,200,TB,cuda,0,
gpu,resnet50_cxr,TB,64,False,0.25147953200212214,200,TB,cuda,0,
gpu,resnet50_cxr,TB,65,False,0.24977924300037557,200,TB,cuda,0,
gpu,resnet50_cxr,TB,66,False,0.24991020699962974,200,TB,cuda,0,
gpu,resnet50_cxr,TB,67,False,0.31515440799921635,200,TB,cuda,0,
gpu,resnet50_cxr,TB,68,False,0.39892234100261703,200,TB,cuda,0,
gpu,resnet50_cxr,TB,69,False,0.2521976349999022,200,TB,cuda,0,
gpu,resnet50_cxr,TB,70,False,0.4477434849977726,200,TB,cuda,0,
gpu,resnet50_cxr,TB,71,False,0.2522514760021295,200,TB,cuda,0,
gpu,resnet50_cxr,TB,72,False,0.4110265299968887,200,TB,cuda,0,
gpu,resnet50_cxr,TB,73,False,0.28006000900131767,200,TB,cuda,0,
gpu,resnet50_cxr,TB,74,False,0.2474669900002482,200,TB,cuda,0,
gpu,resnet50_cxr,TB,75,False,0.25081921799937845,200,TB,cuda,0,
gpu,resnet50_cxr,TB,76,False,0.41941710600076476,200,TB,cuda,0,
gpu,resnet50_cxr,TB,77,False,0.2460456900007557,200,TB,cuda,0,
gpu,resnet50_cxr,TB,78,False,0.2498077980017115,200,TB,cuda,0,
gpu,resnet50_cxr,TB,79,False,0.2484766839988879,200,TB,cuda,0,
gpu,resnet50_cxr,TB,80,False,0.24828896300095948,200,TB,cuda,0,
gpu,resnet50_cxr,TB,81,False,0.24789536599928397,200,TB,cuda,0,
gpu,resnet50_cxr,TB,82,False,0.39745269900231506,200,TB,cuda,0,
gpu,resnet50_cxr,TB,83,False,0.2540351200004807,200,TB,cuda,0,
gpu,resnet50_cxr,TB,84,False,0.24975460700079566,200,TB,cuda,0,
gpu,resnet50_cxr,TB,85,False,0.24908991700067418,200,TB,cuda,0,
gpu,resnet50_cxr,TB,86,False,0.25111733800076763,200,TB,cuda,0,
gpu,resnet50_cxr,TB,87,False,0.2495099730003858,200,TB,cuda,0,
gpu,resnet50_cxr,TB,88,False,0.25139398600003915,200,TB,cuda,0,
gpu,resnet50_cxr,TB,89,False,0.24927855900023133,200,TB,cuda,0,
gpu,resnet50_cxr,TB,90,False,0.2525330409989692,200,TB,cuda,0,
gpu,resnet50_cxr,TB,91,False,0.24980182900253567,200,TB,cuda,0,
gpu,resnet50_cxr,TB,92,False,0.24788450000050943,200,TB,cuda,0,
gpu,resnet50_cxr,TB,93,False,0.2488136959982512,200,TB,cuda,0,
gpu,resnet50_cxr,TB,94,False,0.3573898550021113,200,TB,cuda,0,
gpu,resnet50_cxr,TB,95,False,0.48981879399798345,200,TB,cuda,0,
gpu,resnet50_cxr,TB,96,False,0.25355545499769505,200,TB,cuda,0,
gpu,resnet50_cxr,TB,97,False,0.35436414099967806,200,TB,cuda,0,
gpu,resnet50_cxr,TB,98,False,0.4908326249969832,200,TB,cuda,0,
gpu,resnet50_cxr,TB,99,False,0.24570402699828264,200,TB,cuda,0,
gpu,resnet50_cxr,TB,100,False,0.24472177699863096,200,TB,cuda,0,
gpu,resnet50_cxr,TB,101,False,0.40725583000312326,200,TB,cuda,0,
gpu,resnet50_cxr,TB,102,False,0.2522265219995461,200,TB,cuda,0,
gpu,resnet50_cxr,TB,103,False,0.2412429960022564,200,TB,cuda,0,
gpu,resnet50_cxr,TB,104,False,0.4066836810015957,200,TB,cuda,0,
gpu,resnet50_imagenet,Normal,0,True,0.24893679699744098,200,Normal,cuda,0,
gpu,resnet50_imagenet,Normal,1,True,0.24646136799856322,200,Normal,cuda,0,
gpu,resnet50_imagenet,Normal,2,True,0.248609252001188,200,Normal,cuda,0,
gpu,resnet50_imagenet,Normal,3,True,0.35805166099817143,200,Normal,cuda,0,
gpu,resnet50_imagenet,Normal,4,True,0.4021112839982379,200,Normal,cuda,0,
gpu,resnet50_imagenet,Normal,5,False,0.24947358099962003,200,Normal,cuda,0,
gpu,resnet50_imagenet,Normal,6,False,0.24976897600208758,200,Normal,cuda,0,
gpu,resnet50_imagenet,Normal,7,False,0.24926538200088544,200,Normal,cuda,0,
gpu,resnet50_imagenet,Normal,8,False,0.24777537699992536,200,Normal,cuda,0,
gpu,resnet50_imagenet,Normal,9,False,0.30665657599820406,200,Normal,cuda,0,
gpu,resnet50_imagenet,Normal,10,False,0.22653319900200586,200,Normal,cuda,0,
gpu,resnet50_imagenet,Normal,11,False,0.2472868449985981,200,Normal,cuda,0,
gpu,resnet50_imagenet,Normal,12,False,0.24460520900174743,200,Normal,cuda,0,
gpu,resnet50_imagenet,Normal,13,False,0.24717162999877473,200,Normal,cuda,0,
gpu,resnet50_imagenet,Normal,14,False,0.2511085760015703,200,Normal,cuda,0,
gpu,resnet50_imagenet,Normal,15,False,0.24726789299893426,200,Normal,cuda,0,
gpu,resnet50_imagenet,Normal,16,False,0.43144373999894015,200,Normal,cuda,0,
gpu,resnet50_imagenet,Normal,17,False,0.4000786459982919,200,Normal,cuda,0,
gpu,resnet50_imagenet,Normal,18,False,0.24616816800335073,200,Normal,cuda,0,
gpu,resnet50_imagenet,Normal,19,False,0.22802824400059762,200,Normal,cuda,0,
gpu,resnet50_imagenet,Normal,20,False,0.24949613799981307,200,Normal,cuda,0,
gpu,resnet50_imagenet,Normal,21,False,0.24881696599913994,200,Normal,cuda,0,
gpu,resnet50_imagenet,Normal,22,False,0.2494767040006991,200,Normal,cuda,0,
gpu,resnet50_imagenet,Normal,23,False,0.24912404000133392,200,Normal,cuda,0,
gpu,resnet50_imagenet,Normal,24,False,0.4299293059993943,200,Normal,cuda,0,
gpu,resnet50_imagenet,Normal,25,False,0.24939217800056213,200,Normal,cuda,0,
gpu,resnet50_imagenet,Normal,26,False,0.4446866559992486,200,Normal,cuda,0,
gpu,resnet50_imagenet,Normal,27,False,0.2449917039994034,200,Normal,cuda,0,
gpu,resnet50_imagenet,Normal,28,False,0.2475118759975885,200,Normal,cuda,0,
gpu,resnet50_imagenet,Normal,29,False,0.2498922750019119,200,Normal,cuda,0,
gpu,resnet50_imagenet,Normal,30,False,0.24724690099901636,200,Normal,cuda,0,
gpu,resnet50_imagenet,Normal,31,False,0.2495242529985262,200,Normal,cuda,0,
gpu,resnet50_imagenet,Normal,32,False,0.2500272170000244,200,Normal,cuda,0,
gpu,resnet50_imagenet,Normal,33,False,0.2499403469992103,200,Normal,cuda,0,
gpu,resnet50_imagenet,Normal,34,False,0.25022169500152813,200,Normal,cuda,0,
gpu,resnet50_imagenet,Normal,35,False,0.24936753200017847,200,Normal,cuda,0,
gpu,resnet50_imagenet,Normal,36,False,0.25040540600093664,200,Normal,cuda,0,
gpu,resnet50_imagenet,Normal,37,False,0.2498858119979559,200,Normal,cuda,0,
gpu,resnet50_imagenet,Normal,38,False,0.24748756000190042,200,Normal,cuda,0,
gpu,resnet50_imagenet,Normal,39,False,0.41747181200116756,200,Normal,cuda,0,
gpu,resnet50_imagenet,Normal,40,False,0.39982718100145576,200,Normal,cuda,0,
gpu,resnet50_imagenet,Normal,41,False,0.22691818800012697,200,Normal,cuda,0,
gpu,resnet50_imagenet,Normal,42,False,0.24367270299990196,200,Normal,cuda,0,
gpu,resnet50_imagenet,Normal,43,False,0.24213357500048005,200,Normal,cuda,0,
gpu,resnet50_imagenet,Normal,44,False,0.22907767499782494,200,Normal,cuda,0,
gpu,resnet50_imagenet,Normal,45,False,0.24959245399804786,200,Normal,cuda,0,
gpu,resnet50_imagenet,Normal,46,False,0.2447606059977261,200,Normal,cuda,0,
gpu,resnet50_imagenet,Normal,47,False,0.24953503600045224,200,Normal,cuda,0,
gpu,resnet50_imagenet,Normal,48,False,0.24844737899911706,200,Normal,cuda,0,
gpu,resnet50_imagenet,Normal,49,False,0.22594804799882695,200,Normal,cuda,0,
gpu,resnet50_imagenet,Normal,50,False,0.22486535000280128,200,Normal,cuda,0,
gpu,resnet50_imagenet,Normal,51,False,0.24912845499784453,200,Normal,cuda,0,
gpu,resnet50_imagenet,Normal,52,False,0.2420894489987404,200,Normal,cuda,0,
gpu,resnet50_imagenet,Normal,53,False,0.24692277799840667,200,Normal,cuda,0,
gpu,resnet50_imagenet,Normal,54,False,0.2468351050010824,200,Normal,cuda,0,
gpu,resnet50_imagenet,Normal,55,False,0.3121617309989233,200,Normal,cuda,0,
gpu,resnet50_imagenet,Normal,56,False,0.24498190599842928,200,Normal,cuda,0,
gpu,resnet50_imagenet,Normal,57,False,0.2467814189985802,200,Normal,cuda,0,
gpu,resnet50_imagenet,Normal,58,False,0.24779797800147207,200,Normal,cuda,0,
gpu,resnet50_imagenet,Normal,59,False,0.3447511909980676,200,Normal,cuda,0,
gpu,resnet50_imagenet,Normal,60,False,0.25161003899847856,200,Normal,cuda,0,
gpu,resnet50_imagenet,Normal,61,False,0.24911364600120578,200,Normal,cuda,0,
gpu,resnet50_imagenet,Normal,62,False,0.33355767499961075,200,Normal,cuda,0,
gpu,resnet50_imagenet,Normal,63,False,0.39800031499908073,200,Normal,cuda,0,
gpu,resnet50_imagenet,Normal,64,False,0.2465102720016148,200,Normal,cuda,0,
gpu,resnet50_imagenet,Normal,65,False,0.24481330100024934,200,Normal,cuda,0,
gpu,resnet50_imagenet,Normal,66,False,0.24934904900146648,200,Normal,cuda,0,
gpu,resnet50_imagenet,Normal,67,False,0.42275821099974564,200,Normal,cuda,0,
gpu,resnet50_imagenet,Normal,68,False,0.24783097999898018,200,Normal,cuda,0,
gpu,resnet50_imagenet,Normal,69,False,0.2496580439983518,200,Normal,cuda,0,
gpu,resnet50_imagenet,Normal,70,False,0.2516370849989471,200,Normal,cuda,0,
gpu,resnet50_imagenet,Normal,71,False,0.24828723999962676,200,Normal,cuda,0,
gpu,resnet50_imagenet,Normal,72,False,0.24545127300007152,200,Normal,cuda,0,
gpu,resnet50_imagenet,Normal,73,False,0.3895058889975189,200,Normal,cuda,0,
gpu,resnet50_imagenet,Normal,74,False,0.40457414999764296,200,Normal,cuda,0,
gpu,resnet50_imagenet,Normal,75,False,0.24837361000027158,200,Normal,cuda,0,
gpu,resnet50_imagenet,Normal,76,False,0.24514757200086024,200,Normal,cuda,0,
gpu,resnet50_imagenet,Normal,77,False,0.24738359000184573,200,Normal,cuda,0,
gpu,resnet50_imagenet,Normal,78,False,0.24809654100317857,200,Normal,cuda,0,
gpu,resnet50_imagenet,Normal,79,False,0.2490773320023436,200,Normal,cuda,0,
gpu,resnet50_imagenet,Normal,80,False,0.42463732800024445,200,Normal,cuda,0,
gpu,resnet50_imagenet,Normal,81,False,0.24478683699999237,200,Normal,cuda,0,
gpu,resnet50_imagenet,Normal,82,False,0.3539928560021508,200,Normal,cuda,0,
gpu,resnet50_imagenet,Normal,83,False,0.2748071229980269,200,Normal,cuda,0,
gpu,resnet50_imagenet,Normal,84,False,0.2498738169997523,200,Normal,cuda,0,
gpu,resnet50_imagenet,Normal,85,False,0.3184679049991246,200,Normal,cuda,0,
gpu,resnet50_imagenet,Normal,86,False,0.3618602819988155,200,Normal,cuda,0,
gpu,resnet50_imagenet,Normal,87,False,0.26615433400002075,200,Normal,cuda,0,
gpu,resnet50_imagenet,Normal,88,False,0.3322153410008468,200,Normal,cuda,0,
gpu,resnet50_imagenet,Normal,89,False,0.2500124509970192,200,Normal,cuda,0,
gpu,resnet50_imagenet,Normal,90,False,0.24823058699985268,200,Normal,cuda,0,
gpu,resnet50_imagenet,Normal,91,False,0.22886870100046508,200,Normal,cuda,0,
gpu,resnet50_imagenet,Normal,92,False,0.24656988499918953,200,Normal,cuda,0,
gpu,resnet50_imagenet,Normal,93,False,0.2472792170010507,200,Normal,cuda,0,
gpu,resnet50_imagenet,Normal,94,False,0.3210540920008498,200,Normal,cuda,0,
gpu,resnet50_imagenet,Normal,95,False,0.40344972199818585,200,Normal,cuda,0,
gpu,resnet50_imagenet,Normal,96,False,0.489306311999826,200,Normal,cuda,0,
gpu,resnet50_imagenet,Normal,97,False,0.24955621699700714,200,Normal,cuda,0,
gpu,resnet50_imagenet,Normal,98,False,0.4144204260010156,200,Normal,cuda,0,
gpu,resnet50_imagenet,Normal,99,False,0.4958019340010651,200,Normal,cuda,0,
gpu,resnet50_imagenet,Normal,100,False,0.24858301900167135,200,Normal,cuda,0,
gpu,resnet50_imagenet,Normal,101,False,0.3549263189997873,200,Normal,cuda,0,
gpu,resnet50_imagenet,Normal,102,False,0.26570781000191346,200,Normal,cuda,0,
gpu,resnet50_imagenet,Normal,103,False,0.2487069109993172,200,Normal,cuda,0,
gpu,resnet50_imagenet,Normal,104,False,0.25124366199815995,200,Normal,cuda,0,
gpu,resnet50_imagenet,Pneumonia,0,True,0.43039512900213595,200,Pneumonia,cuda,0,
gpu,resnet50_imagenet,Pneumonia,1,True,0.3994190199991863,200,Pneumonia,cuda,0,
gpu,resnet50_imagenet,Pneumonia,2,True,0.26185149799857754,200,Pneumonia,cuda,0,
gpu,resnet50_imagenet,Pneumonia,3,True,0.2463469360009185,200,Pneumonia,cuda,0,
gpu,resnet50_imagenet,Pneumonia,4,True,0.3333127749974665,200,Pneumonia,cuda,0,
gpu,resnet50_imagenet,Pneumonia,5,False,0.2439459099987289,200,Pneumonia,cuda,0,
gpu,resnet50_imagenet,Pneumonia,6,False,0.353015119999327,200,Pneumonia,cuda,0,
gpu,resnet50_imagenet,Pneumonia,7,False,0.2657595989985566,200,Pneumonia,cuda,0,
gpu,resnet50_imagenet,Pneumonia,8,False,0.24106286899768747,200,Pneumonia,cuda,0,
gpu,resnet50_imagenet,Pneumonia,9,False,0.2393657680004253,200,Pneumonia,cuda,0,
gpu,resnet50_imagenet,Pneumonia,10,False,0.2377778269983537,200,Pneumonia,cuda,0,
gpu,resnet50_imagenet,Pneumonia,11,False,0.41591743099706946,200,Pneumonia,cuda,0,
gpu,resnet50_imagenet,Pneumonia,12,False,0.4064234050019877,200,Pneumonia,cuda,0,
gpu,resnet50_imagenet,Pneumonia,13,False,0.24242579099882278,200,Pneumonia,cuda,0,
gpu,resnet50_imagenet,Pneumonia,14,False,0.23871985799996764,200,Pneumonia,cuda,0,
gpu,resnet50_imagenet,Pneumonia,15,False,0.24140684400117607,200,Pneumonia,cuda,0,
gpu,resnet50_imagenet,Pneumonia,16,False,0.43498133799948846,200,Pneumonia,cuda,0,
gpu,resnet50_imagenet,Pneumonia,17,False,0.23966732700137072,200,Pneumonia,cuda,0,
gpu,resnet50_imagenet,Pneumonia,18,False,0.237930174000212,200,Pneumonia,cuda,0,
gpu,resnet50_imagenet,Pneumonia,19,False,0.24145796399898245,200,Pneumonia,cuda,0,
gpu,resnet50_imagenet,Pneumonia,20,False,0.235892288001196,200,Pneumonia,cuda,0,
gpu,resnet50_imagenet,Pneumonia,21,False,0.22037019499839516,200,Pneumonia,cuda,0,
gpu,resnet50_imagenet,Pneumonia,22,False,0.24131723300160957,200,Pneumonia,cuda,0,
gpu,resnet50_imagenet,Pneumonia,23,False,0.42041198199876817,200,Pneumonia,cuda,0,
gpu,resnet50_imagenet,Pneumonia,24,False,0.2370190490000823,200,Pneumonia,cuda,0,
gpu,resnet50_imagenet,Pneumonia,25,False,0.24066101199787227,200,Pneumonia,cuda,0,
gpu,resnet50_imagenet,Pneumonia,26,False,0.23770688999866252,200,Pneumonia,cuda,0,
gpu,resnet50_imagenet,Pneumonia,27,False,0.23697996099872398,200,Pneumonia,cuda,0,
gpu,resnet50_imagenet,Pneumonia,28,False,0.23583337099989876,200,Pneumonia,cuda,0,
gpu,resnet50_imagenet,Pneumonia,29,False,0.24083458200038876,200,Pneumonia,cuda,0,
gpu,resnet50_imagenet,Pneumonia,30,False,0.374064585997985,200,Pneumonia,cuda,0,
gpu,resnet50_imagenet,Pneumonia,31,False,0.2951147919993673,200,Pneumonia,cuda,0,
gpu,resnet50_imagenet,Pneumonia,32,False,0.4045186729999841,200,Pneumonia,cuda,0,
gpu,resnet50_imagenet,Pneumonia,33,False,0.23984845799714094,200,Pneumonia,cuda,0,
gpu,resnet50_imagenet,Pneumonia,34,False,0.23937898299845983,200,Pneumonia,cuda,0,
gpu,resnet50_imagenet,Pneumonia,35,False,0.23712639299992588,200,Pneumonia,cuda,0,
gpu,resnet50_imagenet,Pneumonia,36,False,0.37789421799971024,200,Pneumonia,cuda,0,
gpu,resnet50_imagenet,Pneumonia,37,False,0.40687043700017966,200,Pneumonia,cuda,0,
gpu,resnet50_imagenet,Pneumonia,38,False,0.3939021029982541,200,Pneumonia,cuda,0,
gpu,resnet50_imagenet,Pneumonia,39,False,0.2231498000001011,200,Pneumonia,cuda,0,
gpu,resnet50_imagenet,Pneumonia,40,False,0.24159524499918916,200,Pneumonia,cuda,0,
gpu,resnet50_imagenet,Pneumonia,41,False,0.2441908479995618,200,Pneumonia,cuda,0,
gpu,resnet50_imagenet,Pneumonia,42,False,0.24088396099978127,200,Pneumonia,cuda,0,
gpu,resnet50_imagenet,Pneumonia,43,False,0.3045229540002765,200,Pneumonia,cuda,0,
gpu,resnet50_imagenet,Pneumonia,44,False,0.23869267699774355,200,Pneumonia,cuda,0,
gpu,resnet50_imagenet,Pneumonia,45,False,0.4042701450016466,200,Pneumonia,cuda,0,
gpu,resnet50_imagenet,Pneumonia,46,False,0.24070524700073292,200,Pneumonia,cuda,0,
gpu,resnet50_imagenet,Pneumonia,47,False,0.4311413400027959,200,Pneumonia,cuda,0,
gpu,resnet50_imagenet,Pneumonia,48,False,0.2545728879995295,200,Pneumonia,cuda,0,
gpu,resnet50_imagenet,Pneumonia,49,False,0.2397860450000735,200,Pneumonia,cuda,0,
gpu,resnet50_imagenet,Pneumonia,50,False,0.4030361969998921,200,Pneumonia,cuda,0,
gpu,resnet50_imagenet,Pneumonia,51,False,0.26655460899928585,200,Pneumonia,cuda,0,
gpu,resnet50_imagenet,Pneumonia,52,False,0.2371593820025737,200,Pneumonia,cuda,0,
gpu,resnet50_imagenet,Pneumonia,53,False,0.23664763000124367,200,Pneumonia,cuda,0,
gpu,resnet50_imagenet,Pneumonia,54,False,0.2407669479980541,200,Pneumonia,cuda,0,
gpu,resnet50_imagenet,Pneumonia,55,False,0.23881210499894223,200,Pneumonia,cuda,0,
gpu,resnet50_imagenet,Pneumonia,56,False,0.24497770499874605,200,Pneumonia,cuda,0,
gpu,resnet50_imagenet,Pneumonia,57,False,0.24101546200108714,200,Pneumonia,cuda,0,
gpu,resnet50_imagenet,Pneumonia,58,False,0.2388808670002618,200,Pneumonia,cuda,0,
gpu,resnet50_imagenet,Pneumonia,59,False,0.24328478700044798,200,Pneumonia,cuda,0,
gpu,resnet50_imagenet,Pneumonia,60,False,0.24161593499957235,200,Pneumonia,cuda,0,
gpu,resnet50_imagenet,Pneumonia,61,False,0.24108540800079936,200,Pneumonia,cuda,0,
gpu,resnet50_imagenet,Pneumonia,62,False,0.23696223899969482,200,Pneumonia,cuda,0,
gpu,resnet50_imagenet,Pneumonia,63,False,0.23978357599844458,200,Pneumonia,cuda,0,
gpu,resnet50_imagenet,Pneumonia,64,False,0.29342204199929256,200,Pneumonia,cuda,0,
gpu,resnet50_imagenet,Pneumonia,65,False,0.23924272000294877,200,Pneumonia,cuda,0,
gpu,resnet50_imagenet,Pneumonia,66,False,0.24031863599884673,200,Pneumonia,cuda,0,
gpu,resnet50_imagenet,Pneumonia,67,False,0.23681015100009972,200,Pneumonia,cuda,0,
gpu,resnet50_imagenet,Pneumonia,68,False,0.23905227800059947,200,Pneumonia,cuda,0,
gpu,resnet50_imagenet,Pneumonia,69,False,0.43382961899988004,200,Pneumonia,cuda,0,
gpu,resnet50_imagenet,Pneumonia,70,False,0.23974886200085166,200,Pneumonia,cuda,0,
gpu,resnet50_imagenet,Pneumonia,71,False,0.237820976999501,200,Pneumonia,cuda,0,
gpu,resnet50_imagenet,Pneumonia,72,False,0.24143048800033284,200,Pneumonia,cuda,0,
gpu,resnet50_imagenet,Pneumonia,73,False,0.2370635900006164,200,Pneumonia,cuda,0,
gpu,resnet50_imagenet,Pneumonia,74,False,0.23742242300068028,200,Pneumonia,cuda,0,
gpu,resnet50_imagenet,Pneumonia,75,False,0.24143598500086227,200,Pneumonia,cuda,0,
gpu,resnet50_imagenet,Pneumonia,76,False,0.36941022200335283,200,Pneumonia,cuda,0,
gpu,resnet50_imagenet,Pneumonia,77,False,0.2941939709999133,200,Pneumonia,cuda,0,
gpu,resnet50_imagenet,Pneumonia,78,False,0.2408205479987373,200,Pneumonia,cuda,0,
gpu,resnet50_imagenet,Pneumonia,79,False,0.24157330600064597,200,Pneumonia,cuda,0,
gpu,resnet50_imagenet,Pneumonia,80,False,0.21765966200109688,200,Pneumonia,cuda,0,
gpu,resnet50_imagenet,Pneumonia,81,False,0.36653329500040854,200,Pneumonia,cuda,0,
gpu,resnet50_imagenet,Pneumonia,82,False,0.2655692900007125,200,Pneumonia,cuda,0,
gpu,resnet50_imagenet,Pneumonia,83,False,0.23603992100106552,200,Pneumonia,cuda,0,
gpu,resnet50_imagenet,Pneumonia,84,False,0.24441200000001118,200,Pneumonia,cuda,0,
gpu,resnet50_imagenet,Pneumonia,85,False,0.23903571600021678,200,Pneumonia,cuda,0,
gpu,resnet50_imagenet,Pneumonia,86,False,0.41857163299937383,200,Pneumonia,cuda,0,
gpu,resnet50_imagenet,Pneumonia,87,False,0.49513046300126007,200,Pneumonia,cuda,0,
gpu,resnet50_imagenet,Pneumonia,88,False,0.24211971600016113,200,Pneumonia,cuda,0,
gpu,resnet50_imagenet,Pneumonia,89,False,0.2378346520017658,200,Pneumonia,cuda,0,
gpu,resnet50_imagenet,Pneumonia,90,False,0.2401468259995454,200,Pneumonia,cuda,0,
gpu,resnet50_imagenet,Pneumonia,91,False,0.2386391280015232,200,Pneumonia,cuda,0,
gpu,resnet50_imagenet,Pneumonia,92,False,0.2368218080009683,200,Pneumonia,cuda,0,
gpu,resnet50_imagenet,Pneumonia,93,False,0.2411298529987107,200,Pneumonia,cuda,0,
gpu,resnet50_imagenet,Pneumonia,94,False,0.23866159000317566,200,Pneumonia,cuda,0,
gpu,resnet50_imagenet,Pneumonia,95,False,0.24111444800291792,200,Pneumonia,cuda,0,
gpu,resnet50_imagenet,Pneumonia,96,False,0.4219460929998604,200,Pneumonia,cuda,0,
gpu,resnet50_imagenet,Pneumonia,97,False,0.2368101909996767,200,Pneumonia,cuda,0,
gpu,resnet50_imagenet,Pneumonia,98,False,0.24140232100035064,200,Pneumonia,cuda,0,
gpu,resnet50_imagenet,Pneumonia,99,False,0.33148428900312865,200,Pneumonia,cuda,0,
gpu,resnet50_imagenet,Pneumonia,100,False,0.29165259399815113,200,Pneumonia,cuda,0,
gpu,resnet50_imagenet,Pneumonia,101,False,0.23699619899707614,200,Pneumonia,cuda,0,
gpu,resnet50_imagenet,Pneumonia,102,False,0.2417125850006414,200,Pneumonia,cuda,0,
gpu,resnet50_imagenet,Pneumonia,103,False,0.24012518199742772,200,Pneumonia,cuda,0,
gpu,resnet50_imagenet,Pneumonia,104,False,0.24112468900057138,200,Pneumonia,cuda,0,
gpu,resnet50_imagenet,TB,0,True,0.24919288100136328,200,TB,cuda,0,
gpu,resnet50_imagenet,TB,1,True,0.24510425699918414,200,TB,cuda,0,
gpu,resnet50_imagenet,TB,2,True,0.24794284499876085,200,TB,cuda,0,
gpu,resnet50_imagenet,TB,3,True,0.24807056999998167,200,TB,cuda,0,
gpu,resnet50_imagenet,TB,4,True,0.3539651520004554,200,TB,cuda,0,
gpu,resnet50_imagenet,TB,5,False,0.4552557480019459,200,TB,cuda,0,
gpu,resnet50_imagenet,TB,6,False,0.25153751600009855,200,TB,cuda,0,
gpu,resnet50_imagenet,TB,7,False,0.2460852389995125,200,TB,cuda,0,
gpu,resnet50_imagenet,TB,8,False,0.4378777479978453,200,TB,cuda,0,
gpu,resnet50_imagenet,TB,9,False,0.22984252799869864,200,TB,cuda,0,
gpu,resnet50_imagenet,TB,10,False,0.24941939099880983,200,TB,cuda,0,
gpu,resnet50_imagenet,TB,11,False,0.2465116150015092,200,TB,cuda,0,
gpu,resnet50_imagenet,TB,12,False,0.24764822300130618,200,TB,cuda,0,
gpu,resnet50_imagenet,TB,13,False,0.4266338339984941,200,TB,cuda,0,
gpu,resnet50_imagenet,TB,14,False,0.24484537999887834,200,TB,cuda,0,
gpu,resnet50_imagenet,TB,15,False,0.22874897599831456,200,TB,cuda,0,
gpu,resnet50_imagenet,TB,16,False,0.24849996900229598,200,TB,cuda,0,
gpu,resnet50_imagenet,TB,17,False,0.22649709299730603,200,TB,cuda,0,
gpu,resnet50_imagenet,TB,18,False,0.35864727499938454,200,TB,cuda,0,
gpu,resnet50_imagenet,TB,19,False,0.493712391002191,200,TB,cuda,0,
gpu,resnet50_imagenet,TB,20,False,0.22506038400024408,200,TB,cuda,0,
gpu,resnet50_imagenet,TB,21,False,0.22905069100306719,200,TB,cuda,0,
gpu,resnet50_imagenet,TB,22,False,0.250605359000474,200,TB,cuda,0,
gpu,resnet50_imagenet,TB,23,False,0.2488449500015122,200,TB,cuda,0,
gpu,resnet50_imagenet,TB,24,False,0.4110138750002079,200,TB,cuda,0,
gpu,resnet50_imagenet,TB,25,False,0.2531566679972457,200,TB,cuda,0,
gpu,resnet50_imagenet,TB,26,False,0.2203669379996427,200,TB,cuda,0,
gpu,resnet50_imagenet,TB,27,False,0.3657829229996423,200,TB,cuda,0,
gpu,resnet50_imagenet,TB,28,False,0.49528341900077066,200,TB,cuda,0,
gpu,resnet50_imagenet,TB,29,False,0.24708270499831997,200,TB,cuda,0,
gpu,resnet50_imagenet,TB,30,False,0.25145615699875634,200,TB,cuda,0,
gpu,resnet50_imagenet,TB,31,False,0.24645526600215817,200,TB,cuda,0,
gpu,resnet50_imagenet,TB,32,False,0.24686629999996512,200,TB,cuda,0,
gpu,resnet50_imagenet,TB,33,False,0.2474536520021502,200,TB,cuda,0,
gpu,resnet50_imagenet,TB,34,False,0.43106940500001656,200,TB,cuda,0,
gpu,resnet50_imagenet,TB,35,False,0.25667845600037253,200,TB,cuda,0,
gpu,resnet50_imagenet,TB,36,False,0.24645144700116361,200,TB,cuda,0,
gpu,resnet50_imagenet,TB,37,False,0.42893107300187694,200,TB,cuda,0,
gpu,resnet50_imagenet,TB,38,False,0.24930298799881712,200,TB,cuda,0,
gpu,resnet50_imagenet,TB,39,False,0.24594265300038387,200,TB,cuda,0,
gpu,resnet50_imagenet,TB,40,False,0.24121433799882652,200,TB,cuda,0,
gpu,resnet50_imagenet,TB,41,False,0.2464333429998078,200,TB,cuda,0,
gpu,resnet50_imagenet,TB,42,False,0.417791052001121,200,TB,cuda,0,
gpu,resnet50_imagenet,TB,43,False,0.2592775490011263,200,TB,cuda,0,
gpu,resnet50_imagenet,TB,44,False,0.24597865399846341,200,TB,cuda,0,
gpu,resnet50_imagenet,TB,45,False,0.2458968629980518,200,TB,cuda,0,
gpu,resnet50_imagenet,TB,46,False,0.35282818699852214,200,TB,cuda,0,
gpu,resnet50_imagenet,TB,47,False,0.27249914400090347,200,TB,cuda,0,
gpu,resnet50_imagenet,TB,48,False,0.24786252199919545,200,TB,cuda,0,
gpu,resnet50_imagenet,TB,49,False,0.24605045199859887,200,TB,cuda,0,
gpu,resnet50_imagenet,TB,50,False,0.24836667300041881,200,TB,cuda,0,
gpu,resnet50_imagenet,TB,51,False,0.24690854100117576,200,TB,cuda,0,
gpu,resnet50_imagenet,TB,52,False,0.2464213599996583,200,TB,cuda,0,
gpu,resnet50_imagenet,TB,53,False,0.3898347929971351,200,TB,cuda,0,
gpu,resnet50_imagenet,TB,54,False,0.3016692900018825,200,TB,cuda,0,
gpu,resnet50_imagenet,TB,55,False,0.39617562199782697,200,TB,cuda,0,
gpu,resnet50_imagenet,TB,56,False,0.2515721880008641,200,TB,cuda,0,
gpu,resnet50_imagenet,TB,57,False,0.44794623699999647,200,TB,cuda,0,
gpu,resnet50_imagenet,TB,58,False,0.24603036299959058,200,TB,cuda,0,
gpu,resnet50_imagenet,TB,59,False,0.24975864800217096,200,TB,cuda,0,
gpu,resnet50_imagenet,TB,60,False,0.2470014060018002,200,TB,cuda,0,
gpu,resnet50_imagenet,TB,61,False,0.3299515649996465,200,TB,cuda,0,
gpu,resnet50_imagenet,TB,62,False,0.3121288969996385,200,TB,cuda,0,
gpu,resnet50_imagenet,TB,63,False,0.41244667299906723,200,TB,cuda,0,
gpu,resnet50_imagenet,TB,64,False,0.22693549600080587,200,TB,cuda,0,
gpu,resnet50_imagenet,TB,65,False,0.2469130689969461,200,TB,cuda,0,
gpu,resnet50_imagenet,TB,66,False,0.2504280969988031,200,TB,cuda,0,
gpu,resnet50_imagenet,TB,67,False,0.3750824390008347,200,TB,cuda,0,
gpu,resnet50_imagenet,TB,68,False,0.3690298050023557,200,TB,cuda,0,
gpu,resnet50_imagenet,TB,69,False,0.25313881799957016,200,TB,cuda,0,
gpu,resnet50_imagenet,TB,70,False,0.2476328699995065,200,TB,cuda,0,
gpu,resnet50_imagenet,TB,71,False,0.4309610939999402,200,TB,cuda,0,
gpu,resnet50_imagenet,TB,72,False,0.2535163790016668,200,TB,cuda,0,
gpu,resnet50_imagenet,TB,73,False,0.4118552379986795,200,TB,cuda,0,
gpu,resnet50_imagenet,TB,74,False,0.25747679000050994,200,TB,cuda,0,
gpu,resnet50_imagenet,TB,75,False,0.3138308580018929,200,TB,cuda,0,
gpu,resnet50_imagenet,TB,76,False,0.3660621220005851,200,TB,cuda,0,
gpu,resnet50_imagenet,TB,77,False,0.30487190100029693,200,TB,cuda,0,
gpu,resnet50_imagenet,TB,78,False,0.3567620399990119,200,TB,cuda,0,
gpu,resnet50_imagenet,TB,79,False,0.2719977319975442,200,TB,cuda,0,
gpu,resnet50_imagenet,TB,80,False,0.2275709330024256,200,TB,cuda,0,
gpu,resnet50_imagenet,TB,81,False,0.24922500400134595,200,TB,cuda,0,
gpu,resnet50_imagenet,TB,82,False,0.2475355850001506,200,TB,cuda,0,
gpu,resnet50_imagenet,TB,83,False,0.4386050860011892,200,TB,cuda,0,
gpu,resnet50_imagenet,TB,84,False,0.4027179069998965,200,TB,cuda,0,
gpu,resnet50_imagenet,TB,85,False,0.30109027400249033,200,TB,cuda,0,
gpu,resnet50_imagenet,TB,86,False,0.39925212200250826,200,TB,cuda,0,
gpu,resnet50_imagenet,TB,87,False,0.25295430699770804,200,TB,cuda,0,
gpu,resnet50_imagenet,TB,88,False,0.4493015439984447,200,TB,cuda,0,
gpu,resnet50_imagenet,TB,89,False,0.2461814800008142,200,TB,cuda,0,
gpu,resnet50_imagenet,TB,90,False,0.24744453800303745,200,TB,cuda,0,
gpu,resnet50_imagenet,TB,91,False,0.2462750380000216,200,TB,cuda,0,
gpu,resnet50_imagenet,TB,92,False,0.24934306500290404,200,TB,cuda,0,
gpu,resnet50_imagenet,TB,93,False,0.2428796339991095,200,TB,cuda,0,
gpu,resnet50_imagenet,TB,94,False,0.427997996997874,200,TB,cuda,0,
gpu,resnet50_imagenet,TB,95,False,0.24877836299856426,200,TB,cuda,0,
gpu,resnet50_imagenet,TB,96,False,0.24567563200253062,200,TB,cuda,0,
gpu,resnet50_imagenet,TB,97,False,0.24190500600161613,200,TB,cuda,0,
gpu,resnet50_imagenet,TB,98,False,0.310875502997078,200,TB,cuda,0,
gpu,resnet50_imagenet,TB,99,False,0.3248608379981306,200,TB,cuda,0,
gpu,resnet50_imagenet,TB,100,False,0.43071314500048175,200,TB,cuda,0,
gpu,resnet50_imagenet,TB,101,False,0.24725897499956773,200,TB,cuda,0,
gpu,resnet50_imagenet,TB,102,False,0.38819290899846237,200,TB,cuda,0,
gpu,resnet50_imagenet,TB,103,False,0.3974583269991854,200,TB,cuda,0,
gpu,resnet50_imagenet,TB,104,False,0.2528310910020082,200,TB,cuda,0,
gpu,victorio_cxr,Normal,0,True,0.01773445199796697,200,Normal,cuda,0,
gpu,victorio_cxr,Normal,1,True,0.03294506800011732,200,Normal,cuda,0,
gpu,victorio_cxr,Normal,2,True,0.017764656000508694,200,Normal,cuda,0,
gpu,victorio_cxr,Normal,3,True,0.05210747399905813,200,Normal,cuda,0,
gpu,victorio_cxr,Normal,4,True,0.09063050099939574,200,Normal,cuda,0,
gpu,victorio_cxr,Normal,5,False,0.0488238839971018,200,Normal,cuda,0,
gpu,victorio_cxr,Normal,6,False,0.057389173001865856,200,Normal,cuda,0,
gpu,victorio_cxr,Normal,7,False,0.03920700800154009,200,Normal,cuda,0,
gpu,victorio_cxr,Normal,8,False,0.018300618998182472,200,Normal,cuda,0,
gpu,victorio_cxr,Normal,9,False,0.046024137001950294,200,Normal,cuda,0,
gpu,victorio_cxr,Normal,10,False,0.03673147999870707,200,Normal,cuda,0,
gpu,victorio_cxr,Normal,11,False,0.06612344599852804,200,Normal,cuda,0,
gpu,victorio_cxr,Normal,12,False,0.03037878599934629,200,Normal,cuda,0,
gpu,victorio_cxr,Normal,13,False,0.1889600579997932,200,Normal,cuda,0,
gpu,victorio_cxr,Normal,14,False,0.017075332998501835,200,Normal,cuda,0,
gpu,victorio_cxr,Normal,15,False,0.06242241299696616,200,Normal,cuda,0,
gpu,victorio_cxr,Normal,16,False,0.03509590400062734,200,Normal,cuda,0,
gpu,victorio_cxr,Normal,17,False,0.1894925590022467,200,Normal,cuda,0,
gpu,victorio_cxr,Normal,18,False,0.19940768900050898,200,Normal,cuda,0,
gpu,victorio_cxr,Normal,19,False,0.017033283998898696,200,Normal,cuda,0,
gpu,victorio_cxr,Normal,20,False,0.280446316999587,200,Normal,cuda,0,
gpu,victorio_cxr,Normal,21,False,0.017043747000570875,200,Normal,cuda,0,
gpu,victorio_cxr,Normal,22,False,0.0810040830001526,200,Normal,cuda,0,
gpu,victorio_cxr,Normal,23,False,0.20426376199975493,200,Normal,cuda,0,
gpu,victorio_cxr,Normal,24,False,0.01679889200022444,200,Normal,cuda,0,
gpu,victorio_cxr,Normal,25,False,0.24828827099918271,200,Normal,cuda,0,
gpu,victorio_cxr,Normal,26,False,0.04336000500188675,200,Normal,cuda,0,
gpu,victorio_cxr,Normal,27,False,0.18873247699957574,200,Normal,cuda,0,
gpu,victorio_cxr,Normal,28,False,0.01726269999926444,200,Normal,cuda,0,
gpu,victorio_cxr,Normal,29,False,0.06171810899832053,200,Normal,cuda,0,
gpu,victorio_cxr,Normal,30,False,0.18997279800169053,200,Normal,cuda,0,
gpu,victorio_cxr,Normal,31,False,0.044153536000521854,200,Normal,cuda,0,
gpu,victorio_cxr,Normal,32,False,0.01660871300191502,200,Normal,cuda,0,
gpu,victorio_cxr,Normal,33,False,0.1799857020014315,200,Normal,cuda,0,
gpu,victorio_cxr,Normal,34,False,0.06484205299784662,200,Normal,cuda,0,
gpu,victorio_cxr,Normal,35,False,0.03573255700030131,200,Normal,cuda,0,
gpu,victorio_cxr,Normal,36,False,0.19554114299899084,200,Normal,cuda,0,
gpu,victorio_cxr,Normal,37,False,0.06933113700142712,200,Normal,cuda,0,
gpu,victorio_cxr,Normal,38,False,0.03790347699759877,200,Normal,cuda,0,
gpu,victorio_cxr,Normal,39,False,0.017022070001985412,200,Normal,cuda,0,
gpu,victorio_cxr,Normal,40,False,0.0728851610001584,200,Normal,cuda,0,
gpu,victorio_cxr,Normal,41,False,0.016946345000178553,200,Normal,cuda,0,
gpu,victorio_cxr,Normal,42,False,0.14808443899892154,200,Normal,cuda,0,
gpu,victorio_cxr,Normal,43,False,0.04389602299852413,200,Normal,cuda,0,
gpu,victorio_cxr,Normal,44,False,0.017251167999347672,200,Normal,cuda,0,
gpu,victorio_cxr,Normal,45,False,0.047761080000782385,200,Normal,cuda,0,
gpu,victorio_cxr,Normal,46,False,0.03341245300180162,200,Normal,cuda,0,
gpu,victorio_cxr,Normal,47,False,0.25568179300171323,200,Normal,cuda,0,
gpu,victorio_cxr,Normal,48,False,0.04609378500026651,200,Normal,cuda,0,
gpu,victorio_cxr,Normal,49,False,0.016745585002354346,200,Normal,cuda,0,
gpu,victorio_cxr,Normal,50,False,0.0754024429988931,200,Normal,cuda,0,
gpu,victorio_cxr,Normal,51,False,0.017392009998729918,200,Normal,cuda,0,
gpu,victorio_cxr,Normal,52,False,0.05182016500111786,200,Normal,cuda,0,
gpu,victorio_cxr,Normal,53,False,0.03689160499925492,200,Normal,cuda,0,
gpu,victorio_cxr,Normal,54,False,0.0175900680005725,200,Normal,cuda,0,
gpu,victorio_cxr,Normal,55,False,0.047322945996711496,200,Normal,cuda,0,
gpu,victorio_cxr,Normal,56,False,0.03607784599807928,200,Normal,cuda,0,
gpu,victorio_cxr,Normal,57,False,0.06315953200100921,200,Normal,cuda,0,
gpu,victorio_cxr,Normal,58,False,0.03317177200005972,200,Normal,cuda,0,
gpu,victorio_cxr,Normal,59,False,0.19648635199700948,200,Normal,cuda,0,
gpu,victorio_cxr,Normal,60,False,0.0701184440003999,200,Normal,cuda,0,
gpu,victorio_cxr,Normal,61,False,0.03611248300148873,200,Normal,cuda,0,
gpu,victorio_cxr,Normal,62,False,0.25428004000059445,200,Normal,cuda,0,
gpu,victorio_cxr,Normal,63,False,0.14116886900228565,200,Normal,cuda,0,
gpu,victorio_cxr,Normal,64,False,0.07221003399899928,200,Normal,cuda,0,
gpu,victorio_cxr,Normal,65,False,0.030377953000424895,200,Normal,cuda,0,
gpu,victorio_cxr,Normal,66,False,0.06804164599816431,200,Normal,cuda,0,
gpu,victorio_cxr,Normal,67,False,0.031075258000782924,200,Normal,cuda,0,
gpu,victorio_cxr,Normal,68,False,0.15499543199985055,200,Normal,cuda,0,
gpu,victorio_cxr,Normal,69,False,0.04065259999697446,200,Normal,cuda,0,
gpu,victorio_cxr,Normal,70,False,0.017433252000046195,200,Normal,cuda,0,
gpu,victorio_cxr,Normal,71,False,0.07632480199754355,200,Normal,cuda,0,
gpu,victorio_cxr,Normal,72,False,0.019165604000590974,200,Normal,cuda,0,
gpu,victorio_cxr,Normal,73,False,0.1897355660003086,200,Normal,cuda,0,
gpu,victorio_cxr,Normal,74,False,0.07212989999970887,200,Normal,cuda,0,
gpu,victorio_cxr,Normal,75,False,0.030004214000655338,200,Normal,cuda,0,
gpu,victorio_cxr,Normal,76,False,0.1900499729999865,200,Normal,cuda,0,
gpu,victorio_cxr,Normal,77,False,0.016855148001923226,200,Normal,cuda,0,
gpu,victorio_cxr,Normal,78,False,0.08162755100056529,200,Normal,cuda,0,
gpu,victorio_cxr,Normal,79,False,0.018374187999143032,200,Normal,cuda,0,
gpu,victorio_cxr,Normal,80,False,0.059006545998272486,200,Normal,cuda,0,
gpu,victorio_cxr,Normal,81,False,0.03533520799828693,200,Normal,cuda,0,
gpu,victorio_cxr,Normal,82,False,0.08971277000091504,200,Normal,cuda,0,
gpu,victorio_cxr,Normal,83,False,0.01743615399755072,200,Normal,cuda,0,
gpu,victorio_cxr,Normal,84,False,0.25008714599971427,200,Normal,cuda,0,
gpu,victorio_cxr,Normal,85,False,0.03544061499997042,200,Normal,cuda,0,
gpu,victorio_cxr,Normal,86,False,0.018858185001590755,200,Normal,cuda,0,
gpu,victorio_cxr,Normal,87,False,0.05568729099832126,200,Normal,cuda,0,
gpu,victorio_cxr,Normal,88,False,0.03225786400071229,200,Normal,cuda,0,
gpu,victorio_cxr,Normal,89,False,0.017155859000922646,200,Normal,cuda,0,
gpu,victorio_cxr,Normal,90,False,0.07649412099999608,200,Normal,cuda,0,
gpu,victorio_cxr,Normal,91,False,0.01742314399962197,200,Normal,cuda,0,
gpu,victorio_cxr,Normal,92,False,0.054246056999545544,200,Normal,cuda,0,
gpu,victorio_cxr,Normal,93,False,0.039714942999125924,200,Normal,cuda,0,
gpu,victorio_cxr,Normal,94,False,0.05210583900043275,200,Normal,cuda,0,
gpu,victorio_cxr,Normal,95,False,0.2384179740001855,200,Normal,cuda,0,
gpu,victorio_cxr,Normal,96,False,0.06810951199804549,200,Normal,cuda,0,
gpu,victorio_cxr,Normal,97,False,0.035011171999940416,200,Normal,cuda,0,
gpu,victorio_cxr,Normal,98,False,0.017896348999784095,200,Normal,cuda,0,
gpu,victorio_cxr,Normal,99,False,0.04896697499862057,200,Normal,cuda,0,
gpu,victorio_cxr,Normal,100,False,0.03637859900118201,200,Normal,cuda,0,
gpu,victorio_cxr,Normal,101,False,0.0643348129997321,200,Normal,cuda,0,
gpu,victorio_cxr,Normal,102,False,0.03188298899840447,200,Normal,cuda,0,
gpu,victorio_cxr,Normal,103,False,0.016848215000209166,200,Normal,cuda,0,
gpu,victorio_cxr,Normal,104,False,0.07549013799871318,200,Normal,cuda,0,
gpu,victorio_cxr,Pneumonia,0,True,0.16375828699892736,200,Pneumonia,cuda,0,
gpu,victorio_cxr,Pneumonia,1,True,0.20123926599990227,200,Pneumonia,cuda,0,
gpu,victorio_cxr,Pneumonia,2,True,0.04149532500014175,200,Pneumonia,cuda,0,
gpu,victorio_cxr,Pneumonia,3,True,0.011012808001396479,200,Pneumonia,cuda,0,
gpu,victorio_cxr,Pneumonia,4,True,0.0807983439990494,200,Pneumonia,cuda,0,
gpu,victorio_cxr,Pneumonia,5,False,0.011155848998896545,200,Pneumonia,cuda,0,
gpu,victorio_cxr,Pneumonia,6,False,0.061161926001659594,200,Pneumonia,cuda,0,
gpu,victorio_cxr,Pneumonia,7,False,0.032842002001416404,200,Pneumonia,cuda,0,
gpu,victorio_cxr,Pneumonia,8,False,0.01441349599917885,200,Pneumonia,cuda,0,
gpu,victorio_cxr,Pneumonia,9,False,0.1884166979980364,200,Pneumonia,cuda,0,
gpu,victorio_cxr,Pneumonia,10,False,0.09312653300003149,200,Pneumonia,cuda,0,
gpu,victorio_cxr,Pneumonia,11,False,0.2643632830004208,200,Pneumonia,cuda,0,
gpu,victorio_cxr,Pneumonia,12,False,0.043939797000348335,200,Pneumonia,cuda,0,
gpu,victorio_cxr,Pneumonia,13,False,0.18892968900036067,200,Pneumonia,cuda,0,
gpu,victorio_cxr,Pneumonia,14,False,0.011117574002128094,200,Pneumonia,cuda,0,
gpu,victorio_cxr,Pneumonia,15,False,0.05698494599710102,200,Pneumonia,cuda,0,
gpu,victorio_cxr,Pneumonia,16,False,0.1987673650000943,200,Pneumonia,cuda,0,
gpu,victorio_cxr,Pneumonia,17,False,0.04080321800211095,200,Pneumonia,cuda,0,
gpu,victorio_cxr,Pneumonia,18,False,0.012198336000437848,200,Pneumonia,cuda,0,
gpu,victorio_cxr,Pneumonia,19,False,0.05280310700254631,200,Pneumonia,cuda,0,
gpu,victorio_cxr,Pneumonia,20,False,0.22673198700067587,200,Pneumonia,cuda,0,
gpu,victorio_cxr,Pneumonia,21,False,0.013792222998745274,200,Pneumonia,cuda,0,
gpu,victorio_cxr,Pneumonia,22,False,0.01111514800140867,200,Pneumonia,cuda,0,
gpu,victorio_cxr,Pneumonia,23,False,0.05167022500245366,200,Pneumonia,cuda,0,
gpu,victorio_cxr,Pneumonia,24,False,0.030374368998309365,200,Pneumonia,cuda,0,
gpu,victorio_cxr,Pneumonia,25,False,0.012045333998685237,200,Pneumonia,cuda,0,
gpu,victorio_cxr,Pneumonia,26,False,0.08986343499782379,200,Pneumonia,cuda,0,
gpu,victorio_cxr,Pneumonia,27,False,0.19617495499915094,200,Pneumonia,cuda,0,
gpu,victorio_cxr,Pneumonia,28,False,0.06139682800130686,200,Pneumonia,cuda,0,
gpu,victorio_cxr,Pneumonia,29,False,0.04339287599941599,200,Pneumonia,cuda,0,
gpu,victorio_cxr,Pneumonia,30,False,0.011970866999035934,200,Pneumonia,cuda,0,
gpu,victorio_cxr,Pneumonia,31,False,0.05110156199953053,200,Pneumonia,cuda,0,
gpu,victorio_cxr,Pneumonia,32,False,0.09467410000070231,200,Pneumonia,cuda,0,
gpu,victorio_cxr,Pneumonia,33,False,0.04230361200097832,200,Pneumonia,cuda,0,
gpu,victorio_cxr,Pneumonia,34,False,0.012015250998956617,200,Pneumonia,cuda,0,
gpu,victorio_cxr,Pneumonia,35,False,0.05381357900114381,200,Pneumonia,cuda,0,
gpu,victorio_cxr,Pneumonia,36,False,0.03421822300151689,200,Pneumonia,cuda,0,
gpu,victorio_cxr,Pneumonia,37,False,0.06395788899681065,200,Pneumonia,cuda,0,
gpu,victorio_cxr,Pneumonia,38,False,0.03076870499717188,200,Pneumonia,cuda,0,
gpu,victorio_cxr,Pneumonia,39,False,0.012820306001231074,200,Pneumonia,cuda,0,
gpu,victorio_cxr,Pneumonia,40,False,0.18949386000167578,200,Pneumonia,cuda,0,
gpu,victorio_cxr,Pneumonia,41,False,0.15999053199993796,200,Pneumonia,cuda,0,
gpu,victorio_cxr,Pneumonia,42,False,0.038865657999849645,200,Pneumonia,cuda,0,
gpu,victorio_cxr,Pneumonia,43,False,0.012017640998237766,200,Pneumonia,cuda,0,
gpu,victorio_cxr,Pneumonia,44,False,0.05571519899967825,200,Pneumonia,cuda,0,
gpu,victorio_cxr,Pneumonia,45,False,0.03196249699976761,200,Pneumonia,cuda,0,
gpu,victorio_cxr,Pneumonia,46,False,0.05931565799983218,200,Pneumonia,cuda,0,
gpu,victorio_cxr,Pneumonia,47,False,0.03974787900006049,200,Pneumonia,cuda,0,
gpu,victorio_cxr,Pneumonia,48,False,0.012696059002337279,200,Pneumonia,cuda,0,
gpu,victorio_cxr,Pneumonia,49,False,0.05544449000080931,200,Pneumonia,cuda,0,
gpu,victorio_cxr,Pneumonia,50,False,0.03462701900207321,200,Pneumonia,cuda,0,
gpu,victorio_cxr,Pneumonia,51,False,0.013028410001425073,200,Pneumonia,cuda,0,
gpu,victorio_cxr,Pneumonia,52,False,0.04931650099752005,200,Pneumonia,cuda,0,
gpu,victorio_cxr,Pneumonia,53,False,0.040362671003094874,200,Pneumonia,cuda,0,
gpu,victorio_cxr,Pneumonia,54,False,0.05535210399830248,200,Pneumonia,cuda,0,
gpu,victorio_cxr,Pneumonia,55,False,0.04058079400056158,200,Pneumonia,cuda,0,
gpu,victorio_cxr,Pneumonia,56,False,0.012244769000972155,200,Pneumonia,cuda,0,
gpu,victorio_cxr,Pneumonia,57,False,0.08370382500288542,200,Pneumonia,cuda,0,
gpu,victorio_cxr,Pneumonia,58,False,0.011450575999333523,200,Pneumonia,cuda,0,
gpu,victorio_cxr,Pneumonia,59,False,0.05974064899783116,200,Pneumonia,cuda,0,
gpu,victorio_cxr,Pneumonia,60,False,0.03368980799859855,200,Pneumonia,cuda,0,
gpu,victorio_cxr,Pneumonia,61,False,0.012842402000387665,200,Pneumonia,cuda,0,
gpu,victorio_cxr,Pneumonia,62,False,0.08487334299934446,200,Pneumonia,cuda,0,
gpu,victorio_cxr,Pneumonia,63,False,0.05865746500057867,200,Pneumonia,cuda,0,
gpu,victorio_cxr,Pneumonia,64,False,0.14049358099873643,200,Pneumonia,cuda,0,
gpu,victorio_cxr,Pneumonia,65,False,0.0674833730008686,200,Pneumonia,cuda,0,
gpu,victorio_cxr,Pneumonia,66,False,0.19925730300019495,200,Pneumonia,cuda,0,
gpu,victorio_cxr,Pneumonia,67,False,0.03882600600263686,200,Pneumonia,cuda,0,
gpu,victorio_cxr,Pneumonia,68,False,0.054945790998317534,200,Pneumonia,cuda,0,
gpu,victorio_cxr,Pneumonia,69,False,0.03316324600018561,200,Pneumonia,cuda,0,
gpu,victorio_cxr,Pneumonia,70,False,0.011759655000787461,200,Pneumonia,cuda,0,
gpu,victorio_cxr,Pneumonia,71,False,0.06130973499966785,200,Pneumonia,cuda,0,
gpu,victorio_cxr,Pneumonia,72,False,0.0378583929996239,200,Pneumonia,cuda,0,
gpu,victorio_cxr,Pneumonia,73,False,0.011955565998505335,200,Pneumonia,cuda,0,
gpu,victorio_cxr,Pneumonia,74,False,0.05500067200046033,200,Pneumonia,cuda,0,
gpu,victorio_cxr,Pneumonia,75,False,0.031805377002456225,200,Pneumonia,cuda,0,
gpu,victorio_cxr,Pneumonia,76,False,0.0644898699974874,200,Pneumonia,cuda,0,
gpu,victorio_cxr,Pneumonia,77,False,0.1329487769980915,200,Pneumonia,cuda,0,
gpu,victorio_cxr,Pneumonia,78,False,0.0680470500010415,200,Pneumonia,cuda,0,
gpu,victorio_cxr,Pneumonia,79,False,0.03356252000230597,200,Pneumonia,cuda,0,
gpu,victorio_cxr,Pneumonia,80,False,0.012266966001334367,200,Pneumonia,cuda,0,
gpu,victorio_cxr,Pneumonia,81,False,0.07896683900253265,200,Pneumonia,cuda,0,
gpu,victorio_cxr,Pneumonia,82,False,0.16948078600034933,200,Pneumonia,cuda,0,
gpu,victorio_cxr,Pneumonia,83,False,0.038267580999672646,200,Pneumonia,cuda,0,
gpu,victorio_cxr,Pneumonia,84,False,0.010809355000674259,200,Pneumonia,cuda,0,
gpu,victorio_cxr,Pneumonia,85,False,0.08210506700197584,200,Pneumonia,cuda,0,
gpu,victorio_cxr,Pneumonia,86,False,0.013791474997560726,200,Pneumonia,cuda,0,
gpu,victorio_cxr,Pneumonia,87,False,0.059013326001149835,200,Pneumonia,cuda,0,
gpu,victorio_cxr,Pneumonia,88,False,0.03382795399738825,200,Pneumonia,cuda,0,
gpu,victorio_cxr,Pneumonia,89,False,0.011946533999434905,200,Pneumonia,cuda,0,
gpu,victorio_cxr,Pneumonia,90,False,0.05542033199890284,200,Pneumonia,cuda,0,
gpu,victorio_cxr,Pneumonia,91,False,0.0328107480017934,200,Pneumonia,cuda,0,
gpu,victorio_cxr,Pneumonia,92,False,0.013106006001180504,200,Pneumonia,cuda,0,
gpu,victorio_cxr,Pneumonia,93,False,0.0528635150003538,200,Pneumonia,cuda,0,
gpu,victorio_cxr,Pneumonia,94,False,0.03375366599721019,200,Pneumonia,cuda,0,
gpu,victorio_cxr,Pneumonia,95,False,0.013446965000184719,200,Pneumonia,cuda,0,
gpu,victorio_cxr,Pneumonia,96,False,0.2496683289973589,200,Pneumonia,cuda,0,
gpu,victorio_cxr,Pneumonia,97,False,0.19687592100308393,200,Pneumonia,cuda,0,
gpu,victorio_cxr,Pneumonia,98,False,0.04153497200240963,200,Pneumonia,cuda,0,
gpu,victorio_cxr,Pneumonia,99,False,0.012596407999808434,200,Pneumonia,cuda,0,
gpu,victorio_cxr,Pneumonia,100,False,0.18976076599938096,200,Pneumonia,cuda,0,
gpu,victorio_cxr,Pneumonia,101,False,0.06072686200059252,200,Pneumonia,cuda,0,
gpu,victorio_cxr,Pneumonia,102,False,0.03631073999713408,200,Pneumonia,cuda,0,
gpu,victorio_cxr,Pneumonia,103,False,0.09443517600084306,200,Pneumonia,cuda,0,
gpu,victorio_cxr,Pneumonia,104,False,0.20222773000205052,200,Pneumonia,cuda,0,
gpu,victorio_cxr,TB,0,True,0.05973714799984009,200,TB,cuda,0,
gpu,victorio_cxr,TB,1,True,0.04979276499943808,200,TB,cuda,0,
gpu,victorio_cxr,TB,2,True,0.18822590799754835,200,TB,cuda,0,
gpu,victorio_cxr,TB,3,True,0.018131157998141134,200,TB,cuda,0,
gpu,victorio_cxr,TB,4,True,0.08761303800201858,200,TB,cuda,0,
gpu,victorio_cxr,TB,5,False,0.055132921999756945,200,TB,cuda,0,
gpu,victorio_cxr,TB,6,False,0.016967620998912025,200,TB,cuda,0,
gpu,victorio_cxr,TB,7,False,0.032666671999322716,200,TB,cuda,0,
gpu,victorio_cxr,TB,8,False,0.017336695000267355,200,TB,cuda,0,
gpu,victorio_cxr,TB,9,False,0.0786461829993641,200,TB,cuda,0,
gpu,victorio_cxr,TB,10,False,0.01755745099944761,200,TB,cuda,0,
gpu,victorio_cxr,TB,11,False,0.07446195499869646,200,TB,cuda,0,
gpu,victorio_cxr,TB,12,False,0.20388253900091513,200,TB,cuda,0,
gpu,victorio_cxr,TB,13,False,0.07036660100129666,200,TB,cuda,0,
gpu,victorio_cxr,TB,14,False,0.03783283300072071,200,TB,cuda,0,
gpu,victorio_cxr,TB,15,False,0.04994304700085195,200,TB,cuda,0,
gpu,victorio_cxr,TB,16,False,0.04196136699829367,200,TB,cuda,0,
gpu,victorio_cxr,TB,17,False,0.016822591998788994,200,TB,cuda,0,
gpu,victorio_cxr,TB,18,False,0.046926919003453804,200,TB,cuda,0,
gpu,victorio_cxr,TB,19,False,0.04273693499999354,200,TB,cuda,0,
gpu,victorio_cxr,TB,20,False,0.050939816999743925,200,TB,cuda,0,
gpu,victorio_cxr,TB,21,False,0.20203755400143564,200,TB,cuda,0,
gpu,victorio_cxr,TB,22,False,0.04608025499692303,200,TB,cuda,0,
gpu,victorio_cxr,TB,23,False,0.017200837999553187,200,TB,cuda,0,
gpu,victorio_cxr,TB,24,False,0.043424939998658374,200,TB,cuda,0,
gpu,victorio_cxr,TB,25,False,0.03982887399979518,200,TB,cuda,0,
gpu,victorio_cxr,TB,26,False,0.08699816800071858,200,TB,cuda,0,
gpu,victorio_cxr,TB,27,False,0.2010813209999469,200,TB,cuda,0,
gpu,victorio_cxr,TB,28,False,0.20501021800009767,200,TB,cuda,0,
gpu,victorio_cxr,TB,29,False,0.06317561799733085,200,TB,cuda,0,
gpu,victorio_cxr,TB,30,False,0.043165884002519306,200,TB,cuda,0,
gpu,victorio_cxr,TB,31,False,0.018263795998791466,200,TB,cuda,0,
gpu,victorio_cxr,TB,32,False,0.07088830199791119,200,TB,cuda,0,
gpu,victorio_cxr,TB,33,False,0.01833201400222606,200,TB,cuda,0,
gpu,victorio_cxr,TB,34,False,0.05976985599772888,200,TB,cuda,0,
gpu,victorio_cxr,TB,35,False,0.02940007699726266,200,TB,cuda,0,
gpu,victorio_cxr,TB,36,False,0.017856828999356367,200,TB,cuda,0,
gpu,victorio_cxr,TB,37,False,0.08214223199684056,200,TB,cuda,0,
gpu,victorio_cxr,TB,38,False,0.01833197000087239,200,TB,cuda,0,
gpu,victorio_cxr,TB,39,False,0.17946229399967706,200,TB,cuda,0,
gpu,victorio_cxr,TB,40,False,0.06882961799783516,200,TB,cuda,0,
gpu,victorio_cxr,TB,41,False,0.03582306600219454,200,TB,cuda,0,
gpu,victorio_cxr,TB,42,False,0.01881419600249501,200,TB,cuda,0,
gpu,victorio_cxr,TB,43,False,0.049702329000865575,200,TB,cuda,0,
gpu,victorio_cxr,TB,44,False,0.030016640997928334,200,TB,cuda,0,
gpu,victorio_cxr,TB,45,False,0.017365703999530524,200,TB,cuda,0,
gpu,victorio_cxr,TB,46,False,0.08156121099818847,200,TB,cuda,0,
gpu,victorio_cxr,TB,47,False,0.01782090300184791,200,TB,cuda,0,
gpu,victorio_cxr,TB,48,False,0.05225481600064086,200,TB,cuda,0,
gpu,victorio_cxr,TB,49,False,0.029943604000436608,200,TB,cuda,0,
gpu,victorio_cxr,TB,50,False,0.01860004999980447,200,TB,cuda,0,
gpu,victorio_cxr,TB,51,False,0.07827456800077925,200,TB,cuda,0,
gpu,victorio_cxr,TB,52,False,0.017357818000164116,200,TB,cuda,0,
gpu,victorio_cxr,TB,53,False,0.052579882998543326,200,TB,cuda,0,
gpu,victorio_cxr,TB,54,False,0.03792276499734726,200,TB,cuda,0,
gpu,victorio_cxr,TB,55,False,0.05786832999729086,200,TB,cuda,0,
gpu,victorio_cxr,TB,56,False,0.041585071998269996,200,TB,cuda,0,
gpu,victorio_cxr,TB,57,False,0.05001728299976094,200,TB,cuda,0,
gpu,victorio_cxr,TB,58,False,0.036539695000101347,200,TB,cuda,0,
gpu,victorio_cxr,TB,59,False,0.19995414499862818,200,TB,cuda,0,
gpu,victorio_cxr,TB,60,False,0.20712520700180903,200,TB,cuda,0,
gpu,victorio_cxr,TB,61,False,0.06884006600012071,200,TB,cuda,0,
gpu,victorio_cxr,TB,62,False,0.19108313900142093,200,TB,cuda,0,
gpu,victorio_cxr,TB,63,False,0.048279819999152096,200,TB,cuda,0,
gpu,victorio_cxr,TB,64,False,0.01801584299755632,200,TB,cuda,0,
gpu,victorio_cxr,TB,65,False,0.04273534299863968,200,TB,cuda,0,
gpu,victorio_cxr,TB,66,False,0.03673685600006138,200,TB,cuda,0,
gpu,victorio_cxr,TB,67,False,0.25400832400191575,200,TB,cuda,0,
gpu,victorio_cxr,TB,68,False,0.05192720700142672,200,TB,cuda,0,
gpu,victorio_cxr,TB,69,False,0.18715889699888066,200,TB,cuda,0,
gpu,victorio_cxr,TB,70,False,0.0691442930001358,200,TB,cuda,0,
gpu,victorio_cxr,TB,71,False,0.03866093500255374,200,TB,cuda,0,
gpu,victorio_cxr,TB,72,False,0.25220412999988184,200,TB,cuda,0,
gpu,victorio_cxr,TB,73,False,0.04199759100083611,200,TB,cuda,0,
gpu,victorio_cxr,TB,74,False,0.018079810000926955,200,TB,cuda,0,
gpu,victorio_cxr,TB,75,False,0.05262555499939481,200,TB,cuda,0,
gpu,victorio_cxr,TB,76,False,0.03186369900140562,200,TB,cuda,0,
gpu,victorio_cxr,TB,77,False,0.09403902199846925,200,TB,cuda,0,
gpu,victorio_cxr,TB,78,False,0.017349281999486266,200,TB,cuda,0,
gpu,victorio_cxr,TB,79,False,0.07696109400058049,200,TB,cuda,0,
gpu,victorio_cxr,TB,80,False,0.10786707900115289,200,TB,cuda,0,
gpu,victorio_cxr,TB,81,False,0.06993839799906709,200,TB,cuda,0,
gpu,victorio_cxr,TB,82,False,0.03259081700161914,200,TB,cuda,0,
gpu,victorio_cxr,TB,83,False,0.01688166399981128,200,TB,cuda,0,
gpu,victorio_cxr,TB,84,False,0.08022047600024962,200,TB,cuda,0,
gpu,victorio_cxr,TB,85,False,0.01921426500121015,200,TB,cuda,0,
gpu,victorio_cxr,TB,86,False,0.04704887199841323,200,TB,cuda,0,
gpu,victorio_cxr,TB,87,False,0.04161558100167895,200,TB,cuda,0,
gpu,victorio_cxr,TB,88,False,0.08793566700114752,200,TB,cuda,0,
gpu,victorio_cxr,TB,89,False,0.09899634999965201,200,TB,cuda,0,
gpu,victorio_cxr,TB,90,False,0.06231473200023174,200,TB,cuda,0,
gpu,victorio_cxr,TB,91,False,0.1462284869994619,200,TB,cuda,0,
gpu,victorio_cxr,TB,92,False,0.09108575699792709,200,TB,cuda,0,
gpu,victorio_cxr,TB,93,False,0.2006732119989465,200,TB,cuda,0,
gpu,victorio_cxr,TB,94,False,0.01737004900132888,200,TB,cuda,0,
gpu,victorio_cxr,TB,95,False,0.06367357399722096,200,TB,cuda,0,
gpu,victorio_cxr,TB,96,False,0.026433549999637762,200,TB,cuda,0,
gpu,victorio_cxr,TB,97,False,0.09248498400120297,200,TB,cuda,0,
gpu,victorio_cxr,TB,98,False,0.01675343600072665,200,TB,cuda,0,
gpu,victorio_cxr,TB,99,False,0.24603746600041632,200,TB,cuda,0,
gpu,victorio_cxr,TB,100,False,0.04355440400104271,200,TB,cuda,0,
gpu,victorio_cxr,TB,101,False,0.019146914997691056,200,TB,cuda,0,
gpu,victorio_cxr,TB,102,False,0.07187921100194217,200,TB,cuda,0,
gpu,victorio_cxr,TB,103,False,0.20615496699974756,200,TB,cuda,0,
gpu,victorio_cxr,TB,104,False,0.07160686000133865,200,TB,cuda,0,
gpu,victorio_imagenet,Normal,0,True,0.03449837299922365,200,TB,cuda,0,
gpu,victorio_imagenet,Normal,1,True,0.017660776000411715,200,TB,cuda,0,
gpu,victorio_imagenet,Normal,2,True,0.23539782399893738,200,TB,cuda,0,
gpu,victorio_imagenet,Normal,3,True,0.200388245000795,200,TB,cuda,0,
gpu,victorio_imagenet,Normal,4,True,0.2350353849979001,200,TB,cuda,0,
gpu,victorio_imagenet,Normal,5,False,0.017467924000811763,200,TB,cuda,0,
gpu,victorio_imagenet,Normal,6,False,0.05894946999978856,200,TB,cuda,0,
gpu,victorio_imagenet,Normal,7,False,0.03505274700000882,200,TB,cuda,0,
gpu,victorio_imagenet,Normal,8,False,0.19690579999951296,200,TB,cuda,0,
gpu,victorio_imagenet,Normal,9,False,0.07295335800154135,200,TB,cuda,0,
gpu,victorio_imagenet,Normal,10,False,0.08178911699724267,200,TB,cuda,0,
gpu,victorio_imagenet,Normal,11,False,0.01941964399884455,200,TB,cuda,0,
gpu,victorio_imagenet,Normal,12,False,0.026996459997462807,200,TB,cuda,0,
gpu,victorio_imagenet,Normal,13,False,0.017114425001636846,200,TB,cuda,0,
gpu,victorio_imagenet,Normal,14,False,0.0712267740018433,200,TB,cuda,0,
gpu,victorio_imagenet,Normal,15,False,0.10176358299941057,200,TB,cuda,0,
gpu,victorio_imagenet,Normal,16,False,0.01696452300166129,200,TB,cuda,0,
gpu,victorio_imagenet,Normal,17,False,0.05854027000168571,200,TB,cuda,0,
gpu,victorio_imagenet,Normal,18,False,0.03763029900073889,200,TB,cuda,0,
gpu,victorio_imagenet,Normal,19,False,0.05756457999814302,200,TB,cuda,0,
gpu,victorio_imagenet,Normal,20,False,0.23030754600040382,200,TB,cuda,0,
gpu,victorio_imagenet,Normal,21,False,0.01664114199957112,200,TB,cuda,0,
gpu,victorio_imagenet,Normal,22,False,0.24596908199964673,200,TB,cuda,0,
gpu,victorio_imagenet,Normal,23,False,0.04221700500056613,200,TB,cuda,0,
gpu,victorio_imagenet,Normal,24,False,0.01719620700168889,200,TB,cuda,0,
gpu,victorio_imagenet,Normal,25,False,0.048103467997862026,200,TB,cuda,0,
gpu,victorio_imagenet,Normal,26,False,0.039594827001565136,200,TB,cuda,0,
gpu,victorio_imagenet,Normal,27,False,0.01902494399837451,200,TB,cuda,0,
gpu,victorio_imagenet,Normal,28,False,0.04500590800307691,200,TB,cuda,0,
gpu,victorio_imagenet,Normal,29,False,0.032701568998163566,200,TB,cuda,0,
gpu,victorio_imagenet,Normal,30,False,0.07047968600090826,200,TB,cuda,0,
gpu,victorio_imagenet,Normal,31,False,0.0322861640015617,200,TB,cuda,0,
gpu,victorio_imagenet,Normal,32,False,0.01727070600099978,200,TB,cuda,0,
gpu,victorio_imagenet,Normal,33,False,0.07034144000135711,200,TB,cuda,0,
gpu,victorio_imagenet,Normal,34,False,0.20904958399842144,200,TB,cuda,0,
gpu,victorio_imagenet,Normal,35,False,0.2002390000016021,200,TB,cuda,0,
gpu,victorio_imagenet,Normal,36,False,0.09547524199660984,200,TB,cuda,0,
gpu,victorio_imagenet,Normal,37,False,0.060812544001237256,200,TB,cuda,0,
gpu,victorio_imagenet,Normal,38,False,0.03664143099740613,200,TB,cuda,0,
gpu,victorio_imagenet,Normal,39,False,0.01678974000242306,200,TB,cuda,0,
gpu,victorio_imagenet,Normal,40,False,0.05856962200050475,200,TB,cuda,0,
gpu,victorio_imagenet,Normal,41,False,0.03588601799856406,200,TB,cuda,0,
gpu,victorio_imagenet,Normal,42,False,0.1541393320003408,200,TB,cuda,0,
gpu,victorio_imagenet,Normal,43,False,0.04277141899729031,200,TB,cuda,0,
gpu,victorio_imagenet,Normal,44,False,0.016983870998956263,200,TB,cuda,0,
gpu,victorio_imagenet,Normal,45,False,0.04924440099784988,200,TB,cuda,0,
gpu,victorio_imagenet,Normal,46,False,0.03648111999791581,200,TB,cuda,0,
gpu,victorio_imagenet,Normal,47,False,0.1898882349996711,200,TB,cuda,0,
gpu,victorio_imagenet,Normal,48,False,0.017460469996876782,200,TB,cuda,0,
gpu,victorio_imagenet,Normal,49,False,0.08058442399851629,200,TB,cuda,0,
gpu,victorio_imagenet,Normal,50,False,0.01724860999820521,200,TB,cuda,0,
gpu,victorio_imagenet,Normal,51,False,0.05895296100061387,200,TB,cuda,0,
gpu,victorio_imagenet,Normal,52,False,0.03782209499695455,200,TB,cuda,0,
gpu,victorio_imagenet,Normal,53,False,0.189926908002235,200,TB,cuda,0,
gpu,victorio_imagenet,Normal,54,False,0.019382513000891777,200,TB,cuda,0,
gpu,victorio_imagenet,Normal,55,False,0.08192946100098197,200,TB,cuda,0,
gpu,victorio_imagenet,Normal,56,False,0.020742158998473315,200,TB,cuda,0,
gpu,victorio_imagenet,Normal,57,False,0.04956888400192838,200,TB,cuda,0,
gpu,victorio_imagenet,Normal,58,False,0.030236096001317492,200,TB,cuda,0,
gpu,victorio_imagenet,Normal,59,False,0.01810710900099366,200,TB,cuda,0,
gpu,victorio_imagenet,Normal,60,False,0.18388471599973855,200,TB,cuda,0,
gpu,victorio_imagenet,Normal,61,False,0.06731317100275191,200,TB,cuda,0,
gpu,victorio_imagenet,Normal,62,False,0.037391517998912605,200,TB,cuda,0,
gpu,victorio_imagenet,Normal,63,False,0.01696674100094242,200,TB,cuda,0,
gpu,victorio_imagenet,Normal,64,False,0.0453791949985316,200,TB,cuda,0,
gpu,victorio_imagenet,Normal,65,False,0.2233658569966792,200,TB,cuda,0,
gpu,victorio_imagenet,Normal,66,False,0.20316687100057607,200,TB,cuda,0,
gpu,victorio_imagenet,Normal,67,False,0.017183509000460617,200,TB,cuda,0,
gpu,victorio_imagenet,Normal,68,False,0.07908418199804146,200,TB,cuda,0,
gpu,victorio_imagenet,Normal,69,False,0.206788843999675,200,TB,cuda,0,
gpu,victorio_imagenet,Normal,70,False,0.1969120590001694,200,TB,cuda,0,
gpu,victorio_imagenet,Normal,71,False,0.017243088001123397,200,TB,cuda,0,
gpu,victorio_imagenet,Normal,72,False,0.19081977500172798,200,TB,cuda,0,
gpu,victorio_imagenet,Normal,73,False,0.09828987199944095,200,TB,cuda,0,
gpu,victorio_imagenet,Normal,74,False,0.0167619090025255,200,TB,cuda,0,
gpu,victorio_imagenet,Normal,75,False,0.051286631998664234,200,TB,cuda,0,
gpu,victorio_imagenet,Normal,76,False,0.03073599799972726,200,TB,cuda,0,
gpu,victorio_imagenet,Normal,77,False,0.1954595370007155,200,TB,cuda,0,
gpu,victorio_imagenet,Normal,78,False,0.01857138500054134,200,TB,cuda,0,
gpu,victorio_imagenet,Normal,79,False,0.04962393100140616,200,TB,cuda,0,
gpu,victorio_imagenet,Normal,80,False,0.040027086000918644,200,TB,cuda,0,
gpu,victorio_imagenet,Normal,81,False,0.01715765399785596,200,TB,cuda,0,
gpu,victorio_imagenet,Normal,82,False,0.07384661800097092,200,TB,cuda,0,
gpu,victorio_imagenet,Normal,83,False,0.019998186002339935,200,TB,cuda,0,
gpu,victorio_imagenet,Normal,84,False,0.055462326999986544,200,TB,cuda,0,
gpu,victorio_imagenet,Normal,85,False,0.03536497200184385,200,TB,cuda,0,
gpu,victorio_imagenet,Normal,86,False,0.18977928400272503,200,TB,cuda,0,
gpu,victorio_imagenet,Normal,87,False,0.01829636299953563,200,TB,cuda,0,
gpu,victorio_imagenet,Normal,88,False,0.08570209599929512,200,TB,cuda,0,
gpu,victorio_imagenet,Normal,89,False,0.01656248300059815,200,TB,cuda,0,
gpu,victorio_imagenet,Normal,90,False,0.17628511200018693,200,TB,cuda,0,
gpu,victorio_imagenet,Normal,91,False,0.018478983001841698,200,TB,cuda,0,
gpu,victorio_imagenet,Normal,92,False,0.08024182399822166,200,TB,cuda,0,
gpu,victorio_imagenet,Normal,93,False,0.016534137997950893,200,TB,cuda,0,
gpu,victorio_imagenet,Normal,94,False,0.018330691000301158,200,TB,cuda,0,
gpu,victorio_imagenet,Normal,95,False,0.07656568200036418,200,TB,cuda,0,
gpu,victorio_imagenet,Normal,96,False,0.017282798999076476,200,TB,cuda,0,
gpu,victorio_imagenet,Normal,97,False,0.04773796500012395,200,TB,cuda,0,
gpu,victorio_imagenet,Normal,98,False,0.03596951200233889,200,TB,cuda,0,
gpu,victorio_imagenet,Normal,99,False,0.016118051000376,200,TB,cuda,0,
gpu,victorio_imagenet,Normal,100,False,0.08295215099860798,200,TB,cuda,0,
gpu,victorio_imagenet,Normal,101,False,0.01694134400167968,200,TB,cuda,0,
gpu,victorio_imagenet,Normal,102,False,0.051107054998283274,200,TB,cuda,0,
gpu,victorio_imagenet,Normal,103,False,0.03383437999946182,200,TB,cuda,0,
gpu,victorio_imagenet,Normal,104,False,0.19551790799960145,200,TB,cuda,0,
gpu,victorio_imagenet,Pneumonia,0,True,0.061509997001849115,200,Pneumonia,cuda,0,
gpu,victorio_imagenet,Pneumonia,1,True,0.23354638100136071,200,Pneumonia,cuda,0,
gpu,victorio_imagenet,Pneumonia,2,True,0.012538818999018986,200,Pneumonia,cuda,0,
gpu,victorio_imagenet,Pneumonia,3,True,0.0829203499997675,200,Pneumonia,cuda,0,
gpu,victorio_imagenet,Pneumonia,4,True,0.013054786999418866,200,Pneumonia,cuda,0,
gpu,victorio_imagenet,Pneumonia,5,False,0.012903255999844987,200,Pneumonia,cuda,0,
gpu,victorio_imagenet,Pneumonia,6,False,0.07496049499968649,200,Pneumonia,cuda,0,
gpu,victorio_imagenet,Pneumonia,7,False,0.012310180001804838,200,Pneumonia,cuda,0,
gpu,victorio_imagenet,Pneumonia,8,False,0.06233627899928251,200,Pneumonia,cuda,0,
gpu,victorio_imagenet,Pneumonia,9,False,0.031560886000079336,200,Pneumonia,cuda,0,
gpu,victorio_imagenet,Pneumonia,10,False,0.011833566000859719,200,Pneumonia,cuda,0,
gpu,victorio_imagenet,Pneumonia,11,False,0.08429279400297673,200,Pneumonia,cuda,0,
gpu,victorio_imagenet,Pneumonia,12,False,0.059974059000523994,200,Pneumonia,cuda,0,
gpu,victorio_imagenet,Pneumonia,13,False,0.011347850999300135,200,Pneumonia,cuda,0,
gpu,victorio_imagenet,Pneumonia,14,False,0.2308200180013955,200,Pneumonia,cuda,0,
gpu,victorio_imagenet,Pneumonia,15,False,0.06017948099906789,200,Pneumonia,cuda,0,
gpu,victorio_imagenet,Pneumonia,16,False,0.04097697700126446,200,Pneumonia,cuda,0,
gpu,victorio_imagenet,Pneumonia,17,False,0.05693100999997114,200,Pneumonia,cuda,0,
gpu,victorio_imagenet,Pneumonia,18,False,0.01128724400041392,200,Pneumonia,cuda,0,
gpu,victorio_imagenet,Pneumonia,19,False,0.034540115997515386,200,Pneumonia,cuda,0,
gpu,victorio_imagenet,Pneumonia,20,False,0.05938177200005157,200,Pneumonia,cuda,0,
gpu,victorio_imagenet,Pneumonia,21,False,0.04086350700163166,200,Pneumonia,cuda,0,
gpu,victorio_imagenet,Pneumonia,22,False,0.011906006999197416,200,Pneumonia,cuda,0,
gpu,victorio_imagenet,Pneumonia,23,False,0.07810193999830517,200,Pneumonia,cuda,0,
gpu,victorio_imagenet,Pneumonia,24,False,0.011838234000606462,200,Pneumonia,cuda,0,
gpu,victorio_imagenet,Pneumonia,25,False,0.05511700699935318,200,Pneumonia,cuda,0,
gpu,victorio_imagenet,Pneumonia,26,False,0.042823036998015596,200,Pneumonia,cuda,0,
gpu,victorio_imagenet,Pneumonia,27,False,0.012740492999000708,200,Pneumonia,cuda,0,
gpu,victorio_imagenet,Pneumonia,28,False,0.053020516999822576,200,Pneumonia,cuda,0,
gpu,victorio_imagenet,Pneumonia,29,False,0.028676097997959005,200,Pneumonia,cuda,0,
gpu,victorio_imagenet,Pneumonia,30,False,0.012725951997708762,200,Pneumonia,cuda,0,
gpu,victorio_imagenet,Pneumonia,31,False,0.054216986001847545,200,Pneumonia,cuda,0,
gpu,victorio_imagenet,Pneumonia,32,False,0.03342637000241666,200,Pneumonia,cuda,0,
gpu,victorio_imagenet,Pneumonia,33,False,0.062266394998005126,200,Pneumonia,cuda,0,
gpu,victorio_imagenet,Pneumonia,34,False,0.03670016499745543,200,Pneumonia,cuda,0,
gpu,victorio_imagenet,Pneumonia,35,False,0.011021083999366965,200,Pneumonia,cuda,0,
gpu,victorio_imagenet,Pneumonia,36,False,0.052151420000882354,200,Pneumonia,cuda,0,
gpu,victorio_imagenet,Pneumonia,37,False,0.04467283699705149,200,Pneumonia,cuda,0,
gpu,victorio_imagenet,Pneumonia,38,False,0.08989641599691822,200,Pneumonia,cuda,0,
gpu,victorio_imagenet,Pneumonia,39,False,0.06601626700285124,200,Pneumonia,cuda,0,
gpu,victorio_imagenet,Pneumonia,40,False,0.03793172700170544,200,Pneumonia,cuda,0,
gpu,victorio_imagenet,Pneumonia,41,False,0.012127095000323607,200,Pneumonia,cuda,0,
gpu,victorio_imagenet,Pneumonia,42,False,0.08129894800003967,200,Pneumonia,cuda,0,
gpu,victorio_imagenet,Pneumonia,43,False,0.015772763999848394,200,Pneumonia,cuda,0,
gpu,victorio_imagenet,Pneumonia,44,False,0.01084711099974811,200,Pneumonia,cuda,0,
gpu,victorio_imagenet,Pneumonia,45,False,0.04562111799896229,200,Pneumonia,cuda,0,
gpu,victorio_imagenet,Pneumonia,46,False,0.03924086700135376,200,Pneumonia,cuda,0,
gpu,victorio_imagenet,Pneumonia,47,False,0.05702124600065872,200,Pneumonia,cuda,0,
gpu,victorio_imagenet,Pneumonia,48,False,0.19864127400069265,200,Pneumonia,cuda,0,
gpu,victorio_imagenet,Pneumonia,49,False,0.03522266099753324,200,Pneumonia,cuda,0,
gpu,victorio_imagenet,Pneumonia,50,False,0.011150358001032146,200,Pneumonia,cuda,0,
gpu,victorio_imagenet,Pneumonia,51,False,0.08892514599938295,200,Pneumonia,cuda,0,
gpu,victorio_imagenet,Pneumonia,52,False,0.013993585998832714,200,Pneumonia,cuda,0,
gpu,victorio_imagenet,Pneumonia,53,False,0.05524643899843795,200,Pneumonia,cuda,0,
gpu,victorio_imagenet,Pneumonia,54,False,0.03649010400113184,200,Pneumonia,cuda,0,
gpu,victorio_imagenet,Pneumonia,55,False,0.013656612998602213,200,Pneumonia,cuda,0,
gpu,victorio_imagenet,Pneumonia,56,False,0.051661328998307,200,Pneumonia,cuda,0,
gpu,victorio_imagenet,Pneumonia,57,False,0.03413440100121079,200,Pneumonia,cuda,0,
gpu,victorio_imagenet,Pneumonia,58,False,0.057011198998225154,200,Pneumonia,cuda,0,
gpu,victorio_imagenet,Pneumonia,59,False,0.04111011500208406,200,Pneumonia,cuda,0,
gpu,victorio_imagenet,Pneumonia,60,False,0.011818923001555959,200,Pneumonia,cuda,0,
gpu,victorio_imagenet,Pneumonia,61,False,0.052573594002751634,200,Pneumonia,cuda,0,
gpu,victorio_imagenet,Pneumonia,62,False,0.041222003997972934,200,Pneumonia,cuda,0,
gpu,victorio_imagenet,Pneumonia,63,False,0.011143637002533069,200,Pneumonia,cuda,0,
gpu,victorio_imagenet,Pneumonia,64,False,0.07706509600029676,200,Pneumonia,cuda,0,
gpu,victorio_imagenet,Pneumonia,65,False,0.1670388330021524,200,Pneumonia,cuda,0,
gpu,victorio_imagenet,Pneumonia,66,False,0.044372848999046255,200,Pneumonia,cuda,0,
gpu,victorio_imagenet,Pneumonia,67,False,0.05355401999986498,200,Pneumonia,cuda,0,
gpu,victorio_imagenet,Pneumonia,68,False,0.012981962998310337,200,Pneumonia,cuda,0,
gpu,victorio_imagenet,Pneumonia,69,False,0.030238731000281405,200,Pneumonia,cuda,0,
gpu,victorio_imagenet,Pneumonia,70,False,0.012454642001102911,200,Pneumonia,cuda,0,
gpu,victorio_imagenet,Pneumonia,71,False,0.08792733299924294,200,Pneumonia,cuda,0,
gpu,victorio_imagenet,Pneumonia,72,False,0.012018045003060251,200,Pneumonia,cuda,0,
gpu,victorio_imagenet,Pneumonia,73,False,0.05123169800208416,200,Pneumonia,cuda,0,
gpu,victorio_imagenet,Pneumonia,74,False,0.04070590999981505,200,Pneumonia,cuda,0,
gpu,victorio_imagenet,Pneumonia,75,False,0.014198103999660816,200,Pneumonia,cuda,0,
gpu,victorio_imagenet,Pneumonia,76,False,0.0773531409977295,200,Pneumonia,cuda,0,
gpu,victorio_imagenet,Pneumonia,77,False,0.2007945320001454,200,Pneumonia,cuda,0,
gpu,victorio_imagenet,Pneumonia,78,False,0.2632222650026961,200,Pneumonia,cuda,0,
gpu,victorio_imagenet,Pneumonia,79,False,0.14091507000193815,200,Pneumonia,cuda,0,
gpu,victorio_imagenet,Pneumonia,80,False,0.06617655000081868,200,Pneumonia,cuda,0,
gpu,victorio_imagenet,Pneumonia,81,False,0.03435308700136375,200,Pneumonia,cuda,0,
gpu,victorio_imagenet,Pneumonia,82,False,0.012729317000776064,200,Pneumonia,cuda,0,
gpu,victorio_imagenet,Pneumonia,83,False,0.07697527900018031,200,Pneumonia,cuda,0,
gpu,victorio_imagenet,Pneumonia,84,False,0.015857711998251034,200,Pneumonia,cuda,0,
gpu,victorio_imagenet,Pneumonia,85,False,0.010276867000357015,200,Pneumonia,cuda,0,
gpu,victorio_imagenet,Pneumonia,86,False,0.08281238100244082,200,Pneumonia,cuda,0,
gpu,victorio_imagenet,Pneumonia,87,False,0.012922615998832043,200,Pneumonia,cuda,0,
gpu,victorio_imagenet,Pneumonia,88,False,0.052166664001561,200,Pneumonia,cuda,0,
gpu,victorio_imagenet,Pneumonia,89,False,0.0337768320023315,200,Pneumonia,cuda,0,
gpu,victorio_imagenet,Pneumonia,90,False,0.05711656600033166,200,Pneumonia,cuda,0,
gpu,victorio_imagenet,Pneumonia,91,False,0.041061126001295634,200,Pneumonia,cuda,0,
gpu,victorio_imagenet,Pneumonia,92,False,0.01294610400145757,200,Pneumonia,cuda,0,
gpu,victorio_imagenet,Pneumonia,93,False,0.24906643599751987,200,Pneumonia,cuda,0,
gpu,victorio_imagenet,Pneumonia,94,False,0.03788356500081136,200,Pneumonia,cuda,0,
gpu,victorio_imagenet,Pneumonia,95,False,0.2034743639997032,200,Pneumonia,cuda,0,
gpu,victorio_imagenet,Pneumonia,96,False,0.06501595600275323,200,Pneumonia,cuda,0,
gpu,victorio_imagenet,Pneumonia,97,False,0.03321883700118633,200,Pneumonia,cuda,0,
gpu,victorio_imagenet,Pneumonia,98,False,0.01115962999756448,200,Pneumonia,cuda,0,
gpu,victorio_imagenet,Pneumonia,99,False,0.24661637999815866,200,Pneumonia,cuda,0,
gpu,victorio_imagenet,Pneumonia,100,False,0.038606728998274775,200,Pneumonia,cuda,0,
gpu,victorio_imagenet,Pneumonia,101,False,0.2013888439978473,200,Pneumonia,cuda,0,
gpu,victorio_imagenet,Pneumonia,102,False,0.012246096001035767,200,Pneumonia,cuda,0,
gpu,victorio_imagenet,Pneumonia,103,False,0.08439720100068371,200,Pneumonia,cuda,0,
gpu,victorio_imagenet,Pneumonia,104,False,0.20616022299873293,200,Pneumonia,cuda,0,
gpu,victorio_imagenet,TB,0,True,0.06575893199988059,200,TB,cuda,0,
gpu,victorio_imagenet,TB,1,True,0.1931604179990245,200,TB,cuda,0,
gpu,victorio_imagenet,TB,2,True,0.04525094100245042,200,TB,cuda,0,
gpu,victorio_imagenet,TB,3,True,0.19472327000039513,200,TB,cuda,0,
gpu,victorio_imagenet,TB,4,True,0.06896788199810544,200,TB,cuda,0,
gpu,victorio_imagenet,TB,5,False,0.03692462499748217,200,TB,cuda,0,
gpu,victorio_imagenet,TB,6,False,0.0512105799971323,200,TB,cuda,0,
gpu,victorio_imagenet,TB,7,False,0.2025513750013488,200,TB,cuda,0,
gpu,victorio_imagenet,TB,8,False,0.04573861999961082,200,TB,cuda,0,
gpu,victorio_imagenet,TB,9,False,0.1916448970005149,200,TB,cuda,0,
gpu,victorio_imagenet,TB,10,False,0.0182903120003175,200,TB,cuda,0,
gpu,victorio_imagenet,TB,11,False,0.08952257800046937,200,TB,cuda,0,
gpu,victorio_imagenet,TB,12,False,0.1935512279997056,200,TB,cuda,0,
gpu,victorio_imagenet,TB,13,False,0.016885754997929325,200,TB,cuda,0,
gpu,victorio_imagenet,TB,14,False,0.08120079100262956,200,TB,cuda,0,
gpu,victorio_imagenet,TB,15,False,0.018615926997881616,200,TB,cuda,0,
gpu,victorio_imagenet,TB,16,False,0.05570217400236288,200,TB,cuda,0,
gpu,victorio_imagenet,TB,17,False,0.03738415300176712,200,TB,cuda,0,
gpu,victorio_imagenet,TB,18,False,0.0169001379981637,200,TB,cuda,0,
gpu,victorio_imagenet,TB,19,False,0.07799108199833427,200,TB,cuda,0,
gpu,victorio_imagenet,TB,20,False,0.05378786699657212,200,TB,cuda,0,
gpu,victorio_imagenet,TB,21,False,0.017350484002236044,200,TB,cuda,0,
gpu,victorio_imagenet,TB,22,False,0.11965473699819995,200,TB,cuda,0,
gpu,victorio_imagenet,TB,23,False,0.017522767000627937,200,TB,cuda,0,
gpu,victorio_imagenet,TB,24,False,0.05914316000053077,200,TB,cuda,0,
gpu,victorio_imagenet,TB,25,False,0.03609106500152848,200,TB,cuda,0,
gpu,victorio_imagenet,TB,26,False,0.18817259299976286,200,TB,cuda,0,
gpu,victorio_imagenet,TB,27,False,0.019053523003094597,200,TB,cuda,0,
gpu,victorio_imagenet,TB,28,False,0.0564233589975629,200,TB,cuda,0,
gpu,victorio_imagenet,TB,29,False,0.227842079999391,200,TB,cuda,0,
gpu,victorio_imagenet,TB,30,False,0.19974306500080274,200,TB,cuda,0,
gpu,victorio_imagenet,TB,31,False,0.0656293319989345,200,TB,cuda,0,
gpu,victorio_imagenet,TB,32,False,0.04523448599866242,200,TB,cuda,0,
gpu,victorio_imagenet,TB,33,False,0.018104787999618566,200,TB,cuda,0,
gpu,victorio_imagenet,TB,34,False,0.04045614699862199,200,TB,cuda,0,
gpu,victorio_imagenet,TB,35,False,0.1917920480009343,200,TB,cuda,0,
gpu,victorio_imagenet,TB,36,False,0.04802480199941783,200,TB,cuda,0,
gpu,victorio_imagenet,TB,37,False,0.056260835997818504,200,TB,cuda,0,
gpu,victorio_imagenet,TB,38,False,0.038162372999067884,200,TB,cuda,0,
gpu,victorio_imagenet,TB,39,False,0.018139245999918785,200,TB,cuda,0,
gpu,victorio_imagenet,TB,40,False,0.04789466799775255,200,TB,cuda,0,
gpu,victorio_imagenet,TB,41,False,0.040957122000691015,200,TB,cuda,0,
gpu,victorio_imagenet,TB,42,False,0.06204793000142672,200,TB,cuda,0,
gpu,victorio_imagenet,TB,43,False,0.03293099800066557,200,TB,cuda,0,
gpu,victorio_imagenet,TB,44,False,0.2518410779994156,200,TB,cuda,0,
gpu,victorio_imagenet,TB,45,False,0.036004246001539286,200,TB,cuda,0,
gpu,victorio_imagenet,TB,46,False,0.01781931900040945,200,TB,cuda,0,
gpu,victorio_imagenet,TB,47,False,0.05439497800034587,200,TB,cuda,0,
gpu,victorio_imagenet,TB,48,False,0.19383729900073376,200,TB,cuda,0,
gpu,victorio_imagenet,TB,49,False,0.0433741659981024,200,TB,cuda,0,
gpu,victorio_imagenet,TB,50,False,0.01759078300165129,200,TB,cuda,0,
gpu,victorio_imagenet,TB,51,False,0.08383004300048924,200,TB,cuda,0,
gpu,victorio_imagenet,TB,52,False,0.19934504900083994,200,TB,cuda,0,
gpu,victorio_imagenet,TB,53,False,0.25738003399965237,200,TB,cuda,0,
gpu,victorio_imagenet,TB,54,False,0.042296864001400536,200,TB,cuda,0,
gpu,victorio_imagenet,TB,55,False,0.06427104099930148,200,TB,cuda,0,
gpu,victorio_imagenet,TB,56,False,0.03765192900027614,200,TB,cuda,0,
gpu,victorio_imagenet,TB,57,False,0.19226673299999675,200,TB,cuda,0,
gpu,victorio_imagenet,TB,58,False,0.061948468999617035,200,TB,cuda,0,
gpu,victorio_imagenet,TB,59,False,0.0480608760008181,200,TB,cuda,0,
gpu,victorio_imagenet,TB,60,False,0.017812971000239486,200,TB,cuda,0,
gpu,victorio_imagenet,TB,61,False,0.06724777899944456,200,TB,cuda,0,
gpu,victorio_imagenet,TB,62,False,0.017472552997787716,200,TB,cuda,0,
gpu,victorio_imagenet,TB,63,False,0.24896013499892433,200,TB,cuda,0,
gpu,victorio_imagenet,TB,64,False,0.047934088997863,200,TB,cuda,0,
gpu,victorio_imagenet,TB,65,False,0.018272111999976914,200,TB,cuda,0,
gpu,victorio_imagenet,TB,66,False,0.0697499690031691,200,TB,cuda,0,
gpu,victorio_imagenet,TB,67,False,0.016902766001294367,200,TB,cuda,0,
gpu,victorio_imagenet,TB,68,False,0.24677209699802916,200,TB,cuda,0,
gpu,victorio_imagenet,TB,69,False,0.05115076800211682,200,TB,cuda,0,
gpu,victorio_imagenet,TB,70,False,0.019110878001811216,200,TB,cuda,0,
gpu,victorio_imagenet,TB,71,False,0.06506056499711121,200,TB,cuda,0,
gpu,victorio_imagenet,TB,72,False,0.018070727001031628,200,TB,cuda,0,
gpu,victorio_imagenet,TB,73,False,0.2468690970017633,200,TB,cuda,0,
gpu,victorio_imagenet,TB,74,False,0.051030787002673605,200,TB,cuda,0,
gpu,victorio_imagenet,TB,75,False,0.017200743001012597,200,TB,cuda,0,
gpu,victorio_imagenet,TB,76,False,0.07148443199912435,200,TB,cuda,0,
gpu,victorio_imagenet,TB,77,False,0.019607295998866903,200,TB,cuda,0,
gpu,victorio_imagenet,TB,78,False,0.051488249002431985,200,TB,cuda,0,
gpu,victorio_imagenet,TB,79,False,0.03598703800162184,200,TB,cuda,0,
gpu,victorio_imagenet,TB,80,False,0.15252014599900576,200,TB,cuda,0,
gpu,victorio_imagenet,TB,81,False,0.14468177199887577,200,TB,cuda,0,
gpu,victorio_imagenet,TB,82,False,0.06834605800031568,200,TB,cuda,0,
gpu,victorio_imagenet,TB,83,False,0.036257294999813894,200,TB,cuda,0,
gpu,victorio_imagenet,TB,84,False,0.06135368199829827,200,TB,cuda,0,
gpu,victorio_imagenet,TB,85,False,0.2242643040008261,200,TB,cuda,0,
gpu,victorio_imagenet,TB,86,False,0.017460735001805006,200,TB,cuda,0,
gpu,victorio_imagenet,TB,87,False,0.18863930299994536,200,TB,cuda,0,
gpu,victorio_imagenet,TB,88,False,0.0702886649996799,200,TB,cuda,0,
gpu,victorio_imagenet,TB,89,False,0.032975277998048114,200,TB,cuda,0,
gpu,victorio_imagenet,TB,90,False,0.018458016002114164,200,TB,cuda,0,
gpu,victorio_imagenet,TB,91,False,0.07386307200067677,200,TB,cuda,0,
gpu,victorio_imagenet,TB,92,False,0.01785832799942,200,TB,cuda,0,
gpu,victorio_imagenet,TB,93,False,0.24498457300069276,200,TB,cuda,0,
gpu,victorio_imagenet,TB,94,False,0.03601617499953136,200,TB,cuda,0,
gpu,victorio_imagenet,TB,95,False,0.017606765999516938,200,TB,cuda,0,
gpu,victorio_imagenet,TB,96,False,0.08075016500151833,200,TB,cuda,0,
gpu,victorio_imagenet,TB,97,False,0.01737331599724712,200,TB,cuda,0,
gpu,victorio_imagenet,TB,98,False,0.06063043000176549,200,TB,cuda,0,
gpu,victorio_imagenet,TB,99,False,0.19115702000271995,200,TB,cuda,0,
gpu,victorio_imagenet,TB,100,False,0.04480560699812486,200,TB,cuda,0,
gpu,victorio_imagenet,TB,101,False,0.06309391799732111,200,TB,cuda,0,
gpu,victorio_imagenet,TB,102,False,0.03134164299990516,200,TB,cuda,0,
gpu,victorio_imagenet,TB,103,False,0.017064692998246755,200,TB,cuda,0,
gpu,victorio_imagenet,TB,104,False,0.051161105002393015,200,TB,cuda,0,
