rel_path,source_true,original_group,merged_group
health/h3027.png,tbx11k,h3027,dupclust_0
health/h4797.png,tbx11k,h4797,dupclust_0
health/h4920.png,tbx11k,h4920,dupclust_0
health/h2115.png,tbx11k,h2115,dupclust_0
health/h4029.png,tbx11k,h4029,dupclust_0
health/h2846.png,tbx11k,h2846,dupclust_0
health/h1759.png,tbx11k,h1759,dupclust_0
health/h3482.png,tbx11k,h3482,dupclust_0
health/h0811.png,tbx11k,h0811,dupclust_0
health/h0659.png,tbx11k,h0659,dupclust_0
health/h4615.png,tbx11k,h4615,dupclust_10
extra/da+db/train/n41.png,da+db,n41,dupclust_0
health/h0039.png,tbx11k,h0039,dupclust_0
health/h1956.png,tbx11k,h1956,dupclust_0
health/h4304.png,tbx11k,h4304,dupclust_0
health/h3288.png,tbx11k,h3288,dupclust_0
health/h1384.png,tbx11k,h1384,dupclust_0
health/h2347.png,tbx11k,h2347,dupclust_0
health/h3980.png,tbx11k,h3980,dupclust_0
health/h3061.png,tbx11k,h3061,dupclust_0
health/h4876.png,tbx11k,h4876,dupclust_0
health/h1005.png,tbx11k,h1005,dupclust_0
health/h2763.png,tbx11k,h2763,dupclust_0
health/h4547.png,tbx11k,h4547,dupclust_0
health/h2877.png,tbx11k,h2877,dupclust_0
health/h3792.png,tbx11k,h3792,dupclust_25
health/h4276.png,tbx11k,h4276,dupclust_0
health/h4410.png,tbx11k,h4410,dupclust_0
extra/mc+shenzhen/val/CHNCXR_0031_0.png,mc+shenzhen,CHNCXR_0031_0,dupclust_28
health/h2599.png,tbx11k,h2599,dupclust_0
health/h1414.png,tbx11k,h1414,dupclust_30
health/h2791.png,tbx11k,h2791,dupclust_0
health/h0040.png,tbx11k,h0040,dupclust_0
health/h1410.png,tbx11k,h1410,dupclust_0
health/h4933.png,tbx11k,h4933,dupclust_0
health/h2892.png,tbx11k,h2892,dupclust_35
health/h3869.png,tbx11k,h3869,dupclust_0
health/h3912.png,tbx11k,h3912,dupclust_0
health/h1133.png,tbx11k,h1133,dupclust_0
health/h3498.png,tbx11k,h3498,dupclust_0
health/h4860.png,tbx11k,h4860,dupclust_0
health/h2097.png,tbx11k,h2097,dupclust_0
health/h2912.png,tbx11k,h2912,dupclust_0
health/h2671.png,tbx11k,h2671,dupclust_0
health/h3748.png,tbx11k,h3748,dupclust_0
health/h1590.png,tbx11k,h1590,dupclust_0
health/h3134.png,tbx11k,h3134,dupclust_0
extra/da+db/val/nx26.jpg,da+db,nx26,dupclust_47
health/h0094.png,tbx11k,h0094,dupclust_0
health/h1307.png,tbx11k,h1307,dupclust_0
health/h1618.png,tbx11k,h1618,dupclust_0
health/h3854.png,tbx11k,h3854,dupclust_0
health/h3101.png,tbx11k,h3101,dupclust_0
health/h0898.png,tbx11k,h0898,dupclust_0
health/h0186.png,tbx11k,h0186,dupclust_0
health/h0575.png,tbx11k,h0575,dupclust_0
health/h1193.png,tbx11k,h1193,dupclust_0
health/h0087.png,tbx11k,h0087,dupclust_0
health/h1154.png,tbx11k,h1154,dupclust_0
health/h3978.png,tbx11k,h3978,dupclust_0
health/h2684.png,tbx11k,h2684,dupclust_0
extra/mc+shenzhen/val/CHNCXR_0303_0.png,mc+shenzhen,CHNCXR_0303_0,dupclust_61
health/h2471.png,tbx11k,h2471,dupclust_0
extra/mc+shenzhen/val/CHNCXR_0162_0.png,mc+shenzhen,CHNCXR_0162_0,dupclust_0
extra/mc+shenzhen/val/CHNCXR_0280_0.png,mc+shenzhen,CHNCXR_0280_0,dupclust_0
extra/da+db/train/nx47.jpg,da+db,nx47,dupclust_0
health/h4498.png,tbx11k,h4498,dupclust_0
health/h0450.png,tbx11k,h0450,dupclust_0
health/h4084.png,tbx11k,h4084,dupclust_0
health/h1887.png,tbx11k,h1887,dupclust_0
health/h2736.png,tbx11k,h2736,dupclust_0
health/h1671.png,tbx11k,h1671,dupclust_0
health/h4039.png,tbx11k,h4039,dupclust_0
health/h0618.png,tbx11k,h0618,dupclust_0
health/h4009.png,tbx11k,h4009,dupclust_0
health/h3894.png,tbx11k,h3894,dupclust_0
health/h0947.png,tbx11k,h0947,dupclust_0
health/h3583.png,tbx11k,h3583,dupclust_0
health/h3084.png,tbx11k,h3084,dupclust_0
health/h0990.png,tbx11k,h0990,dupclust_0
health/h2931.png,tbx11k,h2931,dupclust_0
extra/mc+shenzhen/val/CHNCXR_0270_0.png,mc+shenzhen,CHNCXR_0270_0,dupclust_0
health/h0161.png,tbx11k,h0161,dupclust_0
health/h4676.png,tbx11k,h4676,dupclust_0
health/h1864.png,tbx11k,h1864,dupclust_0
health/h2617.png,tbx11k,h2617,dupclust_0
health/h4777.png,tbx11k,h4777,dupclust_0
health/h0156.png,tbx11k,h0156,dupclust_0
health/h0876.png,tbx11k,h0876,dupclust_0
health/h1774.png,tbx11k,h1774,dupclust_0
health/h4233.png,tbx11k,h4233,dupclust_0
health/h3603.png,tbx11k,h3603,dupclust_0
health/h3905.png,tbx11k,h3905,dupclust_0
health/h4152.png,tbx11k,h4152,dupclust_0
health/h3896.png,tbx11k,h3896,dupclust_0
health/h0218.png,tbx11k,h0218,dupclust_0
health/h2882.png,tbx11k,h2882,dupclust_0
health/h3048.png,tbx11k,h3048,dupclust_0
health/h4466.png,tbx11k,h4466,dupclust_0
extra/mc+shenzhen/val/MCUCXR_0030_0.png,mc+shenzhen,MCUCXR_0030_0,dupclust_0
health/h0667.png,tbx11k,h0667,dupclust_0
health/h2615.png,tbx11k,h2615,dupclust_0
health/h4491.png,tbx11k,h4491,dupclust_0
health/h0056.png,tbx11k,h0056,dupclust_103
health/h0688.png,tbx11k,h0688,dupclust_0
health/h0807.png,tbx11k,h0807,dupclust_0
health/h2219.png,tbx11k,h2219,dupclust_0
health/h4419.png,tbx11k,h4419,dupclust_0
extra/mc+shenzhen/val/CHNCXR_0107_0.png,mc+shenzhen,CHNCXR_0107_0,dupclust_0
health/h3696.png,tbx11k,h3696,dupclust_0
health/h4941.png,tbx11k,h4941,dupclust_0
health/h4930.png,tbx11k,h4930,dupclust_0
health/h2488.png,tbx11k,h2488,dupclust_0
health/h2560.png,tbx11k,h2560,dupclust_0
extra/mc+shenzhen/val/MCUCXR_0101_0.png,mc+shenzhen,MCUCXR_0101_0,dupclust_114
health/h3944.png,tbx11k,h3944,dupclust_0
health/h0060.png,tbx11k,h0060,dupclust_116
extra/mc+shenzhen/train/CHNCXR_0321_0.png,mc+shenzhen,CHNCXR_0321_0,dupclust_0
health/h4671.png,tbx11k,h4671,dupclust_0
health/h0888.png,tbx11k,h0888,dupclust_0
health/h0003.png,tbx11k,h0003,dupclust_0
health/h4255.png,tbx11k,h4255,dupclust_0
health/h2246.png,tbx11k,h2246,dupclust_0
health/h0262.png,tbx11k,h0262,dupclust_123
health/h1470.png,tbx11k,h1470,dupclust_0
health/h2981.png,tbx11k,h2981,dupclust_0
extra/da+db/train/nx1.jpg,da+db,nx1,dupclust_126
health/h1475.png,tbx11k,h1475,dupclust_0
health/h0687.png,tbx11k,h0687,dupclust_128
health/h3880.png,tbx11k,h3880,dupclust_0
health/h3920.png,tbx11k,h3920,dupclust_0
health/h1105.png,tbx11k,h1105,dupclust_0
extra/mc+shenzhen/val/CHNCXR_0269_0.png,mc+shenzhen,CHNCXR_0269_0,dupclust_0
health/h3683.png,tbx11k,h3683,dupclust_0
health/h4087.png,tbx11k,h4087,dupclust_0
health/h0217.png,tbx11k,h0217,dupclust_0
health/h1150.png,tbx11k,h1150,dupclust_0
health/h0610.png,tbx11k,h0610,dupclust_0
health/h1378.png,tbx11k,h1378,dupclust_0
health/h1159.png,tbx11k,h1159,dupclust_0
extra/mc+shenzhen/val/CHNCXR_0032_0.png,mc+shenzhen,CHNCXR_0032_0,dupclust_0
health/h3987.png,tbx11k,h3987,dupclust_0
health/h4119.png,tbx11k,h4119,dupclust_0
extra/mc+shenzhen/val/CHNCXR_0271_0.png,mc+shenzhen,CHNCXR_0271_0,dupclust_0
health/h4651.png,tbx11k,h4651,dupclust_0
health/h1660.png,tbx11k,h1660,dupclust_0
health/h3449.png,tbx11k,h3449,dupclust_0
health/h4794.png,tbx11k,h4794,dupclust_0
extra/da+db/train/n40.png,da+db,n40,dupclust_0
health/h2238.png,tbx11k,h2238,dupclust_0
extra/mc+shenzhen/train/CHNCXR_0052_0.png,mc+shenzhen,CHNCXR_0052_0,dupclust_0
health/h1816.png,tbx11k,h1816,dupclust_0
health/h0968.png,tbx11k,h0968,dupclust_0
health/h2999.png,tbx11k,h2999,dupclust_0
health/h2565.png,tbx11k,h2565,dupclust_0
health/h0675.png,tbx11k,h0675,dupclust_0
health/h4406.png,tbx11k,h4406,dupclust_0
health/h4586.png,tbx11k,h4586,dupclust_0
health/h0775.png,tbx11k,h0775,dupclust_0
health/h0643.png,tbx11k,h0643,dupclust_0
health/h1705.png,tbx11k,h1705,dupclust_0
health/h3879.png,tbx11k,h3879,dupclust_0
health/h0985.png,tbx11k,h0985,dupclust_0
health/h1676.png,tbx11k,h1676,dupclust_0
health/h4488.png,tbx11k,h4488,dupclust_0
health/h0576.png,tbx11k,h0576,dupclust_0
health/h1996.png,tbx11k,h1996,dupclust_0
health/h2435.png,tbx11k,h2435,dupclust_0
health/h2512.png,tbx11k,h2512,dupclust_168
health/h5000.png,tbx11k,h5000,dupclust_0
health/h2191.png,tbx11k,h2191,dupclust_0
health/h3374.png,tbx11k,h3374,dupclust_0
health/h1625.png,tbx11k,h1625,dupclust_172
health/h1769.png,tbx11k,h1769,dupclust_0
health/h4268.png,tbx11k,h4268,dupclust_0
health/h4062.png,tbx11k,h4062,dupclust_175
health/h3145.png,tbx11k,h3145,dupclust_176
health/h1220.png,tbx11k,h1220,dupclust_177
health/h4451.png,tbx11k,h4451,dupclust_0
health/h1888.png,tbx11k,h1888,dupclust_0
health/h1753.png,tbx11k,h1753,dupclust_0
health/h2894.png,tbx11k,h2894,dupclust_0
health/h4700.png,tbx11k,h4700,dupclust_0
health/h2334.png,tbx11k,h2334,dupclust_0
extra/da+db/val/nx31.jpg,da+db,nx31,dupclust_184
health/h2946.png,tbx11k,h2946,dupclust_0
health/h2786.png,tbx11k,h2786,dupclust_0
health/h3953.png,tbx11k,h3953,dupclust_0
health/h3454.png,tbx11k,h3454,dupclust_0
health/h1479.png,tbx11k,h1479,dupclust_0
health/h4801.png,tbx11k,h4801,dupclust_0
health/h2828.png,tbx11k,h2828,dupclust_0
health/h3878.png,tbx11k,h3878,dupclust_0
health/h3484.png,tbx11k,h3484,dupclust_0
health/h2024.png,tbx11k,h2024,dupclust_0
health/h1236.png,tbx11k,h1236,dupclust_0
health/h0813.png,tbx11k,h0813,dupclust_196
health/h3307.png,tbx11k,h3307,dupclust_0
health/h0084.png,tbx11k,h0084,dupclust_0
health/h0104.png,tbx11k,h0104,dupclust_0
health/h3457.png,tbx11k,h3457,dupclust_0
extra/mc+shenzhen/val/CHNCXR_0093_0.png,mc+shenzhen,CHNCXR_0093_0,dupclust_0
health/h3520.png,tbx11k,h3520,dupclust_0
health/h0512.png,tbx11k,h0512,dupclust_0
health/h0577.png,tbx11k,h0577,dupclust_0
health/h2328.png,tbx11k,h2328,dupclust_0
health/h3624.png,tbx11k,h3624,dupclust_0
health/h4351.png,tbx11k,h4351,dupclust_0
health/h3228.png,tbx11k,h3228,dupclust_0
health/h0061.png,tbx11k,h0061,dupclust_0
health/h3650.png,tbx11k,h3650,dupclust_0
health/h2158.png,tbx11k,h2158,dupclust_0
health/h3962.png,tbx11k,h3962,dupclust_0
health/h1529.png,tbx11k,h1529,dupclust_0
health/h0154.png,tbx11k,h0154,dupclust_0
health/h2223.png,tbx11k,h2223,dupclust_0
health/h4527.png,tbx11k,h4527,dupclust_0
health/h2926.png,tbx11k,h2926,dupclust_0
health/h2206.png,tbx11k,h2206,dupclust_218
health/h4607.png,tbx11k,h4607,dupclust_0
health/h3297.png,tbx11k,h3297,dupclust_0
health/h0867.png,tbx11k,h0867,dupclust_0
health/h1568.png,tbx11k,h1568,dupclust_222
health/h3354.png,tbx11k,h3354,dupclust_0
health/h1339.png,tbx11k,h1339,dupclust_0
health/h3058.png,tbx11k,h3058,dupclust_0
health/h1518.png,tbx11k,h1518,dupclust_0
health/h1026.png,tbx11k,h1026,dupclust_0
extra/mc+shenzhen/val/CHNCXR_0119_0.png,mc+shenzhen,CHNCXR_0119_0,dupclust_0
health/h4036.png,tbx11k,h4036,dupclust_0
health/h0038.png,tbx11k,h0038,dupclust_0
health/h0694.png,tbx11k,h0694,dupclust_0
health/h2638.png,tbx11k,h2638,dupclust_232
health/h3994.png,tbx11k,h3994,dupclust_0
extra/mc+shenzhen/val/CHNCXR_0193_0.png,mc+shenzhen,CHNCXR_0193_0,dupclust_0
health/h0588.png,tbx11k,h0588,dupclust_0
health/h4746.png,tbx11k,h4746,dupclust_0
health/h2818.png,tbx11k,h2818,dupclust_0
health/h4267.png,tbx11k,h4267,dupclust_0
health/h3884.png,tbx11k,h3884,dupclust_0
extra/mc+shenzhen/val/CHNCXR_0046_0.png,mc+shenzhen,CHNCXR_0046_0,dupclust_0
health/h2216.png,tbx11k,h2216,dupclust_0
extra/da+db/train/nx35.jpg,da+db,nx35,dupclust_242
health/h0726.png,tbx11k,h0726,dupclust_0
health/h1141.png,tbx11k,h1141,dupclust_0
health/h3609.png,tbx11k,h3609,dupclust_0
health/h1160.png,tbx11k,h1160,dupclust_0
health/h4366.png,tbx11k,h4366,dupclust_0
health/h0549.png,tbx11k,h0549,dupclust_0
health/h3868.png,tbx11k,h3868,dupclust_0
health/h3458.png,tbx11k,h3458,dupclust_0
health/h2573.png,tbx11k,h2573,dupclust_0
health/h2662.png,tbx11k,h2662,dupclust_0
health/h0227.png,tbx11k,h0227,dupclust_0
health/h4455.png,tbx11k,h4455,dupclust_0
health/h1420.png,tbx11k,h1420,dupclust_255
health/h3697.png,tbx11k,h3697,dupclust_0
health/h3182.png,tbx11k,h3182,dupclust_0
health/h1011.png,tbx11k,h1011,dupclust_0
health/h4173.png,tbx11k,h4173,dupclust_0
health/h1549.png,tbx11k,h1549,dupclust_0
health/h0043.png,tbx11k,h0043,dupclust_0
health/h0221.png,tbx11k,h0221,dupclust_0
health/h4383.png,tbx11k,h4383,dupclust_263
health/h1926.png,tbx11k,h1926,dupclust_0
health/h1089.png,tbx11k,h1089,dupclust_0
health/h3709.png,tbx11k,h3709,dupclust_266
health/h2029.png,tbx11k,h2029,dupclust_0
health/h4034.png,tbx11k,h4034,dupclust_0
health/h2651.png,tbx11k,h2651,dupclust_0
health/h4659.png,tbx11k,h4659,dupclust_270
health/h0931.png,tbx11k,h0931,dupclust_0
health/h4906.png,tbx11k,h4906,dupclust_0
health/h1494.png,tbx11k,h1494,dupclust_0
health/h2275.png,tbx11k,h2275,dupclust_0
health/h0350.png,tbx11k,h0350,dupclust_0
health/h3640.png,tbx11k,h3640,dupclust_0
health/h4646.png,tbx11k,h4646,dupclust_0
health/h4112.png,tbx11k,h4112,dupclust_0
health/h0241.png,tbx11k,h0241,dupclust_0
health/h2482.png,tbx11k,h2482,dupclust_0
health/h2928.png,tbx11k,h2928,dupclust_0
health/h4407.png,tbx11k,h4407,dupclust_0
health/h0975.png,tbx11k,h0975,dupclust_0
health/h1237.png,tbx11k,h1237,dupclust_0
extra/mc+shenzhen/train/CHNCXR_0254_0.png,mc+shenzhen,CHNCXR_0254_0,dupclust_0
health/h0289.png,tbx11k,h0289,dupclust_0
extra/da+db/val/nx3.jpg,da+db,nx3,dupclust_287
health/h1537.png,tbx11k,h1537,dupclust_0
health/h3448.png,tbx11k,h3448,dupclust_289
health/h3502.png,tbx11k,h3502,dupclust_0
health/h1831.png,tbx11k,h1831,dupclust_0
extra/da+db/train/n14.png,da+db,n14,dupclust_0
extra/da+db/train/n3.png,da+db,n3,dupclust_0
health/h4914.png,tbx11k,h4914,dupclust_0
health/h1879.png,tbx11k,h1879,dupclust_0
health/h3358.png,tbx11k,h3358,dupclust_0
health/h2317.png,tbx11k,h2317,dupclust_0
health/h3109.png,tbx11k,h3109,dupclust_0
health/h1787.png,tbx11k,h1787,dupclust_0
health/h2586.png,tbx11k,h2586,dupclust_0
health/h2346.png,tbx11k,h2346,dupclust_0
health/h3453.png,tbx11k,h3453,dupclust_302
health/h1635.png,tbx11k,h1635,dupclust_0
health/h1196.png,tbx11k,h1196,dupclust_0
extra/da+db/train/n37.png,da+db,n37,dupclust_0
health/h4810.png,tbx11k,h4810,dupclust_0
health/h2606.png,tbx11k,h2606,dupclust_0
health/h4839.png,tbx11k,h4839,dupclust_0
health/h4596.png,tbx11k,h4596,dupclust_0
health/h0006.png,tbx11k,h0006,dupclust_0
health/h2535.png,tbx11k,h2535,dupclust_0
health/h0432.png,tbx11k,h0432,dupclust_0
health/h2190.png,tbx11k,h2190,dupclust_0
health/h1408.png,tbx11k,h1408,dupclust_0
health/h3517.png,tbx11k,h3517,dupclust_0
health/h4575.png,tbx11k,h4575,dupclust_0
health/h1892.png,tbx11k,h1892,dupclust_0
health/h0766.png,tbx11k,h0766,dupclust_0
health/h2630.png,tbx11k,h2630,dupclust_0
health/h4733.png,tbx11k,h4733,dupclust_0
health/h1794.png,tbx11k,h1794,dupclust_0
health/h0012.png,tbx11k,h0012,dupclust_0
health/h3173.png,tbx11k,h3173,dupclust_0
health/h3919.png,tbx11k,h3919,dupclust_0
extra/mc+shenzhen/train/CHNCXR_0064_0.png,mc+shenzhen,CHNCXR_0064_0,dupclust_25
health/h0219.png,tbx11k,h0219,dupclust_0
health/h1229.png,tbx11k,h1229,dupclust_0
health/h3365.png,tbx11k,h3365,dupclust_0
health/h3268.png,tbx11k,h3268,dupclust_0
health/h0834.png,tbx11k,h0834,dupclust_0
health/h3483.png,tbx11k,h3483,dupclust_0
health/h0805.png,tbx11k,h0805,dupclust_0
health/h4856.png,tbx11k,h4856,dupclust_0
health/h2600.png,tbx11k,h2600,dupclust_0
health/h0312.png,tbx11k,h0312,dupclust_0
health/h0911.png,tbx11k,h0911,dupclust_0
health/h0140.png,tbx11k,h0140,dupclust_0
health/h2538.png,tbx11k,h2538,dupclust_0
health/h0269.png,tbx11k,h0269,dupclust_0
health/h3605.png,tbx11k,h3605,dupclust_0
extra/mc+shenzhen/train/CHNCXR_0315_0.png,mc+shenzhen,CHNCXR_0315_0,dupclust_0
health/h3342.png,tbx11k,h3342,dupclust_0
health/h0935.png,tbx11k,h0935,dupclust_0
health/h1870.png,tbx11k,h1870,dupclust_0
health/h1389.png,tbx11k,h1389,dupclust_345
health/h1117.png,tbx11k,h1117,dupclust_0
health/h4967.png,tbx11k,h4967,dupclust_0
health/h0753.png,tbx11k,h0753,dupclust_0
health/h3866.png,tbx11k,h3866,dupclust_0
health/h4806.png,tbx11k,h4806,dupclust_0
health/h2675.png,tbx11k,h2675,dupclust_0
health/h3504.png,tbx11k,h3504,dupclust_0
health/h0578.png,tbx11k,h0578,dupclust_0
health/h0557.png,tbx11k,h0557,dupclust_0
health/h1920.png,tbx11k,h1920,dupclust_0
health/h1145.png,tbx11k,h1145,dupclust_356
health/h1863.png,tbx11k,h1863,dupclust_0
health/h1694.png,tbx11k,h1694,dupclust_0
health/h2747.png,tbx11k,h2747,dupclust_0
health/h1450.png,tbx11k,h1450,dupclust_0
health/h4968.png,tbx11k,h4968,dupclust_361
health/h1459.png,tbx11k,h1459,dupclust_0
health/h0847.png,tbx11k,h0847,dupclust_0
health/h0301.png,tbx11k,h0301,dupclust_0
health/h4201.png,tbx11k,h4201,dupclust_0
health/h1285.png,tbx11k,h1285,dupclust_0
extra/mc+shenzhen/val/CHNCXR_0250_0.png,mc+shenzhen,CHNCXR_0250_0,dupclust_0
health/h0133.png,tbx11k,h0133,dupclust_0
health/h3850.png,tbx11k,h3850,dupclust_0
health/h1747.png,tbx11k,h1747,dupclust_0
health/h4259.png,tbx11k,h4259,dupclust_0
health/h3922.png,tbx11k,h3922,dupclust_0
health/h3554.png,tbx11k,h3554,dupclust_0
health/h1810.png,tbx11k,h1810,dupclust_0
health/h1881.png,tbx11k,h1881,dupclust_0
health/h4608.png,tbx11k,h4608,dupclust_0
health/h4453.png,tbx11k,h4453,dupclust_0
health/h0265.png,tbx11k,h0265,dupclust_0
extra/da+db/train/n29.png,da+db,n29,dupclust_0
health/h1937.png,tbx11k,h1937,dupclust_0
health/h3445.png,tbx11k,h3445,dupclust_0
health/h2432.png,tbx11k,h2432,dupclust_0
health/h3823.png,tbx11k,h3823,dupclust_0
health/h2366.png,tbx11k,h2366,dupclust_0
health/h0715.png,tbx11k,h0715,dupclust_0
health/h1889.png,tbx11k,h1889,dupclust_0
health/h2357.png,tbx11k,h2357,dupclust_0
health/h3467.png,tbx11k,h3467,dupclust_0
health/h4228.png,tbx11k,h4228,dupclust_0
extra/mc+shenzhen/train/MCUCXR_0004_0.png,mc+shenzhen,MCUCXR_0004_0,dupclust_390
health/h0758.png,tbx11k,h0758,dupclust_0
health/h1729.png,tbx11k,h1729,dupclust_0
health/h3720.png,tbx11k,h3720,dupclust_0
health/h0490.png,tbx11k,h0490,dupclust_0
health/h2871.png,tbx11k,h2871,dupclust_0
health/h4013.png,tbx11k,h4013,dupclust_396
health/h0349.png,tbx11k,h0349,dupclust_0
health/h1516.png,tbx11k,h1516,dupclust_0
health/h3114.png,tbx11k,h3114,dupclust_0
health/h3327.png,tbx11k,h3327,dupclust_0
health/h4610.png,tbx11k,h4610,dupclust_0
health/h1404.png,tbx11k,h1404,dupclust_0
health/h2011.png,tbx11k,h2011,dupclust_0
health/h2611.png,tbx11k,h2611,dupclust_0
health/h4707.png,tbx11k,h4707,dupclust_0
health/h2091.png,tbx11k,h2091,dupclust_0
health/h1962.png,tbx11k,h1962,dupclust_0
extra/mc+shenzhen/train/CHNCXR_0019_0.png,mc+shenzhen,CHNCXR_0019_0,dupclust_0
extra/mc+shenzhen/val/CHNCXR_0262_0.png,mc+shenzhen,CHNCXR_0262_0,dupclust_0
health/h1505.png,tbx11k,h1505,dupclust_0
health/h0310.png,tbx11k,h0310,dupclust_0
extra/mc+shenzhen/train/CHNCXR_0004_0.png,mc+shenzhen,CHNCXR_0004_0,dupclust_412
health/h2229.png,tbx11k,h2229,dupclust_0
health/h4449.png,tbx11k,h4449,dupclust_0
health/h2814.png,tbx11k,h2814,dupclust_0
health/h1555.png,tbx11k,h1555,dupclust_0
health/h1502.png,tbx11k,h1502,dupclust_0
health/h3093.png,tbx11k,h3093,dupclust_0
health/h4091.png,tbx11k,h4091,dupclust_0
health/h0160.png,tbx11k,h0160,dupclust_0
health/h4254.png,tbx11k,h4254,dupclust_0
health/h1204.png,tbx11k,h1204,dupclust_0
health/h3110.png,tbx11k,h3110,dupclust_0
health/h1967.png,tbx11k,h1967,dupclust_0
health/h4127.png,tbx11k,h4127,dupclust_425
health/h4281.png,tbx11k,h4281,dupclust_0
health/h3794.png,tbx11k,h3794,dupclust_0
health/h1578.png,tbx11k,h1578,dupclust_0
health/h3778.png,tbx11k,h3778,dupclust_0
health/h1778.png,tbx11k,h1778,dupclust_0
health/h2214.png,tbx11k,h2214,dupclust_0
health/h1992.png,tbx11k,h1992,dupclust_0
health/h1644.png,tbx11k,h1644,dupclust_0
health/h2362.png,tbx11k,h2362,dupclust_0
health/h2426.png,tbx11k,h2426,dupclust_0
health/h2126.png,tbx11k,h2126,dupclust_0
health/h4652.png,tbx11k,h4652,dupclust_0
health/h0453.png,tbx11k,h0453,dupclust_0
health/h1856.png,tbx11k,h1856,dupclust_439
health/h3156.png,tbx11k,h3156,dupclust_0
health/h2940.png,tbx11k,h2940,dupclust_0
health/h0819.png,tbx11k,h0819,dupclust_0
health/h2663.png,tbx11k,h2663,dupclust_0
health/h4538.png,tbx11k,h4538,dupclust_0
health/h2561.png,tbx11k,h2561,dupclust_0
health/h0492.png,tbx11k,h0492,dupclust_0
health/h3059.png,tbx11k,h3059,dupclust_0
health/h0234.png,tbx11k,h0234,dupclust_0
health/h3146.png,tbx11k,h3146,dupclust_0
health/h2444.png,tbx11k,h2444,dupclust_0
health/h1466.png,tbx11k,h1466,dupclust_0
health/h3251.png,tbx11k,h3251,dupclust_0
health/h3530.png,tbx11k,h3530,dupclust_453
health/h4953.png,tbx11k,h4953,dupclust_0
health/h3774.png,tbx11k,h3774,dupclust_455
health/h3562.png,tbx11k,h3562,dupclust_0
health/h1767.png,tbx11k,h1767,dupclust_0
health/h2619.png,tbx11k,h2619,dupclust_0
health/h2767.png,tbx11k,h2767,dupclust_0
health/h0528.png,tbx11k,h0528,dupclust_0
health/h1309.png,tbx11k,h1309,dupclust_461
health/h2469.png,tbx11k,h2469,dupclust_0
health/h1356.png,tbx11k,h1356,dupclust_0
health/h1033.png,tbx11k,h1033,dupclust_464
extra/mc+shenzhen/val/CHNCXR_0007_0.png,mc+shenzhen,CHNCXR_0007_0,dupclust_0
health/h3925.png,tbx11k,h3925,dupclust_0
health/h0022.png,tbx11k,h0022,dupclust_0
health/h4378.png,tbx11k,h4378,dupclust_0
health/h3560.png,tbx11k,h3560,dupclust_0
extra/mc+shenzhen/train/MCUCXR_0038_0.png,mc+shenzhen,MCUCXR_0038_0,dupclust_470
health/h3235.png,tbx11k,h3235,dupclust_0
health/h3666.png,tbx11k,h3666,dupclust_0
health/h2831.png,tbx11k,h2831,dupclust_0
health/h3346.png,tbx11k,h3346,dupclust_0
health/h1678.png,tbx11k,h1678,dupclust_0
health/h1438.png,tbx11k,h1438,dupclust_0
health/h0860.png,tbx11k,h0860,dupclust_0
health/h4691.png,tbx11k,h4691,dupclust_0
health/h0939.png,tbx11k,h0939,dupclust_0
health/h3772.png,tbx11k,h3772,dupclust_0
health/h1333.png,tbx11k,h1333,dupclust_0
health/h3518.png,tbx11k,h3518,dupclust_482
health/h4765.png,tbx11k,h4765,dupclust_0
health/h4145.png,tbx11k,h4145,dupclust_0
health/h2920.png,tbx11k,h2920,dupclust_0
extra/mc+shenzhen/val/MCUCXR_0022_0.png,mc+shenzhen,MCUCXR_0022_0,dupclust_486
health/h1263.png,tbx11k,h1263,dupclust_0
health/h4074.png,tbx11k,h4074,dupclust_0
health/h1907.png,tbx11k,h1907,dupclust_0
health/h1365.png,tbx11k,h1365,dupclust_0
health/h2255.png,tbx11k,h2255,dupclust_0
health/h3399.png,tbx11k,h3399,dupclust_0
health/h4788.png,tbx11k,h4788,dupclust_0
health/h2783.png,tbx11k,h2783,dupclust_0
health/h3096.png,tbx11k,h3096,dupclust_0
health/h0288.png,tbx11k,h0288,dupclust_0
health/h0669.png,tbx11k,h0669,dupclust_0
health/h2458.png,tbx11k,h2458,dupclust_0
health/h0194.png,tbx11k,h0194,dupclust_0
health/h1249.png,tbx11k,h1249,dupclust_0
health/h4626.png,tbx11k,h4626,dupclust_0
health/h0005.png,tbx11k,h0005,dupclust_0
health/h4667.png,tbx11k,h4667,dupclust_0
health/h2442.png,tbx11k,h2442,dupclust_0
health/h4886.png,tbx11k,h4886,dupclust_0
health/h3095.png,tbx11k,h3095,dupclust_0
health/h2862.png,tbx11k,h2862,dupclust_0
health/h2179.png,tbx11k,h2179,dupclust_0
health/h3870.png,tbx11k,h3870,dupclust_0
health/h4570.png,tbx11k,h4570,dupclust_0
health/h0841.png,tbx11k,h0841,dupclust_0
health/h3206.png,tbx11k,h3206,dupclust_0
health/h3807.png,tbx11k,h3807,dupclust_0
health/h4625.png,tbx11k,h4625,dupclust_0
health/h2198.png,tbx11k,h2198,dupclust_0
health/h1496.png,tbx11k,h1496,dupclust_0
health/h2935.png,tbx11k,h2935,dupclust_0
extra/mc+shenzhen/train/CHNCXR_0060_0.png,mc+shenzhen,CHNCXR_0060_0,dupclust_0
health/h4935.png,tbx11k,h4935,dupclust_0
health/h3669.png,tbx11k,h3669,dupclust_0
health/h0969.png,tbx11k,h0969,dupclust_0
extra/mc+shenzhen/val/CHNCXR_0263_0.png,mc+shenzhen,CHNCXR_0263_0,dupclust_0
health/h1754.png,tbx11k,h1754,dupclust_0
health/h3443.png,tbx11k,h3443,dupclust_0
health/h1129.png,tbx11k,h1129,dupclust_0
health/h0363.png,tbx11k,h0363,dupclust_0
extra/da+db/train/nx24.jpg,da+db,nx24,dupclust_0
health/h3392.png,tbx11k,h3392,dupclust_0
health/h4601.png,tbx11k,h4601,dupclust_529
health/h2668.png,tbx11k,h2668,dupclust_0
extra/mc+shenzhen/train/CHNCXR_0323_0.png,mc+shenzhen,CHNCXR_0323_0,dupclust_0
health/h2417.png,tbx11k,h2417,dupclust_0
health/h3543.png,tbx11k,h3543,dupclust_0
health/h2683.png,tbx11k,h2683,dupclust_0
health/h4479.png,tbx11k,h4479,dupclust_0
health/h3330.png,tbx11k,h3330,dupclust_0
health/h2174.png,tbx11k,h2174,dupclust_0
health/h2128.png,tbx11k,h2128,dupclust_538
health/h2320.png,tbx11k,h2320,dupclust_0
health/h0716.png,tbx11k,h0716,dupclust_0
health/h0998.png,tbx11k,h0998,dupclust_0
health/h0358.png,tbx11k,h0358,dupclust_542
health/h3600.png,tbx11k,h3600,dupclust_0
health/h0277.png,tbx11k,h0277,dupclust_0
health/h4484.png,tbx11k,h4484,dupclust_0
health/h0270.png,tbx11k,h0270,dupclust_0
health/h0385.png,tbx11k,h0385,dupclust_0
health/h2153.png,tbx11k,h2153,dupclust_0
health/h3941.png,tbx11k,h3941,dupclust_0
health/h4336.png,tbx11k,h4336,dupclust_0
health/h3372.png,tbx11k,h3372,dupclust_0
health/h1350.png,tbx11k,h1350,dupclust_0
health/h2393.png,tbx11k,h2393,dupclust_0
health/h3393.png,tbx11k,h3393,dupclust_0
health/h4728.png,tbx11k,h4728,dupclust_0
health/h1355.png,tbx11k,h1355,dupclust_0
health/h0326.png,tbx11k,h0326,dupclust_0
health/h4229.png,tbx11k,h4229,dupclust_0
health/h2349.png,tbx11k,h2349,dupclust_0
health/h4487.png,tbx11k,h4487,dupclust_0
extra/da+db/val/n23.png,da+db,n23,dupclust_561
health/h1254.png,tbx11k,h1254,dupclust_0
health/h0504.png,tbx11k,h0504,dupclust_0
health/h3191.png,tbx11k,h3191,dupclust_0
health/h4022.png,tbx11k,h4022,dupclust_0
health/h3029.png,tbx11k,h3029,dupclust_0
health/h4361.png,tbx11k,h4361,dupclust_0
health/h3578.png,tbx11k,h3578,dupclust_0
health/h0780.png,tbx11k,h0780,dupclust_569
health/h0828.png,tbx11k,h0828,dupclust_570
health/h1626.png,tbx11k,h1626,dupclust_0
health/h0143.png,tbx11k,h0143,dupclust_0
health/h1624.png,tbx11k,h1624,dupclust_0
health/h4719.png,tbx11k,h4719,dupclust_0
health/h4309.png,tbx11k,h4309,dupclust_0
health/h4519.png,tbx11k,h4519,dupclust_0
health/h3755.png,tbx11k,h3755,dupclust_0
health/h2545.png,tbx11k,h2545,dupclust_0
health/h4458.png,tbx11k,h4458,dupclust_0
extra/da+db/val/nx30.jpg,da+db,nx30,dupclust_580
health/h1723.png,tbx11k,h1723,dupclust_0
extra/da+db/val/nx2.jpg,da+db,nx2,dupclust_0
health/h3915.png,tbx11k,h3915,dupclust_0
health/h3286.png,tbx11k,h3286,dupclust_0
health/h4124.png,tbx11k,h4124,dupclust_0
health/h4613.png,tbx11k,h4613,dupclust_586
health/h4511.png,tbx11k,h4511,dupclust_0
health/h4723.png,tbx11k,h4723,dupclust_0
health/h3387.png,tbx11k,h3387,dupclust_0
health/h0873.png,tbx11k,h0873,dupclust_0
health/h1969.png,tbx11k,h1969,dupclust_0
health/h3950.png,tbx11k,h3950,dupclust_592
health/h4206.png,tbx11k,h4206,dupclust_593
health/h3143.png,tbx11k,h3143,dupclust_0
health/h1135.png,tbx11k,h1135,dupclust_0
health/h3166.png,tbx11k,h3166,dupclust_0
health/h3639.png,tbx11k,h3639,dupclust_0
health/h2602.png,tbx11k,h2602,dupclust_0
health/h0951.png,tbx11k,h0951,dupclust_0
extra/mc+shenzhen/val/CHNCXR_0181_0.png,mc+shenzhen,CHNCXR_0181_0,dupclust_600
health/h2356.png,tbx11k,h2356,dupclust_601
health/h2678.png,tbx11k,h2678,dupclust_0
health/h3997.png,tbx11k,h3997,dupclust_0
extra/mc+shenzhen/train/CHNCXR_0191_0.png,mc+shenzhen,CHNCXR_0191_0,dupclust_0
health/h2075.png,tbx11k,h2075,dupclust_0
health/h0281.png,tbx11k,h0281,dupclust_0
health/h0460.png,tbx11k,h0460,dupclust_0
health/h4950.png,tbx11k,h4950,dupclust_0
health/h2449.png,tbx11k,h2449,dupclust_0
health/h3167.png,tbx11k,h3167,dupclust_0
health/h3876.png,tbx11k,h3876,dupclust_0
health/h1488.png,tbx11k,h1488,dupclust_0
health/h0354.png,tbx11k,h0354,dupclust_0
health/h1023.png,tbx11k,h1023,dupclust_0
health/h2780.png,tbx11k,h2780,dupclust_0
health/h1681.png,tbx11k,h1681,dupclust_0
health/h0158.png,tbx11k,h0158,dupclust_0
health/h3420.png,tbx11k,h3420,dupclust_0
health/h3451.png,tbx11k,h3451,dupclust_0
health/h1718.png,tbx11k,h1718,dupclust_620
health/h2701.png,tbx11k,h2701,dupclust_0
health/h4740.png,tbx11k,h4740,dupclust_0
health/h3202.png,tbx11k,h3202,dupclust_0
health/h2526.png,tbx11k,h2526,dupclust_0
extra/mc+shenzhen/train/CHNCXR_0225_0.png,mc+shenzhen,CHNCXR_0225_0,dupclust_0
health/h1851.png,tbx11k,h1851,dupclust_0
health/h4231.png,tbx11k,h4231,dupclust_0
health/h3967.png,tbx11k,h3967,dupclust_0
extra/mc+shenzhen/val/CHNCXR_0200_0.png,mc+shenzhen,CHNCXR_0200_0,dupclust_0
extra/mc+shenzhen/train/CHNCXR_0224_0.png,mc+shenzhen,CHNCXR_0224_0,dupclust_0
health/h1022.png,tbx11k,h1022,dupclust_0
health/h1038.png,tbx11k,h1038,dupclust_0
health/h3111.png,tbx11k,h3111,dupclust_0
health/h2563.png,tbx11k,h2563,dupclust_0
health/h2332.png,tbx11k,h2332,dupclust_0
health/h2995.png,tbx11k,h2995,dupclust_0
health/h3858.png,tbx11k,h3858,dupclust_0
health/h0276.png,tbx11k,h0276,dupclust_0
health/h0739.png,tbx11k,h0739,dupclust_0
health/h0551.png,tbx11k,h0551,dupclust_0
health/h4786.png,tbx11k,h4786,dupclust_0
health/h0521.png,tbx11k,h0521,dupclust_0
health/h1891.png,tbx11k,h1891,dupclust_0
health/h3462.png,tbx11k,h3462,dupclust_0
health/h3433.png,tbx11k,h3433,dupclust_0
extra/mc+shenzhen/train/MCUCXR_0028_0.png,mc+shenzhen,MCUCXR_0028_0,dupclust_646
health/h4934.png,tbx11k,h4934,dupclust_647
health/h1744.png,tbx11k,h1744,dupclust_0
health/h1433.png,tbx11k,h1433,dupclust_0
health/h3176.png,tbx11k,h3176,dupclust_0
health/h0097.png,tbx11k,h0097,dupclust_0
health/h2226.png,tbx11k,h2226,dupclust_0
health/h4619.png,tbx11k,h4619,dupclust_0
health/h1553.png,tbx11k,h1553,dupclust_0
health/h1809.png,tbx11k,h1809,dupclust_0
health/h0916.png,tbx11k,h0916,dupclust_0
health/h2965.png,tbx11k,h2965,dupclust_0
health/h3418.png,tbx11k,h3418,dupclust_0
health/h0180.png,tbx11k,h0180,dupclust_0
health/h4299.png,tbx11k,h4299,dupclust_0
health/h4526.png,tbx11k,h4526,dupclust_0
health/h1007.png,tbx11k,h1007,dupclust_0
health/h4251.png,tbx11k,h4251,dupclust_0
health/h4185.png,tbx11k,h4185,dupclust_0
health/h0759.png,tbx11k,h0759,dupclust_0
health/h3686.png,tbx11k,h3686,dupclust_0
health/h0871.png,tbx11k,h0871,dupclust_0
health/h3989.png,tbx11k,h3989,dupclust_0
health/h4571.png,tbx11k,h4571,dupclust_0
health/h2105.png,tbx11k,h2105,dupclust_0
health/h4043.png,tbx11k,h4043,dupclust_0
health/h1517.png,tbx11k,h1517,dupclust_0
health/h4002.png,tbx11k,h4002,dupclust_0
health/h4097.png,tbx11k,h4097,dupclust_0
extra/da+db/val/n18.png,da+db,n18,dupclust_675
extra/mc+shenzhen/val/CHNCXR_0265_0.png,mc+shenzhen,CHNCXR_0265_0,dupclust_676
health/h4099.png,tbx11k,h4099,dupclust_0
health/h3757.png,tbx11k,h3757,dupclust_0
health/h4766.png,tbx11k,h4766,dupclust_0
health/h3295.png,tbx11k,h3295,dupclust_0
extra/da+db/train/nx33.jpg,da+db,nx33,dupclust_681
health/h2431.png,tbx11k,h2431,dupclust_0
health/h2377.png,tbx11k,h2377,dupclust_0
health/h4755.png,tbx11k,h4755,dupclust_0
health/h4535.png,tbx11k,h4535,dupclust_0
health/h4056.png,tbx11k,h4056,dupclust_0
health/h2694.png,tbx11k,h2694,dupclust_0
health/h1521.png,tbx11k,h1521,dupclust_0
health/h1087.png,tbx11k,h1087,dupclust_0
health/h4584.png,tbx11k,h4584,dupclust_0
health/h0641.png,tbx11k,h0641,dupclust_0
health/h2833.png,tbx11k,h2833,dupclust_0
health/h3476.png,tbx11k,h3476,dupclust_0
health/h0817.png,tbx11k,h0817,dupclust_0
extra/mc+shenzhen/val/CHNCXR_0164_0.png,mc+shenzhen,CHNCXR_0164_0,dupclust_695
health/h3270.png,tbx11k,h3270,dupclust_0
health/h2385.png,tbx11k,h2385,dupclust_0
health/h2113.png,tbx11k,h2113,dupclust_0
health/h4216.png,tbx11k,h4216,dupclust_0
health/h4095.png,tbx11k,h4095,dupclust_0
health/h3673.png,tbx11k,h3673,dupclust_0
extra/da+db/val/n15.png,da+db,n15,dupclust_702
health/h3586.png,tbx11k,h3586,dupclust_0
health/h4976.png,tbx11k,h4976,dupclust_704
health/h0102.png,tbx11k,h0102,dupclust_0
health/h4349.png,tbx11k,h4349,dupclust_0
health/h4219.png,tbx11k,h4219,dupclust_0
health/h1829.png,tbx11k,h1829,dupclust_0
health/h1226.png,tbx11k,h1226,dupclust_0
health/h2251.png,tbx11k,h2251,dupclust_0
health/h1629.png,tbx11k,h1629,dupclust_711
health/h0473.png,tbx11k,h0473,dupclust_0
extra/mc+shenzhen/val/CHNCXR_0188_0.png,mc+shenzhen,CHNCXR_0188_0,dupclust_0
health/h4736.png,tbx11k,h4736,dupclust_0
health/h1202.png,tbx11k,h1202,dupclust_0
health/h4865.png,tbx11k,h4865,dupclust_0
health/h1790.png,tbx11k,h1790,dupclust_0
health/h0605.png,tbx11k,h0605,dupclust_718
health/h1731.png,tbx11k,h1731,dupclust_0
health/h2291.png,tbx11k,h2291,dupclust_0
health/h4375.png,tbx11k,h4375,dupclust_721
health/h3310.png,tbx11k,h3310,dupclust_722
health/h0544.png,tbx11k,h0544,dupclust_0
health/h2766.png,tbx11k,h2766,dupclust_0
health/h0477.png,tbx11k,h0477,dupclust_0
health/h4857.png,tbx11k,h4857,dupclust_0
health/h2643.png,tbx11k,h2643,dupclust_0
extra/mc+shenzhen/train/CHNCXR_0197_0.png,mc+shenzhen,CHNCXR_0197_0,dupclust_728
health/h3429.png,tbx11k,h3429,dupclust_0
health/h1542.png,tbx11k,h1542,dupclust_0
health/h1597.png,tbx11k,h1597,dupclust_0
extra/mc+shenzhen/train/CHNCXR_0291_0.png,mc+shenzhen,CHNCXR_0291_0,dupclust_0
health/h4490.png,tbx11k,h4490,dupclust_0
health/h0212.png,tbx11k,h0212,dupclust_0
health/h0319.png,tbx11k,h0319,dupclust_0
health/h4939.png,tbx11k,h4939,dupclust_0
health/h3066.png,tbx11k,h3066,dupclust_0
health/h4198.png,tbx11k,h4198,dupclust_0
health/h2494.png,tbx11k,h2494,dupclust_0
health/h3620.png,tbx11k,h3620,dupclust_0
health/h2943.png,tbx11k,h2943,dupclust_0
health/h0912.png,tbx11k,h0912,dupclust_0
health/h4680.png,tbx11k,h4680,dupclust_0
health/h3035.png,tbx11k,h3035,dupclust_0
health/h2401.png,tbx11k,h2401,dupclust_0
health/h3969.png,tbx11k,h3969,dupclust_0
health/h3958.png,tbx11k,h3958,dupclust_0
health/h2732.png,tbx11k,h2732,dupclust_0
health/h1418.png,tbx11k,h1418,dupclust_749
health/h2278.png,tbx11k,h2278,dupclust_0
train/patient35055/study11/view1_frontal.jpg,chexpert,patient35055,dupclust_751
train/patient35055/study3/view1_frontal.jpg,chexpert,patient35055,dupclust_752
train/patient60720/study1/view1_frontal.jpg,chexpert,patient60720,dupclust_753
train/patient18101/study6/view1_frontal.jpg,chexpert,patient18101,dupclust_0
train/patient20889/study1/view1_frontal.jpg,chexpert,patient20889,dupclust_0
train/patient27700/study1/view1_frontal.jpg,chexpert,patient27700,dupclust_0
train/patient37299/study1/view1_frontal.jpg,chexpert,patient37299,dupclust_757
train/patient04871/study2/view1_frontal.jpg,chexpert,patient04871,dupclust_758
train/patient12345/study1/view1_frontal.jpg,chexpert,patient12345,dupclust_0
train/patient15927/study1/view1_frontal.jpg,chexpert,patient15927,dupclust_0
train/patient10907/study4/view1_frontal.jpg,chexpert,patient10907,dupclust_761
train/patient10907/study18/view1_frontal.jpg,chexpert,patient10907,dupclust_762
train/patient23044/study4/view1_frontal.jpg,chexpert,patient23044,dupclust_763
train/patient05697/study1/view1_frontal.jpg,chexpert,patient05697,dupclust_0
train/patient09042/study1/view1_frontal.jpg,chexpert,patient09042,dupclust_765
train/patient09042/study2/view1_frontal.jpg,chexpert,patient09042,dupclust_0
train/patient40804/study3/view1_frontal.jpg,chexpert,patient40804,dupclust_767
train/patient21628/study1/view1_frontal.jpg,chexpert,patient21628,dupclust_768
train/patient42906/study1/view1_frontal.jpg,chexpert,patient42906,dupclust_0
train/patient07204/study1/view1_frontal.jpg,chexpert,patient07204,dupclust_0
train/patient22287/study1/view1_frontal.jpg,chexpert,patient22287,dupclust_0
train/patient36769/study10/view1_frontal.jpg,chexpert,patient36769,dupclust_772
train/patient34210/study6/view1_frontal.jpg,chexpert,patient34210,dupclust_0
train/patient37821/study3/view1_frontal.jpg,chexpert,patient37821,dupclust_0
train/patient34157/study4/view1_frontal.jpg,chexpert,patient34157,dupclust_775
train/patient33251/study6/view1_frontal.jpg,chexpert,patient33251,dupclust_0
train/patient19462/study5/view1_frontal.jpg,chexpert,patient19462,dupclust_0
train/patient41219/study5/view1_frontal.jpg,chexpert,patient41219,dupclust_778
train/patient32178/study2/view1_frontal.jpg,chexpert,patient32178,dupclust_779
train/patient06207/study3/view1_frontal.jpg,chexpert,patient06207,dupclust_780
train/patient06207/study3/view2_frontal.jpg,chexpert,patient06207,dupclust_781
train/patient06207/study4/view1_frontal.jpg,chexpert,patient06207,dupclust_782
train/patient06207/study5/view1_frontal.jpg,chexpert,patient06207,dupclust_783
train/patient11056/study6/view1_frontal.jpg,chexpert,patient11056,dupclust_0
train/patient11056/study3/view1_frontal.jpg,chexpert,patient11056,dupclust_0
train/patient11056/study5/view1_frontal.jpg,chexpert,patient11056,dupclust_0
train/patient11056/study4/view1_frontal.jpg,chexpert,patient11056,dupclust_787
train/patient34244/study1/view1_frontal.jpg,chexpert,patient34244,dupclust_788
train/patient43899/study4/view1_frontal.jpg,chexpert,patient43899,dupclust_0
train/patient16081/study19/view1_frontal.jpg,chexpert,patient16081,dupclust_0
train/patient16081/study20/view1_frontal.jpg,chexpert,patient16081,dupclust_791
train/patient16081/study4/view1_frontal.jpg,chexpert,patient16081,dupclust_0
train/patient11481/study2/view1_frontal.jpg,chexpert,patient11481,dupclust_793
train/patient09713/study1/view1_frontal.jpg,chexpert,patient09713,dupclust_794
train/patient50924/study1/view1_frontal.jpg,chexpert,patient50924,dupclust_795
train/patient38214/study4/view1_frontal.jpg,chexpert,patient38214,dupclust_0
train/patient22522/study3/view1_frontal.jpg,chexpert,patient22522,dupclust_0
train/patient39519/study2/view1_frontal.jpg,chexpert,patient39519,dupclust_798
train/patient36302/study8/view1_frontal.jpg,chexpert,patient36302,dupclust_0
train/patient31155/study2/view1_frontal.jpg,chexpert,patient31155,dupclust_0
train/patient34178/study1/view1_frontal.jpg,chexpert,patient34178,dupclust_0
train/patient31279/study1/view1_frontal.jpg,chexpert,patient31279,dupclust_0
train/patient31072/study8/view1_frontal.jpg,chexpert,patient31072,dupclust_803
train/patient20073/study1/view1_frontal.jpg,chexpert,patient20073,dupclust_0
train/patient18874/study1/view1_frontal.jpg,chexpert,patient18874,dupclust_805
train/patient32604/study9/view1_frontal.jpg,chexpert,patient32604,dupclust_806
train/patient11650/study5/view1_frontal.jpg,chexpert,patient11650,dupclust_807
train/patient28771/study1/view1_frontal.jpg,chexpert,patient28771,dupclust_808
train/patient39601/study1/view1_frontal.jpg,chexpert,patient39601,dupclust_809
train/patient00748/study1/view1_frontal.jpg,chexpert,patient00748,dupclust_810
train/patient00748/study1/view2_frontal.jpg,chexpert,patient00748,dupclust_811
train/patient28318/study1/view1_frontal.jpg,chexpert,patient28318,dupclust_812
train/patient29779/study11/view1_frontal.jpg,chexpert,patient29779,dupclust_813
train/patient29779/study11/view2_frontal.jpg,chexpert,patient29779,dupclust_814
train/patient32718/study2/view1_frontal.jpg,chexpert,patient32718,dupclust_815
train/patient20630/study1/view1_frontal.jpg,chexpert,patient20630,dupclust_0
train/patient20136/study1/view1_frontal.jpg,chexpert,patient20136,dupclust_0
train/patient45068/study1/view1_frontal.jpg,chexpert,patient45068,dupclust_818
train/patient14926/study2/view1_frontal.jpg,chexpert,patient14926,dupclust_0
train/patient01448/study12/view1_frontal.jpg,chexpert,patient01448,dupclust_0
train/patient01448/study10/view1_frontal.jpg,chexpert,patient01448,dupclust_0
train/patient01448/study14/view1_frontal.jpg,chexpert,patient01448,dupclust_822
train/patient27774/study1/view1_frontal.jpg,chexpert,patient27774,dupclust_0
train/patient37852/study10/view1_frontal.jpg,chexpert,patient37852,dupclust_824
train/patient27542/study5/view1_frontal.jpg,chexpert,patient27542,dupclust_0
train/patient19327/study3/view1_frontal.jpg,chexpert,patient19327,dupclust_824
train/patient45927/study1/view1_frontal.jpg,chexpert,patient45927,dupclust_827
train/patient33909/study1/view1_frontal.jpg,chexpert,patient33909,dupclust_0
train/patient21858/study3/view1_frontal.jpg,chexpert,patient21858,dupclust_0
train/patient47539/study3/view1_frontal.jpg,chexpert,patient47539,dupclust_830
train/patient07250/study2/view1_frontal.jpg,chexpert,patient07250,dupclust_0
train/patient00778/study1/view1_frontal.jpg,chexpert,patient00778,dupclust_0
train/patient25067/study1/view1_frontal.jpg,chexpert,patient25067,dupclust_833
train/patient25067/study2/view1_frontal.jpg,chexpert,patient25067,dupclust_834
train/patient25067/study3/view1_frontal.jpg,chexpert,patient25067,dupclust_835
train/patient24515/study3/view1_frontal.jpg,chexpert,patient24515,dupclust_0
train/patient11136/study3/view1_frontal.jpg,chexpert,patient11136,dupclust_0
train/patient15950/study5/view1_frontal.jpg,chexpert,patient15950,dupclust_0
train/patient55112/study1/view1_frontal.jpg,chexpert,patient55112,dupclust_0
train/patient05245/study3/view1_frontal.jpg,chexpert,patient05245,dupclust_840
train/patient36151/study6/view1_frontal.jpg,chexpert,patient36151,dupclust_0
train/patient28260/study2/view1_frontal.jpg,chexpert,patient28260,dupclust_0
train/patient43861/study7/view1_frontal.jpg,chexpert,patient43861,dupclust_0
train/patient05179/study32/view1_frontal.jpg,chexpert,patient05179,dupclust_0
train/patient06306/study1/view1_frontal.jpg,chexpert,patient06306,dupclust_0
train/patient01183/study1/view1_frontal.jpg,chexpert,patient01183,dupclust_0
train/patient46814/study2/view1_frontal.jpg,chexpert,patient46814,dupclust_847
train/patient05375/study2/view1_frontal.jpg,chexpert,patient05375,dupclust_848
train/patient15736/study1/view1_frontal.jpg,chexpert,patient15736,dupclust_849
train/patient29767/study2/view1_frontal.jpg,chexpert,patient29767,dupclust_0
train/patient62503/study1/view1_frontal.jpg,chexpert,patient62503,dupclust_851
train/patient55557/study2/view1_frontal.jpg,chexpert,patient55557,dupclust_0
train/patient10375/study1/view1_frontal.jpg,chexpert,patient10375,dupclust_853
train/patient45777/study4/view1_frontal.jpg,chexpert,patient45777,dupclust_854
train/patient47752/study1/view1_frontal.jpg,chexpert,patient47752,dupclust_0
train/patient05009/study1/view1_frontal.jpg,chexpert,patient05009,dupclust_856
train/patient54488/study1/view1_frontal.jpg,chexpert,patient54488,dupclust_0
train/patient31610/study1/view1_frontal.jpg,chexpert,patient31610,dupclust_0
train/patient08862/study1/view1_frontal.jpg,chexpert,patient08862,dupclust_859
train/patient27787/study1/view1_frontal.jpg,chexpert,patient27787,dupclust_0
train/patient48291/study1/view1_frontal.jpg,chexpert,patient48291,dupclust_0
train/patient35167/study1/view1_frontal.jpg,chexpert,patient35167,dupclust_862
train/patient16266/study3/view1_frontal.jpg,chexpert,patient16266,dupclust_863
train/patient26335/study6/view1_frontal.jpg,chexpert,patient26335,dupclust_0
train/patient21806/study3/view1_frontal.jpg,chexpert,patient21806,dupclust_0
train/patient26257/study29/view1_frontal.jpg,chexpert,patient26257,dupclust_866
train/patient26257/study7/view1_frontal.jpg,chexpert,patient26257,dupclust_0
train/patient26257/study9/view1_frontal.jpg,chexpert,patient26257,dupclust_868
train/patient26257/study10/view1_frontal.jpg,chexpert,patient26257,dupclust_869
train/patient26257/study8/view1_frontal.jpg,chexpert,patient26257,dupclust_870
train/patient19388/study11/view1_frontal.jpg,chexpert,patient19388,dupclust_871
train/patient52691/study1/view1_frontal.jpg,chexpert,patient52691,dupclust_872
train/patient32306/study7/view1_frontal.jpg,chexpert,patient32306,dupclust_0
train/patient17872/study1/view1_frontal.jpg,chexpert,patient17872,dupclust_874
train/patient42229/study1/view1_frontal.jpg,chexpert,patient42229,dupclust_875
train/patient27408/study4/view1_frontal.jpg,chexpert,patient27408,dupclust_0
train/patient06592/study1/view1_frontal.jpg,chexpert,patient06592,dupclust_0
train/patient23364/study2/view1_frontal.jpg,chexpert,patient23364,dupclust_0
train/patient47582/study1/view1_frontal.jpg,chexpert,patient47582,dupclust_0
train/patient17403/study1/view1_frontal.jpg,chexpert,patient17403,dupclust_0
train/patient01071/study8/view1_frontal.jpg,chexpert,patient01071,dupclust_881
train/patient41819/study3/view1_frontal.jpg,chexpert,patient41819,dupclust_0
train/patient23036/study1/view1_frontal.jpg,chexpert,patient23036,dupclust_883
train/patient23036/study2/view1_frontal.jpg,chexpert,patient23036,dupclust_884
train/patient07898/study1/view1_frontal.jpg,chexpert,patient07898,dupclust_885
train/patient01331/study4/view1_frontal.jpg,chexpert,patient01331,dupclust_0
train/patient46251/study3/view1_frontal.jpg,chexpert,patient46251,dupclust_887
train/patient10683/study1/view1_frontal.jpg,chexpert,patient10683,dupclust_0
train/patient07747/study1/view1_frontal.jpg,chexpert,patient07747,dupclust_889
train/patient07747/study3/view1_frontal.jpg,chexpert,patient07747,dupclust_0
train/patient13099/study15/view1_frontal.jpg,chexpert,patient13099,dupclust_0
train/patient27571/study1/view1_frontal.jpg,chexpert,patient27571,dupclust_0
train/patient32156/study1/view1_frontal.jpg,chexpert,patient32156,dupclust_893
train/patient11053/study1/view1_frontal.jpg,chexpert,patient11053,dupclust_0
train/patient56410/study1/view1_frontal.jpg,chexpert,patient56410,dupclust_0
train/patient31434/study1/view1_frontal.jpg,chexpert,patient31434,dupclust_0
train/patient27777/study2/view1_frontal.jpg,chexpert,patient27777,dupclust_0
train/patient47639/study1/view1_frontal.jpg,chexpert,patient47639,dupclust_898
train/patient24810/study1/view1_frontal.jpg,chexpert,patient24810,dupclust_0
train/patient03305/study11/view1_frontal.jpg,chexpert,patient03305,dupclust_0
train/patient28516/study1/view1_frontal.jpg,chexpert,patient28516,dupclust_0
train/patient28516/study4/view1_frontal.jpg,chexpert,patient28516,dupclust_902
train/patient52133/study1/view1_frontal.jpg,chexpert,patient52133,dupclust_903
train/patient07408/study2/view1_frontal.jpg,chexpert,patient07408,dupclust_0
train/patient16519/study2/view1_frontal.jpg,chexpert,patient16519,dupclust_0
train/patient16519/study5/view1_frontal.jpg,chexpert,patient16519,dupclust_0
train/patient33490/study1/view1_frontal.jpg,chexpert,patient33490,dupclust_907
train/patient63661/study1/view1_frontal.jpg,chexpert,patient63661,dupclust_0
train/patient44064/study1/view1_frontal.jpg,chexpert,patient44064,dupclust_909
train/patient43593/study3/view1_frontal.jpg,chexpert,patient43593,dupclust_910
train/patient27935/study2/view1_frontal.jpg,chexpert,patient27935,dupclust_911
train/patient27935/study5/view1_frontal.jpg,chexpert,patient27935,dupclust_0
train/patient50968/study4/view1_frontal.jpg,chexpert,patient50968,dupclust_0
train/patient48020/study2/view1_frontal.jpg,chexpert,patient48020,dupclust_0
train/patient32333/study1/view1_frontal.jpg,chexpert,patient32333,dupclust_915
train/patient10781/study4/view1_frontal.jpg,chexpert,patient10781,dupclust_916
train/patient33660/study2/view1_frontal.jpg,chexpert,patient33660,dupclust_917
train/patient33660/study3/view1_frontal.jpg,chexpert,patient33660,dupclust_918
train/patient30826/study2/view1_frontal.jpg,chexpert,patient30826,dupclust_919
train/patient08039/study1/view1_frontal.jpg,chexpert,patient08039,dupclust_0
train/patient59505/study4/view1_frontal.jpg,chexpert,patient59505,dupclust_921
train/patient16438/study1/view1_frontal.jpg,chexpert,patient16438,dupclust_0
train/patient10182/study11/view1_frontal.jpg,chexpert,patient10182,dupclust_0
train/patient27001/study8/view1_frontal.jpg,chexpert,patient27001,dupclust_0
train/patient02146/study14/view1_frontal.jpg,chexpert,patient02146,dupclust_925
train/patient01922/study3/view1_frontal.jpg,chexpert,patient01922,dupclust_168
train/patient01922/study6/view1_frontal.jpg,chexpert,patient01922,dupclust_927
train/patient28685/study1/view1_frontal.jpg,chexpert,patient28685,dupclust_0
train/patient22036/study1/view1_frontal.jpg,chexpert,patient22036,dupclust_929
train/patient09716/study1/view1_frontal.jpg,chexpert,patient09716,dupclust_930
train/patient10657/study1/view1_frontal.jpg,chexpert,patient10657,dupclust_0
train/patient10657/study1/view2_frontal.jpg,chexpert,patient10657,dupclust_0
train/patient36674/study2/view1_frontal.jpg,chexpert,patient36674,dupclust_933
train/patient19637/study1/view1_frontal.jpg,chexpert,patient19637,dupclust_0
train/patient20481/study1/view1_frontal.jpg,chexpert,patient20481,dupclust_0
train/patient20481/study2/view1_frontal.jpg,chexpert,patient20481,dupclust_936
train/patient13218/study10/view1_frontal.jpg,chexpert,patient13218,dupclust_937
train/patient42835/study9/view1_frontal.jpg,chexpert,patient42835,dupclust_168
train/patient04317/study2/view1_frontal.jpg,chexpert,patient04317,dupclust_939
train/patient04317/study4/view1_frontal.jpg,chexpert,patient04317,dupclust_940
train/patient33864/study1/view1_frontal.jpg,chexpert,patient33864,dupclust_0
train/patient26753/study34/view1_frontal.jpg,chexpert,patient26753,dupclust_942
train/patient00437/study1/view1_frontal.jpg,chexpert,patient00437,dupclust_943
train/patient09099/study4/view1_frontal.jpg,chexpert,patient09099,dupclust_0
train/patient17369/study1/view1_frontal.jpg,chexpert,patient17369,dupclust_945
train/patient17369/study1/view2_frontal.jpg,chexpert,patient17369,dupclust_946
train/patient64045/study1/view1_frontal.jpg,chexpert,patient64045,dupclust_947
train/patient22298/study1/view1_frontal.jpg,chexpert,patient22298,dupclust_0
train/patient45735/study1/view1_frontal.jpg,chexpert,patient45735,dupclust_0
train/patient36139/study1/view1_frontal.jpg,chexpert,patient36139,dupclust_950
train/patient45885/study1/view1_frontal.jpg,chexpert,patient45885,dupclust_0
train/patient13530/study23/view1_frontal.jpg,chexpert,patient13530,dupclust_0
train/patient20053/study1/view1_frontal.jpg,chexpert,patient20053,dupclust_953
train/patient02621/study3/view1_frontal.jpg,chexpert,patient02621,dupclust_0
train/patient15737/study1/view1_frontal.jpg,chexpert,patient15737,dupclust_0
train/patient10803/study2/view1_frontal.jpg,chexpert,patient10803,dupclust_0
train/patient30110/study3/view1_frontal.jpg,chexpert,patient30110,dupclust_0
train/patient30351/study1/view1_frontal.jpg,chexpert,patient30351,dupclust_958
train/patient37256/study1/view1_frontal.jpg,chexpert,patient37256,dupclust_0
train/patient37184/study20/view1_frontal.jpg,chexpert,patient37184,dupclust_960
train/patient37354/study5/view1_frontal.jpg,chexpert,patient37354,dupclust_0
train/patient33795/study1/view1_frontal.jpg,chexpert,patient33795,dupclust_962
train/patient33318/study2/view1_frontal.jpg,chexpert,patient33318,dupclust_963
train/patient38487/study1/view1_frontal.jpg,chexpert,patient38487,dupclust_0
train/patient02216/study4/view1_frontal.jpg,chexpert,patient02216,dupclust_0
train/patient20941/study1/view1_frontal.jpg,chexpert,patient20941,dupclust_0
train/patient20941/study2/view1_frontal.jpg,chexpert,patient20941,dupclust_0
train/patient35744/study2/view1_frontal.jpg,chexpert,patient35744,dupclust_0
train/patient33489/study1/view1_frontal.jpg,chexpert,patient33489,dupclust_969
train/patient07486/study3/view1_frontal.jpg,chexpert,patient07486,dupclust_0
train/patient40853/study6/view1_frontal.jpg,chexpert,patient40853,dupclust_0
train/patient40853/study4/view1_frontal.jpg,chexpert,patient40853,dupclust_972
train/patient40853/study5/view1_frontal.jpg,chexpert,patient40853,dupclust_0
train/patient40853/study3/view1_frontal.jpg,chexpert,patient40853,dupclust_974
train/patient40853/study2/view1_frontal.jpg,chexpert,patient40853,dupclust_975
train/patient59640/study2/view1_frontal.jpg,chexpert,patient59640,dupclust_976
train/patient35615/study7/view1_frontal.jpg,chexpert,patient35615,dupclust_977
train/patient31667/study1/view1_frontal.jpg,chexpert,patient31667,dupclust_978
train/patient37173/study1/view1_frontal.jpg,chexpert,patient37173,dupclust_0
train/patient21914/study1/view1_frontal.jpg,chexpert,patient21914,dupclust_980
train/patient00624/study4/view1_frontal.jpg,chexpert,patient00624,dupclust_981
train/patient43811/study1/view1_frontal.jpg,chexpert,patient43811,dupclust_982
train/patient26239/study3/view1_frontal.jpg,chexpert,patient26239,dupclust_0
train/patient25204/study13/view1_frontal.jpg,chexpert,patient25204,dupclust_984
train/patient35561/study2/view1_frontal.jpg,chexpert,patient35561,dupclust_985
train/patient35561/study3/view1_frontal.jpg,chexpert,patient35561,dupclust_0
train/patient25005/study1/view1_frontal.jpg,chexpert,patient25005,dupclust_0
train/patient27026/study1/view1_frontal.jpg,chexpert,patient27026,dupclust_0
train/patient37381/study9/view1_frontal.jpg,chexpert,patient37381,dupclust_0
train/patient49509/study1/view1_frontal.jpg,chexpert,patient49509,dupclust_0
train/patient44456/study1/view1_frontal.jpg,chexpert,patient44456,dupclust_991
train/patient50015/study2/view1_frontal.jpg,chexpert,patient50015,dupclust_992
train/patient55939/study1/view1_frontal.jpg,chexpert,patient55939,dupclust_993
train/patient16182/study1/view1_frontal.jpg,chexpert,patient16182,dupclust_0
train/patient24933/study1/view1_frontal.jpg,chexpert,patient24933,dupclust_0
train/patient60534/study1/view1_frontal.jpg,chexpert,patient60534,dupclust_996
train/patient49868/study4/view1_frontal.jpg,chexpert,patient49868,dupclust_997
train/patient56456/study1/view1_frontal.jpg,chexpert,patient56456,dupclust_998
train/patient34796/study4/view1_frontal.jpg,chexpert,patient34796,dupclust_0
train/patient20227/study3/view1_frontal.jpg,chexpert,patient20227,dupclust_0
train/patient57759/study2/view1_frontal.jpg,chexpert,patient57759,dupclust_1001
train/patient57759/study1/view1_frontal.jpg,chexpert,patient57759,dupclust_0
train/patient36688/study5/view1_frontal.jpg,chexpert,patient36688,dupclust_1003
train/patient04115/study1/view1_frontal.jpg,chexpert,patient04115,dupclust_1004
train/patient22308/study1/view1_frontal.jpg,chexpert,patient22308,dupclust_0
train/patient42535/study10/view1_frontal.jpg,chexpert,patient42535,dupclust_1006
train/patient63619/study1/view1_frontal.jpg,chexpert,patient63619,dupclust_0
train/patient00871/study1/view1_frontal.jpg,chexpert,patient00871,dupclust_1008
train/patient18174/study1/view1_frontal.jpg,chexpert,patient18174,dupclust_0
train/patient42751/study1/view1_frontal.jpg,chexpert,patient42751,dupclust_1010
train/patient19236/study1/view1_frontal.jpg,chexpert,patient19236,dupclust_1011
train/patient24549/study7/view1_frontal.jpg,chexpert,patient24549,dupclust_0
train/patient40099/study2/view1_frontal.jpg,chexpert,patient40099,dupclust_0
train/patient31151/study8/view1_frontal.jpg,chexpert,patient31151,dupclust_1014
train/patient08196/study1/view1_frontal.jpg,chexpert,patient08196,dupclust_1015
train/patient43614/study1/view1_frontal.jpg,chexpert,patient43614,dupclust_0
train/patient16498/study1/view1_frontal.jpg,chexpert,patient16498,dupclust_0
train/patient06452/study9/view1_frontal.jpg,chexpert,patient06452,dupclust_0
train/patient25885/study2/view1_frontal.jpg,chexpert,patient25885,dupclust_1019
train/patient32369/study2/view1_frontal.jpg,chexpert,patient32369,dupclust_0
train/patient44394/study1/view1_frontal.jpg,chexpert,patient44394,dupclust_1021
train/patient04242/study19/view1_frontal.jpg,chexpert,patient04242,dupclust_1022
train/patient04242/study11/view1_frontal.jpg,chexpert,patient04242,dupclust_1023
train/patient16919/study7/view1_frontal.jpg,chexpert,patient16919,dupclust_1024
train/patient42505/study1/view1_frontal.jpg,chexpert,patient42505,dupclust_1025
train/patient31313/study15/view1_frontal.jpg,chexpert,patient31313,dupclust_0
train/patient27190/study6/view1_frontal.jpg,chexpert,patient27190,dupclust_1027
train/patient25511/study1/view1_frontal.jpg,chexpert,patient25511,dupclust_1028
train/patient37843/study9/view1_frontal.jpg,chexpert,patient37843,dupclust_0
train/patient37843/study8/view1_frontal.jpg,chexpert,patient37843,dupclust_0
train/patient37843/study7/view1_frontal.jpg,chexpert,patient37843,dupclust_0
train/patient16887/study4/view1_frontal.jpg,chexpert,patient16887,dupclust_1032
train/patient26271/study8/view1_frontal.jpg,chexpert,patient26271,dupclust_1033
train/patient26271/study9/view1_frontal.jpg,chexpert,patient26271,dupclust_0
train/patient27214/study5/view1_frontal.jpg,chexpert,patient27214,dupclust_1035
train/patient27214/study6/view1_frontal.jpg,chexpert,patient27214,dupclust_1036
train/patient48298/study1/view1_frontal.jpg,chexpert,patient48298,dupclust_0
train/patient50329/study1/view1_frontal.jpg,chexpert,patient50329,dupclust_0
train/patient25476/study1/view1_frontal.jpg,chexpert,patient25476,dupclust_1039
train/patient15623/study1/view1_frontal.jpg,chexpert,patient15623,dupclust_570
train/patient34380/study15/view1_frontal.jpg,chexpert,patient34380,dupclust_0
train/patient06598/study6/view1_frontal.jpg,chexpert,patient06598,dupclust_0
train/patient46116/study1/view1_frontal.jpg,chexpert,patient46116,dupclust_1043
train/patient19023/study1/view1_frontal.jpg,chexpert,patient19023,dupclust_0
train/patient05591/study1/view1_frontal.jpg,chexpert,patient05591,dupclust_0
train/patient56127/study1/view1_frontal.jpg,chexpert,patient56127,dupclust_1046
train/patient16921/study8/view1_frontal.jpg,chexpert,patient16921,dupclust_0
train/patient15732/study2/view1_frontal.jpg,chexpert,patient15732,dupclust_0
train/patient26309/study4/view1_frontal.jpg,chexpert,patient26309,dupclust_0
train/patient26309/study3/view1_frontal.jpg,chexpert,patient26309,dupclust_0
train/patient08406/study1/view1_frontal.jpg,chexpert,patient08406,dupclust_1051
train/patient22247/study1/view1_frontal.jpg,chexpert,patient22247,dupclust_0
train/patient28919/study1/view1_frontal.jpg,chexpert,patient28919,dupclust_1053
train/patient41015/study4/view1_frontal.jpg,chexpert,patient41015,dupclust_0
train/patient33738/study1/view1_frontal.jpg,chexpert,patient33738,dupclust_1055
train/patient40513/study1/view1_frontal.jpg,chexpert,patient40513,dupclust_1056
train/patient54566/study3/view1_frontal.jpg,chexpert,patient54566,dupclust_0
train/patient05745/study1/view1_frontal.jpg,chexpert,patient05745,dupclust_1058
train/patient42973/study1/view1_frontal.jpg,chexpert,patient42973,dupclust_824
train/patient01981/study1/view1_frontal.jpg,chexpert,patient01981,dupclust_0
train/patient26338/study1/view1_frontal.jpg,chexpert,patient26338,dupclust_0
train/patient18528/study1/view1_frontal.jpg,chexpert,patient18528,dupclust_0
train/patient45655/study1/view1_frontal.jpg,chexpert,patient45655,dupclust_0
train/patient50343/study1/view1_frontal.jpg,chexpert,patient50343,dupclust_0
train/patient33357/study1/view1_frontal.jpg,chexpert,patient33357,dupclust_0
train/patient45810/study1/view1_frontal.jpg,chexpert,patient45810,dupclust_1066
train/patient05728/study7/view1_frontal.jpg,chexpert,patient05728,dupclust_0
train/patient27763/study1/view1_frontal.jpg,chexpert,patient27763,dupclust_1068
train/patient03152/study2/view1_frontal.jpg,chexpert,patient03152,dupclust_0
train/patient26694/study8/view1_frontal.jpg,chexpert,patient26694,dupclust_0
train/patient26694/study15/view1_frontal.jpg,chexpert,patient26694,dupclust_0
train/patient26694/study2/view1_frontal.jpg,chexpert,patient26694,dupclust_1072
train/patient10791/study4/view1_frontal.jpg,chexpert,patient10791,dupclust_0
train/patient10791/study5/view1_frontal.jpg,chexpert,patient10791,dupclust_1074
train/patient09981/study1/view1_frontal.jpg,chexpert,patient09981,dupclust_0
train/patient34301/study2/view1_frontal.jpg,chexpert,patient34301,dupclust_0
train/patient30842/study1/view1_frontal.jpg,chexpert,patient30842,dupclust_1077
train/patient20046/study12/view1_frontal.jpg,chexpert,patient20046,dupclust_1078
train/patient20046/study9/view1_frontal.jpg,chexpert,patient20046,dupclust_1079
train/patient48833/study1/view1_frontal.jpg,chexpert,patient48833,dupclust_1080
train/patient58719/study1/view1_frontal.jpg,chexpert,patient58719,dupclust_0
train/patient40067/study1/view1_frontal.jpg,chexpert,patient40067,dupclust_1082
train/patient28890/study4/view1_frontal.jpg,chexpert,patient28890,dupclust_0
train/patient28775/study1/view1_frontal.jpg,chexpert,patient28775,dupclust_1084
train/patient39317/study8/view1_frontal.jpg,chexpert,patient39317,dupclust_1085
train/patient21504/study5/view1_frontal.jpg,chexpert,patient21504,dupclust_1086
train/patient50693/study4/view1_frontal.jpg,chexpert,patient50693,dupclust_0
train/patient50693/study3/view1_frontal.jpg,chexpert,patient50693,dupclust_1088
train/patient11318/study28/view1_frontal.jpg,chexpert,patient11318,dupclust_1089
train/patient47673/study4/view1_frontal.jpg,chexpert,patient47673,dupclust_1090
train/patient38449/study6/view1_frontal.jpg,chexpert,patient38449,dupclust_1091
train/patient52754/study1/view1_frontal.jpg,chexpert,patient52754,dupclust_0
train/patient23951/study4/view1_frontal.jpg,chexpert,patient23951,dupclust_0
train/patient14471/study1/view1_frontal.jpg,chexpert,patient14471,dupclust_0
train/patient47326/study8/view1_frontal.jpg,chexpert,patient47326,dupclust_1095
train/patient58657/study1/view1_frontal.jpg,chexpert,patient58657,dupclust_1096
train/patient03429/study1/view1_frontal.jpg,chexpert,patient03429,dupclust_1097
train/patient03429/study2/view1_frontal.jpg,chexpert,patient03429,dupclust_1098
train/patient26401/study1/view1_frontal.jpg,chexpert,patient26401,dupclust_1099
train/patient45938/study1/view1_frontal.jpg,chexpert,patient45938,dupclust_0
train/patient25207/study5/view1_frontal.jpg,chexpert,patient25207,dupclust_1101
train/patient01208/study1/view1_frontal.jpg,chexpert,patient01208,dupclust_1102
train/patient19016/study2/view1_frontal.jpg,chexpert,patient19016,dupclust_1103
train/patient02672/study1/view1_frontal.jpg,chexpert,patient02672,dupclust_0
train/patient02700/study1/view1_frontal.jpg,chexpert,patient02700,dupclust_1105
train/patient21316/study3/view1_frontal.jpg,chexpert,patient21316,dupclust_0
train/patient06708/study9/view1_frontal.jpg,chexpert,patient06708,dupclust_1107
train/patient06708/study10/view1_frontal.jpg,chexpert,patient06708,dupclust_0
train/patient03904/study1/view1_frontal.jpg,chexpert,patient03904,dupclust_0
train/patient06999/study8/view1_frontal.jpg,chexpert,patient06999,dupclust_1110
train/patient18809/study1/view1_frontal.jpg,chexpert,patient18809,dupclust_0
train/patient18809/study1/view2_frontal.jpg,chexpert,patient18809,dupclust_0
train/patient33642/study4/view1_frontal.jpg,chexpert,patient33642,dupclust_1113
train/patient31110/study1/view1_frontal.jpg,chexpert,patient31110,dupclust_0
train/patient23720/study5/view1_frontal.jpg,chexpert,patient23720,dupclust_0
train/patient23720/study1/view1_frontal.jpg,chexpert,patient23720,dupclust_1116
train/patient23720/study2/view1_frontal.jpg,chexpert,patient23720,dupclust_1116
train/patient36506/study1/view1_frontal.jpg,chexpert,patient36506,dupclust_0
train/patient43497/study6/view1_frontal.jpg,chexpert,patient43497,dupclust_1119
train/patient26454/study1/view1_frontal.jpg,chexpert,patient26454,dupclust_0
train/patient44401/study1/view1_frontal.jpg,chexpert,patient44401,dupclust_0
train/patient50243/study2/view1_frontal.jpg,chexpert,patient50243,dupclust_0
train/patient50243/study1/view1_frontal.jpg,chexpert,patient50243,dupclust_0
train/patient25725/study3/view1_frontal.jpg,chexpert,patient25725,dupclust_1124
train/patient32197/study26/view1_frontal.jpg,chexpert,patient32197,dupclust_791
train/patient32197/study37/view1_frontal.jpg,chexpert,patient32197,dupclust_0
train/patient48712/study5/view1_frontal.jpg,chexpert,patient48712,dupclust_0
train/patient51804/study1/view1_frontal.jpg,chexpert,patient51804,dupclust_1084
train/patient40985/study1/view1_frontal.jpg,chexpert,patient40985,dupclust_0
train/patient40985/study4/view1_frontal.jpg,chexpert,patient40985,dupclust_1130
train/patient40985/study4/view2_frontal.jpg,chexpert,patient40985,dupclust_1131
train/patient05052/study6/view1_frontal.jpg,chexpert,patient05052,dupclust_0
train/patient62317/study1/view1_frontal.jpg,chexpert,patient62317,dupclust_1133
train/patient36818/study6/view1_frontal.jpg,chexpert,patient36818,dupclust_0
train/patient47175/study1/view1_frontal.jpg,chexpert,patient47175,dupclust_0
train/patient40498/study1/view1_frontal.jpg,chexpert,patient40498,dupclust_1136
train/patient13465/study2/view1_frontal.jpg,chexpert,patient13465,dupclust_1137
train/patient13465/study1/view1_frontal.jpg,chexpert,patient13465,dupclust_0
train/patient35464/study5/view1_frontal.jpg,chexpert,patient35464,dupclust_1139
train/patient39238/study6/view1_frontal.jpg,chexpert,patient39238,dupclust_1140
train/patient25170/study1/view1_frontal.jpg,chexpert,patient25170,dupclust_0
train/patient62290/study1/view1_frontal.jpg,chexpert,patient62290,dupclust_1010
train/patient04761/study1/view1_frontal.jpg,chexpert,patient04761,dupclust_1143
train/patient49587/study1/view1_frontal.jpg,chexpert,patient49587,dupclust_0
train/patient33769/study1/view1_frontal.jpg,chexpert,patient33769,dupclust_0
train/patient16565/study1/view1_frontal.jpg,chexpert,patient16565,dupclust_0
train/patient49974/study1/view1_frontal.jpg,chexpert,patient49974,dupclust_0
train/patient25752/study1/view1_frontal.jpg,chexpert,patient25752,dupclust_1148
train/patient14882/study1/view1_frontal.jpg,chexpert,patient14882,dupclust_0
train/patient14882/study2/view1_frontal.jpg,chexpert,patient14882,dupclust_1150
train/patient07944/study2/view1_frontal.jpg,chexpert,patient07944,dupclust_1151
train/patient04701/study5/view1_frontal.jpg,chexpert,patient04701,dupclust_1152
train/patient16274/study11/view1_frontal.jpg,chexpert,patient16274,dupclust_1153
train/patient07303/study7/view1_frontal.jpg,chexpert,patient07303,dupclust_1154
train/patient08635/study1/view1_frontal.jpg,chexpert,patient08635,dupclust_0
train/patient38528/study2/view1_frontal.jpg,chexpert,patient38528,dupclust_0
train/patient38528/study4/view1_frontal.jpg,chexpert,patient38528,dupclust_0
train/patient21901/study13/view1_frontal.jpg,chexpert,patient21901,dupclust_1158
train/patient05122/study1/view1_frontal.jpg,chexpert,patient05122,dupclust_1159
train/patient27826/study10/view1_frontal.jpg,chexpert,patient27826,dupclust_0
train/patient27826/study11/view1_frontal.jpg,chexpert,patient27826,dupclust_1161
train/patient15839/study2/view1_frontal.jpg,chexpert,patient15839,dupclust_1139
train/patient05026/study1/view1_frontal.jpg,chexpert,patient05026,dupclust_1163
train/patient05365/study1/view1_frontal.jpg,chexpert,patient05365,dupclust_1164
train/patient51962/study1/view1_frontal.jpg,chexpert,patient51962,dupclust_0
train/patient07278/study2/view1_frontal.jpg,chexpert,patient07278,dupclust_1166
train/patient09030/study3/view1_frontal.jpg,chexpert,patient09030,dupclust_1167
train/patient60064/study2/view1_frontal.jpg,chexpert,patient60064,dupclust_1168
train/patient17054/study1/view1_frontal.jpg,chexpert,patient17054,dupclust_1169
train/patient04532/study3/view1_frontal.jpg,chexpert,patient04532,dupclust_1170
train/patient05957/study2/view1_frontal.jpg,chexpert,patient05957,dupclust_1171
train/patient20978/study3/view1_frontal.jpg,chexpert,patient20978,dupclust_0
train/patient19689/study46/view1_frontal.jpg,chexpert,patient19689,dupclust_1173
train/patient15644/study16/view1_frontal.jpg,chexpert,patient15644,dupclust_0
train/patient52676/study1/view1_frontal.jpg,chexpert,patient52676,dupclust_1175
train/patient50405/study7/view1_frontal.jpg,chexpert,patient50405,dupclust_1176
train/patient26285/study1/view1_frontal.jpg,chexpert,patient26285,dupclust_1177
train/patient26285/study1/view2_frontal.jpg,chexpert,patient26285,dupclust_1178
train/patient34030/study1/view1_frontal.jpg,chexpert,patient34030,dupclust_0
train/patient13951/study1/view1_frontal.jpg,chexpert,patient13951,dupclust_0
train/patient26582/study1/view1_frontal.jpg,chexpert,patient26582,dupclust_1181
train/patient04854/study2/view1_frontal.jpg,chexpert,patient04854,dupclust_1182
train/patient04854/study3/view1_frontal.jpg,chexpert,patient04854,dupclust_0
train/patient01700/study2/view1_frontal.jpg,chexpert,patient01700,dupclust_1184
train/patient01700/study6/view1_frontal.jpg,chexpert,patient01700,dupclust_1185
train/patient05824/study1/view1_frontal.jpg,chexpert,patient05824,dupclust_1186
train/patient13742/study2/view1_frontal.jpg,chexpert,patient13742,dupclust_1187
train/patient14971/study3/view1_frontal.jpg,chexpert,patient14971,dupclust_0
train/patient11076/study1/view1_frontal.jpg,chexpert,patient11076,dupclust_0
train/patient00262/study3/view1_frontal.jpg,chexpert,patient00262,dupclust_1190
train/patient50077/study1/view1_frontal.jpg,chexpert,patient50077,dupclust_1191
train/patient27255/study1/view1_frontal.jpg,chexpert,patient27255,dupclust_0
train/patient16475/study13/view1_frontal.jpg,chexpert,patient16475,dupclust_0
train/patient19744/study2/view1_frontal.jpg,chexpert,patient19744,dupclust_0
train/patient21077/study17/view1_frontal.jpg,chexpert,patient21077,dupclust_1195
train/patient27073/study1/view1_frontal.jpg,chexpert,patient27073,dupclust_1196
train/patient04277/study4/view1_frontal.jpg,chexpert,patient04277,dupclust_0
train/patient21981/study1/view1_frontal.jpg,chexpert,patient21981,dupclust_1198
train/patient00114/study15/view1_frontal.jpg,chexpert,patient00114,dupclust_1199
train/patient49437/study1/view1_frontal.jpg,chexpert,patient49437,dupclust_1200
train/patient05884/study6/view1_frontal.jpg,chexpert,patient05884,dupclust_1201
train/patient05884/study2/view1_frontal.jpg,chexpert,patient05884,dupclust_1202
train/patient00394/study1/view1_frontal.jpg,chexpert,patient00394,dupclust_1203
train/patient29017/study6/view1_frontal.jpg,chexpert,patient29017,dupclust_0
train/patient49975/study1/view1_frontal.jpg,chexpert,patient49975,dupclust_0
train/patient31289/study2/view1_frontal.jpg,chexpert,patient31289,dupclust_0
train/patient40704/study1/view1_frontal.jpg,chexpert,patient40704,dupclust_0
train/patient51836/study2/view1_frontal.jpg,chexpert,patient51836,dupclust_1208
train/patient51836/study1/view1_frontal.jpg,chexpert,patient51836,dupclust_1209
train/patient62920/study2/view1_frontal.jpg,chexpert,patient62920,dupclust_0
train/patient41329/study5/view1_frontal.jpg,chexpert,patient41329,dupclust_1211
train/patient24584/study2/view1_frontal.jpg,chexpert,patient24584,dupclust_1212
train/patient17415/study1/view1_frontal.jpg,chexpert,patient17415,dupclust_1213
train/patient17023/study9/view1_frontal.jpg,chexpert,patient17023,dupclust_0
train/patient39084/study2/view1_frontal.jpg,chexpert,patient39084,dupclust_1215
train/patient62871/study3/view1_frontal.jpg,chexpert,patient62871,dupclust_0
train/patient21322/study2/view1_frontal.jpg,chexpert,patient21322,dupclust_0
train/patient21515/study1/view1_frontal.jpg,chexpert,patient21515,dupclust_1218
train/patient05427/study1/view1_frontal.jpg,chexpert,patient05427,dupclust_1219
train/patient19317/study5/view1_frontal.jpg,chexpert,patient19317,dupclust_0
train/patient18404/study1/view1_frontal.jpg,chexpert,patient18404,dupclust_1221
train/patient35412/study4/view1_frontal.jpg,chexpert,patient35412,dupclust_0
train/patient03511/study1/view1_frontal.jpg,chexpert,patient03511,dupclust_0
train/patient05953/study1/view1_frontal.jpg,chexpert,patient05953,dupclust_0
train/patient44414/study2/view1_frontal.jpg,chexpert,patient44414,dupclust_0
train/patient21400/study4/view1_frontal.jpg,chexpert,patient21400,dupclust_0
train/patient21400/study5/view1_frontal.jpg,chexpert,patient21400,dupclust_1227
train/patient04774/study3/view1_frontal.jpg,chexpert,patient04774,dupclust_0
train/patient04774/study13/view1_frontal.jpg,chexpert,patient04774,dupclust_1229
train/patient16067/study5/view1_frontal.jpg,chexpert,patient16067,dupclust_1230
train/patient36492/study3/view1_frontal.jpg,chexpert,patient36492,dupclust_1231
train/patient14193/study1/view1_frontal.jpg,chexpert,patient14193,dupclust_0
train/patient14599/study2/view1_frontal.jpg,chexpert,patient14599,dupclust_0
train/patient31771/study3/view1_frontal.jpg,chexpert,patient31771,dupclust_1234
train/patient60933/study2/view1_frontal.jpg,chexpert,patient60933,dupclust_1235
train/patient03477/study1/view1_frontal.jpg,chexpert,patient03477,dupclust_0
train/patient06027/study1/view1_frontal.jpg,chexpert,patient06027,dupclust_1237
train/patient14134/study3/view1_frontal.jpg,chexpert,patient14134,dupclust_1238
train/patient59985/study3/view1_frontal.jpg,chexpert,patient59985,dupclust_0
train/patient35128/study14/view1_frontal.jpg,chexpert,patient35128,dupclust_1240
train/patient35128/study8/view1_frontal.jpg,chexpert,patient35128,dupclust_1241
train/patient00779/study1/view1_frontal.jpg,chexpert,patient00779,dupclust_0
train/patient22092/study1/view1_frontal.jpg,chexpert,patient22092,dupclust_1243
train/patient40781/study1/view1_frontal.jpg,chexpert,patient40781,dupclust_1244
train/patient11294/study1/view1_frontal.jpg,chexpert,patient11294,dupclust_1245
train/patient10881/study5/view1_frontal.jpg,chexpert,patient10881,dupclust_1246
train/patient37596/study4/view1_frontal.jpg,chexpert,patient37596,dupclust_1247
train/patient53443/study1/view1_frontal.jpg,chexpert,patient53443,dupclust_0
train/patient50620/study2/view1_frontal.jpg,chexpert,patient50620,dupclust_1249
train/patient61919/study1/view1_frontal.jpg,chexpert,patient61919,dupclust_0
train/patient20823/study1/view1_frontal.jpg,chexpert,patient20823,dupclust_1251
train/patient41581/study5/view1_frontal.jpg,chexpert,patient41581,dupclust_1252
train/patient21505/study1/view1_frontal.jpg,chexpert,patient21505,dupclust_0
train/patient42900/study1/view1_frontal.jpg,chexpert,patient42900,dupclust_1254
train/patient38971/study12/view1_frontal.jpg,chexpert,patient38971,dupclust_1255
train/patient38971/study13/view1_frontal.jpg,chexpert,patient38971,dupclust_1256
train/patient38971/study14/view1_frontal.jpg,chexpert,patient38971,dupclust_1257
train/patient40624/study3/view1_frontal.jpg,chexpert,patient40624,dupclust_0
train/patient08160/study3/view1_frontal.jpg,chexpert,patient08160,dupclust_0
train/patient49364/study3/view1_frontal.jpg,chexpert,patient49364,dupclust_0
train/patient19952/study1/view1_frontal.jpg,chexpert,patient19952,dupclust_1261
train/patient00232/study1/view1_frontal.jpg,chexpert,patient00232,dupclust_0
train/patient42264/study1/view1_frontal.jpg,chexpert,patient42264,dupclust_0
train/patient05180/study6/view1_frontal.jpg,chexpert,patient05180,dupclust_1264
train/patient34672/study3/view1_frontal.jpg,chexpert,patient34672,dupclust_0
train/patient58278/study1/view1_frontal.jpg,chexpert,patient58278,dupclust_0
train/patient02144/study2/view1_frontal.jpg,chexpert,patient02144,dupclust_1267
train/patient15996/study2/view1_frontal.jpg,chexpert,patient15996,dupclust_0
train/patient32322/study2/view1_frontal.jpg,chexpert,patient32322,dupclust_0
train/patient32322/study3/view1_frontal.jpg,chexpert,patient32322,dupclust_0
train/patient05242/study6/view1_frontal.jpg,chexpert,patient05242,dupclust_0
train/patient23193/study1/view1_frontal.jpg,chexpert,patient23193,dupclust_0
train/patient02731/study3/view1_frontal.jpg,chexpert,patient02731,dupclust_1273
train/patient02731/study2/view1_frontal.jpg,chexpert,patient02731,dupclust_0
train/patient37483/study1/view1_frontal.jpg,chexpert,patient37483,dupclust_1275
train/patient41070/study2/view1_frontal.jpg,chexpert,patient41070,dupclust_1276
train/patient11132/study1/view1_frontal.jpg,chexpert,patient11132,dupclust_0
train/patient30165/study1/view1_frontal.jpg,chexpert,patient30165,dupclust_0
train/patient02195/study7/view1_frontal.jpg,chexpert,patient02195,dupclust_0
train/patient02195/study4/view1_frontal.jpg,chexpert,patient02195,dupclust_0
train/patient02195/study3/view1_frontal.jpg,chexpert,patient02195,dupclust_0
train/patient02195/study15/view1_frontal.jpg,chexpert,patient02195,dupclust_0
train/patient60310/study1/view1_frontal.jpg,chexpert,patient60310,dupclust_1283
train/patient42053/study2/view1_frontal.jpg,chexpert,patient42053,dupclust_0
train/patient42053/study3/view1_frontal.jpg,chexpert,patient42053,dupclust_1285
train/patient21931/study1/view1_frontal.jpg,chexpert,patient21931,dupclust_0
train/patient12787/study2/view1_frontal.jpg,chexpert,patient12787,dupclust_0
train/patient05317/study2/view1_frontal.jpg,chexpert,patient05317,dupclust_1288
train/patient38647/study2/view1_frontal.jpg,chexpert,patient38647,dupclust_0
train/patient56173/study1/view1_frontal.jpg,chexpert,patient56173,dupclust_1290
train/patient54098/study1/view1_frontal.jpg,chexpert,patient54098,dupclust_1291
train/patient13856/study1/view1_frontal.jpg,chexpert,patient13856,dupclust_1292
train/patient51467/study2/view1_frontal.jpg,chexpert,patient51467,dupclust_1293
train/patient07931/study1/view1_frontal.jpg,chexpert,patient07931,dupclust_0
train/patient19431/study1/view1_frontal.jpg,chexpert,patient19431,dupclust_1295
train/patient20236/study1/view1_frontal.jpg,chexpert,patient20236,dupclust_1296
train/patient32055/study2/view1_frontal.jpg,chexpert,patient32055,dupclust_1297
train/patient23939/study1/view1_frontal.jpg,chexpert,patient23939,dupclust_0
train/patient46799/study1/view1_frontal.jpg,chexpert,patient46799,dupclust_1299
train/patient08553/study3/view1_frontal.jpg,chexpert,patient08553,dupclust_0
train/patient58182/study1/view1_frontal.jpg,chexpert,patient58182,dupclust_1301
train/patient42892/study5/view1_frontal.jpg,chexpert,patient42892,dupclust_0
train/patient16126/study3/view1_frontal.jpg,chexpert,patient16126,dupclust_0
train/patient16126/study2/view1_frontal.jpg,chexpert,patient16126,dupclust_1304
train/patient05959/study1/view1_frontal.jpg,chexpert,patient05959,dupclust_0
train/patient02378/study23/view1_frontal.jpg,chexpert,patient02378,dupclust_1306
train/patient24074/study1/view1_frontal.jpg,chexpert,patient24074,dupclust_1307
train/patient12309/study2/view1_frontal.jpg,chexpert,patient12309,dupclust_1308
train/patient21014/study8/view1_frontal.jpg,chexpert,patient21014,dupclust_1309
train/patient20028/study11/view1_frontal.jpg,chexpert,patient20028,dupclust_0
train/patient41341/study1/view1_frontal.jpg,chexpert,patient41341,dupclust_0
train/patient35750/study15/view1_frontal.jpg,chexpert,patient35750,dupclust_0
train/patient11580/study1/view1_frontal.jpg,chexpert,patient11580,dupclust_0
train/patient13410/study1/view1_frontal.jpg,chexpert,patient13410,dupclust_0
train/patient16442/study1/view1_frontal.jpg,chexpert,patient16442,dupclust_1315
train/patient16442/study7/view1_frontal.jpg,chexpert,patient16442,dupclust_1316
train/patient32504/study2/view1_frontal.jpg,chexpert,patient32504,dupclust_1317
train/patient22462/study1/view1_frontal.jpg,chexpert,patient22462,dupclust_1318
train/patient59382/study2/view1_frontal.jpg,chexpert,patient59382,dupclust_1319
train/patient59382/study1/view1_frontal.jpg,chexpert,patient59382,dupclust_1320
train/patient12259/study1/view1_frontal.jpg,chexpert,patient12259,dupclust_0
train/patient31290/study1/view1_frontal.jpg,chexpert,patient31290,dupclust_1322
train/patient39426/study3/view1_frontal.jpg,chexpert,patient39426,dupclust_0
train/patient08837/study2/view1_frontal.jpg,chexpert,patient08837,dupclust_1324
train/patient26098/study1/view1_frontal.jpg,chexpert,patient26098,dupclust_1325
train/patient14743/study1/view1_frontal.jpg,chexpert,patient14743,dupclust_0
train/patient31903/study1/view1_frontal.jpg,chexpert,patient31903,dupclust_1001
train/patient24155/study1/view1_frontal.jpg,chexpert,patient24155,dupclust_1328
train/patient37922/study1/view1_frontal.jpg,chexpert,patient37922,dupclust_0
train/patient37922/study2/view1_frontal.jpg,chexpert,patient37922,dupclust_0
train/patient27450/study1/view1_frontal.jpg,chexpert,patient27450,dupclust_0
train/patient34295/study16/view1_frontal.jpg,chexpert,patient34295,dupclust_0
train/patient02153/study5/view1_frontal.jpg,chexpert,patient02153,dupclust_1333
train/patient02153/study4/view1_frontal.jpg,chexpert,patient02153,dupclust_0
train/patient13064/study3/view1_frontal.jpg,chexpert,patient13064,dupclust_1335
train/patient29374/study1/view1_frontal.jpg,chexpert,patient29374,dupclust_0
train/patient36758/study2/view1_frontal.jpg,chexpert,patient36758,dupclust_1337
train/patient28201/study1/view1_frontal.jpg,chexpert,patient28201,dupclust_1338
train/patient49496/study2/view1_frontal.jpg,chexpert,patient49496,dupclust_1339
train/patient34903/study7/view1_frontal.jpg,chexpert,patient34903,dupclust_1340
train/patient01375/study1/view1_frontal.jpg,chexpert,patient01375,dupclust_1341
train/patient57250/study1/view1_frontal.jpg,chexpert,patient57250,dupclust_1342
train/patient38539/study6/view1_frontal.jpg,chexpert,patient38539,dupclust_0
train/patient38539/study6/view2_frontal.jpg,chexpert,patient38539,dupclust_1344
train/patient38539/study7/view1_frontal.jpg,chexpert,patient38539,dupclust_1345
train/patient12013/study4/view1_frontal.jpg,chexpert,patient12013,dupclust_1346
train/patient12013/study4/view2_frontal.jpg,chexpert,patient12013,dupclust_1347
train/patient12013/study3/view1_frontal.jpg,chexpert,patient12013,dupclust_1348
train/patient12013/study7/view1_frontal.jpg,chexpert,patient12013,dupclust_1349
train/patient12013/study5/view1_frontal.jpg,chexpert,patient12013,dupclust_1350
train/patient40514/study3/view1_frontal.jpg,chexpert,patient40514,dupclust_1351
train/patient40514/study1/view1_frontal.jpg,chexpert,patient40514,dupclust_1352
train/patient63273/study1/view1_frontal.jpg,chexpert,patient63273,dupclust_0
train/patient34742/study6/view1_frontal.jpg,chexpert,patient34742,dupclust_1354
train/patient34742/study7/view1_frontal.jpg,chexpert,patient34742,dupclust_0
train/patient36736/study1/view1_frontal.jpg,chexpert,patient36736,dupclust_0
train/patient36927/study4/view1_frontal.jpg,chexpert,patient36927,dupclust_1357
train/patient39549/study2/view1_frontal.jpg,chexpert,patient39549,dupclust_0
train/patient37003/study1/view1_frontal.jpg,chexpert,patient37003,dupclust_1359
train/patient31634/study5/view1_frontal.jpg,chexpert,patient31634,dupclust_1340
train/patient31634/study4/view1_frontal.jpg,chexpert,patient31634,dupclust_1361
train/patient31634/study6/view1_frontal.jpg,chexpert,patient31634,dupclust_0
train/patient08886/study1/view1_frontal.jpg,chexpert,patient08886,dupclust_0
train/patient58625/study3/view1_frontal.jpg,chexpert,patient58625,dupclust_793
train/patient34876/study2/view1_frontal.jpg,chexpert,patient34876,dupclust_1365
train/patient34876/study2/view2_frontal.jpg,chexpert,patient34876,dupclust_0
train/patient03419/study5/view1_frontal.jpg,chexpert,patient03419,dupclust_1367
train/patient42948/study2/view1_frontal.jpg,chexpert,patient42948,dupclust_1368
train/patient36496/study2/view1_frontal.jpg,chexpert,patient36496,dupclust_1369
train/patient63011/study1/view1_frontal.jpg,chexpert,patient63011,dupclust_0
train/patient25500/study2/view1_frontal.jpg,chexpert,patient25500,dupclust_1371
train/patient06988/study1/view1_frontal.jpg,chexpert,patient06988,dupclust_1372
train/patient22520/study26/view1_frontal.jpg,chexpert,patient22520,dupclust_1373
train/patient47293/study8/view1_frontal.jpg,chexpert,patient47293,dupclust_1374
train/patient50407/study1/view1_frontal.jpg,chexpert,patient50407,dupclust_1375
train/patient41011/study2/view1_frontal.jpg,chexpert,patient41011,dupclust_1376
train/patient14151/study1/view1_frontal.jpg,chexpert,patient14151,dupclust_1377
train/patient46817/study1/view1_frontal.jpg,chexpert,patient46817,dupclust_1378
train/patient32796/study18/view1_frontal.jpg,chexpert,patient32796,dupclust_0
train/patient33564/study1/view1_frontal.jpg,chexpert,patient33564,dupclust_0
train/patient18849/study1/view1_frontal.jpg,chexpert,patient18849,dupclust_1381
train/patient15421/study1/view1_frontal.jpg,chexpert,patient15421,dupclust_0
train/patient26640/study1/view1_frontal.jpg,chexpert,patient26640,dupclust_1383
train/patient25408/study1/view1_frontal.jpg,chexpert,patient25408,dupclust_1384
train/patient37319/study12/view1_frontal.jpg,chexpert,patient37319,dupclust_0
train/patient54294/study1/view1_frontal.jpg,chexpert,patient54294,dupclust_1386
train/patient54294/study2/view1_frontal.jpg,chexpert,patient54294,dupclust_0
train/patient02476/study21/view1_frontal.jpg,chexpert,patient02476,dupclust_0
train/patient28729/study13/view1_frontal.jpg,chexpert,patient28729,dupclust_0
train/patient28729/study14/view1_frontal.jpg,chexpert,patient28729,dupclust_0
train/patient00161/study1/view1_frontal.jpg,chexpert,patient00161,dupclust_0
train/patient47981/study3/view1_frontal.jpg,chexpert,patient47981,dupclust_1392
train/patient47981/study2/view1_frontal.jpg,chexpert,patient47981,dupclust_1393
train/patient03541/study9/view1_frontal.jpg,chexpert,patient03541,dupclust_0
train/patient09247/study1/view1_frontal.jpg,chexpert,patient09247,dupclust_1395
train/patient30543/study1/view1_frontal.jpg,chexpert,patient30543,dupclust_1396
train/patient53189/study3/view1_frontal.jpg,chexpert,patient53189,dupclust_1397
train/patient53189/study4/view1_frontal.jpg,chexpert,patient53189,dupclust_1398
train/patient03677/study1/view1_frontal.jpg,chexpert,patient03677,dupclust_0
train/patient14125/study2/view1_frontal.jpg,chexpert,patient14125,dupclust_1400
train/patient33944/study1/view1_frontal.jpg,chexpert,patient33944,dupclust_0
train/patient34745/study2/view1_frontal.jpg,chexpert,patient34745,dupclust_791
train/patient27263/study2/view1_frontal.jpg,chexpert,patient27263,dupclust_1403
train/patient27263/study4/view1_frontal.jpg,chexpert,patient27263,dupclust_0
train/patient00497/study2/view1_frontal.jpg,chexpert,patient00497,dupclust_0
train/patient08112/study14/view1_frontal.jpg,chexpert,patient08112,dupclust_1406
train/patient08112/study15/view1_frontal.jpg,chexpert,patient08112,dupclust_1407
train/patient59824/study2/view1_frontal.jpg,chexpert,patient59824,dupclust_0
train/patient39740/study3/view1_frontal.jpg,chexpert,patient39740,dupclust_1409
train/patient59550/study2/view1_frontal.jpg,chexpert,patient59550,dupclust_0
train/patient59550/study1/view1_frontal.jpg,chexpert,patient59550,dupclust_1411
train/patient27689/study4/view1_frontal.jpg,chexpert,patient27689,dupclust_1412
train/patient18716/study2/view1_frontal.jpg,chexpert,patient18716,dupclust_0
train/patient16307/study1/view1_frontal.jpg,chexpert,patient16307,dupclust_1414
train/patient14963/study2/view1_frontal.jpg,chexpert,patient14963,dupclust_0
train/patient08950/study2/view1_frontal.jpg,chexpert,patient08950,dupclust_0
train/patient48608/study1/view1_frontal.jpg,chexpert,patient48608,dupclust_1417
train/patient54830/study1/view1_frontal.jpg,chexpert,patient54830,dupclust_1418
train/patient39658/study10/view1_frontal.jpg,chexpert,patient39658,dupclust_0
train/patient39658/study11/view1_frontal.jpg,chexpert,patient39658,dupclust_1420
train/patient48887/study1/view1_frontal.jpg,chexpert,patient48887,dupclust_1421
train/patient15058/study49/view1_frontal.jpg,chexpert,patient15058,dupclust_0
train/patient27882/study1/view1_frontal.jpg,chexpert,patient27882,dupclust_0
train/patient27882/study2/view1_frontal.jpg,chexpert,patient27882,dupclust_0
train/patient35481/study1/view1_frontal.jpg,chexpert,patient35481,dupclust_1425
train/patient24224/study1/view1_frontal.jpg,chexpert,patient24224,dupclust_0
train/patient02587/study1/view1_frontal.jpg,chexpert,patient02587,dupclust_0
train/patient20324/study10/view1_frontal.jpg,chexpert,patient20324,dupclust_1428
train/patient50038/study2/view1_frontal.jpg,chexpert,patient50038,dupclust_1429
train/patient44326/study1/view1_frontal.jpg,chexpert,patient44326,dupclust_0
train/patient29608/study3/view1_frontal.jpg,chexpert,patient29608,dupclust_0
train/patient29608/study4/view1_frontal.jpg,chexpert,patient29608,dupclust_1432
train/patient05678/study4/view1_frontal.jpg,chexpert,patient05678,dupclust_1433
train/patient49825/study1/view1_frontal.jpg,chexpert,patient49825,dupclust_1434
train/patient12781/study2/view1_frontal.jpg,chexpert,patient12781,dupclust_1435
train/patient19337/study3/view1_frontal.jpg,chexpert,patient19337,dupclust_0
train/patient47459/study1/view1_frontal.jpg,chexpert,patient47459,dupclust_1437
train/patient21323/study6/view1_frontal.jpg,chexpert,patient21323,dupclust_0
train/patient21323/study5/view1_frontal.jpg,chexpert,patient21323,dupclust_1439
train/patient49113/study1/view1_frontal.jpg,chexpert,patient49113,dupclust_1440
train/patient36569/study1/view1_frontal.jpg,chexpert,patient36569,dupclust_0
train/patient20474/study7/view1_frontal.jpg,chexpert,patient20474,dupclust_0
train/patient41469/study11/view1_frontal.jpg,chexpert,patient41469,dupclust_1229
train/patient39521/study10/view1_frontal.jpg,chexpert,patient39521,dupclust_0
train/patient39521/study8/view1_frontal.jpg,chexpert,patient39521,dupclust_1445
train/patient39521/study9/view1_frontal.jpg,chexpert,patient39521,dupclust_0
train/patient34908/study15/view1_frontal.jpg,chexpert,patient34908,dupclust_0
train/patient35200/study7/view1_frontal.jpg,chexpert,patient35200,dupclust_0
train/patient24701/study1/view1_frontal.jpg,chexpert,patient24701,dupclust_0
train/patient39060/study1/view1_frontal.jpg,chexpert,patient39060,dupclust_1450
train/patient05151/study1/view1_frontal.jpg,chexpert,patient05151,dupclust_1451
train/patient22411/study1/view1_frontal.jpg,chexpert,patient22411,dupclust_0
train/patient07315/study1/view1_frontal.jpg,chexpert,patient07315,dupclust_0
train/patient42493/study1/view1_frontal.jpg,chexpert,patient42493,dupclust_1454
train/patient41568/study1/view1_frontal.jpg,chexpert,patient41568,dupclust_0
train/patient31805/study1/view1_frontal.jpg,chexpert,patient31805,dupclust_0
train/patient30222/study6/view1_frontal.jpg,chexpert,patient30222,dupclust_1457
train/patient35924/study2/view1_frontal.jpg,chexpert,patient35924,dupclust_1458
train/patient37682/study6/view1_frontal.jpg,chexpert,patient37682,dupclust_0
train/patient17111/study18/view1_frontal.jpg,chexpert,patient17111,dupclust_0
train/patient32729/study1/view1_frontal.jpg,chexpert,patient32729,dupclust_1461
train/patient11747/study2/view1_frontal.jpg,chexpert,patient11747,dupclust_1462
train/patient37925/study1/view1_frontal.jpg,chexpert,patient37925,dupclust_1463
train/patient14889/study5/view1_frontal.jpg,chexpert,patient14889,dupclust_1464
train/patient04653/study1/view1_frontal.jpg,chexpert,patient04653,dupclust_1465
train/patient41048/study1/view1_frontal.jpg,chexpert,patient41048,dupclust_0
train/patient07894/study1/view1_frontal.jpg,chexpert,patient07894,dupclust_1467
train/patient02263/study5/view1_frontal.jpg,chexpert,patient02263,dupclust_0
train/patient58254/study2/view1_frontal.jpg,chexpert,patient58254,dupclust_1469
train/patient54107/study1/view1_frontal.jpg,chexpert,patient54107,dupclust_0
train/patient54107/study1/view2_frontal.jpg,chexpert,patient54107,dupclust_1471
train/patient53709/study2/view1_frontal.jpg,chexpert,patient53709,dupclust_1472
train/patient01165/study4/view1_frontal.jpg,chexpert,patient01165,dupclust_1473
train/patient01165/study2/view1_frontal.jpg,chexpert,patient01165,dupclust_0
train/patient01165/study1/view1_frontal.jpg,chexpert,patient01165,dupclust_0
train/patient18707/study4/view1_frontal.jpg,chexpert,patient18707,dupclust_1476
train/patient59649/study1/view1_frontal.jpg,chexpert,patient59649,dupclust_1477
train/patient43863/study1/view1_frontal.jpg,chexpert,patient43863,dupclust_0
train/patient20592/study2/view1_frontal.jpg,chexpert,patient20592,dupclust_1479
train/patient13164/study7/view1_frontal.jpg,chexpert,patient13164,dupclust_0
train/patient14503/study1/view1_frontal.jpg,chexpert,patient14503,dupclust_1481
train/patient33373/study1/view1_frontal.jpg,chexpert,patient33373,dupclust_0
train/patient29216/study6/view1_frontal.jpg,chexpert,patient29216,dupclust_1483
train/patient22269/study1/view1_frontal.jpg,chexpert,patient22269,dupclust_1484
train/patient24752/study7/view1_frontal.jpg,chexpert,patient24752,dupclust_1485
train/patient13363/study1/view1_frontal.jpg,chexpert,patient13363,dupclust_0
train/patient11177/study1/view1_frontal.jpg,chexpert,patient11177,dupclust_1487
train/patient20050/study1/view1_frontal.jpg,chexpert,patient20050,dupclust_1488
train/patient23834/study1/view1_frontal.jpg,chexpert,patient23834,dupclust_0
train/patient32366/study5/view1_frontal.jpg,chexpert,patient32366,dupclust_0
train/patient04093/study2/view1_frontal.jpg,chexpert,patient04093,dupclust_0
train/patient28693/study1/view1_frontal.jpg,chexpert,patient28693,dupclust_0
train/patient24125/study7/view1_frontal.jpg,chexpert,patient24125,dupclust_1493
train/patient00825/study4/view1_frontal.jpg,chexpert,patient00825,dupclust_0
train/patient59183/study1/view1_frontal.jpg,chexpert,patient59183,dupclust_1495
train/patient38072/study1/view1_frontal.jpg,chexpert,patient38072,dupclust_1292
train/patient26941/study1/view1_frontal.jpg,chexpert,patient26941,dupclust_1497
train/patient03781/study2/view1_frontal.jpg,chexpert,patient03781,dupclust_1498
train/patient18860/study2/view1_frontal.jpg,chexpert,patient18860,dupclust_0
train/patient14092/study1/view1_frontal.jpg,chexpert,patient14092,dupclust_0
train/patient13145/study5/view1_frontal.jpg,chexpert,patient13145,dupclust_1501
train/patient13145/study4/view1_frontal.jpg,chexpert,patient13145,dupclust_1502
train/patient13145/study6/view1_frontal.jpg,chexpert,patient13145,dupclust_0
tb/tb1188.png,tbx11k,tb1188,dupclust_1504
tb/tb1179.png,tbx11k,tb1179,dupclust_0
tb/tb0880.png,tbx11k,tb0880,dupclust_0
tb/tb1042.png,tbx11k,tb1042,dupclust_1507
extra/mc+shenzhen/train/CHNCXR_0523_1.png,mc+shenzhen,CHNCXR_0523_1,dupclust_0
tb/tb0813.png,tbx11k,tb0813,dupclust_1509
tb/tb0256.png,tbx11k,tb0256,dupclust_0
tb/tb0435.png,tbx11k,tb0435,dupclust_1511
tb/tb0743.png,tbx11k,tb0743,dupclust_0
extra/mc+shenzhen/train/CHNCXR_0463_1.png,mc+shenzhen,CHNCXR_0463_1,dupclust_0
tb/tb0954.png,tbx11k,tb0954,dupclust_0
tb/tb1036.png,tbx11k,tb1036,dupclust_0
tb/tb0625.png,tbx11k,tb0625,dupclust_1516
extra/mc+shenzhen/train/CHNCXR_0589_1.png,mc+shenzhen,CHNCXR_0589_1,dupclust_0
tb/tb0654.png,tbx11k,tb0654,dupclust_128
tb/tb0552.png,tbx11k,tb0552,dupclust_0
tb/tb0865.png,tbx11k,tb0865,dupclust_1520
tb/tb1086.png,tbx11k,tb1086,dupclust_0
extra/da+db/val/px13.jpg,da+db,px13,dupclust_1522
extra/mc+shenzhen/train/CHNCXR_0399_1.png,mc+shenzhen,CHNCXR_0399_1,dupclust_0
tb/tb0755.png,tbx11k,tb0755,dupclust_0
tb/tb1059.png,tbx11k,tb1059,dupclust_0
tb/tb0882.png,tbx11k,tb0882,dupclust_0
tb/tb0805.png,tbx11k,tb0805,dupclust_1527
tb/tb1126.png,tbx11k,tb1126,dupclust_1528
extra/da+db/val/px35.jpg,da+db,px35,dupclust_0
tb/tb0540.png,tbx11k,tb0540,dupclust_0
tb/tb0520.png,tbx11k,tb0520,dupclust_1531
tb/tb0442.png,tbx11k,tb0442,dupclust_1532
tb/tb0512.png,tbx11k,tb0512,dupclust_0
extra/mc+shenzhen/train/MCUCXR_0375_1.png,mc+shenzhen,MCUCXR_0375_1,dupclust_1534
tb/tb1154.png,tbx11k,tb1154,dupclust_0
tb/tb0721.png,tbx11k,tb0721,dupclust_1536
tb/tb0535.png,tbx11k,tb0535,dupclust_0
tb/tb0202.png,tbx11k,tb0202,dupclust_1538
extra/da+db/train/px38.jpg,da+db,px38,dupclust_1539
tb/tb1037.png,tbx11k,tb1037,dupclust_0
tb/tb0175.png,tbx11k,tb0175,dupclust_0
tb/tb0777.png,tbx11k,tb0777,dupclust_1542
tb/tb1148.png,tbx11k,tb1148,dupclust_1543
extra/mc+shenzhen/val/CHNCXR_0341_1.png,mc+shenzhen,CHNCXR_0341_1,dupclust_1544
tb/tb0927.png,tbx11k,tb0927,dupclust_1545
tb/tb0056.png,tbx11k,tb0056,dupclust_0
extra/mc+shenzhen/val/CHNCXR_0506_1.png,mc+shenzhen,CHNCXR_0506_1,dupclust_0
tb/tb0107.png,tbx11k,tb0107,dupclust_0
tb/tb1113.png,tbx11k,tb1113,dupclust_0
tb/tb0962.png,tbx11k,tb0962,dupclust_0
tb/tb0890.png,tbx11k,tb0890,dupclust_0
tb/tb0608.png,tbx11k,tb0608,dupclust_168
tb/tb0639.png,tbx11k,tb0639,dupclust_0
tb/tb1131.png,tbx11k,tb1131,dupclust_0
tb/tb0154.png,tbx11k,tb0154,dupclust_0
tb/tb1004.png,tbx11k,tb1004,dupclust_0
tb/tb0125.png,tbx11k,tb0125,dupclust_0
tb/tb0795.png,tbx11k,tb0795,dupclust_0
tb/tb0644.png,tbx11k,tb0644,dupclust_0
tb/tb0870.png,tbx11k,tb0870,dupclust_1560
extra/mc+shenzhen/train/CHNCXR_0547_1.png,mc+shenzhen,CHNCXR_0547_1,dupclust_0
tb/tb0343.png,tbx11k,tb0343,dupclust_0
tb/tb0206.png,tbx11k,tb0206,dupclust_0
tb/tb0447.png,tbx11k,tb0447,dupclust_0
tb/tb0345.png,tbx11k,tb0345,dupclust_0
tb/tb1031.png,tbx11k,tb1031,dupclust_0
tb/tb1027.png,tbx11k,tb1027,dupclust_0
extra/da+db/val/p13.png,da+db,p13,dupclust_0
tb/tb0083.png,tbx11k,tb0083,dupclust_0
tb/tb0528.png,tbx11k,tb0528,dupclust_1570
extra/mc+shenzhen/train/CHNCXR_0500_1.png,mc+shenzhen,CHNCXR_0500_1,dupclust_0
tb/tb0618.png,tbx11k,tb0618,dupclust_0
tb/tb0848.png,tbx11k,tb0848,dupclust_0
extra/mc+shenzhen/train/CHNCXR_0456_1.png,mc+shenzhen,CHNCXR_0456_1,dupclust_0
tb/tb0801.png,tbx11k,tb0801,dupclust_0
tb/tb0413.png,tbx11k,tb0413,dupclust_0
extra/mc+shenzhen/train/CHNCXR_0607_1.png,mc+shenzhen,CHNCXR_0607_1,dupclust_0
extra/da+db/val/px44.jpg,da+db,px44,dupclust_1208
tb/tb0313.png,tbx11k,tb0313,dupclust_0
tb/tb0863.png,tbx11k,tb0863,dupclust_1580
extra/mc+shenzhen/train/CHNCXR_0481_1.png,mc+shenzhen,CHNCXR_0481_1,dupclust_0
tb/tb0164.png,tbx11k,tb0164,dupclust_1582
tb/tb0126.png,tbx11k,tb0126,dupclust_0
tb/tb0027.png,tbx11k,tb0027,dupclust_1584
extra/da+db/train/p17.png,da+db,p17,dupclust_1585
extra/mc+shenzhen/train/CHNCXR_0598_1.png,mc+shenzhen,CHNCXR_0598_1,dupclust_0
tb/tb0366.png,tbx11k,tb0366,dupclust_0
tb/tb0407.png,tbx11k,tb0407,dupclust_0
extra/mc+shenzhen/val/CHNCXR_0520_1.png,mc+shenzhen,CHNCXR_0520_1,dupclust_0
extra/da+db/val/p4.png,da+db,p4,dupclust_0
tb/tb0833.png,tbx11k,tb0833,dupclust_1591
tb/tb0203.png,tbx11k,tb0203,dupclust_0
tb/tb1054.png,tbx11k,tb1054,dupclust_0
extra/mc+shenzhen/train/MCUCXR_0369_1.png,mc+shenzhen,MCUCXR_0369_1,dupclust_1594
tb/tb0267.png,tbx11k,tb0267,dupclust_0
tb/tb0342.png,tbx11k,tb0342,dupclust_0
tb/tb0237.png,tbx11k,tb0237,dupclust_0
extra/mc+shenzhen/train/CHNCXR_0432_1.png,mc+shenzhen,CHNCXR_0432_1,dupclust_0
tb/tb0323.png,tbx11k,tb0323,dupclust_0
tb/tb1085.png,tbx11k,tb1085,dupclust_0
tb/tb0717.png,tbx11k,tb0717,dupclust_0
tb/tb0191.png,tbx11k,tb0191,dupclust_1602
tb/tb0068.png,tbx11k,tb0068,dupclust_0
tb/tb0733.png,tbx11k,tb0733,dupclust_0
extra/mc+shenzhen/train/CHNCXR_0552_1.png,mc+shenzhen,CHNCXR_0552_1,dupclust_0
extra/mc+shenzhen/train/CHNCXR_0423_1.png,mc+shenzhen,CHNCXR_0423_1,dupclust_1606
tb/tb0419.png,tbx11k,tb0419,dupclust_1607
tb/tb0592.png,tbx11k,tb0592,dupclust_0
extra/mc+shenzhen/train/CHNCXR_0397_1.png,mc+shenzhen,CHNCXR_0397_1,dupclust_0
extra/mc+shenzhen/train/CHNCXR_0626_1.png,mc+shenzhen,CHNCXR_0626_1,dupclust_0
tb/tb0612.png,tbx11k,tb0612,dupclust_1611
tb/tb0472.png,tbx11k,tb0472,dupclust_0
extra/mc+shenzhen/val/CHNCXR_0566_1.png,mc+shenzhen,CHNCXR_0566_1,dupclust_0
extra/mc+shenzhen/train/CHNCXR_0518_1.png,mc+shenzhen,CHNCXR_0518_1,dupclust_0
tb/tb0255.png,tbx11k,tb0255,dupclust_1615
extra/mc+shenzhen/val/CHNCXR_0449_1.png,mc+shenzhen,CHNCXR_0449_1,dupclust_0
extra/mc+shenzhen/val/CHNCXR_0433_1.png,mc+shenzhen,CHNCXR_0433_1,dupclust_0
tb/tb0966.png,tbx11k,tb0966,dupclust_1618
tb/tb0425.png,tbx11k,tb0425,dupclust_1619
extra/mc+shenzhen/val/MCUCXR_0253_1.png,mc+shenzhen,MCUCXR_0253_1,dupclust_1620
tb/tb1060.png,tbx11k,tb1060,dupclust_0
tb/tb0787.png,tbx11k,tb0787,dupclust_0
tb/tb0518.png,tbx11k,tb0518,dupclust_0
tb/tb0953.png,tbx11k,tb0953,dupclust_0
tb/tb0566.png,tbx11k,tb0566,dupclust_1625
tb/tb0212.png,tbx11k,tb0212,dupclust_0
tb/tb0790.png,tbx11k,tb0790,dupclust_0
tb/tb0498.png,tbx11k,tb0498,dupclust_0
tb/tb0514.png,tbx11k,tb0514,dupclust_1629
tb/tb0575.png,tbx11k,tb0575,dupclust_0
tb/tb0221.png,tbx11k,tb0221,dupclust_1631
tb/tb0297.png,tbx11k,tb0297,dupclust_0
tb/tb1056.png,tbx11k,tb1056,dupclust_0
tb/tb0688.png,tbx11k,tb0688,dupclust_0
extra/mc+shenzhen/train/CHNCXR_0536_1.png,mc+shenzhen,CHNCXR_0536_1,dupclust_0
tb/tb1122.png,tbx11k,tb1122,dupclust_1636
tb/tb0504.png,tbx11k,tb0504,dupclust_1637
tb/tb1011.png,tbx11k,tb1011,dupclust_0
tb/tb0018.png,tbx11k,tb0018,dupclust_0
tb/tb0867.png,tbx11k,tb0867,dupclust_0
extra/mc+shenzhen/val/CHNCXR_0327_1.png,mc+shenzhen,CHNCXR_0327_1,dupclust_0
tb/tb0287.png,tbx11k,tb0287,dupclust_1642
extra/mc+shenzhen/val/MCUCXR_0188_1.png,mc+shenzhen,MCUCXR_0188_1,dupclust_0
tb/tb0349.png,tbx11k,tb0349,dupclust_0
tb/tb0424.png,tbx11k,tb0424,dupclust_0
tb/tb0767.png,tbx11k,tb0767,dupclust_1646
tb/tb0327.png,tbx11k,tb0327,dupclust_1647
tb/tb0899.png,tbx11k,tb0899,dupclust_1648
tb/tb1192.png,tbx11k,tb1192,dupclust_1649
tb/tb0007.png,tbx11k,tb0007,dupclust_1650
tb/tb0859.png,tbx11k,tb0859,dupclust_0
extra/da+db/val/px22.jpg,da+db,px22,dupclust_0
tb/tb0831.png,tbx11k,tb0831,dupclust_0
extra/da+db/val/px17.jpg,da+db,px17,dupclust_1654
tb/tb0200.png,tbx11k,tb0200,dupclust_0
tb/tb0445.png,tbx11k,tb0445,dupclust_0
tb/tb0095.png,tbx11k,tb0095,dupclust_0
tb/tb0192.png,tbx11k,tb0192,dupclust_0
tb/tb0999.png,tbx11k,tb0999,dupclust_1659
tb/tb1034.png,tbx11k,tb1034,dupclust_1660
extra/mc+shenzhen/val/CHNCXR_0647_1.png,mc+shenzhen,CHNCXR_0647_1,dupclust_0
tb/tb0710.png,tbx11k,tb0710,dupclust_1662
extra/mc+shenzhen/val/CHNCXR_0467_1.png,mc+shenzhen,CHNCXR_0467_1,dupclust_0
tb/tb0059.png,tbx11k,tb0059,dupclust_0
tb/tb0738.png,tbx11k,tb0738,dupclust_0
extra/mc+shenzhen/train/CHNCXR_0545_1.png,mc+shenzhen,CHNCXR_0545_1,dupclust_0
tb/tb0548.png,tbx11k,tb0548,dupclust_128
tb/tb0262.png,tbx11k,tb0262,dupclust_0
extra/mc+shenzhen/val/MCUCXR_0362_1.png,mc+shenzhen,MCUCXR_0362_1,dupclust_1669
tb/tb0562.png,tbx11k,tb0562,dupclust_0
extra/mc+shenzhen/val/CHNCXR_0655_1.png,mc+shenzhen,CHNCXR_0655_1,dupclust_0
tb/tb0570.png,tbx11k,tb0570,dupclust_1672
tb/tb0420.png,tbx11k,tb0420,dupclust_1673
tb/tb0470.png,tbx11k,tb0470,dupclust_1674
tb/tb0841.png,tbx11k,tb0841,dupclust_1675
tb/tb0633.png,tbx11k,tb0633,dupclust_1676
tb/tb0545.png,tbx11k,tb0545,dupclust_1677
tb/tb1057.png,tbx11k,tb1057,dupclust_1678
extra/da+db/val/px29.jpg,da+db,px29,dupclust_0
tb/tb0205.png,tbx11k,tb0205,dupclust_0
tb/tb0075.png,tbx11k,tb0075,dupclust_0
tb/tb1019.png,tbx11k,tb1019,dupclust_0
extra/da+db/val/px3.jpg,da+db,px3,dupclust_0
tb/tb0760.png,tbx11k,tb0760,dupclust_1684
tb/tb0453.png,tbx11k,tb0453,dupclust_0
tb/tb1115.png,tbx11k,tb1115,dupclust_1686
tb/tb1133.png,tbx11k,tb1133,dupclust_1687
tb/tb0758.png,tbx11k,tb0758,dupclust_0
tb/tb0582.png,tbx11k,tb0582,dupclust_1689
tb/tb0307.png,tbx11k,tb0307,dupclust_0
tb/tb0024.png,tbx11k,tb0024,dupclust_0
tb/tb0311.png,tbx11k,tb0311,dupclust_0
extra/mc+shenzhen/train/CHNCXR_0409_1.png,mc+shenzhen,CHNCXR_0409_1,dupclust_0
tb/tb0404.png,tbx11k,tb0404,dupclust_0
tb/tb0974.png,tbx11k,tb0974,dupclust_1695
tb/tb0617.png,tbx11k,tb0617,dupclust_1696
tb/tb0235.png,tbx11k,tb0235,dupclust_1697
extra/mc+shenzhen/train/MCUCXR_0399_1.png,mc+shenzhen,MCUCXR_0399_1,dupclust_1698
extra/mc+shenzhen/val/CHNCXR_0495_1.png,mc+shenzhen,CHNCXR_0495_1,dupclust_0
tb/tb0852.png,tbx11k,tb0852,dupclust_1267
extra/mc+shenzhen/train/CHNCXR_0575_1.png,mc+shenzhen,CHNCXR_0575_1,dupclust_1701
tb/tb0429.png,tbx11k,tb0429,dupclust_0
tb/tb1032.png,tbx11k,tb1032,dupclust_0
tb/tb0163.png,tbx11k,tb0163,dupclust_1704
extra/da+db/val/p8.png,da+db,p8,dupclust_0
extra/mc+shenzhen/val/CHNCXR_0529_1.png,mc+shenzhen,CHNCXR_0529_1,dupclust_0
extra/da+db/val/px2.jpg,da+db,px2,dupclust_1707
tb/tb0943.png,tbx11k,tb0943,dupclust_1708
extra/da+db/val/px20.jpg,da+db,px20,dupclust_1709
extra/mc+shenzhen/val/CHNCXR_0385_1.png,mc+shenzhen,CHNCXR_0385_1,dupclust_0
tb/tb0719.png,tbx11k,tb0719,dupclust_0
tb/tb0960.png,tbx11k,tb0960,dupclust_1712
tb/tb0050.png,tbx11k,tb0050,dupclust_0
extra/mc+shenzhen/train/MCUCXR_0104_1.png,mc+shenzhen,MCUCXR_0104_1,dupclust_1714
tb/tb0133.png,tbx11k,tb0133,dupclust_0
tb/tb0832.png,tbx11k,tb0832,dupclust_0
tb/tb0501.png,tbx11k,tb0501,dupclust_1717
tb/tb0293.png,tbx11k,tb0293,dupclust_0
tb/tb0240.png,tbx11k,tb0240,dupclust_0
tb/tb1045.png,tbx11k,tb1045,dupclust_0
tb/tb0871.png,tbx11k,tb0871,dupclust_0
tb/tb1005.png,tbx11k,tb1005,dupclust_0
tb/tb1178.png,tbx11k,tb1178,dupclust_1723
tb/tb0672.png,tbx11k,tb0672,dupclust_1724
tb/tb0361.png,tbx11k,tb0361,dupclust_0
tb/tb0515.png,tbx11k,tb0515,dupclust_0
tb/tb1129.png,tbx11k,tb1129,dupclust_1727
tb/tb1138.png,tbx11k,tb1138,dupclust_0
tb/tb0879.png,tbx11k,tb0879,dupclust_0
tb/tb0686.png,tbx11k,tb0686,dupclust_0
tb/tb0746.png,tbx11k,tb0746,dupclust_0
tb/tb0917.png,tbx11k,tb0917,dupclust_0
tb/tb0135.png,tbx11k,tb0135,dupclust_0
tb/tb0054.png,tbx11k,tb0054,dupclust_0
tb/tb1160.png,tbx11k,tb1160,dupclust_0
extra/mc+shenzhen/val/CHNCXR_0613_1.png,mc+shenzhen,CHNCXR_0613_1,dupclust_0
extra/da+db/train/p12.png,da+db,p12,dupclust_1737
tb/tb0606.png,tbx11k,tb0606,dupclust_0
tb/tb0167.png,tbx11k,tb0167,dupclust_803
extra/mc+shenzhen/train/CHNCXR_0375_1.png,mc+shenzhen,CHNCXR_0375_1,dupclust_0
tb/tb0553.png,tbx11k,tb0553,dupclust_1741
extra/da+db/train/px5.jpg,da+db,px5,dupclust_1742
tb/tb0794.png,tbx11k,tb0794,dupclust_0
extra/mc+shenzhen/train/CHNCXR_0346_1.png,mc+shenzhen,CHNCXR_0346_1,dupclust_0
extra/mc+shenzhen/train/CHNCXR_0516_1.png,mc+shenzhen,CHNCXR_0516_1,dupclust_0
extra/mc+shenzhen/val/CHNCXR_0628_1.png,mc+shenzhen,CHNCXR_0628_1,dupclust_0
tb/tb0918.png,tbx11k,tb0918,dupclust_0
extra/da+db/train/px32.jpg,da+db,px32,dupclust_1748
extra/mc+shenzhen/train/CHNCXR_0428_1.png,mc+shenzhen,CHNCXR_0428_1,dupclust_1749
tb/tb1100.png,tbx11k,tb1100,dupclust_0
extra/mc+shenzhen/train/CHNCXR_0488_1.png,mc+shenzhen,CHNCXR_0488_1,dupclust_0
tb/tb0642.png,tbx11k,tb0642,dupclust_0
tb/tb1028.png,tbx11k,tb1028,dupclust_0
tb/tb0071.png,tbx11k,tb0071,dupclust_0
tb/tb0229.png,tbx11k,tb0229,dupclust_1755
tb/tb0742.png,tbx11k,tb0742,dupclust_1756
tb/tb0788.png,tbx11k,tb0788,dupclust_0
extra/mc+shenzhen/val/CHNCXR_0560_1.png,mc+shenzhen,CHNCXR_0560_1,dupclust_0
tb/tb0666.png,tbx11k,tb0666,dupclust_0
tb/tb0104.png,tbx11k,tb0104,dupclust_1760
tb/tb0277.png,tbx11k,tb0277,dupclust_0
tb/tb0026.png,tbx11k,tb0026,dupclust_1487
tb/tb0806.png,tbx11k,tb0806,dupclust_0
extra/mc+shenzhen/val/CHNCXR_0543_1.png,mc+shenzhen,CHNCXR_0543_1,dupclust_0
extra/da+db/val/px10.jpg,da+db,px10,dupclust_1765
tb/tb0653.png,tbx11k,tb0653,dupclust_1766
tb/tb0577.png,tbx11k,tb0577,dupclust_0
tb/tb0201.png,tbx11k,tb0201,dupclust_0
tb/tb0914.png,tbx11k,tb0914,dupclust_0
tb/tb0076.png,tbx11k,tb0076,dupclust_0
tb/tb0923.png,tbx11k,tb0923,dupclust_0
extra/mc+shenzhen/val/CHNCXR_0590_1.png,mc+shenzhen,CHNCXR_0590_1,dupclust_0
tb/tb0282.png,tbx11k,tb0282,dupclust_0
tb/tb1127.png,tbx11k,tb1127,dupclust_0
extra/da+db/train/p11.png,da+db,p11,dupclust_1775
extra/da+db/train/p6.png,da+db,p6,dupclust_0
tb/tb0103.png,tbx11k,tb0103,dupclust_0
tb/tb0893.png,tbx11k,tb0893,dupclust_1778
tb/tb0876.png,tbx11k,tb0876,dupclust_0
tb/tb0118.png,tbx11k,tb0118,dupclust_0
tb/tb0177.png,tbx11k,tb0177,dupclust_1781
tb/tb1099.png,tbx11k,tb1099,dupclust_1782
extra/mc+shenzhen/val/MCUCXR_0141_1.png,mc+shenzhen,MCUCXR_0141_1,dupclust_1783
tb/tb0732.png,tbx11k,tb0732,dupclust_0
tb/tb0427.png,tbx11k,tb0427,dupclust_0
tb/tb1194.png,tbx11k,tb1194,dupclust_1786
tb/tb0290.png,tbx11k,tb0290,dupclust_1787
tb/tb1018.png,tbx11k,tb1018,dupclust_1788
tb/tb0079.png,tbx11k,tb0079,dupclust_1789
tb/tb0849.png,tbx11k,tb0849,dupclust_1790
extra/da+db/train/p22.png,da+db,p22,dupclust_0
tb/tb1010.png,tbx11k,tb1010,dupclust_128
extra/mc+shenzhen/val/CHNCXR_0383_1.png,mc+shenzhen,CHNCXR_0383_1,dupclust_0
tb/tb1104.png,tbx11k,tb1104,dupclust_1794
extra/mc+shenzhen/train/CHNCXR_0438_1.png,mc+shenzhen,CHNCXR_0438_1,dupclust_0
tb/tb0292.png,tbx11k,tb0292,dupclust_1796
tb/tb0951.png,tbx11k,tb0951,dupclust_0
tb/tb0711.png,tbx11k,tb0711,dupclust_0
tb/tb1013.png,tbx11k,tb1013,dupclust_0
tb/tb1012.png,tbx11k,tb1012,dupclust_1800
tb/tb1136.png,tbx11k,tb1136,dupclust_0
tb/tb0609.png,tbx11k,tb0609,dupclust_1802
extra/mc+shenzhen/train/CHNCXR_0374_1.png,mc+shenzhen,CHNCXR_0374_1,dupclust_0
extra/mc+shenzhen/train/CHNCXR_0606_1.png,mc+shenzhen,CHNCXR_0606_1,dupclust_1804
tb/tb0270.png,tbx11k,tb0270,dupclust_1805
extra/mc+shenzhen/val/CHNCXR_0363_1.png,mc+shenzhen,CHNCXR_0363_1,dupclust_0
tb/tb0762.png,tbx11k,tb0762,dupclust_1807
tb/tb0826.png,tbx11k,tb0826,dupclust_1808
tb/tb0029.png,tbx11k,tb0029,dupclust_0
extra/mc+shenzhen/val/CHNCXR_0558_1.png,mc+shenzhen,CHNCXR_0558_1,dupclust_0
tb/tb0009.png,tbx11k,tb0009,dupclust_0
tb/tb0315.png,tbx11k,tb0315,dupclust_0
tb/tb0063.png,tbx11k,tb0063,dupclust_0
tb/tb0751.png,tbx11k,tb0751,dupclust_0
tb/tb0032.png,tbx11k,tb0032,dupclust_0
tb/tb0285.png,tbx11k,tb0285,dupclust_0
tb/tb0858.png,tbx11k,tb0858,dupclust_0
tb/tb0332.png,tbx11k,tb0332,dupclust_1818
tb/tb0792.png,tbx11k,tb0792,dupclust_0
extra/da+db/val/px30.jpg,da+db,px30,dupclust_0
tb/tb0326.png,tbx11k,tb0326,dupclust_0
extra/mc+shenzhen/val/CHNCXR_0355_1.png,mc+shenzhen,CHNCXR_0355_1,dupclust_0
tb/tb0934.png,tbx11k,tb0934,dupclust_0
tb/tb0895.png,tbx11k,tb0895,dupclust_0
extra/mc+shenzhen/train/CHNCXR_0403_1.png,mc+shenzhen,CHNCXR_0403_1,dupclust_0
tb/tb0166.png,tbx11k,tb0166,dupclust_0
tb/tb1093.png,tbx11k,tb1093,dupclust_0
extra/da+db/val/px6.jpg,da+db,px6,dupclust_1828
tb/tb0434.png,tbx11k,tb0434,dupclust_0
tb/tb0695.png,tbx11k,tb0695,dupclust_1830
tb/tb1082.png,tbx11k,tb1082,dupclust_0
tb/tb0749.png,tbx11k,tb0749,dupclust_0
tb/tb0294.png,tbx11k,tb0294,dupclust_0
tb/tb0797.png,tbx11k,tb0797,dupclust_1834
tb/tb0274.png,tbx11k,tb0274,dupclust_1835
extra/da+db/val/px48.jpg,da+db,px48,dupclust_0
tb/tb0668.png,tbx11k,tb0668,dupclust_0
tb/tb0184.png,tbx11k,tb0184,dupclust_1838
extra/mc+shenzhen/train/CHNCXR_0645_1.png,mc+shenzhen,CHNCXR_0645_1,dupclust_0
extra/mc+shenzhen/train/CHNCXR_0471_1.png,mc+shenzhen,CHNCXR_0471_1,dupclust_0
extra/mc+shenzhen/val/CHNCXR_0508_1.png,mc+shenzhen,CHNCXR_0508_1,dupclust_1841
tb/tb0080.png,tbx11k,tb0080,dupclust_0
extra/mc+shenzhen/val/CHNCXR_0592_1.png,mc+shenzhen,CHNCXR_0592_1,dupclust_0
tb/tb0283.png,tbx11k,tb0283,dupclust_1844
tb/tb0047.png,tbx11k,tb0047,dupclust_0
tb/tb0088.png,tbx11k,tb0088,dupclust_0
tb/tb0322.png,tbx11k,tb0322,dupclust_1847
extra/mc+shenzhen/val/CHNCXR_0658_1.png,mc+shenzhen,CHNCXR_0658_1,dupclust_0
tb/tb0260.png,tbx11k,tb0260,dupclust_0
tb/tb0964.png,tbx11k,tb0964,dupclust_1850
tb/tb0897.png,tbx11k,tb0897,dupclust_0
extra/da+db/train/px19.jpg,da+db,px19,dupclust_0
tb/tb0228.png,tbx11k,tb0228,dupclust_0
tb/tb0066.png,tbx11k,tb0066,dupclust_0
tb/tb0684.png,tbx11k,tb0684,dupclust_0
tb/tb0317.png,tbx11k,tb0317,dupclust_0
tb/tb0898.png,tbx11k,tb0898,dupclust_1857
tb/tb0443.png,tbx11k,tb0443,dupclust_1858
extra/mc+shenzhen/train/CHNCXR_0597_1.png,mc+shenzhen,CHNCXR_0597_1,dupclust_0
tb/tb0607.png,tbx11k,tb0607,dupclust_0
tb/tb0042.png,tbx11k,tb0042,dupclust_0
tb/tb0132.png,tbx11k,tb0132,dupclust_0
tb/tb0678.png,tbx11k,tb0678,dupclust_0
tb/tb0250.png,tbx11k,tb0250,dupclust_0
tb/tb1022.png,tbx11k,tb1022,dupclust_0
tb/tb0449.png,tbx11k,tb0449,dupclust_1866
tb/tb0324.png,tbx11k,tb0324,dupclust_0
tb/tb0128.png,tbx11k,tb0128,dupclust_1868
extra/mc+shenzhen/val/CHNCXR_0412_1.png,mc+shenzhen,CHNCXR_0412_1,dupclust_0
tb/tb0660.png,tbx11k,tb0660,dupclust_0
extra/da+db/train/px4.jpg,da+db,px4,dupclust_1871
extra/mc+shenzhen/train/MCUCXR_0352_1.png,mc+shenzhen,MCUCXR_0352_1,dupclust_1872
tb/tb0664.png,tbx11k,tb0664,dupclust_1873
tb/tb0581.png,tbx11k,tb0581,dupclust_0
tb/tb0124.png,tbx11k,tb0124,dupclust_0
tb/tb0305.png,tbx11k,tb0305,dupclust_0
tb/tb0234.png,tbx11k,tb0234,dupclust_0
extra/mc+shenzhen/val/CHNCXR_0466_1.png,mc+shenzhen,CHNCXR_0466_1,dupclust_0
tb/tb0622.png,tbx11k,tb0622,dupclust_0
tb/tb0713.png,tbx11k,tb0713,dupclust_0
extra/da+db/val/p10.png,da+db,p10,dupclust_1881
tb/tb0843.png,tbx11k,tb0843,dupclust_1882
tb/tb0816.png,tbx11k,tb0816,dupclust_0
extra/mc+shenzhen/val/CHNCXR_0519_1.png,mc+shenzhen,CHNCXR_0519_1,dupclust_0
tb/tb0365.png,tbx11k,tb0365,dupclust_0
tb/tb1029.png,tbx11k,tb1029,dupclust_1886
extra/da+db/val/px15.jpg,da+db,px15,dupclust_1887
tb/tb0715.png,tbx11k,tb0715,dupclust_0
extra/mc+shenzhen/train/CHNCXR_0564_1.png,mc+shenzhen,CHNCXR_0564_1,dupclust_0
tb/tb0887.png,tbx11k,tb0887,dupclust_0
tb/tb1075.png,tbx11k,tb1075,dupclust_0
extra/mc+shenzhen/val/MCUCXR_0255_1.png,mc+shenzhen,MCUCXR_0255_1,dupclust_0
tb/tb0049.png,tbx11k,tb0049,dupclust_0
tb/tb0330.png,tbx11k,tb0330,dupclust_0
tb/tb1006.png,tbx11k,tb1006,dupclust_0
tb/tb0985.png,tbx11k,tb0985,dupclust_1896
tb/tb0621.png,tbx11k,tb0621,dupclust_0
tb/tb1073.png,tbx11k,tb1073,dupclust_0
tb/tb0364.png,tbx11k,tb0364,dupclust_0
extra/mc+shenzhen/val/CHNCXR_0390_1.png,mc+shenzhen,CHNCXR_0390_1,dupclust_0
tb/tb0965.png,tbx11k,tb0965,dupclust_1901
tb/tb0693.png,tbx11k,tb0693,dupclust_0
tb/tb0527.png,tbx11k,tb0527,dupclust_0
tb/tb0085.png,tbx11k,tb0085,dupclust_0
tb/tb0286.png,tbx11k,tb0286,dupclust_0
extra/da+db/train/p1.png,da+db,p1,dupclust_1906
tb/tb0352.png,tbx11k,tb0352,dupclust_0
tb/tb0216.png,tbx11k,tb0216,dupclust_0
tb/tb0380.png,tbx11k,tb0380,dupclust_1909
tb/tb0619.png,tbx11k,tb0619,dupclust_0
tb/tb0543.png,tbx11k,tb0543,dupclust_0
extra/mc+shenzhen/train/CHNCXR_0638_1.png,mc+shenzhen,CHNCXR_0638_1,dupclust_0
tb/tb0945.png,tbx11k,tb0945,dupclust_0
extra/mc+shenzhen/train/CHNCXR_0419_1.png,mc+shenzhen,CHNCXR_0419_1,dupclust_0
tb/tb1000.png,tbx11k,tb1000,dupclust_1915
tb/tb0386.png,tbx11k,tb0386,dupclust_1916
extra/mc+shenzhen/train/CHNCXR_0580_1.png,mc+shenzhen,CHNCXR_0580_1,dupclust_0
tb/tb0006.png,tbx11k,tb0006,dupclust_0
tb/tb0907.png,tbx11k,tb0907,dupclust_0
tb/tb0970.png,tbx11k,tb0970,dupclust_0
tb/tb0860.png,tbx11k,tb0860,dupclust_0
tb/tb0409.png,tbx11k,tb0409,dupclust_0
tb/tb0824.png,tbx11k,tb0824,dupclust_0
tb/tb0134.png,tbx11k,tb0134,dupclust_0
tb/tb0821.png,tbx11k,tb0821,dupclust_1925
tb/tb0900.png,tbx11k,tb0900,dupclust_0
extra/mc+shenzhen/val/CHNCXR_0356_1.png,mc+shenzhen,CHNCXR_0356_1,dupclust_0
tb/tb0193.png,tbx11k,tb0193,dupclust_0
extra/mc+shenzhen/train/CHNCXR_0615_1.png,mc+shenzhen,CHNCXR_0615_1,dupclust_0
extra/da+db/val/px1.jpg,da+db,px1,dupclust_1930
tb/tb0073.png,tbx11k,tb0073,dupclust_1796
tb/tb1043.png,tbx11k,tb1043,dupclust_1932
extra/da+db/train/px7.jpg,da+db,px7,dupclust_1933
tb/tb0950.png,tbx11k,tb0950,dupclust_0
tb/tb0955.png,tbx11k,tb0955,dupclust_0
tb/tb0383.png,tbx11k,tb0383,dupclust_1936
tb/tb0275.png,tbx11k,tb0275,dupclust_0
tb/tb1123.png,tbx11k,tb1123,dupclust_1938
tb/tb0147.png,tbx11k,tb0147,dupclust_1939
extra/mc+shenzhen/train/MCUCXR_0162_1.png,mc+shenzhen,MCUCXR_0162_1,dupclust_0
tb/tb0659.png,tbx11k,tb0659,dupclust_0
tb/tb0690.png,tbx11k,tb0690,dupclust_1942
tb/tb0587.png,tbx11k,tb0587,dupclust_1943
tb/tb0495.png,tbx11k,tb0495,dupclust_1944
tb/tb1017.png,tbx11k,tb1017,dupclust_0
extra/da+db/val/px14.jpg,da+db,px14,dupclust_1946
tb/tb0362.png,tbx11k,tb0362,dupclust_0
tb/tb0418.png,tbx11k,tb0418,dupclust_0
tb/tb0888.png,tbx11k,tb0888,dupclust_1949
extra/da+db/train/px16.jpg,da+db,px16,dupclust_1950
tb/tb0090.png,tbx11k,tb0090,dupclust_0
tb/tb0942.png,tbx11k,tb0942,dupclust_0
extra/mc+shenzhen/train/CHNCXR_0359_1.png,mc+shenzhen,CHNCXR_0359_1,dupclust_1953
tb/tb0459.png,tbx11k,tb0459,dupclust_0
tb/tb0355.png,tbx11k,tb0355,dupclust_0
extra/da+db/val/px39.jpg,da+db,px39,dupclust_1956
tb/tb0465.png,tbx11k,tb0465,dupclust_1957
tb/tb0069.png,tbx11k,tb0069,dupclust_0
tb/tb1096.png,tbx11k,tb1096,dupclust_0
tb/tb0100.png,tbx11k,tb0100,dupclust_1960
tb/tb1162.png,tbx11k,tb1162,dupclust_0
tb/tb0851.png,tbx11k,tb0851,dupclust_0
tb/tb1003.png,tbx11k,tb1003,dupclust_0
tb/tb1064.png,tbx11k,tb1064,dupclust_1139
tb/tb0720.png,tbx11k,tb0720,dupclust_0
tb/tb0783.png,tbx11k,tb0783,dupclust_1966
tb/tb0837.png,tbx11k,tb0837,dupclust_0
tb/tb0909.png,tbx11k,tb0909,dupclust_0
tb/tb0137.png,tbx11k,tb0137,dupclust_0
extra/mc+shenzhen/train/CHNCXR_0637_1.png,mc+shenzhen,CHNCXR_0637_1,dupclust_0
extra/mc+shenzhen/val/CHNCXR_0376_1.png,mc+shenzhen,CHNCXR_0376_1,dupclust_0
tb/tb0456.png,tbx11k,tb0456,dupclust_0
tb/tb0174.png,tbx11k,tb0174,dupclust_1973
tb/tb0542.png,tbx11k,tb0542,dupclust_0
tb/tb0702.png,tbx11k,tb0702,dupclust_0
tb/tb1008.png,tbx11k,tb1008,dupclust_0
extra/mc+shenzhen/train/MCUCXR_0243_1.png,mc+shenzhen,MCUCXR_0243_1,dupclust_0
tb/tb0299.png,tbx11k,tb0299,dupclust_1978
extra/mc+shenzhen/val/CHNCXR_0571_1.png,mc+shenzhen,CHNCXR_0571_1,dupclust_0
tb/tb0433.png,tbx11k,tb0433,dupclust_0
tb/tb0729.png,tbx11k,tb0729,dupclust_0
tb/tb0647.png,tbx11k,tb0647,dupclust_1982
tb/tb0077.png,tbx11k,tb0077,dupclust_1983
extra/mc+shenzhen/train/MCUCXR_0275_1.png,mc+shenzhen,MCUCXR_0275_1,dupclust_0
tb/tb0353.png,tbx11k,tb0353,dupclust_1985
extra/mc+shenzhen/val/CHNCXR_0492_1.png,mc+shenzhen,CHNCXR_0492_1,dupclust_0
extra/da+db/val/p21.png,da+db,p21,dupclust_1987
extra/mc+shenzhen/train/CHNCXR_0562_1.png,mc+shenzhen,CHNCXR_0562_1,dupclust_0
tb/tb0576.png,tbx11k,tb0576,dupclust_0
tb/tb0929.png,tbx11k,tb0929,dupclust_1990
tb/tb1181.png,tbx11k,tb1181,dupclust_0
tb/tb0716.png,tbx11k,tb0716,dupclust_0
tb/tb0555.png,tbx11k,tb0555,dupclust_0
tb/tb0493.png,tbx11k,tb0493,dupclust_0
tb/tb1197.png,tbx11k,tb1197,dupclust_0
tb/tb1120.png,tbx11k,tb1120,dupclust_0
extra/mc+shenzhen/train/CHNCXR_0605_1.png,mc+shenzhen,CHNCXR_0605_1,dupclust_0
extra/mc+shenzhen/train/CHNCXR_0339_1.png,mc+shenzhen,CHNCXR_0339_1,dupclust_0
tb/tb0920.png,tbx11k,tb0920,dupclust_0
extra/mc+shenzhen/val/CHNCXR_0421_1.png,mc+shenzhen,CHNCXR_0421_1,dupclust_0
tb/tb1114.png,tbx11k,tb1114,dupclust_0
tb/tb0484.png,tbx11k,tb0484,dupclust_0
tb/tb1047.png,tbx11k,tb1047,dupclust_2003
tb/tb0479.png,tbx11k,tb0479,dupclust_0
tb/tb0616.png,tbx11k,tb0616,dupclust_0
tb/tb0754.png,tbx11k,tb0754,dupclust_0
extra/mc+shenzhen/train/CHNCXR_0357_1.png,mc+shenzhen,CHNCXR_0357_1,dupclust_0
tb/tb0406.png,tbx11k,tb0406,dupclust_0
tb/tb1183.png,tbx11k,tb1183,dupclust_1942
extra/da+db/val/px50.jpg,da+db,px50,dupclust_2010
tb/tb1152.png,tbx11k,tb1152,dupclust_2011
tb/tb0040.png,tbx11k,tb0040,dupclust_0
extra/da+db/train/px37.jpg,da+db,px37,dupclust_2013
tb/tb0506.png,tbx11k,tb0506,dupclust_0
tb/tb1143.png,tbx11k,tb1143,dupclust_2015
extra/da+db/val/px49.jpg,da+db,px49,dupclust_0
tb/tb0925.png,tbx11k,tb0925,dupclust_0
tb/tb0289.png,tbx11k,tb0289,dupclust_0
tb/tb0373.png,tbx11k,tb0373,dupclust_0
extra/mc+shenzhen/train/CHNCXR_0642_1.png,mc+shenzhen,CHNCXR_0642_1,dupclust_0
tb/tb0726.png,tbx11k,tb0726,dupclust_0
tb/tb0478.png,tbx11k,tb0478,dupclust_0
tb/tb0269.png,tbx11k,tb0269,dupclust_2023
tb/tb0388.png,tbx11k,tb0388,dupclust_2024
tb/tb1116.png,tbx11k,tb1116,dupclust_0
tb/tb0529.png,tbx11k,tb0529,dupclust_0
tb/tb0251.png,tbx11k,tb0251,dupclust_0
tb/tb0846.png,tbx11k,tb0846,dupclust_0
extra/mc+shenzhen/val/MCUCXR_0331_1.png,mc+shenzhen,MCUCXR_0331_1,dupclust_0
tb/tb0584.png,tbx11k,tb0584,dupclust_2030
tb/tb0019.png,tbx11k,tb0019,dupclust_0
tb/tb0980.png,tbx11k,tb0980,dupclust_2032
tb/tb0226.png,tbx11k,tb0226,dupclust_0
extra/mc+shenzhen/val/MCUCXR_0194_1.png,mc+shenzhen,MCUCXR_0194_1,dupclust_0
extra/mc+shenzhen/train/CHNCXR_0473_1.png,mc+shenzhen,CHNCXR_0473_1,dupclust_0
tb/tb0919.png,tbx11k,tb0919,dupclust_0
extra/mc+shenzhen/val/CHNCXR_0347_1.png,mc+shenzhen,CHNCXR_0347_1,dupclust_0
tb/tb0961.png,tbx11k,tb0961,dupclust_0
tb/tb1196.png,tbx11k,tb1196,dupclust_0
tb/tb1078.png,tbx11k,tb1078,dupclust_0
tb/tb0822.png,tbx11k,tb0822,dupclust_0
tb/tb0864.png,tbx11k,tb0864,dupclust_0
tb/tb0765.png,tbx11k,tb0765,dupclust_0
tb/tb0136.png,tbx11k,tb0136,dupclust_1646
tb/tb0114.png,tbx11k,tb0114,dupclust_0
tb/tb0796.png,tbx11k,tb0796,dupclust_0
tb/tb0537.png,tbx11k,tb0537,dupclust_0
tb/tb0875.png,tbx11k,tb0875,dupclust_0
tb/tb0591.png,tbx11k,tb0591,dupclust_0
tb/tb0319.png,tbx11k,tb0319,dupclust_2050
tb/tb0567.png,tbx11k,tb0567,dupclust_0
tb/tb1137.png,tbx11k,tb1137,dupclust_0
tb/tb0500.png,tbx11k,tb0500,dupclust_0
tb/tb0921.png,tbx11k,tb0921,dupclust_2054
tb/tb0081.png,tbx11k,tb0081,dupclust_0
tb/tb0982.png,tbx11k,tb0982,dupclust_2056
tb/tb0084.png,tbx11k,tb0084,dupclust_2057
tb/tb0631.png,tbx11k,tb0631,dupclust_0
tb/tb0475.png,tbx11k,tb0475,dupclust_0
tb/tb0266.png,tbx11k,tb0266,dupclust_0
tb/tb0981.png,tbx11k,tb0981,dupclust_2061
tb/tb0784.png,tbx11k,tb0784,dupclust_0
tb/tb0129.png,tbx11k,tb0129,dupclust_0
tb/tb1105.png,tbx11k,tb1105,dupclust_0
tb/tb0776.png,tbx11k,tb0776,dupclust_2065
tb/tb0662.png,tbx11k,tb0662,dupclust_0
tb/tb0734.png,tbx11k,tb0734,dupclust_0
tb/tb0637.png,tbx11k,tb0637,dupclust_2068
tb/tb0196.png,tbx11k,tb0196,dupclust_0
tb/tb0601.png,tbx11k,tb0601,dupclust_2070
tb/tb0539.png,tbx11k,tb0539,dupclust_0
tb/tb0997.png,tbx11k,tb0997,dupclust_0
tb/tb1112.png,tbx11k,tb1112,dupclust_0
extra/mc+shenzhen/train/CHNCXR_0445_1.png,mc+shenzhen,CHNCXR_0445_1,dupclust_0
tb/tb0392.png,tbx11k,tb0392,dupclust_2075
tb/tb0595.png,tbx11k,tb0595,dupclust_0
extra/mc+shenzhen/val/CHNCXR_0504_1.png,mc+shenzhen,CHNCXR_0504_1,dupclust_0
extra/mc+shenzhen/train/CHNCXR_0469_1.png,mc+shenzhen,CHNCXR_0469_1,dupclust_0
tb/tb0679.png,tbx11k,tb0679,dupclust_0
tb/tb1165.png,tbx11k,tb1165,dupclust_2080
tb/tb0467.png,tbx11k,tb0467,dupclust_0
tb/tb1150.png,tbx11k,tb1150,dupclust_0
tb/tb0594.png,tbx11k,tb0594,dupclust_962
tb/tb0194.png,tbx11k,tb0194,dupclust_2084
extra/mc+shenzhen/train/CHNCXR_0454_1.png,mc+shenzhen,CHNCXR_0454_1,dupclust_0
tb/tb0931.png,tbx11k,tb0931,dupclust_2086
extra/mc+shenzhen/train/CHNCXR_0442_1.png,mc+shenzhen,CHNCXR_0442_1,dupclust_0
tb/tb0374.png,tbx11k,tb0374,dupclust_0
tb/tb0968.png,tbx11k,tb0968,dupclust_2089
tb/tb0004.png,tbx11k,tb0004,dupclust_0
extra/mc+shenzhen/val/CHNCXR_0461_1.png,mc+shenzhen,CHNCXR_0461_1,dupclust_0
tb/tb0242.png,tbx11k,tb0242,dupclust_0
extra/da+db/train/p2.png,da+db,p2,dupclust_2093
tb/tb0759.png,tbx11k,tb0759,dupclust_0
tb/tb0881.png,tbx11k,tb0881,dupclust_0
extra/mc+shenzhen/val/CHNCXR_0367_1.png,mc+shenzhen,CHNCXR_0367_1,dupclust_0
extra/da+db/train/px18.jpg,da+db,px18,dupclust_2097
tb/tb0526.png,tbx11k,tb0526,dupclust_0
tb/tb0571.png,tbx11k,tb0571,dupclust_0
tb/tb0463.png,tbx11k,tb0463,dupclust_0
tb/tb1050.png,tbx11k,tb1050,dupclust_0
extra/da+db/val/p20.png,da+db,p20,dupclust_2102
tb/tb0284.png,tbx11k,tb0284,dupclust_2103
tb/tb0554.png,tbx11k,tb0554,dupclust_0
tb/tb0271.png,tbx11k,tb0271,dupclust_2105
extra/mc+shenzhen/train/CHNCXR_0332_1.png,mc+shenzhen,CHNCXR_0332_1,dupclust_0
tb/tb0786.png,tbx11k,tb0786,dupclust_0
extra/da+db/val/p9.png,da+db,p9,dupclust_2108
extra/da+db/train/px31.jpg,da+db,px31,dupclust_2109
tb/tb0700.png,tbx11k,tb0700,dupclust_0
tb/tb0725.png,tbx11k,tb0725,dupclust_0
tb/tb1166.png,tbx11k,tb1166,dupclust_2112
extra/mc+shenzhen/val/CHNCXR_0513_1.png,mc+shenzhen,CHNCXR_0513_1,dupclust_0
tb/tb0199.png,tbx11k,tb0199,dupclust_2114
extra/mc+shenzhen/val/CHNCXR_0514_1.png,mc+shenzhen,CHNCXR_0514_1,dupclust_0
extra/da+db/train/p16.png,da+db,p16,dupclust_2116
tb/tb1055.png,tbx11k,tb1055,dupclust_0
tb/tb0372.png,tbx11k,tb0372,dupclust_2118
extra/mc+shenzhen/val/MCUCXR_0117_1.png,mc+shenzhen,MCUCXR_0117_1,dupclust_2119
tb/tb0814.png,tbx11k,tb0814,dupclust_2120
tb/tb1041.png,tbx11k,tb1041,dupclust_0
tb/tb0496.png,tbx11k,tb0496,dupclust_0
tb/tb0389.png,tbx11k,tb0389,dupclust_0
extra/da+db/val/px36.jpg,da+db,px36,dupclust_2124
extra/mc+shenzhen/val/CHNCXR_0643_1.png,mc+shenzhen,CHNCXR_0643_1,dupclust_0
tb/tb1124.png,tbx11k,tb1124,dupclust_0
extra/mc+shenzhen/train/MCUCXR_0196_1.png,mc+shenzhen,MCUCXR_0196_1,dupclust_2127
tb/tb0390.png,tbx11k,tb0390,dupclust_0
tb/tb0309.png,tbx11k,tb0309,dupclust_2129
extra/mc+shenzhen/train/CHNCXR_0426_1.png,mc+shenzhen,CHNCXR_0426_1,dupclust_0
tb/tb1180.png,tbx11k,tb1180,dupclust_2131
tb/tb0223.png,tbx11k,tb0223,dupclust_0
extra/mc+shenzhen/val/CHNCXR_0616_1.png,mc+shenzhen,CHNCXR_0616_1,dupclust_0
tb/tb1108.png,tbx11k,tb1108,dupclust_0
tb/tb1158.png,tbx11k,tb1158,dupclust_0
extra/mc+shenzhen/train/CHNCXR_0579_1.png,mc+shenzhen,CHNCXR_0579_1,dupclust_0
tb/tb0823.png,tbx11k,tb0823,dupclust_0
tb/tb0586.png,tbx11k,tb0586,dupclust_0
extra/mc+shenzhen/val/CHNCXR_0476_1.png,mc+shenzhen,CHNCXR_0476_1,dupclust_0
tb/tb0142.png,tbx11k,tb0142,dupclust_0
extra/mc+shenzhen/val/MCUCXR_0258_1.png,mc+shenzhen,MCUCXR_0258_1,dupclust_2141
tb/tb0244.png,tbx11k,tb0244,dupclust_0
tb/tb0596.png,tbx11k,tb0596,dupclust_0
tb/tb0773.png,tbx11k,tb0773,dupclust_0
tb/tb1132.png,tbx11k,tb1132,dupclust_2145
tb/tb0232.png,tbx11k,tb0232,dupclust_0
extra/da+db/train/px52.jpg,da+db,px52,dupclust_2147
tb/tb0329.png,tbx11k,tb0329,dupclust_2148
extra/mc+shenzhen/val/CHNCXR_0342_1.png,mc+shenzhen,CHNCXR_0342_1,dupclust_0
tb/tb0209.png,tbx11k,tb0209,dupclust_0
tb/tb0598.png,tbx11k,tb0598,dupclust_2151
tb/tb1191.png,tbx11k,tb1191,dupclust_0
extra/da+db/train/px28.jpg,da+db,px28,dupclust_2153
tb/tb0033.png,tbx11k,tb0033,dupclust_2154
tb/tb0280.png,tbx11k,tb0280,dupclust_0
extra/mc+shenzhen/val/CHNCXR_0535_1.png,mc+shenzhen,CHNCXR_0535_1,dupclust_0
tb/tb0378.png,tbx11k,tb0378,dupclust_2157
tb/tb0680.png,tbx11k,tb0680,dupclust_2158
tb/tb0190.png,tbx11k,tb0190,dupclust_2159
tb/tb0636.png,tbx11k,tb0636,dupclust_0
tb/tb0356.png,tbx11k,tb0356,dupclust_2161
tb/tb0533.png,tbx11k,tb0533,dupclust_0
extra/da+db/val/px33.jpg,da+db,px33,dupclust_2163
extra/mc+shenzhen/train/CHNCXR_0430_1.png,mc+shenzhen,CHNCXR_0430_1,dupclust_2164
tb/tb0643.png,tbx11k,tb0643,dupclust_0
extra/mc+shenzhen/train/MCUCXR_0311_1.png,mc+shenzhen,MCUCXR_0311_1,dupclust_2166
extra/mc+shenzhen/val/CHNCXR_0381_1.png,mc+shenzhen,CHNCXR_0381_1,dupclust_0
extra/mc+shenzhen/val/CHNCXR_0404_1.png,mc+shenzhen,CHNCXR_0404_1,dupclust_0
tb/tb0829.png,tbx11k,tb0829,dupclust_0
tb/tb0902.png,tbx11k,tb0902,dupclust_2170
tb/tb0150.png,tbx11k,tb0150,dupclust_0
tb/tb0862.png,tbx11k,tb0862,dupclust_0
tb/tb0583.png,tbx11k,tb0583,dupclust_2173
tb/tb0017.png,tbx11k,tb0017,dupclust_0
tb/tb0799.png,tbx11k,tb0799,dupclust_0
extra/mc+shenzhen/val/CHNCXR_0425_1.png,mc+shenzhen,CHNCXR_0425_1,dupclust_0
tb/tb1174.png,tbx11k,tb1174,dupclust_0
tb/tb0995.png,tbx11k,tb0995,dupclust_2178
tb/tb1068.png,tbx11k,tb1068,dupclust_0
tb/tb0089.png,tbx11k,tb0089,dupclust_0
tb/tb0963.png,tbx11k,tb0963,dupclust_0
tb/tb0098.png,tbx11k,tb0098,dupclust_2182
tb/tb0337.png,tbx11k,tb0337,dupclust_1858
tb/tb0983.png,tbx11k,tb0983,dupclust_0
tb/tb0804.png,tbx11k,tb0804,dupclust_0
tb/tb1102.png,tbx11k,tb1102,dupclust_2186
tb/tb1070.png,tbx11k,tb1070,dupclust_0
tb/tb0628.png,tbx11k,tb0628,dupclust_2188
extra/mc+shenzhen/val/CHNCXR_0411_1.png,mc+shenzhen,CHNCXR_0411_1,dupclust_0
extra/mc+shenzhen/train/CHNCXR_0619_1.png,mc+shenzhen,CHNCXR_0619_1,dupclust_0
tb/tb0153.png,tbx11k,tb0153,dupclust_2191
extra/mc+shenzhen/val/CHNCXR_0641_1.png,mc+shenzhen,CHNCXR_0641_1,dupclust_0
tb/tb0045.png,tbx11k,tb0045,dupclust_2193
extra/mc+shenzhen/train/CHNCXR_0632_1.png,mc+shenzhen,CHNCXR_0632_1,dupclust_0
tb/tb0505.png,tbx11k,tb0505,dupclust_0
extra/mc+shenzhen/val/MCUCXR_0367_1.png,mc+shenzhen,MCUCXR_0367_1,dupclust_2196
extra/mc+shenzhen/train/CHNCXR_0510_1.png,mc+shenzhen,CHNCXR_0510_1,dupclust_0
tb/tb0978.png,tbx11k,tb0978,dupclust_0
tb/tb0096.png,tbx11k,tb0096,dupclust_1942
tb/tb1173.png,tbx11k,tb1173,dupclust_0
tb/tb0603.png,tbx11k,tb0603,dupclust_0
tb/tb1079.png,tbx11k,tb1079,dupclust_2202
tb/tb0844.png,tbx11k,tb0844,dupclust_0
tb/tb0663.png,tbx11k,tb0663,dupclust_0
tb/tb0170.png,tbx11k,tb0170,dupclust_0
tb/tb1052.png,tbx11k,tb1052,dupclust_0
extra/mc+shenzhen/train/CHNCXR_0378_1.png,mc+shenzhen,CHNCXR_0378_1,dupclust_0
tb/tb0417.png,tbx11k,tb0417,dupclust_0
extra/da+db/train/px23.jpg,da+db,px23,dupclust_0
tb/tb0908.png,tbx11k,tb0908,dupclust_0
tb/tb1106.png,tbx11k,tb1106,dupclust_0
extra/mc+shenzhen/val/MCUCXR_0316_1.png,mc+shenzhen,MCUCXR_0316_1,dupclust_2212
tb/tb0377.png,tbx11k,tb0377,dupclust_2213
tb/tb0398.png,tbx11k,tb0398,dupclust_2214
tb/tb0452.png,tbx11k,tb0452,dupclust_0
extra/mc+shenzhen/val/CHNCXR_0482_1.png,mc+shenzhen,CHNCXR_0482_1,dupclust_0
extra/mc+shenzhen/train/CHNCXR_0372_1.png,mc+shenzhen,CHNCXR_0372_1,dupclust_0
extra/mc+shenzhen/train/MCUCXR_0294_1.png,mc+shenzhen,MCUCXR_0294_1,dupclust_2218
extra/mc+shenzhen/val/CHNCXR_0470_1.png,mc+shenzhen,CHNCXR_0470_1,dupclust_0
tb/tb0494.png,tbx11k,tb0494,dupclust_0
extra/mc+shenzhen/train/CHNCXR_0646_1.png,mc+shenzhen,CHNCXR_0646_1,dupclust_0
tb/tb0724.png,tbx11k,tb0724,dupclust_2222
tb/tb0239.png,tbx11k,tb0239,dupclust_0
tb/tb0677.png,tbx11k,tb0677,dupclust_2224
extra/mc+shenzhen/val/CHNCXR_0620_1.png,mc+shenzhen,CHNCXR_0620_1,dupclust_0
tb/tb0667.png,tbx11k,tb0667,dupclust_2226
tb/tb1170.png,tbx11k,tb1170,dupclust_0
extra/da+db/val/px21.jpg,da+db,px21,dupclust_2228
tb/tb0645.png,tbx11k,tb0645,dupclust_0
extra/mc+shenzhen/train/CHNCXR_0358_1.png,mc+shenzhen,CHNCXR_0358_1,dupclust_0
tb/tb0346.png,tbx11k,tb0346,dupclust_2231
tb/tb0301.png,tbx11k,tb0301,dupclust_2232
extra/mc+shenzhen/val/MCUCXR_0282_1.png,mc+shenzhen,MCUCXR_0282_1,dupclust_2233
tb/tb1080.png,tbx11k,tb1080,dupclust_2234
extra/da+db/train/px43.jpg,da+db,px43,dupclust_2235
tb/tb0052.png,tbx11k,tb0052,dupclust_2236
tb/tb0264.png,tbx11k,tb0264,dupclust_0
tb/tb0325.png,tbx11k,tb0325,dupclust_0
extra/mc+shenzhen/val/CHNCXR_0527_1.png,mc+shenzhen,CHNCXR_0527_1,dupclust_0
tb/tb0569.png,tbx11k,tb0569,dupclust_0
tb/tb0397.png,tbx11k,tb0397,dupclust_0
tb/tb0817.png,tbx11k,tb0817,dupclust_0
tb/tb0825.png,tbx11k,tb0825,dupclust_0
tb/tb0370.png,tbx11k,tb0370,dupclust_0
tb/tb0524.png,tbx11k,tb0524,dupclust_0
tb/tb0087.png,tbx11k,tb0087,dupclust_0
extra/mc+shenzhen/train/CHNCXR_0635_1.png,mc+shenzhen,CHNCXR_0635_1,dupclust_0
tb/tb0626.png,tbx11k,tb0626,dupclust_0
tb/tb1014.png,tbx11k,tb1014,dupclust_0
tb/tb0916.png,tbx11k,tb0916,dupclust_0
tb/tb0408.png,tbx11k,tb0408,dupclust_0
tb/tb0357.png,tbx11k,tb0357,dupclust_0
extra/da+db/val/px26.jpg,da+db,px26,dupclust_2253
extra/da+db/val/px9.jpg,da+db,px9,dupclust_0
health/h3256.png,tbx11k,h3256,dupclust_0
health/h1841.png,tbx11k,h1841,dupclust_2256
health/h3242.png,tbx11k,h3242,dupclust_0
health/h0376.png,tbx11k,h0376,dupclust_0
health/h3938.png,tbx11k,h3938,dupclust_0
extra/da+db/train/nx7.jpg,da+db,nx7,dupclust_2260
health/h1665.png,tbx11k,h1665,dupclust_0
health/h2171.png,tbx11k,h2171,dupclust_0
health/h0025.png,tbx11k,h0025,dupclust_0
health/h3408.png,tbx11k,h3408,dupclust_0
health/h0903.png,tbx11k,h0903,dupclust_0
health/h0467.png,tbx11k,h0467,dupclust_0
health/h3378.png,tbx11k,h3378,dupclust_0
health/h0163.png,tbx11k,h0163,dupclust_0
health/h4984.png,tbx11k,h4984,dupclust_0
extra/mc+shenzhen/val/CHNCXR_0096_0.png,mc+shenzhen,CHNCXR_0096_0,dupclust_0
health/h0638.png,tbx11k,h0638,dupclust_0
health/h4495.png,tbx11k,h4495,dupclust_0
health/h4657.png,tbx11k,h4657,dupclust_0
health/h2391.png,tbx11k,h2391,dupclust_0
health/h1534.png,tbx11k,h1534,dupclust_0
health/h3246.png,tbx11k,h3246,dupclust_0
health/h4006.png,tbx11k,h4006,dupclust_0
health/h3825.png,tbx11k,h3825,dupclust_0
health/h2243.png,tbx11k,h2243,dupclust_0
health/h2990.png,tbx11k,h2990,dupclust_0
extra/da+db/train/n38.png,da+db,n38,dupclust_2281
health/h0982.png,tbx11k,h0982,dupclust_0
health/h2468.png,tbx11k,h2468,dupclust_0
health/h4320.png,tbx11k,h4320,dupclust_0
health/h0424.png,tbx11k,h0424,dupclust_0
extra/mc+shenzhen/val/CHNCXR_0211_0.png,mc+shenzhen,CHNCXR_0211_0,dupclust_0
health/h2592.png,tbx11k,h2592,dupclust_0
health/h1554.png,tbx11k,h1554,dupclust_2288
health/h1773.png,tbx11k,h1773,dupclust_0
extra/mc+shenzhen/val/MCUCXR_0059_0.png,mc+shenzhen,MCUCXR_0059_0,dupclust_0
health/h3441.png,tbx11k,h3441,dupclust_0
health/h0397.png,tbx11k,h0397,dupclust_0
health/h3461.png,tbx11k,h3461,dupclust_0
health/h3796.png,tbx11k,h3796,dupclust_0
health/h3864.png,tbx11k,h3864,dupclust_0
health/h0600.png,tbx11k,h0600,dupclust_0
health/h0892.png,tbx11k,h0892,dupclust_0
health/h2463.png,tbx11k,h2463,dupclust_0
extra/da+db/val/nx5.jpg,da+db,nx5,dupclust_0
health/h1824.png,tbx11k,h1824,dupclust_0
health/h0546.png,tbx11k,h0546,dupclust_0
health/h2188.png,tbx11k,h2188,dupclust_0
health/h4951.png,tbx11k,h4951,dupclust_0
health/h2261.png,tbx11k,h2261,dupclust_0
health/h4841.png,tbx11k,h4841,dupclust_0
health/h3074.png,tbx11k,h3074,dupclust_0
health/h1284.png,tbx11k,h1284,dupclust_0
extra/da+db/train/n35.png,da+db,n35,dupclust_0
health/h3546.png,tbx11k,h3546,dupclust_0
health/h4894.png,tbx11k,h4894,dupclust_0
health/h4655.png,tbx11k,h4655,dupclust_2311
health/h3011.png,tbx11k,h3011,dupclust_0
health/h4549.png,tbx11k,h4549,dupclust_0
health/h4761.png,tbx11k,h4761,dupclust_0
health/h3324.png,tbx11k,h3324,dupclust_0
health/h4360.png,tbx11k,h4360,dupclust_0
health/h2625.png,tbx11k,h2625,dupclust_0
health/h1880.png,tbx11k,h1880,dupclust_0
health/h0268.png,tbx11k,h0268,dupclust_0
health/h3817.png,tbx11k,h3817,dupclust_0
health/h4937.png,tbx11k,h4937,dupclust_0
health/h1783.png,tbx11k,h1783,dupclust_0
extra/da+db/train/nx34.jpg,da+db,nx34,dupclust_2323
health/h2762.png,tbx11k,h2762,dupclust_0
health/h1984.png,tbx11k,h1984,dupclust_0
health/h4473.png,tbx11k,h4473,dupclust_0
health/h3344.png,tbx11k,h3344,dupclust_2327
extra/da+db/train/n36.png,da+db,n36,dupclust_0
health/h3471.png,tbx11k,h3471,dupclust_0
health/h3022.png,tbx11k,h3022,dupclust_0
health/h3653.png,tbx11k,h3653,dupclust_0
health/h1645.png,tbx11k,h1645,dupclust_0
health/h4008.png,tbx11k,h4008,dupclust_2333
health/h0870.png,tbx11k,h0870,dupclust_0
health/h3719.png,tbx11k,h3719,dupclust_0
health/h2454.png,tbx11k,h2454,dupclust_0
health/h0997.png,tbx11k,h0997,dupclust_0
health/h4433.png,tbx11k,h4433,dupclust_0
health/h2936.png,tbx11k,h2936,dupclust_0
health/h3675.png,tbx11k,h3675,dupclust_0
health/h0778.png,tbx11k,h0778,dupclust_0
health/h0523.png,tbx11k,h0523,dupclust_0
health/h0970.png,tbx11k,h0970,dupclust_0
health/h2919.png,tbx11k,h2919,dupclust_2344
health/h1439.png,tbx11k,h1439,dupclust_0
health/h1028.png,tbx11k,h1028,dupclust_0
health/h0159.png,tbx11k,h0159,dupclust_0
extra/da+db/train/nx32.jpg,da+db,nx32,dupclust_0
health/h1455.png,tbx11k,h1455,dupclust_0
health/h4362.png,tbx11k,h4362,dupclust_2350
health/h1531.png,tbx11k,h1531,dupclust_0
health/h2257.png,tbx11k,h2257,dupclust_2352
health/h2220.png,tbx11k,h2220,dupclust_0
health/h2832.png,tbx11k,h2832,dupclust_0
health/h4514.png,tbx11k,h4514,dupclust_0
health/h3019.png,tbx11k,h3019,dupclust_0
health/h1677.png,tbx11k,h1677,dupclust_2357
health/h1766.png,tbx11k,h1766,dupclust_0
health/h3743.png,tbx11k,h3743,dupclust_0
health/h1017.png,tbx11k,h1017,dupclust_0
health/h1607.png,tbx11k,h1607,dupclust_0
health/h2195.png,tbx11k,h2195,dupclust_0
health/h4771.png,tbx11k,h4771,dupclust_0
health/h1151.png,tbx11k,h1151,dupclust_0
health/h0498.png,tbx11k,h0498,dupclust_0
health/h4582.png,tbx11k,h4582,dupclust_2366
health/h2254.png,tbx11k,h2254,dupclust_0
health/h3020.png,tbx11k,h3020,dupclust_0
health/h0165.png,tbx11k,h0165,dupclust_0
health/h4286.png,tbx11k,h4286,dupclust_0
extra/da+db/train/nx20.jpg,da+db,nx20,dupclust_0
health/h4068.png,tbx11k,h4068,dupclust_0
health/h2859.png,tbx11k,h2859,dupclust_0
health/h4981.png,tbx11k,h4981,dupclust_0
health/h4480.png,tbx11k,h4480,dupclust_0
health/h0533.png,tbx11k,h0533,dupclust_2202
health/h3425.png,tbx11k,h3425,dupclust_2377
extra/mc+shenzhen/train/MCUCXR_0099_0.png,mc+shenzhen,MCUCXR_0099_0,dupclust_0
health/h2529.png,tbx11k,h2529,dupclust_0
health/h3664.png,tbx11k,h3664,dupclust_0
health/h3435.png,tbx11k,h3435,dupclust_0
health/h3645.png,tbx11k,h3645,dupclust_0
health/h0063.png,tbx11k,h0063,dupclust_0
health/h1136.png,tbx11k,h1136,dupclust_0
health/h3907.png,tbx11k,h3907,dupclust_0
health/h1615.png,tbx11k,h1615,dupclust_0
health/h3621.png,tbx11k,h3621,dupclust_0
health/h2392.png,tbx11k,h2392,dupclust_2388
extra/da+db/train/n6.png,da+db,n6,dupclust_2389
extra/da+db/val/n49.png,da+db,n49,dupclust_2390
health/h0291.png,tbx11k,h0291,dupclust_0
extra/mc+shenzhen/train/CHNCXR_0158_0.png,mc+shenzhen,CHNCXR_0158_0,dupclust_0
health/h4843.png,tbx11k,h4843,dupclust_0
health/h0413.png,tbx11k,h0413,dupclust_0
health/h0396.png,tbx11k,h0396,dupclust_0
health/h2998.png,tbx11k,h2998,dupclust_0
extra/mc+shenzhen/val/CHNCXR_0177_0.png,mc+shenzhen,CHNCXR_0177_0,dupclust_0
health/h1171.png,tbx11k,h1171,dupclust_0
health/h4426.png,tbx11k,h4426,dupclust_0
health/h0527.png,tbx11k,h0527,dupclust_2400
health/h3366.png,tbx11k,h3366,dupclust_0
health/h0772.png,tbx11k,h0772,dupclust_0
health/h1616.png,tbx11k,h1616,dupclust_0
health/h4247.png,tbx11k,h4247,dupclust_0
health/h4750.png,tbx11k,h4750,dupclust_0
health/h1006.png,tbx11k,h1006,dupclust_0
health/h1951.png,tbx11k,h1951,dupclust_0
health/h3057.png,tbx11k,h3057,dupclust_0
health/h2456.png,tbx11k,h2456,dupclust_0
health/h1258.png,tbx11k,h1258,dupclust_0
health/h4760.png,tbx11k,h4760,dupclust_0
health/h4370.png,tbx11k,h4370,dupclust_0
health/h2030.png,tbx11k,h2030,dupclust_0
health/h1255.png,tbx11k,h1255,dupclust_1139
health/h2962.png,tbx11k,h2962,dupclust_0
train/patient14210/study4/view1_frontal.jpg,chexpert,patient14210,dupclust_2416
train/patient05088/study1/view1_frontal.jpg,chexpert,patient05088,dupclust_1648
train/patient05088/study2/view1_frontal.jpg,chexpert,patient05088,dupclust_2418
train/patient58343/study1/view1_frontal.jpg,chexpert,patient58343,dupclust_2419
train/patient34676/study4/view1_frontal.jpg,chexpert,patient34676,dupclust_2420
train/patient21111/study1/view1_frontal.jpg,chexpert,patient21111,dupclust_0
train/patient04037/study7/view1_frontal.jpg,chexpert,patient04037,dupclust_2422
train/patient50917/study7/view1_frontal.jpg,chexpert,patient50917,dupclust_2423
train/patient39507/study4/view1_frontal.jpg,chexpert,patient39507,dupclust_2424
train/patient07819/study7/view1_frontal.jpg,chexpert,patient07819,dupclust_2425
train/patient07819/study6/view1_frontal.jpg,chexpert,patient07819,dupclust_2426
train/patient30102/study2/view1_frontal.jpg,chexpert,patient30102,dupclust_2427
train/patient57802/study1/view1_frontal.jpg,chexpert,patient57802,dupclust_0
train/patient43321/study1/view1_frontal.jpg,chexpert,patient43321,dupclust_0
train/patient36921/study1/view1_frontal.jpg,chexpert,patient36921,dupclust_2430
train/patient44390/study16/view1_frontal.jpg,chexpert,patient44390,dupclust_2431
train/patient12075/study1/view1_frontal.jpg,chexpert,patient12075,dupclust_2432
train/patient36932/study1/view1_frontal.jpg,chexpert,patient36932,dupclust_0
train/patient24956/study1/view1_frontal.jpg,chexpert,patient24956,dupclust_0
train/patient11172/study2/view1_frontal.jpg,chexpert,patient11172,dupclust_0
train/patient50317/study2/view1_frontal.jpg,chexpert,patient50317,dupclust_2436
train/patient37318/study1/view1_frontal.jpg,chexpert,patient37318,dupclust_0
train/patient31870/study1/view1_frontal.jpg,chexpert,patient31870,dupclust_0
train/patient07612/study1/view1_frontal.jpg,chexpert,patient07612,dupclust_2439
train/patient56872/study1/view1_frontal.jpg,chexpert,patient56872,dupclust_0
train/patient27738/study2/view1_frontal.jpg,chexpert,patient27738,dupclust_2441
train/patient09148/study2/view1_frontal.jpg,chexpert,patient09148,dupclust_0
train/patient22543/study1/view1_frontal.jpg,chexpert,patient22543,dupclust_2443
train/patient13708/study13/view1_frontal.jpg,chexpert,patient13708,dupclust_2444
train/patient14306/study5/view1_frontal.jpg,chexpert,patient14306,dupclust_0
train/patient14306/study5/view2_frontal.jpg,chexpert,patient14306,dupclust_2446
train/patient14306/study6/view1_frontal.jpg,chexpert,patient14306,dupclust_2447
train/patient14306/study6/view2_frontal.jpg,chexpert,patient14306,dupclust_2448
train/patient35082/study12/view1_frontal.jpg,chexpert,patient35082,dupclust_2449
train/patient16755/study1/view1_frontal.jpg,chexpert,patient16755,dupclust_2450
train/patient30659/study1/view1_frontal.jpg,chexpert,patient30659,dupclust_0
train/patient48552/study1/view1_frontal.jpg,chexpert,patient48552,dupclust_2452
train/patient13077/study3/view1_frontal.jpg,chexpert,patient13077,dupclust_0
train/patient13077/study4/view1_frontal.jpg,chexpert,patient13077,dupclust_2454
train/patient13077/study4/view2_frontal.jpg,chexpert,patient13077,dupclust_2455
train/patient36633/study4/view1_frontal.jpg,chexpert,patient36633,dupclust_2456
train/patient36633/study5/view1_frontal.jpg,chexpert,patient36633,dupclust_0
train/patient39520/study2/view1_frontal.jpg,chexpert,patient39520,dupclust_0
train/patient33374/study3/view1_frontal.jpg,chexpert,patient33374,dupclust_2459
train/patient12643/study1/view1_frontal.jpg,chexpert,patient12643,dupclust_0
train/patient08071/study9/view1_frontal.jpg,chexpert,patient08071,dupclust_2461
train/patient08071/study8/view1_frontal.jpg,chexpert,patient08071,dupclust_2462
train/patient02673/study9/view1_frontal.jpg,chexpert,patient02673,dupclust_0
train/patient49346/study1/view1_frontal.jpg,chexpert,patient49346,dupclust_2464
train/patient16660/study12/view1_frontal.jpg,chexpert,patient16660,dupclust_0
train/patient13874/study8/view1_frontal.jpg,chexpert,patient13874,dupclust_0
train/patient09724/study2/view1_frontal.jpg,chexpert,patient09724,dupclust_0
train/patient31283/study1/view1_frontal.jpg,chexpert,patient31283,dupclust_0
train/patient11403/study9/view1_frontal.jpg,chexpert,patient11403,dupclust_0
train/patient11403/study5/view1_frontal.jpg,chexpert,patient11403,dupclust_0
train/patient37764/study4/view1_frontal.jpg,chexpert,patient37764,dupclust_2471
train/patient35488/study12/view1_frontal.jpg,chexpert,patient35488,dupclust_2472
train/patient35488/study8/view1_frontal.jpg,chexpert,patient35488,dupclust_2473
train/patient35488/study23/view1_frontal.jpg,chexpert,patient35488,dupclust_2474
train/patient29274/study2/view1_frontal.jpg,chexpert,patient29274,dupclust_2475
train/patient04285/study1/view1_frontal.jpg,chexpert,patient04285,dupclust_2476
train/patient16664/study3/view1_frontal.jpg,chexpert,patient16664,dupclust_0
train/patient33595/study1/view1_frontal.jpg,chexpert,patient33595,dupclust_2478
train/patient61667/study1/view1_frontal.jpg,chexpert,patient61667,dupclust_0
train/patient10964/study1/view1_frontal.jpg,chexpert,patient10964,dupclust_2480
train/patient01369/study2/view1_frontal.jpg,chexpert,patient01369,dupclust_0
train/patient00314/study25/view1_frontal.jpg,chexpert,patient00314,dupclust_0
train/patient12250/study1/view1_frontal.jpg,chexpert,patient12250,dupclust_2483
train/patient12180/study8/view1_frontal.jpg,chexpert,patient12180,dupclust_2484
train/patient44667/study1/view1_frontal.jpg,chexpert,patient44667,dupclust_0
train/patient06726/study1/view1_frontal.jpg,chexpert,patient06726,dupclust_0
train/patient11437/study4/view1_frontal.jpg,chexpert,patient11437,dupclust_2487
train/patient52544/study1/view1_frontal.jpg,chexpert,patient52544,dupclust_2488
train/patient54039/study1/view1_frontal.jpg,chexpert,patient54039,dupclust_2489
train/patient54039/study2/view1_frontal.jpg,chexpert,patient54039,dupclust_2490
train/patient32952/study1/view1_frontal.jpg,chexpert,patient32952,dupclust_2491
train/patient36691/study6/view1_frontal.jpg,chexpert,patient36691,dupclust_2492
train/patient36691/study9/view1_frontal.jpg,chexpert,patient36691,dupclust_2493
train/patient17022/study3/view1_frontal.jpg,chexpert,patient17022,dupclust_0
train/patient09793/study69/view1_frontal.jpg,chexpert,patient09793,dupclust_937
train/patient24136/study1/view1_frontal.jpg,chexpert,patient24136,dupclust_0
train/patient57775/study1/view1_frontal.jpg,chexpert,patient57775,dupclust_1393
train/patient05619/study2/view1_frontal.jpg,chexpert,patient05619,dupclust_0
train/patient46614/study2/view1_frontal.jpg,chexpert,patient46614,dupclust_2499
train/patient32815/study35/view1_frontal.jpg,chexpert,patient32815,dupclust_0
train/patient02055/study1/view1_frontal.jpg,chexpert,patient02055,dupclust_0
train/patient00687/study6/view1_frontal.jpg,chexpert,patient00687,dupclust_2502
train/patient00687/study4/view1_frontal.jpg,chexpert,patient00687,dupclust_2503
train/patient57477/study1/view1_frontal.jpg,chexpert,patient57477,dupclust_1211
train/patient59302/study2/view1_frontal.jpg,chexpert,patient59302,dupclust_2505
train/patient15614/study6/view1_frontal.jpg,chexpert,patient15614,dupclust_0
train/patient57373/study1/view1_frontal.jpg,chexpert,patient57373,dupclust_2507
train/patient37903/study2/view1_frontal.jpg,chexpert,patient37903,dupclust_0
train/patient37903/study2/view2_frontal.jpg,chexpert,patient37903,dupclust_0
train/patient37903/study1/view1_frontal.jpg,chexpert,patient37903,dupclust_2510
train/patient37903/study1/view2_frontal.jpg,chexpert,patient37903,dupclust_2511
train/patient51932/study1/view1_frontal.jpg,chexpert,patient51932,dupclust_2512
train/patient27705/study3/view1_frontal.jpg,chexpert,patient27705,dupclust_0
train/patient05090/study9/view1_frontal.jpg,chexpert,patient05090,dupclust_0
train/patient02811/study1/view1_frontal.jpg,chexpert,patient02811,dupclust_0
train/patient30305/study5/view1_frontal.jpg,chexpert,patient30305,dupclust_2516
train/patient30305/study1/view1_frontal.jpg,chexpert,patient30305,dupclust_0
train/patient30305/study7/view1_frontal.jpg,chexpert,patient30305,dupclust_2518
train/patient30305/study4/view1_frontal.jpg,chexpert,patient30305,dupclust_0
train/patient06570/study1/view1_frontal.jpg,chexpert,patient06570,dupclust_0
train/patient34526/study13/view1_frontal.jpg,chexpert,patient34526,dupclust_2521
train/patient34526/study3/view1_frontal.jpg,chexpert,patient34526,dupclust_2522
train/patient52849/study1/view1_frontal.jpg,chexpert,patient52849,dupclust_2523
train/patient41123/study2/view1_frontal.jpg,chexpert,patient41123,dupclust_361
train/patient38541/study9/view1_frontal.jpg,chexpert,patient38541,dupclust_2525
train/patient38541/study10/view1_frontal.jpg,chexpert,patient38541,dupclust_0
train/patient36678/study2/view1_frontal.jpg,chexpert,patient36678,dupclust_2527
train/patient43686/study3/view1_frontal.jpg,chexpert,patient43686,dupclust_2528
train/patient37278/study8/view1_frontal.jpg,chexpert,patient37278,dupclust_2529
train/patient39732/study1/view1_frontal.jpg,chexpert,patient39732,dupclust_0
train/patient33454/study2/view1_frontal.jpg,chexpert,patient33454,dupclust_0
train/patient35762/study7/view1_frontal.jpg,chexpert,patient35762,dupclust_2344
train/patient09788/study1/view1_frontal.jpg,chexpert,patient09788,dupclust_0
train/patient11529/study4/view1_frontal.jpg,chexpert,patient11529,dupclust_2534
train/patient64303/study1/view1_frontal.jpg,chexpert,patient64303,dupclust_0
train/patient34766/study1/view1_frontal.jpg,chexpert,patient34766,dupclust_2536
train/patient60851/study1/view1_frontal.jpg,chexpert,patient60851,dupclust_0
train/patient49473/study3/view1_frontal.jpg,chexpert,patient49473,dupclust_1428
train/patient32684/study1/view1_frontal.jpg,chexpert,patient32684,dupclust_0
train/patient12897/study2/view1_frontal.jpg,chexpert,patient12897,dupclust_2540
train/patient17366/study1/view1_frontal.jpg,chexpert,patient17366,dupclust_0
train/patient59405/study1/view1_frontal.jpg,chexpert,patient59405,dupclust_2542
train/patient16717/study2/view1_frontal.jpg,chexpert,patient16717,dupclust_0
train/patient27848/study1/view1_frontal.jpg,chexpert,patient27848,dupclust_0
train/patient04641/study1/view1_frontal.jpg,chexpert,patient04641,dupclust_0
train/patient04641/study5/view1_frontal.jpg,chexpert,patient04641,dupclust_2546
train/patient09705/study1/view1_frontal.jpg,chexpert,patient09705,dupclust_0
train/patient58106/study1/view1_frontal.jpg,chexpert,patient58106,dupclust_0
train/patient28702/study9/view1_frontal.jpg,chexpert,patient28702,dupclust_2549
train/patient19777/study1/view1_frontal.jpg,chexpert,patient19777,dupclust_0
train/patient05855/study1/view1_frontal.jpg,chexpert,patient05855,dupclust_0
train/patient35714/study6/view1_frontal.jpg,chexpert,patient35714,dupclust_0
train/patient55421/study2/view1_frontal.jpg,chexpert,patient55421,dupclust_2553
train/patient38608/study1/view1_frontal.jpg,chexpert,patient38608,dupclust_2554
train/patient16160/study4/view1_frontal.jpg,chexpert,patient16160,dupclust_751
train/patient43712/study2/view1_frontal.jpg,chexpert,patient43712,dupclust_2556
train/patient09443/study15/view1_frontal.jpg,chexpert,patient09443,dupclust_2557
train/patient51413/study3/view1_frontal.jpg,chexpert,patient51413,dupclust_2558
train/patient11125/study1/view1_frontal.jpg,chexpert,patient11125,dupclust_0
train/patient05298/study2/view1_frontal.jpg,chexpert,patient05298,dupclust_885
train/patient00421/study2/view1_frontal.jpg,chexpert,patient00421,dupclust_0
train/patient18406/study2/view1_frontal.jpg,chexpert,patient18406,dupclust_2562
train/patient26034/study11/view1_frontal.jpg,chexpert,patient26034,dupclust_2563
train/patient37633/study10/view1_frontal.jpg,chexpert,patient37633,dupclust_0
train/patient30117/study2/view1_frontal.jpg,chexpert,patient30117,dupclust_0
train/patient35043/study2/view1_frontal.jpg,chexpert,patient35043,dupclust_2566
train/patient59270/study1/view1_frontal.jpg,chexpert,patient59270,dupclust_0
train/patient06656/study11/view1_frontal.jpg,chexpert,patient06656,dupclust_2568
train/patient06656/study4/view1_frontal.jpg,chexpert,patient06656,dupclust_2569
train/patient06656/study13/view1_frontal.jpg,chexpert,patient06656,dupclust_2570
train/patient06656/study16/view1_frontal.jpg,chexpert,patient06656,dupclust_0
train/patient31428/study1/view1_frontal.jpg,chexpert,patient31428,dupclust_0
train/patient19200/study1/view1_frontal.jpg,chexpert,patient19200,dupclust_0
train/patient30825/study1/view1_frontal.jpg,chexpert,patient30825,dupclust_0
tb/tb1015.png,tbx11k,tb1015,dupclust_0
extra/da+db/val/px8.jpg,da+db,px8,dupclust_0
tb/tb0892.png,tbx11k,tb0892,dupclust_0
tb/tb0928.png,tbx11k,tb0928,dupclust_2578
extra/mc+shenzhen/train/MCUCXR_0350_1.png,mc+shenzhen,MCUCXR_0350_1,dupclust_0
extra/da+db/train/px12.jpg,da+db,px12,dupclust_2580
extra/da+db/train/px27.jpg,da+db,px27,dupclust_0
tb/tb0441.png,tbx11k,tb0441,dupclust_0
tb/tb0839.png,tbx11k,tb0839,dupclust_2583
tb/tb0912.png,tbx11k,tb0912,dupclust_2584
tb/tb0141.png,tbx11k,tb0141,dupclust_0
tb/tb0926.png,tbx11k,tb0926,dupclust_0
tb/tb1107.png,tbx11k,tb1107,dupclust_2587
extra/mc+shenzhen/train/CHNCXR_0443_1.png,mc+shenzhen,CHNCXR_0443_1,dupclust_0
tb/tb0376.png,tbx11k,tb0376,dupclust_0
extra/da+db/train/px45.jpg,da+db,px45,dupclust_2590
tb/tb0766.png,tbx11k,tb0766,dupclust_0
extra/mc+shenzhen/train/CHNCXR_0331_1.png,mc+shenzhen,CHNCXR_0331_1,dupclust_0
tb/tb0231.png,tbx11k,tb0231,dupclust_0
extra/mc+shenzhen/train/CHNCXR_0336_1.png,mc+shenzhen,CHNCXR_0336_1,dupclust_0
tb/tb0031.png,tbx11k,tb0031,dupclust_0
extra/da+db/train/p19.png,da+db,p19,dupclust_2596
tb/tb0318.png,tbx11k,tb0318,dupclust_0
tb/tb0168.png,tbx11k,tb0168,dupclust_0
tb/tb1167.png,tbx11k,tb1167,dupclust_0
tb/tb0510.png,tbx11k,tb0510,dupclust_2600
tb/tb0838.png,tbx11k,tb0838,dupclust_0
extra/mc+shenzhen/train/CHNCXR_0444_1.png,mc+shenzhen,CHNCXR_0444_1,dupclust_0
tb/tb0802.png,tbx11k,tb0802,dupclust_0
tb/tb0499.png,tbx11k,tb0499,dupclust_2604
tb/tb0360.png,tbx11k,tb0360,dupclust_0
tb/tb0676.png,tbx11k,tb0676,dupclust_2606
tb/tb0393.png,tbx11k,tb0393,dupclust_2607
tb/tb0057.png,tbx11k,tb0057,dupclust_0
extra/mc+shenzhen/val/CHNCXR_0517_1.png,mc+shenzhen,CHNCXR_0517_1,dupclust_0
tb/tb0382.png,tbx11k,tb0382,dupclust_0
tb/tb0053.png,tbx11k,tb0053,dupclust_0
tb/tb0300.png,tbx11k,tb0300,dupclust_128
tb/tb1067.png,tbx11k,tb1067,dupclust_2613
tb/tb0155.png,tbx11k,tb0155,dupclust_0
tb/tb0303.png,tbx11k,tb0303,dupclust_2615
extra/mc+shenzhen/train/CHNCXR_0388_1.png,mc+shenzhen,CHNCXR_0388_1,dupclust_0
tb/tb0657.png,tbx11k,tb0657,dupclust_0
tb/tb0333.png,tbx11k,tb0333,dupclust_0
extra/da+db/train/p14.png,da+db,p14,dupclust_2619
tb/tb0564.png,tbx11k,tb0564,dupclust_2620
tb/tb0938.png,tbx11k,tb0938,dupclust_0
tb/tb0615.png,tbx11k,tb0615,dupclust_2622
extra/mc+shenzhen/val/MCUCXR_0390_1.png,mc+shenzhen,MCUCXR_0390_1,dupclust_0
tb/tb1084.png,tbx11k,tb1084,dupclust_128
tb/tb0476.png,tbx11k,tb0476,dupclust_0
extra/mc+shenzhen/val/CHNCXR_0380_1.png,mc+shenzhen,CHNCXR_0380_1,dupclust_2626
extra/mc+shenzhen/val/CHNCXR_0621_1.png,mc+shenzhen,CHNCXR_0621_1,dupclust_0
tb/tb0521.png,tbx11k,tb0521,dupclust_0
tb/tb0451.png,tbx11k,tb0451,dupclust_0
tb/tb1168.png,tbx11k,tb1168,dupclust_2630
tb/tb1044.png,tbx11k,tb1044,dupclust_0
tb/tb0005.png,tbx11k,tb0005,dupclust_0
extra/mc+shenzhen/val/CHNCXR_0441_1.png,mc+shenzhen,CHNCXR_0441_1,dupclust_0
tb/tb0402.png,tbx11k,tb0402,dupclust_2634
extra/da+db/train/p3.png,da+db,p3,dupclust_2635
tb/tb0538.png,tbx11k,tb0538,dupclust_2636
tb/tb0532.png,tbx11k,tb0532,dupclust_2637
extra/mc+shenzhen/val/MCUCXR_0166_1.png,mc+shenzhen,MCUCXR_0166_1,dupclust_0
extra/mc+shenzhen/train/MCUCXR_0173_1.png,mc+shenzhen,MCUCXR_0173_1,dupclust_0
tb/tb1190.png,tbx11k,tb1190,dupclust_0
tb/tb0062.png,tbx11k,tb0062,dupclust_0
tb/tb1030.png,tbx11k,tb1030,dupclust_2151
extra/mc+shenzhen/val/CHNCXR_0541_1.png,mc+shenzhen,CHNCXR_0541_1,dupclust_0
extra/mc+shenzhen/train/CHNCXR_0475_1.png,mc+shenzhen,CHNCXR_0475_1,dupclust_2644
tb/tb0574.png,tbx11k,tb0574,dupclust_2645
tb/tb1177.png,tbx11k,tb1177,dupclust_2646
extra/mc+shenzhen/train/CHNCXR_0636_1.png,mc+shenzhen,CHNCXR_0636_1,dupclust_0
tb/tb0610.png,tbx11k,tb0610,dupclust_0
extra/mc+shenzhen/val/CHNCXR_0407_1.png,mc+shenzhen,CHNCXR_0407_1,dupclust_0
tb/tb0219.png,tbx11k,tb0219,dupclust_0
tb/tb0884.png,tbx11k,tb0884,dupclust_2651
tb/tb0991.png,tbx11k,tb0991,dupclust_0
tb/tb0120.png,tbx11k,tb0120,dupclust_0
tb/tb1023.png,tbx11k,tb1023,dupclust_1786
tb/tb0750.png,tbx11k,tb0750,dupclust_0
extra/mc+shenzhen/train/CHNCXR_0593_1.png,mc+shenzhen,CHNCXR_0593_1,dupclust_0
tb/tb1002.png,tbx11k,tb1002,dupclust_0
tb/tb0730.png,tbx11k,tb0730,dupclust_0
extra/mc+shenzhen/train/CHNCXR_0333_1.png,mc+shenzhen,CHNCXR_0333_1,dupclust_0
tb/tb0855.png,tbx11k,tb0855,dupclust_0
tb/tb0460.png,tbx11k,tb0460,dupclust_0
tb/tb1141.png,tbx11k,tb1141,dupclust_0
tb/tb0705.png,tbx11k,tb0705,dupclust_2663
tb/tb0091.png,tbx11k,tb0091,dupclust_0
tb/tb0675.png,tbx11k,tb0675,dupclust_2665
tb/tb0252.png,tbx11k,tb0252,dupclust_2666
extra/mc+shenzhen/val/CHNCXR_0391_1.png,mc+shenzhen,CHNCXR_0391_1,dupclust_2667
extra/mc+shenzhen/train/CHNCXR_0555_1.png,mc+shenzhen,CHNCXR_0555_1,dupclust_0
extra/mc+shenzhen/train/CHNCXR_0614_1.png,mc+shenzhen,CHNCXR_0614_1,dupclust_0
tb/tb0492.png,tbx11k,tb0492,dupclust_2670
tb/tb0086.png,tbx11k,tb0086,dupclust_0
tb/tb1090.png,tbx11k,tb1090,dupclust_0
tb/tb0949.png,tbx11k,tb0949,dupclust_0
tb/tb0781.png,tbx11k,tb0781,dupclust_0
tb/tb0487.png,tbx11k,tb0487,dupclust_232
tb/tb0763.png,tbx11k,tb0763,dupclust_0
tb/tb0623.png,tbx11k,tb0623,dupclust_0
extra/mc+shenzhen/val/CHNCXR_0406_1.png,mc+shenzhen,CHNCXR_0406_1,dupclust_0
tb/tb0635.png,tbx11k,tb0635,dupclust_0
tb/tb0348.png,tbx11k,tb0348,dupclust_2680
extra/mc+shenzhen/train/CHNCXR_0361_1.png,mc+shenzhen,CHNCXR_0361_1,dupclust_0
tb/tb0431.png,tbx11k,tb0431,dupclust_0
extra/mc+shenzhen/train/CHNCXR_0618_1.png,mc+shenzhen,CHNCXR_0618_1,dupclust_0
tb/tb0151.png,tbx11k,tb0151,dupclust_0
tb/tb1058.png,tbx11k,tb1058,dupclust_0
tb/tb0347.png,tbx11k,tb0347,dupclust_0
tb/tb1021.png,tbx11k,tb1021,dupclust_0
extra/mc+shenzhen/val/MCUCXR_0254_1.png,mc+shenzhen,MCUCXR_0254_1,dupclust_2688
tb/tb0477.png,tbx11k,tb0477,dupclust_0
extra/mc+shenzhen/train/CHNCXR_0546_1.png,mc+shenzhen,CHNCXR_0546_1,dupclust_0
tb/tb0043.png,tbx11k,tb0043,dupclust_0
tb/tb0819.png,tbx11k,tb0819,dupclust_2692
extra/da+db/val/px24.jpg,da+db,px24,dupclust_2693
extra/mc+shenzhen/val/CHNCXR_0414_1.png,mc+shenzhen,CHNCXR_0414_1,dupclust_2694
extra/mc+shenzhen/train/CHNCXR_0604_1.png,mc+shenzhen,CHNCXR_0604_1,dupclust_0
extra/mc+shenzhen/val/CHNCXR_0370_1.png,mc+shenzhen,CHNCXR_0370_1,dupclust_2696
tb/tb0391.png,tbx11k,tb0391,dupclust_0
tb/tb0246.png,tbx11k,tb0246,dupclust_0
extra/mc+shenzhen/val/CHNCXR_0392_1.png,mc+shenzhen,CHNCXR_0392_1,dupclust_0
tb/tb0051.png,tbx11k,tb0051,dupclust_0
tb/tb0474.png,tbx11k,tb0474,dupclust_0
tb/tb0037.png,tbx11k,tb0037,dupclust_361
tb/tb0735.png,tbx11k,tb0735,dupclust_2703
extra/da+db/val/p15.png,da+db,p15,dupclust_2704
tb/tb0874.png,tbx11k,tb0874,dupclust_0
extra/da+db/train/px25.jpg,da+db,px25,dupclust_2706
tb/tb0439.png,tbx11k,tb0439,dupclust_0
extra/mc+shenzhen/train/CHNCXR_0485_1.png,mc+shenzhen,CHNCXR_0485_1,dupclust_0
tb/tb0236.png,tbx11k,tb0236,dupclust_2709
tb/tb0350.png,tbx11k,tb0350,dupclust_2710
tb/tb0248.png,tbx11k,tb0248,dupclust_2711
tb/tb1134.png,tbx11k,tb1134,dupclust_0
tb/tb0197.png,tbx11k,tb0197,dupclust_0
extra/mc+shenzhen/val/CHNCXR_0583_1.png,mc+shenzhen,CHNCXR_0583_1,dupclust_0
tb/tb0620.png,tbx11k,tb0620,dupclust_0
tb/tb0585.png,tbx11k,tb0585,dupclust_2716
tb/tb0208.png,tbx11k,tb0208,dupclust_0
tb/tb0034.png,tbx11k,tb0034,dupclust_2718
extra/mc+shenzhen/train/CHNCXR_0532_1.png,mc+shenzhen,CHNCXR_0532_1,dupclust_0
tb/tb0030.png,tbx11k,tb0030,dupclust_2720
tb/tb0179.png,tbx11k,tb0179,dupclust_2721
tb/tb1092.png,tbx11k,tb1092,dupclust_2722
tb/tb0288.png,tbx11k,tb0288,dupclust_0
tb/tb0646.png,tbx11k,tb0646,dupclust_0
tb/tb0842.png,tbx11k,tb0842,dupclust_2725
tb/tb1065.png,tbx11k,tb1065,dupclust_0
tb/tb1020.png,tbx11k,tb1020,dupclust_0
extra/mc+shenzhen/train/CHNCXR_0474_1.png,mc+shenzhen,CHNCXR_0474_1,dupclust_0
tb/tb0140.png,tbx11k,tb0140,dupclust_0
tb/tb1157.png,tbx11k,tb1157,dupclust_0
tb/tb0455.png,tbx11k,tb0455,dupclust_0
tb/tb0480.png,tbx11k,tb0480,dupclust_0
tb/tb0681.png,tbx11k,tb0681,dupclust_0
extra/mc+shenzhen/train/CHNCXR_0654_1.png,mc+shenzhen,CHNCXR_0654_1,dupclust_0
tb/tb0994.png,tbx11k,tb0994,dupclust_0
health/h0388.png,tbx11k,h0388,dupclust_0
health/h1146.png,tbx11k,h1146,dupclust_0
health/h1434.png,tbx11k,h1434,dupclust_0
health/h2162.png,tbx11k,h2162,dupclust_0
health/h4559.png,tbx11k,h4559,dupclust_0
health/h4630.png,tbx11k,h4630,dupclust_0
health/h0311.png,tbx11k,h0311,dupclust_0
health/h4253.png,tbx11k,h4253,dupclust_0
health/h4189.png,tbx11k,h4189,dupclust_0
health/h0507.png,tbx11k,h0507,dupclust_0
health/h0796.png,tbx11k,h0796,dupclust_0
health/h0023.png,tbx11k,h0023,dupclust_0
health/h4609.png,tbx11k,h4609,dupclust_0
health/h4279.png,tbx11k,h4279,dupclust_0
health/h1416.png,tbx11k,h1416,dupclust_0
health/h4592.png,tbx11k,h4592,dupclust_0
extra/mc+shenzhen/val/CHNCXR_0142_0.png,mc+shenzhen,CHNCXR_0142_0,dupclust_0
health/h4915.png,tbx11k,h4915,dupclust_0
extra/mc+shenzhen/train/CHNCXR_0010_0.png,mc+shenzhen,CHNCXR_0010_0,dupclust_2754
health/h0150.png,tbx11k,h0150,dupclust_0
health/h4115.png,tbx11k,h4115,dupclust_0
health/h0440.png,tbx11k,h0440,dupclust_0
extra/mc+shenzhen/train/CHNCXR_0038_0.png,mc+shenzhen,CHNCXR_0038_0,dupclust_0
health/h0644.png,tbx11k,h0644,dupclust_0
health/h3770.png,tbx11k,h3770,dupclust_0
health/h1457.png,tbx11k,h1457,dupclust_0
health/h4672.png,tbx11k,h4672,dupclust_0
health/h0302.png,tbx11k,h0302,dupclust_0
health/h0434.png,tbx11k,h0434,dupclust_0
health/h1337.png,tbx11k,h1337,dupclust_0
health/h2888.png,tbx11k,h2888,dupclust_0
health/h4879.png,tbx11k,h4879,dupclust_0
health/h4371.png,tbx11k,h4371,dupclust_0
health/h4017.png,tbx11k,h4017,dupclust_0
health/h0946.png,tbx11k,h0946,dupclust_0
health/h0501.png,tbx11k,h0501,dupclust_0
health/h2890.png,tbx11k,h2890,dupclust_0
health/h2476.png,tbx11k,h2476,dupclust_0
health/h3012.png,tbx11k,h3012,dupclust_0
health/h0621.png,tbx11k,h0621,dupclust_0
health/h0223.png,tbx11k,h0223,dupclust_0
health/h4661.png,tbx11k,h4661,dupclust_0
health/h1392.png,tbx11k,h1392,dupclust_0
health/h0535.png,tbx11k,h0535,dupclust_0
health/h3496.png,tbx11k,h3496,dupclust_0
health/h1166.png,tbx11k,h1166,dupclust_0
health/h1327.png,tbx11k,h1327,dupclust_0
health/h3034.png,tbx11k,h3034,dupclust_0
health/h0662.png,tbx11k,h0662,dupclust_0
health/h3992.png,tbx11k,h3992,dupclust_0
health/h4682.png,tbx11k,h4682,dupclust_0
health/h0564.png,tbx11k,h0564,dupclust_0
health/h1009.png,tbx11k,h1009,dupclust_0
health/h4486.png,tbx11k,h4486,dupclust_0
health/h1169.png,tbx11k,h1169,dupclust_0
health/h2764.png,tbx11k,h2764,dupclust_0
extra/da+db/val/n45.png,da+db,n45,dupclust_0
extra/mc+shenzhen/train/MCUCXR_0063_0.png,mc+shenzhen,MCUCXR_0063_0,dupclust_2793
health/h1058.png,tbx11k,h1058,dupclust_0
extra/mc+shenzhen/train/MCUCXR_0051_0.png,mc+shenzhen,MCUCXR_0051_0,dupclust_0
health/h0904.png,tbx11k,h0904,dupclust_0
health/h2987.png,tbx11k,h2987,dupclust_0
health/h0239.png,tbx11k,h0239,dupclust_361
health/h4585.png,tbx11k,h4585,dupclust_0
health/h4688.png,tbx11k,h4688,dupclust_0
health/h0674.png,tbx11k,h0674,dupclust_0
health/h1314.png,tbx11k,h1314,dupclust_0
health/h1362.png,tbx11k,h1362,dupclust_0
health/h0370.png,tbx11k,h0370,dupclust_0
health/h0889.png,tbx11k,h0889,dupclust_2805
health/h0596.png,tbx11k,h0596,dupclust_0
health/h2237.png,tbx11k,h2237,dupclust_0
health/h3172.png,tbx11k,h3172,dupclust_0
health/h3072.png,tbx11k,h3072,dupclust_0
health/h1525.png,tbx11k,h1525,dupclust_0
health/h4058.png,tbx11k,h4058,dupclust_0
health/h0233.png,tbx11k,h0233,dupclust_0
health/h4235.png,tbx11k,h4235,dupclust_0
health/h2445.png,tbx11k,h2445,dupclust_0
health/h2239.png,tbx11k,h2239,dupclust_0
health/h3510.png,tbx11k,h3510,dupclust_0
extra/mc+shenzhen/train/CHNCXR_0184_0.png,mc+shenzhen,CHNCXR_0184_0,dupclust_25
health/h4576.png,tbx11k,h4576,dupclust_2818
health/h4294.png,tbx11k,h4294,dupclust_0
health/h1833.png,tbx11k,h1833,dupclust_2820
health/h0854.png,tbx11k,h0854,dupclust_0
health/h4428.png,tbx11k,h4428,dupclust_0
health/h0646.png,tbx11k,h0646,dupclust_0
health/h2808.png,tbx11k,h2808,dupclust_0
health/h4314.png,tbx11k,h4314,dupclust_0
health/h4166.png,tbx11k,h4166,dupclust_0
health/h0100.png,tbx11k,h0100,dupclust_0
health/h4875.png,tbx11k,h4875,dupclust_2828
health/h4569.png,tbx11k,h4569,dupclust_0
health/h4743.png,tbx11k,h4743,dupclust_0
health/h4638.png,tbx11k,h4638,dupclust_0
health/h0616.png,tbx11k,h0616,dupclust_0
health/h3725.png,tbx11k,h3725,dupclust_0
health/h0882.png,tbx11k,h0882,dupclust_0
health/h4818.png,tbx11k,h4818,dupclust_0
health/h3275.png,tbx11k,h3275,dupclust_0
health/h0036.png,tbx11k,h0036,dupclust_0
health/h0818.png,tbx11k,h0818,dupclust_0
health/h4307.png,tbx11k,h4307,dupclust_0
health/h4063.png,tbx11k,h4063,dupclust_0
health/h3086.png,tbx11k,h3086,dupclust_0
health/h1959.png,tbx11k,h1959,dupclust_0
health/h2733.png,tbx11k,h2733,dupclust_0
health/h1322.png,tbx11k,h1322,dupclust_0
health/h4681.png,tbx11k,h4681,dupclust_0
health/h3820.png,tbx11k,h3820,dupclust_0
health/h3832.png,tbx11k,h3832,dupclust_0
health/h3309.png,tbx11k,h3309,dupclust_0
health/h0719.png,tbx11k,h0719,dupclust_0
extra/mc+shenzhen/train/CHNCXR_0183_0.png,mc+shenzhen,CHNCXR_0183_0,dupclust_2850
health/h3149.png,tbx11k,h3149,dupclust_0
health/h2269.png,tbx11k,h2269,dupclust_0
health/h2992.png,tbx11k,h2992,dupclust_0
health/h1942.png,tbx11k,h1942,dupclust_0
health/h1683.png,tbx11k,h1683,dupclust_0
health/h2263.png,tbx11k,h2263,dupclust_0
health/h3236.png,tbx11k,h3236,dupclust_0
health/h1653.png,tbx11k,h1653,dupclust_0
health/h2848.png,tbx11k,h2848,dupclust_0
health/h3036.png,tbx11k,h3036,dupclust_0
health/h1848.png,tbx11k,h1848,dupclust_0
health/h1849.png,tbx11k,h1849,dupclust_0
health/h2715.png,tbx11k,h2715,dupclust_0
health/h2302.png,tbx11k,h2302,dupclust_0
health/h3141.png,tbx11k,h3141,dupclust_0
health/h3723.png,tbx11k,h3723,dupclust_0
health/h1719.png,tbx11k,h1719,dupclust_0
health/h3534.png,tbx11k,h3534,dupclust_0
health/h0096.png,tbx11k,h0096,dupclust_2869
health/h2145.png,tbx11k,h2145,dupclust_0
health/h1405.png,tbx11k,h1405,dupclust_0
health/h2750.png,tbx11k,h2750,dupclust_0
health/h0123.png,tbx11k,h0123,dupclust_0
health/h3076.png,tbx11k,h3076,dupclust_0
health/h0823.png,tbx11k,h0823,dupclust_0
health/h2135.png,tbx11k,h2135,dupclust_0
extra/mc+shenzhen/train/CHNCXR_0226_0.png,mc+shenzhen,CHNCXR_0226_0,dupclust_0
health/h3793.png,tbx11k,h3793,dupclust_361
health/h4456.png,tbx11k,h4456,dupclust_0
health/h4704.png,tbx11k,h4704,dupclust_0
health/h0679.png,tbx11k,h0679,dupclust_0
health/h2738.png,tbx11k,h2738,dupclust_0
extra/mc+shenzhen/val/CHNCXR_0294_0.png,mc+shenzhen,CHNCXR_0294_0,dupclust_0
health/h2633.png,tbx11k,h2633,dupclust_0
health/h4745.png,tbx11k,h4745,dupclust_2885
health/h3655.png,tbx11k,h3655,dupclust_0
health/h0801.png,tbx11k,h0801,dupclust_0
health/h4844.png,tbx11k,h4844,dupclust_0
health/h3587.png,tbx11k,h3587,dupclust_2889
health/h0617.png,tbx11k,h0617,dupclust_0
health/h3219.png,tbx11k,h3219,dupclust_0
health/h2645.png,tbx11k,h2645,dupclust_0
health/h1603.png,tbx11k,h1603,dupclust_0
health/h0950.png,tbx11k,h0950,dupclust_0
health/h4994.png,tbx11k,h4994,dupclust_0
train/patient31645/study13/view1_frontal.jpg,chexpert,patient31645,dupclust_0
train/patient11792/study16/view1_frontal.jpg,chexpert,patient11792,dupclust_2897
train/patient11792/study12/view1_frontal.jpg,chexpert,patient11792,dupclust_2898
train/patient57561/study2/view1_frontal.jpg,chexpert,patient57561,dupclust_0
train/patient22822/study1/view1_frontal.jpg,chexpert,patient22822,dupclust_0
train/patient12702/study2/view1_frontal.jpg,chexpert,patient12702,dupclust_2901
train/patient57369/study1/view1_frontal.jpg,chexpert,patient57369,dupclust_2902
train/patient48606/study1/view1_frontal.jpg,chexpert,patient48606,dupclust_0
train/patient06040/study1/view1_frontal.jpg,chexpert,patient06040,dupclust_0
train/patient34431/study1/view1_frontal.jpg,chexpert,patient34431,dupclust_2905
train/patient38242/study1/view1_frontal.jpg,chexpert,patient38242,dupclust_2906
train/patient22125/study1/view1_frontal.jpg,chexpert,patient22125,dupclust_0
train/patient07224/study2/view1_frontal.jpg,chexpert,patient07224,dupclust_0
train/patient07224/study3/view1_frontal.jpg,chexpert,patient07224,dupclust_2909
train/patient55493/study4/view1_frontal.jpg,chexpert,patient55493,dupclust_0
train/patient11653/study1/view1_frontal.jpg,chexpert,patient11653,dupclust_0
train/patient40518/study1/view1_frontal.jpg,chexpert,patient40518,dupclust_0
train/patient46834/study1/view1_frontal.jpg,chexpert,patient46834,dupclust_0
train/patient35073/study1/view1_frontal.jpg,chexpert,patient35073,dupclust_0
train/patient24588/study9/view1_frontal.jpg,chexpert,patient24588,dupclust_0
train/patient10208/study1/view1_frontal.jpg,chexpert,patient10208,dupclust_2916
train/patient43546/study1/view1_frontal.jpg,chexpert,patient43546,dupclust_2917
train/patient30956/study1/view1_frontal.jpg,chexpert,patient30956,dupclust_0
train/patient30627/study21/view1_frontal.jpg,chexpert,patient30627,dupclust_1080
train/patient30627/study4/view1_frontal.jpg,chexpert,patient30627,dupclust_2920
train/patient30627/study63/view1_frontal.jpg,chexpert,patient30627,dupclust_2921
train/patient05831/study1/view1_frontal.jpg,chexpert,patient05831,dupclust_0
train/patient05831/study2/view1_frontal.jpg,chexpert,patient05831,dupclust_0
train/patient14982/study1/view1_frontal.jpg,chexpert,patient14982,dupclust_0
train/patient07050/study1/view1_frontal.jpg,chexpert,patient07050,dupclust_0
train/patient29345/study8/view1_frontal.jpg,chexpert,patient29345,dupclust_0
train/patient04088/study3/view1_frontal.jpg,chexpert,patient04088,dupclust_0
train/patient10682/study2/view1_frontal.jpg,chexpert,patient10682,dupclust_2928
train/patient27680/study8/view1_frontal.jpg,chexpert,patient27680,dupclust_0
train/patient27680/study38/view1_frontal.jpg,chexpert,patient27680,dupclust_2930
train/patient27680/study6/view1_frontal.jpg,chexpert,patient27680,dupclust_0
train/patient27680/study23/view1_frontal.jpg,chexpert,patient27680,dupclust_2932
train/patient30127/study12/view1_frontal.jpg,chexpert,patient30127,dupclust_2933
train/patient30127/study14/view1_frontal.jpg,chexpert,patient30127,dupclust_2934
train/patient00491/study1/view1_frontal.jpg,chexpert,patient00491,dupclust_0
train/patient18824/study2/view1_frontal.jpg,chexpert,patient18824,dupclust_168
train/patient18824/study22/view1_frontal.jpg,chexpert,patient18824,dupclust_0
train/patient04615/study6/view1_frontal.jpg,chexpert,patient04615,dupclust_0
train/patient28922/study8/view1_frontal.jpg,chexpert,patient28922,dupclust_0
train/patient42450/study4/view1_frontal.jpg,chexpert,patient42450,dupclust_2940
train/patient42450/study3/view1_frontal.jpg,chexpert,patient42450,dupclust_2941
train/patient08016/study1/view1_frontal.jpg,chexpert,patient08016,dupclust_0
train/patient40485/study2/view1_frontal.jpg,chexpert,patient40485,dupclust_2943
train/patient24012/study6/view1_frontal.jpg,chexpert,patient24012,dupclust_2944
train/patient09015/study4/view1_frontal.jpg,chexpert,patient09015,dupclust_0
train/patient08747/study7/view1_frontal.jpg,chexpert,patient08747,dupclust_0
train/patient40446/study2/view1_frontal.jpg,chexpert,patient40446,dupclust_2947
train/patient40446/study1/view1_frontal.jpg,chexpert,patient40446,dupclust_2948
train/patient39910/study1/view1_frontal.jpg,chexpert,patient39910,dupclust_2949
train/patient28600/study1/view1_frontal.jpg,chexpert,patient28600,dupclust_0
train/patient28600/study2/view1_frontal.jpg,chexpert,patient28600,dupclust_0
train/patient21764/study15/view1_frontal.jpg,chexpert,patient21764,dupclust_0
train/patient21764/study13/view1_frontal.jpg,chexpert,patient21764,dupclust_2953
train/patient21764/study16/view1_frontal.jpg,chexpert,patient21764,dupclust_2954
train/patient35611/study2/view1_frontal.jpg,chexpert,patient35611,dupclust_0
train/patient35611/study13/view1_frontal.jpg,chexpert,patient35611,dupclust_2956
train/patient35611/study1/view1_frontal.jpg,chexpert,patient35611,dupclust_2957
train/patient13180/study9/view1_frontal.jpg,chexpert,patient13180,dupclust_2958
train/patient50440/study1/view1_frontal.jpg,chexpert,patient50440,dupclust_2959
train/patient24512/study2/view1_frontal.jpg,chexpert,patient24512,dupclust_0
train/patient24512/study1/view1_frontal.jpg,chexpert,patient24512,dupclust_2961
train/patient37678/study3/view1_frontal.jpg,chexpert,patient37678,dupclust_2962
train/patient37678/study3/view2_frontal.jpg,chexpert,patient37678,dupclust_2963
train/patient59356/study2/view1_frontal.jpg,chexpert,patient59356,dupclust_0
train/patient54176/study1/view1_frontal.jpg,chexpert,patient54176,dupclust_0
train/patient01443/study1/view1_frontal.jpg,chexpert,patient01443,dupclust_0
train/patient01443/study1/view2_frontal.jpg,chexpert,patient01443,dupclust_2967
train/patient12358/study1/view1_frontal.jpg,chexpert,patient12358,dupclust_0
train/patient63786/study1/view1_frontal.jpg,chexpert,patient63786,dupclust_2969
train/patient44626/study2/view1_frontal.jpg,chexpert,patient44626,dupclust_0
train/patient57909/study1/view1_frontal.jpg,chexpert,patient57909,dupclust_2971
train/patient41915/study1/view1_frontal.jpg,chexpert,patient41915,dupclust_2972
train/patient35760/study3/view1_frontal.jpg,chexpert,patient35760,dupclust_0
train/patient59928/study3/view1_frontal.jpg,chexpert,patient59928,dupclust_2974
train/patient59928/study1/view1_frontal.jpg,chexpert,patient59928,dupclust_0
train/patient52851/study1/view1_frontal.jpg,chexpert,patient52851,dupclust_2976
train/patient45318/study2/view1_frontal.jpg,chexpert,patient45318,dupclust_2977
train/patient23987/study1/view1_frontal.jpg,chexpert,patient23987,dupclust_2978
train/patient06600/study7/view1_frontal.jpg,chexpert,patient06600,dupclust_2979
train/patient00773/study7/view1_frontal.jpg,chexpert,patient00773,dupclust_2980
train/patient20968/study13/view1_frontal.jpg,chexpert,patient20968,dupclust_2981
train/patient36083/study7/view1_frontal.jpg,chexpert,patient36083,dupclust_2982
train/patient19210/study7/view1_frontal.jpg,chexpert,patient19210,dupclust_2983
train/patient19210/study5/view1_frontal.jpg,chexpert,patient19210,dupclust_0
train/patient38657/study3/view1_frontal.jpg,chexpert,patient38657,dupclust_0
train/patient13210/study1/view1_frontal.jpg,chexpert,patient13210,dupclust_2986
train/patient13210/study2/view1_frontal.jpg,chexpert,patient13210,dupclust_2987
train/patient04582/study1/view1_frontal.jpg,chexpert,patient04582,dupclust_0
train/patient21737/study1/view1_frontal.jpg,chexpert,patient21737,dupclust_0
train/patient41882/study1/view1_frontal.jpg,chexpert,patient41882,dupclust_2990
train/patient01610/study1/view1_frontal.jpg,chexpert,patient01610,dupclust_2991
train/patient14312/study1/view1_frontal.jpg,chexpert,patient14312,dupclust_0
train/patient18767/study1/view1_frontal.jpg,chexpert,patient18767,dupclust_2993
train/patient17052/study6/view1_frontal.jpg,chexpert,patient17052,dupclust_2994
train/patient39936/study1/view1_frontal.jpg,chexpert,patient39936,dupclust_2995
train/patient17254/study1/view1_frontal.jpg,chexpert,patient17254,dupclust_2996
train/patient16682/study9/view1_frontal.jpg,chexpert,patient16682,dupclust_2997
train/patient05962/study2/view1_frontal.jpg,chexpert,patient05962,dupclust_0
train/patient05962/study1/view1_frontal.jpg,chexpert,patient05962,dupclust_2999
train/patient08206/study1/view1_frontal.jpg,chexpert,patient08206,dupclust_3000
train/patient40094/study1/view1_frontal.jpg,chexpert,patient40094,dupclust_0
train/patient25329/study2/view1_frontal.jpg,chexpert,patient25329,dupclust_751
train/patient29415/study1/view1_frontal.jpg,chexpert,patient29415,dupclust_0
train/patient11183/study1/view1_frontal.jpg,chexpert,patient11183,dupclust_0
train/patient12592/study2/view1_frontal.jpg,chexpert,patient12592,dupclust_0
train/patient03399/study8/view1_frontal.jpg,chexpert,patient03399,dupclust_3006
train/patient35624/study4/view1_frontal.jpg,chexpert,patient35624,dupclust_3007
train/patient54707/study1/view1_frontal.jpg,chexpert,patient54707,dupclust_3008
train/patient02875/study9/view1_frontal.jpg,chexpert,patient02875,dupclust_0
train/patient24181/study1/view1_frontal.jpg,chexpert,patient24181,dupclust_3010
train/patient06115/study4/view1_frontal.jpg,chexpert,patient06115,dupclust_3011
train/patient17745/study1/view1_frontal.jpg,chexpert,patient17745,dupclust_3012
train/patient17745/study13/view1_frontal.jpg,chexpert,patient17745,dupclust_3013
train/patient02076/study6/view1_frontal.jpg,chexpert,patient02076,dupclust_0
train/patient28560/study2/view1_frontal.jpg,chexpert,patient28560,dupclust_0
train/patient36122/study44/view1_frontal.jpg,chexpert,patient36122,dupclust_0
train/patient12339/study3/view1_frontal.jpg,chexpert,patient12339,dupclust_0
train/patient20843/study7/view1_frontal.jpg,chexpert,patient20843,dupclust_0
train/patient21983/study1/view1_frontal.jpg,chexpert,patient21983,dupclust_3019
train/patient40761/study5/view1_frontal.jpg,chexpert,patient40761,dupclust_0
train/patient45596/study2/view1_frontal.jpg,chexpert,patient45596,dupclust_3021
train/patient25682/study2/view1_frontal.jpg,chexpert,patient25682,dupclust_3022
train/patient25899/study2/view1_frontal.jpg,chexpert,patient25899,dupclust_0
train/patient54094/study2/view1_frontal.jpg,chexpert,patient54094,dupclust_3024
train/patient35337/study16/view1_frontal.jpg,chexpert,patient35337,dupclust_3025
train/patient35337/study16/view2_frontal.jpg,chexpert,patient35337,dupclust_3026
train/patient19284/study1/view1_frontal.jpg,chexpert,patient19284,dupclust_0
train/patient45990/study2/view1_frontal.jpg,chexpert,patient45990,dupclust_0
train/patient43922/study11/view1_frontal.jpg,chexpert,patient43922,dupclust_0
train/patient43922/study12/view1_frontal.jpg,chexpert,patient43922,dupclust_3030
train/patient17282/study1/view1_frontal.jpg,chexpert,patient17282,dupclust_3031
train/patient26852/study1/view1_frontal.jpg,chexpert,patient26852,dupclust_0
train/patient26778/study18/view1_frontal.jpg,chexpert,patient26778,dupclust_3033
train/patient08740/study9/view1_frontal.jpg,chexpert,patient08740,dupclust_0
train/patient09332/study1/view1_frontal.jpg,chexpert,patient09332,dupclust_3035
train/patient40390/study4/view1_frontal.jpg,chexpert,patient40390,dupclust_3036
train/patient19029/study11/view1_frontal.jpg,chexpert,patient19029,dupclust_0
train/patient03139/study1/view1_frontal.jpg,chexpert,patient03139,dupclust_3038
train/patient01137/study8/view1_frontal.jpg,chexpert,patient01137,dupclust_0
train/patient05946/study4/view1_frontal.jpg,chexpert,patient05946,dupclust_0
train/patient41936/study13/view1_frontal.jpg,chexpert,patient41936,dupclust_3041
train/patient34108/study1/view1_frontal.jpg,chexpert,patient34108,dupclust_0
train/patient08448/study5/view1_frontal.jpg,chexpert,patient08448,dupclust_0
train/patient08448/study10/view1_frontal.jpg,chexpert,patient08448,dupclust_0
train/patient12454/study2/view1_frontal.jpg,chexpert,patient12454,dupclust_885
train/patient12454/study1/view1_frontal.jpg,chexpert,patient12454,dupclust_0
train/patient40304/study8/view1_frontal.jpg,chexpert,patient40304,dupclust_3047
train/patient05650/study2/view1_frontal.jpg,chexpert,patient05650,dupclust_0
train/patient10440/study1/view1_frontal.jpg,chexpert,patient10440,dupclust_0
train/patient20363/study1/view1_frontal.jpg,chexpert,patient20363,dupclust_0
train/patient32616/study10/view1_frontal.jpg,chexpert,patient32616,dupclust_0
train/patient32616/study8/view1_frontal.jpg,chexpert,patient32616,dupclust_0
train/patient32616/study9/view1_frontal.jpg,chexpert,patient32616,dupclust_0
train/patient05449/study1/view1_frontal.jpg,chexpert,patient05449,dupclust_0
train/patient17227/study1/view1_frontal.jpg,chexpert,patient17227,dupclust_0
extra/da+db/val/px46.jpg,da+db,px46,dupclust_0
tb/tb0600.png,tbx11k,tb0600,dupclust_0
tb/tb0624.png,tbx11k,tb0624,dupclust_3058
tb/tb0739.png,tbx11k,tb0739,dupclust_0
tb/tb0298.png,tbx11k,tb0298,dupclust_3060
tb/tb0611.png,tbx11k,tb0611,dupclust_3061
tb/tb0530.png,tbx11k,tb0530,dupclust_0
extra/mc+shenzhen/val/CHNCXR_0644_1.png,mc+shenzhen,CHNCXR_0644_1,dupclust_0
tb/tb0446.png,tbx11k,tb0446,dupclust_0
tb/tb0473.png,tbx11k,tb0473,dupclust_0
tb/tb1098.png,tbx11k,tb1098,dupclust_0
tb/tb0369.png,tbx11k,tb0369,dupclust_1340
tb/tb0556.png,tbx11k,tb0556,dupclust_0
tb/tb0627.png,tbx11k,tb0627,dupclust_0
tb/tb0640.png,tbx11k,tb0640,dupclust_3070
tb/tb0827.png,tbx11k,tb0827,dupclust_0
tb/tb0117.png,tbx11k,tb0117,dupclust_3072
tb/tb0509.png,tbx11k,tb0509,dupclust_0
extra/mc+shenzhen/train/CHNCXR_0371_1.png,mc+shenzhen,CHNCXR_0371_1,dupclust_0
tb/tb0508.png,tbx11k,tb0508,dupclust_2850
tb/tb1163.png,tbx11k,tb1163,dupclust_0
tb/tb0092.png,tbx11k,tb0092,dupclust_0
tb/tb0082.png,tbx11k,tb0082,dupclust_0
extra/mc+shenzhen/val/CHNCXR_0422_1.png,mc+shenzhen,CHNCXR_0422_1,dupclust_3079
tb/tb0335.png,tbx11k,tb0335,dupclust_0
extra/da+db/train/px41.jpg,da+db,px41,dupclust_3081
extra/mc+shenzhen/val/MCUCXR_0354_1.png,mc+shenzhen,MCUCXR_0354_1,dupclust_0
tb/tb0853.png,tbx11k,tb0853,dupclust_0
tb/tb0889.png,tbx11k,tb0889,dupclust_0
tb/tb0003.png,tbx11k,tb0003,dupclust_0
tb/tb0559.png,tbx11k,tb0559,dupclust_0
tb/tb1066.png,tbx11k,tb1066,dupclust_0
tb/tb0507.png,tbx11k,tb0507,dupclust_3088
tb/tb0336.png,tbx11k,tb0336,dupclust_0
extra/da+db/val/px47.jpg,da+db,px47,dupclust_0
extra/da+db/train/px40.jpg,da+db,px40,dupclust_3091
tb/tb0176.png,tbx11k,tb0176,dupclust_0
extra/da+db/train/px51.jpg,da+db,px51,dupclust_3093
tb/tb0638.png,tbx11k,tb0638,dupclust_3094
extra/mc+shenzhen/val/CHNCXR_0617_1.png,mc+shenzhen,CHNCXR_0617_1,dupclust_0
extra/mc+shenzhen/train/MCUCXR_0338_1.png,mc+shenzhen,MCUCXR_0338_1,dupclust_0
tb/tb0573.png,tbx11k,tb0573,dupclust_3097
tb/tb0012.png,tbx11k,tb0012,dupclust_1211
tb/tb0634.png,tbx11k,tb0634,dupclust_0
tb/tb1199.png,tbx11k,tb1199,dupclust_885
tb/tb0183.png,tbx11k,tb0183,dupclust_0
tb/tb0316.png,tbx11k,tb0316,dupclust_1943
tb/tb0371.png,tbx11k,tb0371,dupclust_0
tb/tb0094.png,tbx11k,tb0094,dupclust_0
tb/tb0162.png,tbx11k,tb0162,dupclust_0
tb/tb1175.png,tbx11k,tb1175,dupclust_0
tb/tb1161.png,tbx11k,tb1161,dupclust_0
tb/tb0708.png,tbx11k,tb0708,dupclust_3108
extra/mc+shenzhen/train/CHNCXR_0343_1.png,mc+shenzhen,CHNCXR_0343_1,dupclust_0
extra/da+db/val/p5.png,da+db,p5,dupclust_0
tb/tb0273.png,tbx11k,tb0273,dupclust_0
tb/tb0497.png,tbx11k,tb0497,dupclust_0
tb/tb1074.png,tbx11k,tb1074,dupclust_0
tb/tb0139.png,tbx11k,tb0139,dupclust_3114
tb/tb0798.png,tbx11k,tb0798,dupclust_0
tb/tb0550.png,tbx11k,tb0550,dupclust_0
tb/tb0558.png,tbx11k,tb0558,dupclust_0
tb/tb0306.png,tbx11k,tb0306,dupclust_0
tb/tb0146.png,tbx11k,tb0146,dupclust_0
extra/da+db/val/p7.png,da+db,p7,dupclust_0
tb/tb0930.png,tbx11k,tb0930,dupclust_0
tb/tb0186.png,tbx11k,tb0186,dupclust_0
tb/tb0905.png,tbx11k,tb0905,dupclust_0
extra/mc+shenzhen/train/CHNCXR_0479_1.png,mc+shenzhen,CHNCXR_0479_1,dupclust_0
tb/tb0108.png,tbx11k,tb0108,dupclust_3125
tb/tb0148.png,tbx11k,tb0148,dupclust_0
tb/tb0145.png,tbx11k,tb0145,dupclust_0
tb/tb0156.png,tbx11k,tb0156,dupclust_0
tb/tb0903.png,tbx11k,tb0903,dupclust_0
tb/tb0450.png,tbx11k,tb0450,dupclust_0
tb/tb0217.png,tbx11k,tb0217,dupclust_0
extra/mc+shenzhen/val/CHNCXR_0329_1.png,mc+shenzhen,CHNCXR_0329_1,dupclust_0
tb/tb0602.png,tbx11k,tb0602,dupclust_0
extra/mc+shenzhen/val/CHNCXR_0351_1.png,mc+shenzhen,CHNCXR_0351_1,dupclust_0
tb/tb0014.png,tbx11k,tb0014,dupclust_0
tb/tb0692.png,tbx11k,tb0692,dupclust_0
tb/tb0987.png,tbx11k,tb0987,dupclust_0
tb/tb0469.png,tbx11k,tb0469,dupclust_3138
tb/tb0984.png,tbx11k,tb0984,dupclust_0
tb/tb0321.png,tbx11k,tb0321,dupclust_0
tb/tb0015.png,tbx11k,tb0015,dupclust_0
tb/tb0238.png,tbx11k,tb0238,dupclust_0
tb/tb1071.png,tbx11k,tb1071,dupclust_791
tb/tb0065.png,tbx11k,tb0065,dupclust_0
tb/tb0485.png,tbx11k,tb0485,dupclust_3145
extra/mc+shenzhen/train/CHNCXR_0515_1.png,mc+shenzhen,CHNCXR_0515_1,dupclust_0
tb/tb0227.png,tbx11k,tb0227,dupclust_3147
tb/tb0138.png,tbx11k,tb0138,dupclust_0
extra/mc+shenzhen/val/CHNCXR_0591_1.png,mc+shenzhen,CHNCXR_0591_1,dupclust_0
tb/tb0503.png,tbx11k,tb0503,dupclust_0
tb/tb0253.png,tbx11k,tb0253,dupclust_0
extra/mc+shenzhen/train/CHNCXR_0450_1.png,mc+shenzhen,CHNCXR_0450_1,dupclust_3152
extra/mc+shenzhen/val/CHNCXR_0396_1.png,mc+shenzhen,CHNCXR_0396_1,dupclust_0
tb/tb0549.png,tbx11k,tb0549,dupclust_0
tb/tb0979.png,tbx11k,tb0979,dupclust_0
tb/tb0241.png,tbx11k,tb0241,dupclust_0
tb/tb1077.png,tbx11k,tb1077,dupclust_0
tb/tb0399.png,tbx11k,tb0399,dupclust_0
extra/mc+shenzhen/train/CHNCXR_0349_1.png,mc+shenzhen,CHNCXR_0349_1,dupclust_3159
tb/tb1117.png,tbx11k,tb1117,dupclust_0
tb/tb1139.png,tbx11k,tb1139,dupclust_0
tb/tb0489.png,tbx11k,tb0489,dupclust_0
extra/mc+shenzhen/train/CHNCXR_0464_1.png,mc+shenzhen,CHNCXR_0464_1,dupclust_3163
tb/tb0940.png,tbx11k,tb0940,dupclust_0
extra/mc+shenzhen/val/MCUCXR_0213_1.png,mc+shenzhen,MCUCXR_0213_1,dupclust_0
tb/tb0544.png,tbx11k,tb0544,dupclust_0
tb/tb1024.png,tbx11k,tb1024,dupclust_0
extra/da+db/train/px42.jpg,da+db,px42,dupclust_0
tb/tb0291.png,tbx11k,tb0291,dupclust_3169
tb/tb0028.png,tbx11k,tb0028,dupclust_1039
tb/tb0807.png,tbx11k,tb0807,dupclust_3171
tb/tb0830.png,tbx11k,tb0830,dupclust_0
extra/mc+shenzhen/train/CHNCXR_0437_1.png,mc+shenzhen,CHNCXR_0437_1,dupclust_0
tb/tb0593.png,tbx11k,tb0593,dupclust_3174
tb/tb1186.png,tbx11k,tb1186,dupclust_0
tb/tb0338.png,tbx11k,tb0338,dupclust_3176
extra/mc+shenzhen/val/CHNCXR_0659_1.png,mc+shenzhen,CHNCXR_0659_1,dupclust_0
tb/tb0957.png,tbx11k,tb0957,dupclust_0
tb/tb0115.png,tbx11k,tb0115,dupclust_3179
tb/tb0021.png,tbx11k,tb0021,dupclust_0
extra/da+db/val/px34.jpg,da+db,px34,dupclust_0
tb/tb0395.png,tbx11k,tb0395,dupclust_3182
tb/tb0536.png,tbx11k,tb0536,dupclust_3183
extra/mc+shenzhen/val/CHNCXR_0352_1.png,mc+shenzhen,CHNCXR_0352_1,dupclust_0
tb/tb0279.png,tbx11k,tb0279,dupclust_3185
tb/tb0354.png,tbx11k,tb0354,dupclust_0
tb/tb0579.png,tbx11k,tb0579,dupclust_0
extra/mc+shenzhen/val/CHNCXR_0567_1.png,mc+shenzhen,CHNCXR_0567_1,dupclust_0
tb/tb0770.png,tbx11k,tb0770,dupclust_3189
tb/tb1185.png,tbx11k,tb1185,dupclust_128
tb/tb0020.png,tbx11k,tb0020,dupclust_3191
extra/mc+shenzhen/val/CHNCXR_0551_1.png,mc+shenzhen,CHNCXR_0551_1,dupclust_0
extra/mc+shenzhen/val/CHNCXR_0538_1.png,mc+shenzhen,CHNCXR_0538_1,dupclust_0
tb/tb0812.png,tbx11k,tb0812,dupclust_0
tb/tb1072.png,tbx11k,tb1072,dupclust_0
tb/tb0563.png,tbx11k,tb0563,dupclust_3196
tb/tb0989.png,tbx11k,tb0989,dupclust_0
tb/tb0752.png,tbx11k,tb0752,dupclust_0
extra/da+db/val/px11.jpg,da+db,px11,dupclust_3199
tb/tb0405.png,tbx11k,tb0405,dupclust_3200
extra/mc+shenzhen/train/CHNCXR_0431_1.png,mc+shenzhen,CHNCXR_0431_1,dupclust_0
tb/tb0541.png,tbx11k,tb0541,dupclust_3202
tb/tb0669.png,tbx11k,tb0669,dupclust_0
tb/tb0998.png,tbx11k,tb0998,dupclust_3204
extra/da+db/train/p18.png,da+db,p18,dupclust_0
tb/tb0523.png,tbx11k,tb0523,dupclust_3206
tb/tb0036.png,tbx11k,tb0036,dupclust_0
tb/tb1156.png,tbx11k,tb1156,dupclust_0
tb/tb0996.png,tbx11k,tb0996,dupclust_0
tb/tb0915.png,tbx11k,tb0915,dupclust_3210
tb/tb0834.png,tbx11k,tb0834,dupclust_0
tb/tb1049.png,tbx11k,tb1049,dupclust_0
tb/tb0691.png,tbx11k,tb0691,dupclust_0
tb/tb0896.png,tbx11k,tb0896,dupclust_0
tb/tb0990.png,tbx11k,tb0990,dupclust_1084
