rel_path,Class,Source
train/patient00085/study1/view1_frontal.jpg,Pneumonia,chexpert
train/patient00086/study1/view1_frontal.jpg,Pneumonia,chexpert
train/patient00112/study1/view1_frontal.jpg,Pneumonia,chexpert
train/patient00114/study15/view1_frontal.jpg,Pneumonia,chexpert
train/patient00122/study5/view1_frontal.jpg,Pneumonia,chexpert
train/patient00155/study6/view1_frontal.jpg,Pneumonia,chexpert
train/patient00161/study1/view1_frontal.jpg,Pneumonia,chexpert
train/patient00171/study3/view1_frontal.jpg,Pneumonia,chexpert
train/patient00171/study5/view1_frontal.jpg,Pneumonia,chexpert
train/patient00172/study5/view1_frontal.jpg,Pneumonia,chexpert
train/patient00225/study1/view1_frontal.jpg,Pneumonia,chexpert
train/patient00232/study1/view1_frontal.jpg,Pneumonia,chexpert
train/patient00237/study1/view1_frontal.jpg,Pneumonia,chexpert
train/patient00237/study2/view1_frontal.jpg,Pneumonia,chexpert
train/patient00237/study18/view1_frontal.jpg,Pneumonia,chexpert
train/patient00240/study1/view1_frontal.jpg,Pneumonia,chexpert
train/patient00251/study1/view1_frontal.jpg,Pneumonia,chexpert
train/patient00261/study5/view1_frontal.jpg,Pneumonia,chexpert
train/patient00262/study3/view1_frontal.jpg,Pneumonia,chexpert
train/patient00286/study1/view1_frontal.jpg,Pneumonia,chexpert
train/patient00287/study1/view1_frontal.jpg,Pneumonia,chexpert
train/patient00314/study25/view1_frontal.jpg,Pneumonia,chexpert
train/patient00323/study1/view1_frontal.jpg,Pneumonia,chexpert
train/patient00326/study10/view1_frontal.jpg,Pneumonia,chexpert
train/patient00374/study1/view1_frontal.jpg,Pneumonia,chexpert
train/patient00378/study1/view1_frontal.jpg,Pneumonia,chexpert
train/patient00391/study1/view1_frontal.jpg,Pneumonia,chexpert
train/patient00394/study1/view1_frontal.jpg,Pneumonia,chexpert
train/patient00403/study2/view1_frontal.jpg,Pneumonia,chexpert
train/patient00404/study1/view1_frontal.jpg,Pneumonia,chexpert
train/patient00421/study2/view1_frontal.jpg,Pneumonia,chexpert
train/patient00437/study1/view1_frontal.jpg,Pneumonia,chexpert
train/patient00448/study1/view1_frontal.jpg,Pneumonia,chexpert
train/patient00473/study4/view1_frontal.jpg,Pneumonia,chexpert
train/patient00491/study1/view1_frontal.jpg,Pneumonia,chexpert
train/patient00497/study2/view1_frontal.jpg,Pneumonia,chexpert
train/patient00504/study7/view1_frontal.jpg,Pneumonia,chexpert
train/patient00510/study1/view1_frontal.jpg,Pneumonia,chexpert
train/patient00516/study2/view1_frontal.jpg,Pneumonia,chexpert
train/patient00545/study1/view1_frontal.jpg,Pneumonia,chexpert
train/patient00616/study1/view1_frontal.jpg,Pneumonia,chexpert
train/patient00617/study1/view1_frontal.jpg,Pneumonia,chexpert
train/patient00624/study4/view1_frontal.jpg,Pneumonia,chexpert
train/patient00627/study9/view1_frontal.jpg,Pneumonia,chexpert
train/patient00632/study1/view1_frontal.jpg,Pneumonia,chexpert
train/patient00644/study6/view1_frontal.jpg,Pneumonia,chexpert
train/patient00644/study5/view1_frontal.jpg,Pneumonia,chexpert
train/patient00687/study6/view1_frontal.jpg,Pneumonia,chexpert
train/patient00687/study4/view1_frontal.jpg,Pneumonia,chexpert
train/patient00696/study13/view1_frontal.jpg,Pneumonia,chexpert
train/patient00701/study1/view1_frontal.jpg,Pneumonia,chexpert
train/patient00702/study3/view1_frontal.jpg,Pneumonia,chexpert
train/patient00737/study1/view1_frontal.jpg,Pneumonia,chexpert
train/patient00748/study1/view1_frontal.jpg,Pneumonia,chexpert
train/patient00748/study1/view2_frontal.jpg,Pneumonia,chexpert
train/patient00750/study24/view1_frontal.jpg,Pneumonia,chexpert
train/patient00754/study2/view1_frontal.jpg,Pneumonia,chexpert
train/patient00773/study7/view1_frontal.jpg,Pneumonia,chexpert
train/patient00778/study1/view1_frontal.jpg,Pneumonia,chexpert
train/patient00779/study1/view1_frontal.jpg,Pneumonia,chexpert
train/patient00798/study2/view1_frontal.jpg,Pneumonia,chexpert
train/patient00814/study4/view1_frontal.jpg,Pneumonia,chexpert
train/patient00814/study3/view1_frontal.jpg,Pneumonia,chexpert
train/patient00814/study2/view1_frontal.jpg,Pneumonia,chexpert
train/patient00825/study4/view1_frontal.jpg,Pneumonia,chexpert
train/patient00871/study1/view1_frontal.jpg,Pneumonia,chexpert
train/patient00885/study1/view1_frontal.jpg,Pneumonia,chexpert
train/patient00896/study1/view1_frontal.jpg,Pneumonia,chexpert
train/patient00897/study1/view1_frontal.jpg,Pneumonia,chexpert
train/patient00904/study1/view1_frontal.jpg,Pneumonia,chexpert
train/patient00910/study4/view1_frontal.jpg,Pneumonia,chexpert
train/patient00919/study1/view1_frontal.jpg,Pneumonia,chexpert
train/patient00919/study4/view1_frontal.jpg,Pneumonia,chexpert
train/patient00946/study2/view1_frontal.jpg,Pneumonia,chexpert
train/patient00974/study3/view1_frontal.jpg,Pneumonia,chexpert
train/patient01043/study4/view1_frontal.jpg,Pneumonia,chexpert
train/patient01066/study3/view1_frontal.jpg,Pneumonia,chexpert
train/patient01066/study1/view1_frontal.jpg,Pneumonia,chexpert
train/patient01071/study8/view1_frontal.jpg,Pneumonia,chexpert
train/patient01090/study5/view1_frontal.jpg,Pneumonia,chexpert
train/patient01090/study5/view2_frontal.jpg,Pneumonia,chexpert
train/patient01099/study1/view1_frontal.jpg,Pneumonia,chexpert
train/patient01110/study17/view1_frontal.jpg,Pneumonia,chexpert
train/patient01114/study1/view1_frontal.jpg,Pneumonia,chexpert
train/patient01127/study12/view1_frontal.jpg,Pneumonia,chexpert
train/patient01127/study6/view1_frontal.jpg,Pneumonia,chexpert
train/patient01137/study8/view1_frontal.jpg,Pneumonia,chexpert
train/patient01141/study16/view1_frontal.jpg,Pneumonia,chexpert
train/patient01165/study4/view1_frontal.jpg,Pneumonia,chexpert
train/patient01165/study2/view1_frontal.jpg,Pneumonia,chexpert
train/patient01165/study1/view1_frontal.jpg,Pneumonia,chexpert
train/patient01167/study20/view1_frontal.jpg,Pneumonia,chexpert
train/patient01172/study1/view1_frontal.jpg,Pneumonia,chexpert
train/patient01183/study1/view1_frontal.jpg,Pneumonia,chexpert
train/patient01202/study4/view1_frontal.jpg,Pneumonia,chexpert
train/patient01202/study2/view1_frontal.jpg,Pneumonia,chexpert
train/patient01204/study1/view1_frontal.jpg,Pneumonia,chexpert
train/patient01208/study1/view1_frontal.jpg,Pneumonia,chexpert
train/patient01221/study29/view1_frontal.jpg,Pneumonia,chexpert
train/patient01221/study29/view2_frontal.jpg,Pneumonia,chexpert
train/patient01254/study5/view1_frontal.jpg,Pneumonia,chexpert
train/patient01257/study1/view1_frontal.jpg,Pneumonia,chexpert
train/patient01263/study16/view1_frontal.jpg,Pneumonia,chexpert
train/patient01274/study1/view1_frontal.jpg,Pneumonia,chexpert
train/patient01275/study3/view1_frontal.jpg,Pneumonia,chexpert
train/patient01275/study4/view1_frontal.jpg,Pneumonia,chexpert
train/patient01322/study1/view1_frontal.jpg,Pneumonia,chexpert
train/patient01331/study4/view1_frontal.jpg,Pneumonia,chexpert
train/patient01369/study2/view1_frontal.jpg,Pneumonia,chexpert
train/patient01375/study1/view1_frontal.jpg,Pneumonia,chexpert
train/patient01389/study1/view1_frontal.jpg,Pneumonia,chexpert
train/patient01441/study1/view1_frontal.jpg,Pneumonia,chexpert
train/patient01443/study1/view1_frontal.jpg,Pneumonia,chexpert
train/patient01443/study1/view2_frontal.jpg,Pneumonia,chexpert
train/patient01448/study12/view1_frontal.jpg,Pneumonia,chexpert
train/patient01448/study10/view1_frontal.jpg,Pneumonia,chexpert
train/patient01448/study14/view1_frontal.jpg,Pneumonia,chexpert
train/patient01457/study57/view1_frontal.jpg,Pneumonia,chexpert
train/patient01457/study12/view1_frontal.jpg,Pneumonia,chexpert
train/patient01479/study3/view1_frontal.jpg,Pneumonia,chexpert
train/patient01479/study2/view1_frontal.jpg,Pneumonia,chexpert
train/patient01489/study30/view1_frontal.jpg,Pneumonia,chexpert
train/patient01508/study1/view1_frontal.jpg,Pneumonia,chexpert
train/patient01518/study1/view1_frontal.jpg,Pneumonia,chexpert
train/patient01518/study2/view1_frontal.jpg,Pneumonia,chexpert
train/patient01528/study1/view1_frontal.jpg,Pneumonia,chexpert
train/patient01532/study1/view1_frontal.jpg,Pneumonia,chexpert
train/patient01541/study1/view1_frontal.jpg,Pneumonia,chexpert
train/patient01546/study1/view1_frontal.jpg,Pneumonia,chexpert
train/patient01562/study2/view1_frontal.jpg,Pneumonia,chexpert
train/patient01573/study6/view1_frontal.jpg,Pneumonia,chexpert
train/patient01610/study1/view1_frontal.jpg,Pneumonia,chexpert
train/patient01647/study1/view1_frontal.jpg,Pneumonia,chexpert
train/patient01654/study2/view1_frontal.jpg,Pneumonia,chexpert
train/patient01671/study8/view1_frontal.jpg,Pneumonia,chexpert
train/patient01694/study4/view1_frontal.jpg,Pneumonia,chexpert
train/patient01700/study2/view1_frontal.jpg,Pneumonia,chexpert
train/patient01700/study6/view1_frontal.jpg,Pneumonia,chexpert
train/patient01707/study1/view1_frontal.jpg,Pneumonia,chexpert
train/patient01715/study1/view1_frontal.jpg,Pneumonia,chexpert
train/patient01737/study1/view1_frontal.jpg,Pneumonia,chexpert
train/patient01744/study2/view1_frontal.jpg,Pneumonia,chexpert
train/patient01752/study2/view1_frontal.jpg,Pneumonia,chexpert
train/patient01757/study1/view1_frontal.jpg,Pneumonia,chexpert
train/patient01816/study1/view1_frontal.jpg,Pneumonia,chexpert
train/patient01858/study1/view1_frontal.jpg,Pneumonia,chexpert
train/patient01861/study1/view1_frontal.jpg,Pneumonia,chexpert
train/patient01867/study1/view1_frontal.jpg,Pneumonia,chexpert
train/patient01868/study1/view1_frontal.jpg,Pneumonia,chexpert
train/patient01903/study7/view1_frontal.jpg,Pneumonia,chexpert
train/patient01921/study1/view1_frontal.jpg,Pneumonia,chexpert
train/patient01922/study3/view1_frontal.jpg,Pneumonia,chexpert
train/patient01922/study6/view1_frontal.jpg,Pneumonia,chexpert
train/patient01930/study2/view1_frontal.jpg,Pneumonia,chexpert
train/patient01947/study1/view1_frontal.jpg,Pneumonia,chexpert
train/patient01981/study1/view1_frontal.jpg,Pneumonia,chexpert
train/patient01997/study3/view1_frontal.jpg,Pneumonia,chexpert
train/patient01999/study1/view1_frontal.jpg,Pneumonia,chexpert
train/patient02009/study1/view1_frontal.jpg,Pneumonia,chexpert
train/patient02009/study1/view2_frontal.jpg,Pneumonia,chexpert
train/patient02019/study1/view1_frontal.jpg,Pneumonia,chexpert
train/patient02055/study1/view1_frontal.jpg,Pneumonia,chexpert
train/patient02076/study6/view1_frontal.jpg,Pneumonia,chexpert
train/patient02084/study7/view1_frontal.jpg,Pneumonia,chexpert
train/patient02119/study17/view1_frontal.jpg,Pneumonia,chexpert
train/patient02119/study14/view1_frontal.jpg,Pneumonia,chexpert
train/patient02132/study1/view1_frontal.jpg,Pneumonia,chexpert
train/patient02144/study2/view1_frontal.jpg,Pneumonia,chexpert
train/patient02146/study14/view1_frontal.jpg,Pneumonia,chexpert
train/patient02148/study1/view1_frontal.jpg,Pneumonia,chexpert
train/patient02153/study5/view1_frontal.jpg,Pneumonia,chexpert
train/patient02153/study4/view1_frontal.jpg,Pneumonia,chexpert
train/patient02160/study4/view1_frontal.jpg,Pneumonia,chexpert
train/patient02160/study2/view1_frontal.jpg,Pneumonia,chexpert
train/patient02189/study5/view1_frontal.jpg,Pneumonia,chexpert
train/patient02195/study7/view1_frontal.jpg,Pneumonia,chexpert
train/patient02195/study4/view1_frontal.jpg,Pneumonia,chexpert
train/patient02195/study3/view1_frontal.jpg,Pneumonia,chexpert
train/patient02195/study15/view1_frontal.jpg,Pneumonia,chexpert
train/patient02216/study4/view1_frontal.jpg,Pneumonia,chexpert
train/patient02218/study2/view1_frontal.jpg,Pneumonia,chexpert
train/patient02221/study3/view1_frontal.jpg,Pneumonia,chexpert
train/patient02263/study5/view1_frontal.jpg,Pneumonia,chexpert
train/patient02282/study1/view1_frontal.jpg,Pneumonia,chexpert
train/patient02285/study1/view1_frontal.jpg,Pneumonia,chexpert
train/patient02298/study3/view1_frontal.jpg,Pneumonia,chexpert
train/patient02300/study4/view1_frontal.jpg,Pneumonia,chexpert
train/patient02303/study1/view1_frontal.jpg,Pneumonia,chexpert
train/patient02312/study15/view1_frontal.jpg,Pneumonia,chexpert
train/patient02314/study4/view1_frontal.jpg,Pneumonia,chexpert
train/patient02314/study2/view1_frontal.jpg,Pneumonia,chexpert
train/patient02314/study9/view1_frontal.jpg,Pneumonia,chexpert
train/patient02319/study1/view1_frontal.jpg,Pneumonia,chexpert
train/patient02335/study2/view1_frontal.jpg,Pneumonia,chexpert
train/patient02336/study3/view1_frontal.jpg,Pneumonia,chexpert
train/patient02360/study6/view1_frontal.jpg,Pneumonia,chexpert
train/patient02360/study2/view1_frontal.jpg,Pneumonia,chexpert
train/patient02373/study2/view1_frontal.jpg,Pneumonia,chexpert
train/patient02378/study23/view1_frontal.jpg,Pneumonia,chexpert
train/patient02388/study1/view1_frontal.jpg,Pneumonia,chexpert
train/patient02397/study5/view1_frontal.jpg,Pneumonia,chexpert
train/patient02405/study1/view1_frontal.jpg,Pneumonia,chexpert
train/patient02427/study2/view1_frontal.jpg,Pneumonia,chexpert
train/patient02446/study3/view1_frontal.jpg,Pneumonia,chexpert
train/patient02448/study1/view1_frontal.jpg,Pneumonia,chexpert
train/patient02471/study1/view1_frontal.jpg,Pneumonia,chexpert
train/patient02472/study1/view1_frontal.jpg,Pneumonia,chexpert
train/patient02476/study21/view1_frontal.jpg,Pneumonia,chexpert
train/patient02483/study9/view1_frontal.jpg,Pneumonia,chexpert
train/patient02494/study7/view1_frontal.jpg,Pneumonia,chexpert
train/patient02512/study1/view1_frontal.jpg,Pneumonia,chexpert
train/patient02520/study2/view1_frontal.jpg,Pneumonia,chexpert
train/patient02524/study3/view1_frontal.jpg,Pneumonia,chexpert
train/patient02524/study6/view1_frontal.jpg,Pneumonia,chexpert
train/patient02587/study1/view1_frontal.jpg,Pneumonia,chexpert
train/patient02589/study1/view1_frontal.jpg,Pneumonia,chexpert
train/patient02621/study3/view1_frontal.jpg,Pneumonia,chexpert
train/patient02672/study1/view1_frontal.jpg,Pneumonia,chexpert
train/patient02673/study9/view1_frontal.jpg,Pneumonia,chexpert
train/patient02678/study1/view1_frontal.jpg,Pneumonia,chexpert
train/patient02700/study1/view1_frontal.jpg,Pneumonia,chexpert
train/patient02725/study7/view1_frontal.jpg,Pneumonia,chexpert
train/patient02731/study3/view1_frontal.jpg,Pneumonia,chexpert
train/patient02731/study2/view1_frontal.jpg,Pneumonia,chexpert
train/patient02742/study1/view1_frontal.jpg,Pneumonia,chexpert
train/patient02743/study3/view1_frontal.jpg,Pneumonia,chexpert
train/patient02743/study3/view2_frontal.jpg,Pneumonia,chexpert
train/patient02756/study1/view1_frontal.jpg,Pneumonia,chexpert
train/patient02761/study1/view1_frontal.jpg,Pneumonia,chexpert
train/patient02761/study2/view1_frontal.jpg,Pneumonia,chexpert
train/patient02779/study2/view1_frontal.jpg,Pneumonia,chexpert
train/patient02779/study1/view1_frontal.jpg,Pneumonia,chexpert
train/patient02811/study1/view1_frontal.jpg,Pneumonia,chexpert
train/patient02832/study3/view1_frontal.jpg,Pneumonia,chexpert
train/patient02839/study1/view1_frontal.jpg,Pneumonia,chexpert
train/patient02840/study3/view1_frontal.jpg,Pneumonia,chexpert
train/patient02875/study9/view1_frontal.jpg,Pneumonia,chexpert
train/patient02891/study3/view1_frontal.jpg,Pneumonia,chexpert
train/patient02894/study1/view1_frontal.jpg,Pneumonia,chexpert
train/patient02894/study1/view2_frontal.jpg,Pneumonia,chexpert
train/patient02962/study1/view1_frontal.jpg,Pneumonia,chexpert
train/patient02979/study3/view1_frontal.jpg,Pneumonia,chexpert
train/patient02992/study1/view1_frontal.jpg,Pneumonia,chexpert
train/patient03027/study2/view1_frontal.jpg,Pneumonia,chexpert
train/patient03027/study13/view1_frontal.jpg,Pneumonia,chexpert
train/patient03049/study9/view1_frontal.jpg,Pneumonia,chexpert
train/patient03090/study2/view1_frontal.jpg,Pneumonia,chexpert
train/patient03090/study1/view1_frontal.jpg,Pneumonia,chexpert
train/patient03122/study46/view1_frontal.jpg,Pneumonia,chexpert
train/patient03124/study3/view1_frontal.jpg,Pneumonia,chexpert
train/patient03124/study7/view1_frontal.jpg,Pneumonia,chexpert
train/patient03124/study5/view1_frontal.jpg,Pneumonia,chexpert
train/patient03129/study6/view1_frontal.jpg,Pneumonia,chexpert
train/patient03130/study2/view1_frontal.jpg,Pneumonia,chexpert
train/patient03139/study1/view1_frontal.jpg,Pneumonia,chexpert
train/patient03147/study1/view1_frontal.jpg,Pneumonia,chexpert
train/patient03152/study2/view1_frontal.jpg,Pneumonia,chexpert
train/patient03160/study1/view1_frontal.jpg,Pneumonia,chexpert
train/patient03167/study2/view1_frontal.jpg,Pneumonia,chexpert
train/patient03276/study2/view1_frontal.jpg,Pneumonia,chexpert
train/patient03301/study1/view1_frontal.jpg,Pneumonia,chexpert
train/patient03305/study11/view1_frontal.jpg,Pneumonia,chexpert
train/patient03319/study1/view1_frontal.jpg,Pneumonia,chexpert
train/patient03337/study1/view1_frontal.jpg,Pneumonia,chexpert
train/patient03362/study2/view1_frontal.jpg,Pneumonia,chexpert
train/patient03379/study1/view1_frontal.jpg,Pneumonia,chexpert
train/patient03380/study5/view1_frontal.jpg,Pneumonia,chexpert
train/patient03394/study1/view1_frontal.jpg,Pneumonia,chexpert
train/patient03399/study8/view1_frontal.jpg,Pneumonia,chexpert
train/patient03406/study15/view1_frontal.jpg,Pneumonia,chexpert
train/patient03409/study4/view1_frontal.jpg,Pneumonia,chexpert
train/patient03419/study5/view1_frontal.jpg,Pneumonia,chexpert
train/patient03429/study1/view1_frontal.jpg,Pneumonia,chexpert
train/patient03429/study2/view1_frontal.jpg,Pneumonia,chexpert
train/patient03436/study9/view1_frontal.jpg,Pneumonia,chexpert
train/patient03440/study1/view1_frontal.jpg,Pneumonia,chexpert
train/patient03457/study3/view1_frontal.jpg,Pneumonia,chexpert
train/patient03462/study2/view1_frontal.jpg,Pneumonia,chexpert
train/patient03469/study1/view1_frontal.jpg,Pneumonia,chexpert
train/patient03477/study1/view1_frontal.jpg,Pneumonia,chexpert
train/patient03500/study8/view1_frontal.jpg,Pneumonia,chexpert
train/patient03500/study2/view1_frontal.jpg,Pneumonia,chexpert
train/patient03500/study2/view2_frontal.jpg,Pneumonia,chexpert
train/patient03500/study3/view1_frontal.jpg,Pneumonia,chexpert
train/patient03500/study4/view1_frontal.jpg,Pneumonia,chexpert
train/patient03500/study11/view1_frontal.jpg,Pneumonia,chexpert
train/patient03500/study14/view1_frontal.jpg,Pneumonia,chexpert
train/patient03511/study1/view1_frontal.jpg,Pneumonia,chexpert
train/patient03520/study3/view1_frontal.jpg,Pneumonia,chexpert
train/patient03528/study2/view1_frontal.jpg,Pneumonia,chexpert
train/patient03532/study21/view1_frontal.jpg,Pneumonia,chexpert
train/patient03541/study9/view1_frontal.jpg,Pneumonia,chexpert
train/patient03549/study1/view1_frontal.jpg,Pneumonia,chexpert
train/patient03582/study1/view1_frontal.jpg,Pneumonia,chexpert
train/patient03588/study1/view1_frontal.jpg,Pneumonia,chexpert
train/patient03620/study2/view1_frontal.jpg,Pneumonia,chexpert
train/patient03650/study1/view1_frontal.jpg,Pneumonia,chexpert
train/patient03650/study1/view2_frontal.jpg,Pneumonia,chexpert
train/patient03655/study16/view1_frontal.jpg,Pneumonia,chexpert
train/patient03663/study3/view1_frontal.jpg,Pneumonia,chexpert
train/patient03677/study1/view1_frontal.jpg,Pneumonia,chexpert
train/patient03685/study12/view1_frontal.jpg,Pneumonia,chexpert
train/patient03690/study2/view1_frontal.jpg,Pneumonia,chexpert
train/patient03718/study3/view1_frontal.jpg,Pneumonia,chexpert
train/patient03735/study2/view1_frontal.jpg,Pneumonia,chexpert
train/patient03740/study2/view1_frontal.jpg,Pneumonia,chexpert
train/patient03765/study5/view1_frontal.jpg,Pneumonia,chexpert
train/patient03765/study16/view1_frontal.jpg,Pneumonia,chexpert
train/patient03781/study2/view1_frontal.jpg,Pneumonia,chexpert
train/patient03799/study1/view1_frontal.jpg,Pneumonia,chexpert
train/patient03806/study1/view1_frontal.jpg,Pneumonia,chexpert
train/patient03844/study4/view1_frontal.jpg,Pneumonia,chexpert
train/patient03851/study1/view1_frontal.jpg,Pneumonia,chexpert
train/patient03888/study2/view1_frontal.jpg,Pneumonia,chexpert
train/patient03904/study1/view1_frontal.jpg,Pneumonia,chexpert
train/patient03912/study8/view1_frontal.jpg,Pneumonia,chexpert
train/patient03912/study9/view1_frontal.jpg,Pneumonia,chexpert
train/patient03915/study1/view1_frontal.jpg,Pneumonia,chexpert
train/patient03922/study11/view1_frontal.jpg,Pneumonia,chexpert
train/patient03958/study3/view1_frontal.jpg,Pneumonia,chexpert
train/patient03961/study5/view1_frontal.jpg,Pneumonia,chexpert
train/patient03980/study1/view1_frontal.jpg,Pneumonia,chexpert
train/patient03992/study5/view1_frontal.jpg,Pneumonia,chexpert
train/patient03996/study1/view1_frontal.jpg,Pneumonia,chexpert
train/patient04020/study2/view1_frontal.jpg,Pneumonia,chexpert
train/patient04034/study8/view1_frontal.jpg,Pneumonia,chexpert
train/patient04034/study7/view1_frontal.jpg,Pneumonia,chexpert
train/patient04037/study7/view1_frontal.jpg,Pneumonia,chexpert
train/patient04038/study1/view1_frontal.jpg,Pneumonia,chexpert
train/patient04044/study8/view1_frontal.jpg,Pneumonia,chexpert
train/patient04054/study1/view1_frontal.jpg,Pneumonia,chexpert
train/patient04054/study1/view2_frontal.jpg,Pneumonia,chexpert
train/patient04070/study3/view1_frontal.jpg,Pneumonia,chexpert
train/patient04088/study3/view1_frontal.jpg,Pneumonia,chexpert
train/patient04091/study21/view1_frontal.jpg,Pneumonia,chexpert
train/patient04092/study4/view1_frontal.jpg,Pneumonia,chexpert
train/patient04093/study2/view1_frontal.jpg,Pneumonia,chexpert
train/patient04102/study3/view1_frontal.jpg,Pneumonia,chexpert
train/patient04115/study1/view1_frontal.jpg,Pneumonia,chexpert
train/patient04121/study6/view1_frontal.jpg,Pneumonia,chexpert
train/patient04160/study1/view1_frontal.jpg,Pneumonia,chexpert
train/patient04225/study4/view1_frontal.jpg,Pneumonia,chexpert
train/patient04242/study19/view1_frontal.jpg,Pneumonia,chexpert
train/patient04242/study11/view1_frontal.jpg,Pneumonia,chexpert
train/patient04260/study9/view1_frontal.jpg,Pneumonia,chexpert
train/patient04268/study1/view1_frontal.jpg,Pneumonia,chexpert
train/patient04277/study4/view1_frontal.jpg,Pneumonia,chexpert
train/patient04285/study1/view1_frontal.jpg,Pneumonia,chexpert
train/patient04298/study2/view1_frontal.jpg,Pneumonia,chexpert
train/patient04317/study2/view1_frontal.jpg,Pneumonia,chexpert
train/patient04317/study4/view1_frontal.jpg,Pneumonia,chexpert
train/patient04328/study1/view1_frontal.jpg,Pneumonia,chexpert
train/patient04346/study1/view1_frontal.jpg,Pneumonia,chexpert
train/patient04362/study1/view1_frontal.jpg,Pneumonia,chexpert
train/patient04378/study1/view1_frontal.jpg,Pneumonia,chexpert
train/patient04385/study10/view1_frontal.jpg,Pneumonia,chexpert
train/patient04385/study7/view1_frontal.jpg,Pneumonia,chexpert
train/patient04389/study1/view1_frontal.jpg,Pneumonia,chexpert
train/patient04413/study1/view1_frontal.jpg,Pneumonia,chexpert
train/patient04421/study4/view1_frontal.jpg,Pneumonia,chexpert
train/patient04432/study1/view1_frontal.jpg,Pneumonia,chexpert
train/patient04435/study5/view1_frontal.jpg,Pneumonia,chexpert
train/patient04440/study5/view1_frontal.jpg,Pneumonia,chexpert
train/patient04447/study1/view1_frontal.jpg,Pneumonia,chexpert
train/patient04449/study2/view1_frontal.jpg,Pneumonia,chexpert
train/patient04473/study10/view1_frontal.jpg,Pneumonia,chexpert
train/patient04532/study3/view1_frontal.jpg,Pneumonia,chexpert
train/patient04572/study4/view1_frontal.jpg,Pneumonia,chexpert
train/patient04572/study5/view1_frontal.jpg,Pneumonia,chexpert
train/patient04574/study5/view1_frontal.jpg,Pneumonia,chexpert
train/patient04578/study1/view1_frontal.jpg,Pneumonia,chexpert
train/patient04582/study1/view1_frontal.jpg,Pneumonia,chexpert
train/patient04591/study1/view1_frontal.jpg,Pneumonia,chexpert
train/patient04595/study2/view1_frontal.jpg,Pneumonia,chexpert
train/patient04613/study12/view1_frontal.jpg,Pneumonia,chexpert
train/patient04615/study6/view1_frontal.jpg,Pneumonia,chexpert
train/patient04617/study1/view1_frontal.jpg,Pneumonia,chexpert
train/patient04636/study1/view1_frontal.jpg,Pneumonia,chexpert
train/patient04641/study1/view1_frontal.jpg,Pneumonia,chexpert
train/patient04641/study5/view1_frontal.jpg,Pneumonia,chexpert
train/patient04653/study1/view1_frontal.jpg,Pneumonia,chexpert
train/patient04665/study2/view1_frontal.jpg,Pneumonia,chexpert
train/patient04666/study1/view1_frontal.jpg,Pneumonia,chexpert
train/patient04688/study1/view1_frontal.jpg,Pneumonia,chexpert
train/patient04701/study5/view1_frontal.jpg,Pneumonia,chexpert
train/patient04721/study1/view1_frontal.jpg,Pneumonia,chexpert
train/patient04722/study18/view1_frontal.jpg,Pneumonia,chexpert
train/patient04728/study1/view1_frontal.jpg,Pneumonia,chexpert
train/patient04738/study11/view1_frontal.jpg,Pneumonia,chexpert
train/patient04744/study1/view1_frontal.jpg,Pneumonia,chexpert
train/patient04761/study1/view1_frontal.jpg,Pneumonia,chexpert
train/patient04768/study9/view1_frontal.jpg,Pneumonia,chexpert
train/patient04768/study1/view1_frontal.jpg,Pneumonia,chexpert
train/patient04774/study3/view1_frontal.jpg,Pneumonia,chexpert
train/patient04774/study13/view1_frontal.jpg,Pneumonia,chexpert
train/patient04782/study1/view1_frontal.jpg,Pneumonia,chexpert
train/patient04793/study1/view1_frontal.jpg,Pneumonia,chexpert
train/patient04805/study1/view1_frontal.jpg,Pneumonia,chexpert
train/patient04820/study2/view1_frontal.jpg,Pneumonia,chexpert
train/patient04828/study1/view1_frontal.jpg,Pneumonia,chexpert
train/patient04840/study1/view1_frontal.jpg,Pneumonia,chexpert
train/patient04854/study2/view1_frontal.jpg,Pneumonia,chexpert
train/patient04854/study3/view1_frontal.jpg,Pneumonia,chexpert
train/patient04855/study1/view1_frontal.jpg,Pneumonia,chexpert
train/patient04860/study1/view1_frontal.jpg,Pneumonia,chexpert
train/patient04871/study2/view1_frontal.jpg,Pneumonia,chexpert
train/patient04883/study3/view1_frontal.jpg,Pneumonia,chexpert
train/patient04883/study6/view1_frontal.jpg,Pneumonia,chexpert
train/patient04909/study1/view1_frontal.jpg,Pneumonia,chexpert
train/patient04911/study3/view1_frontal.jpg,Pneumonia,chexpert
train/patient04911/study9/view1_frontal.jpg,Pneumonia,chexpert
train/patient04929/study8/view1_frontal.jpg,Pneumonia,chexpert
train/patient04929/study5/view1_frontal.jpg,Pneumonia,chexpert
train/patient04942/study5/view1_frontal.jpg,Pneumonia,chexpert
train/patient05009/study1/view1_frontal.jpg,Pneumonia,chexpert
train/patient05026/study1/view1_frontal.jpg,Pneumonia,chexpert
train/patient05036/study1/view1_frontal.jpg,Pneumonia,chexpert
train/patient05050/study5/view1_frontal.jpg,Pneumonia,chexpert
train/patient05052/study6/view1_frontal.jpg,Pneumonia,chexpert
train/patient05058/study3/view1_frontal.jpg,Pneumonia,chexpert
train/patient05068/study35/view1_frontal.jpg,Pneumonia,chexpert
train/patient05068/study32/view1_frontal.jpg,Pneumonia,chexpert
train/patient05086/study1/view1_frontal.jpg,Pneumonia,chexpert
train/patient05088/study1/view1_frontal.jpg,Pneumonia,chexpert
train/patient05088/study2/view1_frontal.jpg,Pneumonia,chexpert
train/patient05090/study9/view1_frontal.jpg,Pneumonia,chexpert
train/patient05109/study16/view1_frontal.jpg,Pneumonia,chexpert
train/patient05109/study15/view1_frontal.jpg,Pneumonia,chexpert
train/patient05109/study18/view1_frontal.jpg,Pneumonia,chexpert
train/patient05122/study1/view1_frontal.jpg,Pneumonia,chexpert
train/patient05132/study1/view1_frontal.jpg,Pneumonia,chexpert
train/patient05134/study2/view1_frontal.jpg,Pneumonia,chexpert
train/patient05134/study3/view1_frontal.jpg,Pneumonia,chexpert
train/patient05134/study3/view2_frontal.jpg,Pneumonia,chexpert
train/patient05134/study4/view1_frontal.jpg,Pneumonia,chexpert
train/patient05134/study4/view2_frontal.jpg,Pneumonia,chexpert
train/patient05136/study1/view1_frontal.jpg,Pneumonia,chexpert
train/patient05151/study1/view1_frontal.jpg,Pneumonia,chexpert
train/patient05172/study1/view1_frontal.jpg,Pneumonia,chexpert
train/patient05179/study32/view1_frontal.jpg,Pneumonia,chexpert
train/patient05180/study6/view1_frontal.jpg,Pneumonia,chexpert
train/patient05203/study1/view1_frontal.jpg,Pneumonia,chexpert
train/patient05205/study7/view1_frontal.jpg,Pneumonia,chexpert
train/patient05207/study4/view1_frontal.jpg,Pneumonia,chexpert
train/patient05208/study3/view1_frontal.jpg,Pneumonia,chexpert
train/patient05225/study3/view1_frontal.jpg,Pneumonia,chexpert
train/patient05232/study51/view1_frontal.jpg,Pneumonia,chexpert
train/patient05242/study6/view1_frontal.jpg,Pneumonia,chexpert
train/patient05245/study3/view1_frontal.jpg,Pneumonia,chexpert
train/patient05252/study1/view1_frontal.jpg,Pneumonia,chexpert
train/patient05257/study3/view1_frontal.jpg,Pneumonia,chexpert
train/patient05265/study1/view1_frontal.jpg,Pneumonia,chexpert
train/patient05282/study2/view1_frontal.jpg,Pneumonia,chexpert
train/patient05286/study2/view1_frontal.jpg,Pneumonia,chexpert
train/patient05298/study2/view1_frontal.jpg,Pneumonia,chexpert
train/patient05315/study9/view1_frontal.jpg,Pneumonia,chexpert
train/patient05317/study2/view1_frontal.jpg,Pneumonia,chexpert
train/patient05341/study1/view1_frontal.jpg,Pneumonia,chexpert
train/patient05342/study4/view1_frontal.jpg,Pneumonia,chexpert
train/patient05342/study2/view1_frontal.jpg,Pneumonia,chexpert
train/patient05349/study7/view1_frontal.jpg,Pneumonia,chexpert
train/patient05365/study1/view1_frontal.jpg,Pneumonia,chexpert
train/patient05366/study3/view1_frontal.jpg,Pneumonia,chexpert
train/patient05366/study4/view1_frontal.jpg,Pneumonia,chexpert
train/patient05375/study2/view1_frontal.jpg,Pneumonia,chexpert
train/patient05385/study1/view1_frontal.jpg,Pneumonia,chexpert
train/patient05388/study1/view1_frontal.jpg,Pneumonia,chexpert
train/patient05409/study1/view1_frontal.jpg,Pneumonia,chexpert
train/patient05427/study1/view1_frontal.jpg,Pneumonia,chexpert
train/patient05447/study1/view1_frontal.jpg,Pneumonia,chexpert
train/patient05449/study1/view1_frontal.jpg,Pneumonia,chexpert
train/patient05455/study1/view1_frontal.jpg,Pneumonia,chexpert
train/patient05459/study3/view1_frontal.jpg,Pneumonia,chexpert
train/patient05480/study1/view1_frontal.jpg,Pneumonia,chexpert
train/patient05487/study2/view1_frontal.jpg,Pneumonia,chexpert
train/patient05491/study1/view1_frontal.jpg,Pneumonia,chexpert
train/patient05507/study1/view1_frontal.jpg,Pneumonia,chexpert
train/patient05507/study1/view2_frontal.jpg,Pneumonia,chexpert
train/patient05529/study1/view1_frontal.jpg,Pneumonia,chexpert
train/patient05591/study1/view1_frontal.jpg,Pneumonia,chexpert
train/patient05619/study2/view1_frontal.jpg,Pneumonia,chexpert
train/patient05636/study2/view1_frontal.jpg,Pneumonia,chexpert
train/patient05650/study2/view1_frontal.jpg,Pneumonia,chexpert
train/patient05656/study1/view1_frontal.jpg,Pneumonia,chexpert
train/patient05662/study1/view1_frontal.jpg,Pneumonia,chexpert
train/patient05678/study4/view1_frontal.jpg,Pneumonia,chexpert
train/patient05697/study1/view1_frontal.jpg,Pneumonia,chexpert
train/patient05702/study61/view1_frontal.jpg,Pneumonia,chexpert
train/patient05705/study1/view1_frontal.jpg,Pneumonia,chexpert
train/patient05726/study4/view1_frontal.jpg,Pneumonia,chexpert
train/patient05728/study7/view1_frontal.jpg,Pneumonia,chexpert
train/patient05745/study1/view1_frontal.jpg,Pneumonia,chexpert
train/patient05752/study3/view1_frontal.jpg,Pneumonia,chexpert
train/patient05771/study2/view1_frontal.jpg,Pneumonia,chexpert
train/patient05771/study3/view1_frontal.jpg,Pneumonia,chexpert
train/patient05779/study1/view1_frontal.jpg,Pneumonia,chexpert
train/patient05781/study1/view1_frontal.jpg,Pneumonia,chexpert
train/patient05786/study2/view1_frontal.jpg,Pneumonia,chexpert
train/patient05791/study3/view1_frontal.jpg,Pneumonia,chexpert
train/patient05792/study1/view1_frontal.jpg,Pneumonia,chexpert
train/patient05808/study1/view1_frontal.jpg,Pneumonia,chexpert
train/patient05808/study1/view2_frontal.jpg,Pneumonia,chexpert
train/patient05824/study1/view1_frontal.jpg,Pneumonia,chexpert
train/patient05828/study1/view1_frontal.jpg,Pneumonia,chexpert
train/patient05831/study1/view1_frontal.jpg,Pneumonia,chexpert
train/patient05831/study2/view1_frontal.jpg,Pneumonia,chexpert
train/patient05843/study18/view1_frontal.jpg,Pneumonia,chexpert
train/patient05855/study1/view1_frontal.jpg,Pneumonia,chexpert
train/patient05858/study2/view1_frontal.jpg,Pneumonia,chexpert
train/patient05881/study1/view1_frontal.jpg,Pneumonia,chexpert
train/patient05881/study9/view1_frontal.jpg,Pneumonia,chexpert
train/patient05884/study6/view1_frontal.jpg,Pneumonia,chexpert
train/patient05884/study2/view1_frontal.jpg,Pneumonia,chexpert
train/patient05890/study2/view1_frontal.jpg,Pneumonia,chexpert
train/patient05935/study2/view1_frontal.jpg,Pneumonia,chexpert
train/patient05941/study1/view1_frontal.jpg,Pneumonia,chexpert
train/patient05942/study3/view1_frontal.jpg,Pneumonia,chexpert
train/patient05942/study5/view1_frontal.jpg,Pneumonia,chexpert
train/patient05946/study4/view1_frontal.jpg,Pneumonia,chexpert
train/patient05953/study1/view1_frontal.jpg,Pneumonia,chexpert
train/patient05957/study2/view1_frontal.jpg,Pneumonia,chexpert
train/patient05959/study1/view1_frontal.jpg,Pneumonia,chexpert
train/patient05962/study2/view1_frontal.jpg,Pneumonia,chexpert
train/patient05962/study1/view1_frontal.jpg,Pneumonia,chexpert
train/patient05974/study3/view1_frontal.jpg,Pneumonia,chexpert
train/patient05995/study7/view1_frontal.jpg,Pneumonia,chexpert
train/patient05995/study2/view1_frontal.jpg,Pneumonia,chexpert
train/patient06010/study3/view1_frontal.jpg,Pneumonia,chexpert
train/patient06011/study1/view1_frontal.jpg,Pneumonia,chexpert
train/patient06027/study1/view1_frontal.jpg,Pneumonia,chexpert
train/patient06040/study1/view1_frontal.jpg,Pneumonia,chexpert
train/patient06054/study1/view1_frontal.jpg,Pneumonia,chexpert
train/patient06059/study1/view1_frontal.jpg,Pneumonia,chexpert
train/patient06061/study6/view1_frontal.jpg,Pneumonia,chexpert
train/patient06064/study13/view1_frontal.jpg,Pneumonia,chexpert
train/patient06072/study3/view1_frontal.jpg,Pneumonia,chexpert
train/patient06115/study4/view1_frontal.jpg,Pneumonia,chexpert
train/patient06128/study4/view1_frontal.jpg,Pneumonia,chexpert
train/patient06154/study2/view1_frontal.jpg,Pneumonia,chexpert
train/patient06179/study2/view1_frontal.jpg,Pneumonia,chexpert
train/patient06179/study2/view2_frontal.jpg,Pneumonia,chexpert
train/patient06180/study1/view1_frontal.jpg,Pneumonia,chexpert
train/patient06194/study3/view1_frontal.jpg,Pneumonia,chexpert
train/patient06207/study3/view1_frontal.jpg,Pneumonia,chexpert
train/patient06207/study3/view2_frontal.jpg,Pneumonia,chexpert
train/patient06207/study4/view1_frontal.jpg,Pneumonia,chexpert
train/patient06207/study5/view1_frontal.jpg,Pneumonia,chexpert
train/patient06209/study1/view1_frontal.jpg,Pneumonia,chexpert
train/patient06212/study1/view1_frontal.jpg,Pneumonia,chexpert
train/patient06236/study11/view1_frontal.jpg,Pneumonia,chexpert
train/patient06263/study3/view1_frontal.jpg,Pneumonia,chexpert
train/patient06270/study1/view1_frontal.jpg,Pneumonia,chexpert
train/patient06283/study1/view1_frontal.jpg,Pneumonia,chexpert
train/patient06306/study1/view1_frontal.jpg,Pneumonia,chexpert
train/patient06333/study2/view1_frontal.jpg,Pneumonia,chexpert
train/patient06359/study2/view1_frontal.jpg,Pneumonia,chexpert
train/patient06370/study2/view1_frontal.jpg,Pneumonia,chexpert
train/patient06389/study6/view1_frontal.jpg,Pneumonia,chexpert
train/patient06398/study4/view1_frontal.jpg,Pneumonia,chexpert
train/patient06426/study1/view1_frontal.jpg,Pneumonia,chexpert
train/patient06452/study9/view1_frontal.jpg,Pneumonia,chexpert
train/patient06486/study2/view1_frontal.jpg,Pneumonia,chexpert
train/patient06486/study1/view1_frontal.jpg,Pneumonia,chexpert
train/patient06487/study5/view1_frontal.jpg,Pneumonia,chexpert
train/patient06496/study2/view1_frontal.jpg,Pneumonia,chexpert
train/patient06518/study1/view1_frontal.jpg,Pneumonia,chexpert
train/patient06536/study1/view1_frontal.jpg,Pneumonia,chexpert
train/patient06549/study1/view1_frontal.jpg,Pneumonia,chexpert
train/patient06552/study1/view1_frontal.jpg,Pneumonia,chexpert
train/patient06558/study3/view1_frontal.jpg,Pneumonia,chexpert
train/patient06570/study1/view1_frontal.jpg,Pneumonia,chexpert
train/patient06578/study27/view1_frontal.jpg,Pneumonia,chexpert
train/patient06578/study14/view1_frontal.jpg,Pneumonia,chexpert
train/patient06591/study14/view1_frontal.jpg,Pneumonia,chexpert
train/patient06592/study1/view1_frontal.jpg,Pneumonia,chexpert
train/patient06593/study1/view1_frontal.jpg,Pneumonia,chexpert
train/patient06595/study1/view1_frontal.jpg,Pneumonia,chexpert
train/patient06598/study6/view1_frontal.jpg,Pneumonia,chexpert
train/patient06600/study7/view1_frontal.jpg,Pneumonia,chexpert
train/patient06638/study1/view1_frontal.jpg,Pneumonia,chexpert
train/patient06656/study11/view1_frontal.jpg,Pneumonia,chexpert
train/patient06656/study4/view1_frontal.jpg,Pneumonia,chexpert
train/patient06656/study13/view1_frontal.jpg,Pneumonia,chexpert
train/patient06656/study16/view1_frontal.jpg,Pneumonia,chexpert
train/patient06693/study4/view1_frontal.jpg,Pneumonia,chexpert
train/patient06708/study9/view1_frontal.jpg,Pneumonia,chexpert
train/patient06708/study10/view1_frontal.jpg,Pneumonia,chexpert
train/patient06711/study1/view1_frontal.jpg,Pneumonia,chexpert
train/patient06726/study1/view1_frontal.jpg,Pneumonia,chexpert
train/patient06734/study2/view1_frontal.jpg,Pneumonia,chexpert
train/patient06751/study1/view1_frontal.jpg,Pneumonia,chexpert
train/patient06806/study1/view1_frontal.jpg,Pneumonia,chexpert
train/patient06809/study1/view1_frontal.jpg,Pneumonia,chexpert
train/patient06815/study1/view1_frontal.jpg,Pneumonia,chexpert
train/patient06844/study12/view1_frontal.jpg,Pneumonia,chexpert
train/patient06877/study8/view1_frontal.jpg,Pneumonia,chexpert
train/patient06877/study11/view1_frontal.jpg,Pneumonia,chexpert
train/patient06877/study9/view1_frontal.jpg,Pneumonia,chexpert
train/patient06902/study1/view1_frontal.jpg,Pneumonia,chexpert
train/patient06911/study1/view1_frontal.jpg,Pneumonia,chexpert
train/patient06922/study1/view1_frontal.jpg,Pneumonia,chexpert
train/patient06925/study1/view1_frontal.jpg,Pneumonia,chexpert
train/patient06941/study7/view1_frontal.jpg,Pneumonia,chexpert
train/patient06988/study1/view1_frontal.jpg,Pneumonia,chexpert
train/patient06999/study8/view1_frontal.jpg,Pneumonia,chexpert
train/patient07000/study1/view1_frontal.jpg,Pneumonia,chexpert
train/patient07014/study3/view1_frontal.jpg,Pneumonia,chexpert
train/patient07045/study2/view1_frontal.jpg,Pneumonia,chexpert
train/patient07050/study1/view1_frontal.jpg,Pneumonia,chexpert
train/patient07060/study6/view1_frontal.jpg,Pneumonia,chexpert
train/patient07061/study23/view1_frontal.jpg,Pneumonia,chexpert
train/patient07074/study36/view1_frontal.jpg,Pneumonia,chexpert
train/patient07111/study3/view1_frontal.jpg,Pneumonia,chexpert
train/patient07118/study1/view1_frontal.jpg,Pneumonia,chexpert
train/patient07122/study1/view1_frontal.jpg,Pneumonia,chexpert
train/patient07122/study3/view1_frontal.jpg,Pneumonia,chexpert
train/patient07174/study1/view1_frontal.jpg,Pneumonia,chexpert
train/patient07188/study1/view1_frontal.jpg,Pneumonia,chexpert
train/patient07204/study1/view1_frontal.jpg,Pneumonia,chexpert
train/patient07224/study2/view1_frontal.jpg,Pneumonia,chexpert
train/patient07224/study3/view1_frontal.jpg,Pneumonia,chexpert
train/patient07234/study1/view1_frontal.jpg,Pneumonia,chexpert
train/patient07239/study2/view1_frontal.jpg,Pneumonia,chexpert
train/patient07239/study12/view1_frontal.jpg,Pneumonia,chexpert
train/patient07242/study5/view1_frontal.jpg,Pneumonia,chexpert
train/patient07248/study1/view1_frontal.jpg,Pneumonia,chexpert
train/patient07250/study2/view1_frontal.jpg,Pneumonia,chexpert
train/patient07270/study4/view1_frontal.jpg,Pneumonia,chexpert
train/patient07278/study2/view1_frontal.jpg,Pneumonia,chexpert
train/patient07288/study1/view1_frontal.jpg,Pneumonia,chexpert
train/patient07303/study7/view1_frontal.jpg,Pneumonia,chexpert
train/patient07315/study1/view1_frontal.jpg,Pneumonia,chexpert
train/patient07342/study1/view1_frontal.jpg,Pneumonia,chexpert
train/patient07354/study1/view1_frontal.jpg,Pneumonia,chexpert
train/patient07379/study20/view1_frontal.jpg,Pneumonia,chexpert
train/patient07379/study23/view1_frontal.jpg,Pneumonia,chexpert
train/patient07379/study19/view1_frontal.jpg,Pneumonia,chexpert
train/patient07379/study14/view1_frontal.jpg,Pneumonia,chexpert
train/patient07391/study1/view1_frontal.jpg,Pneumonia,chexpert
train/patient07397/study2/view1_frontal.jpg,Pneumonia,chexpert
train/patient07408/study2/view1_frontal.jpg,Pneumonia,chexpert
train/patient07409/study2/view1_frontal.jpg,Pneumonia,chexpert
train/patient07464/study2/view1_frontal.jpg,Pneumonia,chexpert
train/patient07473/study2/view1_frontal.jpg,Pneumonia,chexpert
train/patient07473/study3/view1_frontal.jpg,Pneumonia,chexpert
train/patient07486/study3/view1_frontal.jpg,Pneumonia,chexpert
train/patient07494/study2/view1_frontal.jpg,Pneumonia,chexpert
train/patient07496/study1/view1_frontal.jpg,Pneumonia,chexpert
train/patient07517/study1/view1_frontal.jpg,Pneumonia,chexpert
train/patient07548/study2/view1_frontal.jpg,Pneumonia,chexpert
train/patient07550/study9/view1_frontal.jpg,Pneumonia,chexpert
train/patient07556/study1/view1_frontal.jpg,Pneumonia,chexpert
train/patient07565/study2/view1_frontal.jpg,Pneumonia,chexpert
train/patient07568/study7/view1_frontal.jpg,Pneumonia,chexpert
train/patient07569/study2/view1_frontal.jpg,Pneumonia,chexpert
train/patient07581/study1/view1_frontal.jpg,Pneumonia,chexpert
train/patient07612/study1/view1_frontal.jpg,Pneumonia,chexpert
train/patient07637/study4/view1_frontal.jpg,Pneumonia,chexpert
train/patient07671/study1/view1_frontal.jpg,Pneumonia,chexpert
train/patient07680/study2/view1_frontal.jpg,Pneumonia,chexpert
train/patient07680/study3/view1_frontal.jpg,Pneumonia,chexpert
train/patient07687/study1/view1_frontal.jpg,Pneumonia,chexpert
train/patient07687/study1/view2_frontal.jpg,Pneumonia,chexpert
train/patient07695/study1/view1_frontal.jpg,Pneumonia,chexpert
train/patient07715/study1/view1_frontal.jpg,Pneumonia,chexpert
train/patient07732/study4/view1_frontal.jpg,Pneumonia,chexpert
train/patient07732/study4/view2_frontal.jpg,Pneumonia,chexpert
train/patient07740/study7/view1_frontal.jpg,Pneumonia,chexpert
train/patient07747/study1/view1_frontal.jpg,Pneumonia,chexpert
train/patient07747/study3/view1_frontal.jpg,Pneumonia,chexpert
train/patient07755/study1/view1_frontal.jpg,Pneumonia,chexpert
train/patient07757/study1/view1_frontal.jpg,Pneumonia,chexpert
train/patient07757/study2/view1_frontal.jpg,Pneumonia,chexpert
train/patient07783/study1/view1_frontal.jpg,Pneumonia,chexpert
train/patient07819/study7/view1_frontal.jpg,Pneumonia,chexpert
train/patient07819/study6/view1_frontal.jpg,Pneumonia,chexpert
train/patient07820/study1/view1_frontal.jpg,Pneumonia,chexpert
train/patient07823/study2/view1_frontal.jpg,Pneumonia,chexpert
train/patient07824/study11/view1_frontal.jpg,Pneumonia,chexpert
train/patient07856/study2/view1_frontal.jpg,Pneumonia,chexpert
train/patient07856/study1/view1_frontal.jpg,Pneumonia,chexpert
train/patient07867/study1/view1_frontal.jpg,Pneumonia,chexpert
train/patient07887/study1/view1_frontal.jpg,Pneumonia,chexpert
train/patient07894/study1/view1_frontal.jpg,Pneumonia,chexpert
train/patient07898/study1/view1_frontal.jpg,Pneumonia,chexpert
train/patient07905/study1/view1_frontal.jpg,Pneumonia,chexpert
train/patient07910/study3/view1_frontal.jpg,Pneumonia,chexpert
train/patient07910/study4/view1_frontal.jpg,Pneumonia,chexpert
train/patient07910/study1/view1_frontal.jpg,Pneumonia,chexpert
train/patient07912/study5/view1_frontal.jpg,Pneumonia,chexpert
train/patient07931/study1/view1_frontal.jpg,Pneumonia,chexpert
train/patient07944/study2/view1_frontal.jpg,Pneumonia,chexpert
train/patient07945/study10/view1_frontal.jpg,Pneumonia,chexpert
train/patient07946/study3/view1_frontal.jpg,Pneumonia,chexpert
train/patient07953/study9/view1_frontal.jpg,Pneumonia,chexpert
train/patient07953/study8/view1_frontal.jpg,Pneumonia,chexpert
train/patient07953/study8/view2_frontal.jpg,Pneumonia,chexpert
train/patient07958/study3/view1_frontal.jpg,Pneumonia,chexpert
train/patient07978/study3/view1_frontal.jpg,Pneumonia,chexpert
train/patient07978/study5/view1_frontal.jpg,Pneumonia,chexpert
train/patient08016/study1/view1_frontal.jpg,Pneumonia,chexpert
train/patient08024/study1/view1_frontal.jpg,Pneumonia,chexpert
train/patient08030/study1/view1_frontal.jpg,Pneumonia,chexpert
train/patient08039/study1/view1_frontal.jpg,Pneumonia,chexpert
train/patient08058/study4/view1_frontal.jpg,Pneumonia,chexpert
train/patient08059/study1/view1_frontal.jpg,Pneumonia,chexpert
train/patient08071/study9/view1_frontal.jpg,Pneumonia,chexpert
train/patient08071/study8/view1_frontal.jpg,Pneumonia,chexpert
train/patient08085/study1/view1_frontal.jpg,Pneumonia,chexpert
train/patient08112/study14/view1_frontal.jpg,Pneumonia,chexpert
train/patient08112/study15/view1_frontal.jpg,Pneumonia,chexpert
train/patient08134/study1/view1_frontal.jpg,Pneumonia,chexpert
train/patient08138/study1/view1_frontal.jpg,Pneumonia,chexpert
train/patient08138/study3/view1_frontal.jpg,Pneumonia,chexpert
train/patient08146/study1/view1_frontal.jpg,Pneumonia,chexpert
train/patient08147/study1/view1_frontal.jpg,Pneumonia,chexpert
train/patient08160/study3/view1_frontal.jpg,Pneumonia,chexpert
train/patient08164/study1/view1_frontal.jpg,Pneumonia,chexpert
train/patient08173/study10/view1_frontal.jpg,Pneumonia,chexpert
train/patient08174/study2/view1_frontal.jpg,Pneumonia,chexpert
train/patient08188/study1/view1_frontal.jpg,Pneumonia,chexpert
train/patient08196/study1/view1_frontal.jpg,Pneumonia,chexpert
train/patient08206/study1/view1_frontal.jpg,Pneumonia,chexpert
train/patient08218/study1/view1_frontal.jpg,Pneumonia,chexpert
train/patient08227/study2/view1_frontal.jpg,Pneumonia,chexpert
train/patient08239/study2/view1_frontal.jpg,Pneumonia,chexpert
train/patient08239/study1/view1_frontal.jpg,Pneumonia,chexpert
train/patient08250/study2/view1_frontal.jpg,Pneumonia,chexpert
train/patient08259/study1/view1_frontal.jpg,Pneumonia,chexpert
train/patient08262/study3/view1_frontal.jpg,Pneumonia,chexpert
train/patient08264/study1/view1_frontal.jpg,Pneumonia,chexpert
train/patient08264/study2/view1_frontal.jpg,Pneumonia,chexpert
train/patient08269/study2/view1_frontal.jpg,Pneumonia,chexpert
train/patient08269/study3/view1_frontal.jpg,Pneumonia,chexpert
train/patient08274/study4/view1_frontal.jpg,Pneumonia,chexpert
train/patient08276/study3/view1_frontal.jpg,Pneumonia,chexpert
train/patient08276/study2/view1_frontal.jpg,Pneumonia,chexpert
train/patient08294/study7/view1_frontal.jpg,Pneumonia,chexpert
train/patient08330/study1/view1_frontal.jpg,Pneumonia,chexpert
train/patient08353/study2/view1_frontal.jpg,Pneumonia,chexpert
train/patient08356/study1/view1_frontal.jpg,Pneumonia,chexpert
train/patient08370/study2/view1_frontal.jpg,Pneumonia,chexpert
train/patient08374/study3/view1_frontal.jpg,Pneumonia,chexpert
train/patient08377/study5/view1_frontal.jpg,Pneumonia,chexpert
train/patient08387/study2/view1_frontal.jpg,Pneumonia,chexpert
train/patient08391/study4/view1_frontal.jpg,Pneumonia,chexpert
train/patient08406/study1/view1_frontal.jpg,Pneumonia,chexpert
train/patient08436/study1/view1_frontal.jpg,Pneumonia,chexpert
train/patient08448/study5/view1_frontal.jpg,Pneumonia,chexpert
train/patient08448/study10/view1_frontal.jpg,Pneumonia,chexpert
train/patient08465/study2/view1_frontal.jpg,Pneumonia,chexpert
train/patient08528/study1/view1_frontal.jpg,Pneumonia,chexpert
train/patient08528/study5/view1_frontal.jpg,Pneumonia,chexpert
train/patient08536/study3/view1_frontal.jpg,Pneumonia,chexpert
train/patient08553/study3/view1_frontal.jpg,Pneumonia,chexpert
train/patient08565/study1/view1_frontal.jpg,Pneumonia,chexpert
train/patient08575/study1/view1_frontal.jpg,Pneumonia,chexpert
train/patient08633/study8/view1_frontal.jpg,Pneumonia,chexpert
train/patient08635/study1/view1_frontal.jpg,Pneumonia,chexpert
train/patient08701/study1/view1_frontal.jpg,Pneumonia,chexpert
train/patient08740/study9/view1_frontal.jpg,Pneumonia,chexpert
train/patient08744/study3/view1_frontal.jpg,Pneumonia,chexpert
train/patient08746/study13/view1_frontal.jpg,Pneumonia,chexpert
train/patient08747/study7/view1_frontal.jpg,Pneumonia,chexpert
train/patient08794/study1/view1_frontal.jpg,Pneumonia,chexpert
train/patient08799/study2/view1_frontal.jpg,Pneumonia,chexpert
train/patient08799/study1/view1_frontal.jpg,Pneumonia,chexpert
train/patient08803/study1/view1_frontal.jpg,Pneumonia,chexpert
train/patient08813/study8/view1_frontal.jpg,Pneumonia,chexpert
train/patient08817/study4/view1_frontal.jpg,Pneumonia,chexpert
train/patient08832/study1/view1_frontal.jpg,Pneumonia,chexpert
train/patient08837/study2/view1_frontal.jpg,Pneumonia,chexpert
train/patient08862/study1/view1_frontal.jpg,Pneumonia,chexpert
train/patient08872/study2/view1_frontal.jpg,Pneumonia,chexpert
train/patient08878/study1/view1_frontal.jpg,Pneumonia,chexpert
train/patient08883/study1/view1_frontal.jpg,Pneumonia,chexpert
train/patient08886/study1/view1_frontal.jpg,Pneumonia,chexpert
train/patient08909/study2/view1_frontal.jpg,Pneumonia,chexpert
train/patient08938/study3/view1_frontal.jpg,Pneumonia,chexpert
train/patient08938/study3/view2_frontal.jpg,Pneumonia,chexpert
train/patient08938/study4/view1_frontal.jpg,Pneumonia,chexpert
train/patient08938/study2/view1_frontal.jpg,Pneumonia,chexpert
train/patient08940/study3/view1_frontal.jpg,Pneumonia,chexpert
train/patient08940/study4/view1_frontal.jpg,Pneumonia,chexpert
train/patient08950/study2/view1_frontal.jpg,Pneumonia,chexpert
train/patient08956/study1/view1_frontal.jpg,Pneumonia,chexpert
train/patient08959/study2/view1_frontal.jpg,Pneumonia,chexpert
train/patient08960/study8/view1_frontal.jpg,Pneumonia,chexpert
train/patient08992/study3/view1_frontal.jpg,Pneumonia,chexpert
train/patient09010/study1/view1_frontal.jpg,Pneumonia,chexpert
train/patient09010/study1/view2_frontal.jpg,Pneumonia,chexpert
train/patient09012/study1/view1_frontal.jpg,Pneumonia,chexpert
train/patient09015/study4/view1_frontal.jpg,Pneumonia,chexpert
train/patient09030/study3/view1_frontal.jpg,Pneumonia,chexpert
train/patient09042/study1/view1_frontal.jpg,Pneumonia,chexpert
train/patient09042/study2/view1_frontal.jpg,Pneumonia,chexpert
train/patient09056/study1/view1_frontal.jpg,Pneumonia,chexpert
train/patient09073/study1/view1_frontal.jpg,Pneumonia,chexpert
train/patient09097/study2/view1_frontal.jpg,Pneumonia,chexpert
train/patient09099/study4/view1_frontal.jpg,Pneumonia,chexpert
train/patient09148/study2/view1_frontal.jpg,Pneumonia,chexpert
train/patient09189/study2/view1_frontal.jpg,Pneumonia,chexpert
train/patient09213/study3/view1_frontal.jpg,Pneumonia,chexpert
train/patient09213/study7/view1_frontal.jpg,Pneumonia,chexpert
train/patient09213/study5/view1_frontal.jpg,Pneumonia,chexpert
train/patient09213/study4/view1_frontal.jpg,Pneumonia,chexpert
train/patient09247/study1/view1_frontal.jpg,Pneumonia,chexpert
train/patient09265/study2/view1_frontal.jpg,Pneumonia,chexpert
train/patient09292/study1/view1_frontal.jpg,Pneumonia,chexpert
train/patient09314/study10/view1_frontal.jpg,Pneumonia,chexpert
train/patient09314/study7/view1_frontal.jpg,Pneumonia,chexpert
train/patient09317/study3/view1_frontal.jpg,Pneumonia,chexpert
train/patient09323/study1/view1_frontal.jpg,Pneumonia,chexpert
train/patient09332/study1/view1_frontal.jpg,Pneumonia,chexpert
train/patient09360/study5/view1_frontal.jpg,Pneumonia,chexpert
train/patient09371/study2/view1_frontal.jpg,Pneumonia,chexpert
train/patient09371/study3/view1_frontal.jpg,Pneumonia,chexpert
train/patient09374/study3/view1_frontal.jpg,Pneumonia,chexpert
train/patient09389/study1/view1_frontal.jpg,Pneumonia,chexpert
train/patient09393/study2/view1_frontal.jpg,Pneumonia,chexpert
train/patient09394/study9/view1_frontal.jpg,Pneumonia,chexpert
train/patient09413/study1/view1_frontal.jpg,Pneumonia,chexpert
train/patient09438/study1/view1_frontal.jpg,Pneumonia,chexpert
train/patient09443/study15/view1_frontal.jpg,Pneumonia,chexpert
train/patient09468/study4/view1_frontal.jpg,Pneumonia,chexpert
train/patient09468/study3/view1_frontal.jpg,Pneumonia,chexpert
train/patient09483/study9/view1_frontal.jpg,Pneumonia,chexpert
train/patient09503/study4/view1_frontal.jpg,Pneumonia,chexpert
train/patient09514/study1/view1_frontal.jpg,Pneumonia,chexpert
train/patient09549/study1/view1_frontal.jpg,Pneumonia,chexpert
train/patient09564/study4/view1_frontal.jpg,Pneumonia,chexpert
train/patient09565/study2/view1_frontal.jpg,Pneumonia,chexpert
train/patient09573/study3/view1_frontal.jpg,Pneumonia,chexpert
train/patient09592/study5/view1_frontal.jpg,Pneumonia,chexpert
train/patient09599/study3/view1_frontal.jpg,Pneumonia,chexpert
train/patient09602/study1/view1_frontal.jpg,Pneumonia,chexpert
train/patient09615/study3/view1_frontal.jpg,Pneumonia,chexpert
train/patient09634/study2/view1_frontal.jpg,Pneumonia,chexpert
train/patient09639/study5/view1_frontal.jpg,Pneumonia,chexpert
train/patient09649/study8/view1_frontal.jpg,Pneumonia,chexpert
train/patient09651/study5/view1_frontal.jpg,Pneumonia,chexpert
train/patient09657/study2/view1_frontal.jpg,Pneumonia,chexpert
train/patient09659/study2/view1_frontal.jpg,Pneumonia,chexpert
train/patient09705/study1/view1_frontal.jpg,Pneumonia,chexpert
train/patient09713/study1/view1_frontal.jpg,Pneumonia,chexpert
train/patient09716/study1/view1_frontal.jpg,Pneumonia,chexpert
train/patient09724/study2/view1_frontal.jpg,Pneumonia,chexpert
train/patient09733/study1/view1_frontal.jpg,Pneumonia,chexpert
train/patient09735/study1/view1_frontal.jpg,Pneumonia,chexpert
train/patient09735/study8/view1_frontal.jpg,Pneumonia,chexpert
train/patient09735/study2/view1_frontal.jpg,Pneumonia,chexpert
train/patient09735/study3/view1_frontal.jpg,Pneumonia,chexpert
train/patient09751/study3/view1_frontal.jpg,Pneumonia,chexpert
train/patient09767/study4/view1_frontal.jpg,Pneumonia,chexpert
train/patient09784/study1/view1_frontal.jpg,Pneumonia,chexpert
train/patient09788/study1/view1_frontal.jpg,Pneumonia,chexpert
train/patient09793/study69/view1_frontal.jpg,Pneumonia,chexpert
train/patient09825/study1/view1_frontal.jpg,Pneumonia,chexpert
train/patient09836/study2/view1_frontal.jpg,Pneumonia,chexpert
train/patient09853/study1/view1_frontal.jpg,Pneumonia,chexpert
train/patient09865/study1/view1_frontal.jpg,Pneumonia,chexpert
train/patient09902/study1/view1_frontal.jpg,Pneumonia,chexpert
train/patient09903/study18/view1_frontal.jpg,Pneumonia,chexpert
train/patient09932/study3/view1_frontal.jpg,Pneumonia,chexpert
train/patient09941/study1/view1_frontal.jpg,Pneumonia,chexpert
train/patient09981/study1/view1_frontal.jpg,Pneumonia,chexpert
train/patient09997/study1/view1_frontal.jpg,Pneumonia,chexpert
train/patient10007/study10/view1_frontal.jpg,Pneumonia,chexpert
train/patient10014/study7/view1_frontal.jpg,Pneumonia,chexpert
train/patient10025/study6/view1_frontal.jpg,Pneumonia,chexpert
train/patient10034/study1/view1_frontal.jpg,Pneumonia,chexpert
train/patient10050/study1/view1_frontal.jpg,Pneumonia,chexpert
train/patient10058/study3/view1_frontal.jpg,Pneumonia,chexpert
train/patient10074/study11/view1_frontal.jpg,Pneumonia,chexpert
train/patient10074/study3/view1_frontal.jpg,Pneumonia,chexpert
train/patient10081/study10/view1_frontal.jpg,Pneumonia,chexpert
train/patient10093/study3/view1_frontal.jpg,Pneumonia,chexpert
train/patient10093/study3/view2_frontal.jpg,Pneumonia,chexpert
train/patient10114/study3/view1_frontal.jpg,Pneumonia,chexpert
train/patient10118/study1/view1_frontal.jpg,Pneumonia,chexpert
train/patient10139/study63/view1_frontal.jpg,Pneumonia,chexpert
train/patient10139/study12/view1_frontal.jpg,Pneumonia,chexpert
train/patient10165/study1/view1_frontal.jpg,Pneumonia,chexpert
train/patient10168/study1/view1_frontal.jpg,Pneumonia,chexpert
train/patient10181/study2/view1_frontal.jpg,Pneumonia,chexpert
train/patient10182/study11/view1_frontal.jpg,Pneumonia,chexpert
train/patient10186/study1/view1_frontal.jpg,Pneumonia,chexpert
train/patient10198/study1/view1_frontal.jpg,Pneumonia,chexpert
train/patient10208/study1/view1_frontal.jpg,Pneumonia,chexpert
train/patient10216/study1/view1_frontal.jpg,Pneumonia,chexpert
train/patient10234/study2/view1_frontal.jpg,Pneumonia,chexpert
train/patient10282/study3/view1_frontal.jpg,Pneumonia,chexpert
train/patient10283/study5/view1_frontal.jpg,Pneumonia,chexpert
train/patient10295/study1/view1_frontal.jpg,Pneumonia,chexpert
train/patient10302/study1/view1_frontal.jpg,Pneumonia,chexpert
train/patient10305/study13/view1_frontal.jpg,Pneumonia,chexpert
train/patient10308/study1/view1_frontal.jpg,Pneumonia,chexpert
train/patient10330/study1/view1_frontal.jpg,Pneumonia,chexpert
train/patient10330/study2/view1_frontal.jpg,Pneumonia,chexpert
train/patient10339/study1/view1_frontal.jpg,Pneumonia,chexpert
train/patient10339/study1/view2_frontal.jpg,Pneumonia,chexpert
train/patient10361/study1/view1_frontal.jpg,Pneumonia,chexpert
train/patient10368/study20/view1_frontal.jpg,Pneumonia,chexpert
train/patient10373/study1/view1_frontal.jpg,Pneumonia,chexpert
train/patient10374/study1/view1_frontal.jpg,Pneumonia,chexpert
train/patient10375/study1/view1_frontal.jpg,Pneumonia,chexpert
train/patient10379/study1/view1_frontal.jpg,Pneumonia,chexpert
train/patient10388/study1/view1_frontal.jpg,Pneumonia,chexpert
train/patient10388/study2/view1_frontal.jpg,Pneumonia,chexpert
train/patient10388/study4/view1_frontal.jpg,Pneumonia,chexpert
train/patient10390/study1/view1_frontal.jpg,Pneumonia,chexpert
train/patient10399/study3/view1_frontal.jpg,Pneumonia,chexpert
train/patient10399/study1/view1_frontal.jpg,Pneumonia,chexpert
train/patient10399/study4/view1_frontal.jpg,Pneumonia,chexpert
train/patient10440/study1/view1_frontal.jpg,Pneumonia,chexpert
train/patient10456/study11/view1_frontal.jpg,Pneumonia,chexpert
train/patient10456/study3/view1_frontal.jpg,Pneumonia,chexpert
train/patient10459/study1/view1_frontal.jpg,Pneumonia,chexpert
train/patient10467/study5/view1_frontal.jpg,Pneumonia,chexpert
train/patient10478/study4/view1_frontal.jpg,Pneumonia,chexpert
train/patient10478/study5/view1_frontal.jpg,Pneumonia,chexpert
train/patient10497/study8/view1_frontal.jpg,Pneumonia,chexpert
train/patient10497/study11/view1_frontal.jpg,Pneumonia,chexpert
train/patient10527/study6/view1_frontal.jpg,Pneumonia,chexpert
train/patient10527/study5/view1_frontal.jpg,Pneumonia,chexpert
train/patient10533/study3/view1_frontal.jpg,Pneumonia,chexpert
train/patient10533/study2/view1_frontal.jpg,Pneumonia,chexpert
train/patient10547/study1/view1_frontal.jpg,Pneumonia,chexpert
train/patient10564/study6/view1_frontal.jpg,Pneumonia,chexpert
train/patient10588/study1/view1_frontal.jpg,Pneumonia,chexpert
train/patient10614/study1/view1_frontal.jpg,Pneumonia,chexpert
train/patient10619/study1/view1_frontal.jpg,Pneumonia,chexpert
train/patient10620/study1/view1_frontal.jpg,Pneumonia,chexpert
train/patient10624/study5/view1_frontal.jpg,Pneumonia,chexpert
train/patient10624/study4/view1_frontal.jpg,Pneumonia,chexpert
train/patient10635/study1/view1_frontal.jpg,Pneumonia,chexpert
train/patient10648/study10/view1_frontal.jpg,Pneumonia,chexpert
train/patient10657/study1/view1_frontal.jpg,Pneumonia,chexpert
train/patient10657/study1/view2_frontal.jpg,Pneumonia,chexpert
train/patient10661/study9/view1_frontal.jpg,Pneumonia,chexpert
train/patient10661/study8/view1_frontal.jpg,Pneumonia,chexpert
train/patient10663/study1/view1_frontal.jpg,Pneumonia,chexpert
train/patient10679/study1/view1_frontal.jpg,Pneumonia,chexpert
train/patient10682/study2/view1_frontal.jpg,Pneumonia,chexpert
train/patient10683/study1/view1_frontal.jpg,Pneumonia,chexpert
train/patient10684/study9/view1_frontal.jpg,Pneumonia,chexpert
train/patient10706/study2/view1_frontal.jpg,Pneumonia,chexpert
train/patient10726/study7/view1_frontal.jpg,Pneumonia,chexpert
train/patient10740/study1/view1_frontal.jpg,Pneumonia,chexpert
train/patient10745/study1/view1_frontal.jpg,Pneumonia,chexpert
train/patient10750/study1/view1_frontal.jpg,Pneumonia,chexpert
train/patient10775/study1/view1_frontal.jpg,Pneumonia,chexpert
train/patient10779/study1/view1_frontal.jpg,Pneumonia,chexpert
train/patient10781/study4/view1_frontal.jpg,Pneumonia,chexpert
train/patient10791/study4/view1_frontal.jpg,Pneumonia,chexpert
train/patient10791/study5/view1_frontal.jpg,Pneumonia,chexpert
train/patient10803/study2/view1_frontal.jpg,Pneumonia,chexpert
train/patient10817/study2/view1_frontal.jpg,Pneumonia,chexpert
train/patient10829/study1/view1_frontal.jpg,Pneumonia,chexpert
train/patient10868/study1/view1_frontal.jpg,Pneumonia,chexpert
train/patient10881/study5/view1_frontal.jpg,Pneumonia,chexpert
train/patient10897/study2/view1_frontal.jpg,Pneumonia,chexpert
train/patient10902/study1/view1_frontal.jpg,Pneumonia,chexpert
train/patient10907/study4/view1_frontal.jpg,Pneumonia,chexpert
train/patient10907/study18/view1_frontal.jpg,Pneumonia,chexpert
train/patient10935/study2/view1_frontal.jpg,Pneumonia,chexpert
train/patient10953/study1/view1_frontal.jpg,Pneumonia,chexpert
train/patient10958/study1/view1_frontal.jpg,Pneumonia,chexpert
train/patient10964/study1/view1_frontal.jpg,Pneumonia,chexpert
train/patient11016/study2/view1_frontal.jpg,Pneumonia,chexpert
train/patient11019/study11/view1_frontal.jpg,Pneumonia,chexpert
train/patient11053/study1/view1_frontal.jpg,Pneumonia,chexpert
train/patient11056/study6/view1_frontal.jpg,Pneumonia,chexpert
train/patient11056/study3/view1_frontal.jpg,Pneumonia,chexpert
train/patient11056/study5/view1_frontal.jpg,Pneumonia,chexpert
train/patient11056/study4/view1_frontal.jpg,Pneumonia,chexpert
train/patient11076/study1/view1_frontal.jpg,Pneumonia,chexpert
train/patient11125/study1/view1_frontal.jpg,Pneumonia,chexpert
train/patient11132/study1/view1_frontal.jpg,Pneumonia,chexpert
train/patient11136/study3/view1_frontal.jpg,Pneumonia,chexpert
train/patient11150/study2/view1_frontal.jpg,Pneumonia,chexpert
train/patient11171/study3/view1_frontal.jpg,Pneumonia,chexpert
train/patient11171/study5/view1_frontal.jpg,Pneumonia,chexpert
train/patient11172/study2/view1_frontal.jpg,Pneumonia,chexpert
train/patient11177/study1/view1_frontal.jpg,Pneumonia,chexpert
train/patient11183/study1/view1_frontal.jpg,Pneumonia,chexpert
train/patient11202/study11/view1_frontal.jpg,Pneumonia,chexpert
train/patient11216/study1/view1_frontal.jpg,Pneumonia,chexpert
train/patient11224/study1/view1_frontal.jpg,Pneumonia,chexpert
train/patient11241/study2/view1_frontal.jpg,Pneumonia,chexpert
train/patient11258/study1/view1_frontal.jpg,Pneumonia,chexpert
train/patient11258/study2/view1_frontal.jpg,Pneumonia,chexpert
train/patient11258/study3/view1_frontal.jpg,Pneumonia,chexpert
train/patient11260/study3/view1_frontal.jpg,Pneumonia,chexpert
train/patient11265/study2/view1_frontal.jpg,Pneumonia,chexpert
train/patient11265/study3/view1_frontal.jpg,Pneumonia,chexpert
train/patient11265/study4/view1_frontal.jpg,Pneumonia,chexpert
train/patient11294/study1/view1_frontal.jpg,Pneumonia,chexpert
train/patient11318/study28/view1_frontal.jpg,Pneumonia,chexpert
train/patient11325/study12/view1_frontal.jpg,Pneumonia,chexpert
train/patient11333/study6/view1_frontal.jpg,Pneumonia,chexpert
train/patient11337/study9/view1_frontal.jpg,Pneumonia,chexpert
train/patient11337/study9/view2_frontal.jpg,Pneumonia,chexpert
train/patient11362/study2/view1_frontal.jpg,Pneumonia,chexpert
train/patient11364/study1/view1_frontal.jpg,Pneumonia,chexpert
train/patient11376/study4/view1_frontal.jpg,Pneumonia,chexpert
train/patient11403/study9/view1_frontal.jpg,Pneumonia,chexpert
train/patient11403/study5/view1_frontal.jpg,Pneumonia,chexpert
train/patient11435/study1/view1_frontal.jpg,Pneumonia,chexpert
train/patient11437/study4/view1_frontal.jpg,Pneumonia,chexpert
train/patient11462/study1/view1_frontal.jpg,Pneumonia,chexpert
train/patient11472/study2/view1_frontal.jpg,Pneumonia,chexpert
train/patient11472/study1/view1_frontal.jpg,Pneumonia,chexpert
train/patient11473/study2/view1_frontal.jpg,Pneumonia,chexpert
train/patient11475/study2/view1_frontal.jpg,Pneumonia,chexpert
train/patient11481/study2/view1_frontal.jpg,Pneumonia,chexpert
train/patient11504/study1/view1_frontal.jpg,Pneumonia,chexpert
train/patient11529/study4/view1_frontal.jpg,Pneumonia,chexpert
train/patient11570/study2/view1_frontal.jpg,Pneumonia,chexpert
train/patient11573/study5/view1_frontal.jpg,Pneumonia,chexpert
train/patient11574/study1/view1_frontal.jpg,Pneumonia,chexpert
train/patient11576/study3/view1_frontal.jpg,Pneumonia,chexpert
train/patient11576/study3/view2_frontal.jpg,Pneumonia,chexpert
train/patient11579/study1/view1_frontal.jpg,Pneumonia,chexpert
train/patient11580/study1/view1_frontal.jpg,Pneumonia,chexpert
train/patient11586/study2/view1_frontal.jpg,Pneumonia,chexpert
train/patient11597/study1/view1_frontal.jpg,Pneumonia,chexpert
train/patient11601/study1/view1_frontal.jpg,Pneumonia,chexpert
train/patient11602/study3/view1_frontal.jpg,Pneumonia,chexpert
train/patient11619/study1/view1_frontal.jpg,Pneumonia,chexpert
train/patient11631/study2/view1_frontal.jpg,Pneumonia,chexpert
train/patient11640/study2/view1_frontal.jpg,Pneumonia,chexpert
train/patient11645/study1/view1_frontal.jpg,Pneumonia,chexpert
train/patient11650/study5/view1_frontal.jpg,Pneumonia,chexpert
train/patient11653/study1/view1_frontal.jpg,Pneumonia,chexpert
train/patient11668/study1/view1_frontal.jpg,Pneumonia,chexpert
train/patient11668/study2/view1_frontal.jpg,Pneumonia,chexpert
train/patient11680/study1/view1_frontal.jpg,Pneumonia,chexpert
train/patient11684/study1/view1_frontal.jpg,Pneumonia,chexpert
train/patient11684/study2/view1_frontal.jpg,Pneumonia,chexpert
train/patient11684/study4/view1_frontal.jpg,Pneumonia,chexpert
train/patient11688/study2/view1_frontal.jpg,Pneumonia,chexpert
train/patient11690/study3/view1_frontal.jpg,Pneumonia,chexpert
train/patient11732/study5/view1_frontal.jpg,Pneumonia,chexpert
train/patient11747/study2/view1_frontal.jpg,Pneumonia,chexpert
train/patient11790/study1/view1_frontal.jpg,Pneumonia,chexpert
train/patient11792/study16/view1_frontal.jpg,Pneumonia,chexpert
train/patient11792/study12/view1_frontal.jpg,Pneumonia,chexpert
train/patient11801/study1/view1_frontal.jpg,Pneumonia,chexpert
train/patient11806/study3/view1_frontal.jpg,Pneumonia,chexpert
train/patient11806/study18/view1_frontal.jpg,Pneumonia,chexpert
train/patient11806/study1/view1_frontal.jpg,Pneumonia,chexpert
train/patient11828/study8/view1_frontal.jpg,Pneumonia,chexpert
train/patient11834/study3/view1_frontal.jpg,Pneumonia,chexpert
train/patient11838/study2/view1_frontal.jpg,Pneumonia,chexpert
train/patient11840/study1/view1_frontal.jpg,Pneumonia,chexpert
train/patient11845/study1/view1_frontal.jpg,Pneumonia,chexpert
train/patient11905/study1/view1_frontal.jpg,Pneumonia,chexpert
train/patient11923/study1/view1_frontal.jpg,Pneumonia,chexpert
train/patient11975/study3/view1_frontal.jpg,Pneumonia,chexpert
train/patient11977/study1/view1_frontal.jpg,Pneumonia,chexpert
train/patient11986/study3/view1_frontal.jpg,Pneumonia,chexpert
train/patient11986/study4/view1_frontal.jpg,Pneumonia,chexpert
train/patient11994/study2/view1_frontal.jpg,Pneumonia,chexpert
train/patient12013/study4/view1_frontal.jpg,Pneumonia,chexpert
train/patient12013/study4/view2_frontal.jpg,Pneumonia,chexpert
train/patient12013/study3/view1_frontal.jpg,Pneumonia,chexpert
train/patient12013/study7/view1_frontal.jpg,Pneumonia,chexpert
train/patient12013/study5/view1_frontal.jpg,Pneumonia,chexpert
train/patient12020/study1/view1_frontal.jpg,Pneumonia,chexpert
train/patient12020/study2/view1_frontal.jpg,Pneumonia,chexpert
train/patient12028/study13/view1_frontal.jpg,Pneumonia,chexpert
train/patient12056/study6/view1_frontal.jpg,Pneumonia,chexpert
train/patient12056/study6/view2_frontal.jpg,Pneumonia,chexpert
train/patient12075/study1/view1_frontal.jpg,Pneumonia,chexpert
train/patient12086/study3/view1_frontal.jpg,Pneumonia,chexpert
train/patient12096/study18/view1_frontal.jpg,Pneumonia,chexpert
train/patient12142/study2/view1_frontal.jpg,Pneumonia,chexpert
train/patient12158/study10/view1_frontal.jpg,Pneumonia,chexpert
train/patient12158/study11/view1_frontal.jpg,Pneumonia,chexpert
train/patient12175/study5/view1_frontal.jpg,Pneumonia,chexpert
train/patient12180/study8/view1_frontal.jpg,Pneumonia,chexpert
train/patient12183/study6/view1_frontal.jpg,Pneumonia,chexpert
train/patient12195/study2/view1_frontal.jpg,Pneumonia,chexpert
train/patient12195/study5/view1_frontal.jpg,Pneumonia,chexpert
train/patient12195/study3/view1_frontal.jpg,Pneumonia,chexpert
train/patient12203/study5/view1_frontal.jpg,Pneumonia,chexpert
train/patient12233/study2/view1_frontal.jpg,Pneumonia,chexpert
train/patient12233/study1/view1_frontal.jpg,Pneumonia,chexpert
train/patient12250/study1/view1_frontal.jpg,Pneumonia,chexpert
train/patient12259/study1/view1_frontal.jpg,Pneumonia,chexpert
train/patient12271/study4/view1_frontal.jpg,Pneumonia,chexpert
train/patient12292/study1/view1_frontal.jpg,Pneumonia,chexpert
train/patient12302/study4/view1_frontal.jpg,Pneumonia,chexpert
train/patient12309/study2/view1_frontal.jpg,Pneumonia,chexpert
train/patient12316/study7/view1_frontal.jpg,Pneumonia,chexpert
train/patient12339/study3/view1_frontal.jpg,Pneumonia,chexpert
train/patient12342/study2/view1_frontal.jpg,Pneumonia,chexpert
train/patient12345/study1/view1_frontal.jpg,Pneumonia,chexpert
train/patient12351/study1/view1_frontal.jpg,Pneumonia,chexpert
train/patient12357/study4/view1_frontal.jpg,Pneumonia,chexpert
train/patient12357/study4/view2_frontal.jpg,Pneumonia,chexpert
train/patient12357/study3/view1_frontal.jpg,Pneumonia,chexpert
train/patient12358/study1/view1_frontal.jpg,Pneumonia,chexpert
train/patient12390/study6/view1_frontal.jpg,Pneumonia,chexpert
train/patient12390/study7/view1_frontal.jpg,Pneumonia,chexpert
train/patient12428/study5/view1_frontal.jpg,Pneumonia,chexpert
train/patient12428/study4/view1_frontal.jpg,Pneumonia,chexpert
train/patient12430/study4/view1_frontal.jpg,Pneumonia,chexpert
train/patient12430/study12/view1_frontal.jpg,Pneumonia,chexpert
train/patient12436/study1/view1_frontal.jpg,Pneumonia,chexpert
train/patient12445/study9/view1_frontal.jpg,Pneumonia,chexpert
train/patient12449/study2/view1_frontal.jpg,Pneumonia,chexpert
train/patient12450/study3/view1_frontal.jpg,Pneumonia,chexpert
train/patient12454/study2/view1_frontal.jpg,Pneumonia,chexpert
train/patient12454/study1/view1_frontal.jpg,Pneumonia,chexpert
train/patient12479/study1/view1_frontal.jpg,Pneumonia,chexpert
train/patient12495/study1/view1_frontal.jpg,Pneumonia,chexpert
train/patient12526/study10/view1_frontal.jpg,Pneumonia,chexpert
train/patient12526/study4/view1_frontal.jpg,Pneumonia,chexpert
train/patient12526/study20/view1_frontal.jpg,Pneumonia,chexpert
train/patient12531/study1/view1_frontal.jpg,Pneumonia,chexpert
train/patient12539/study1/view1_frontal.jpg,Pneumonia,chexpert
train/patient12572/study1/view1_frontal.jpg,Pneumonia,chexpert
train/patient12578/study2/view1_frontal.jpg,Pneumonia,chexpert
train/patient12592/study2/view1_frontal.jpg,Pneumonia,chexpert
train/patient12642/study8/view1_frontal.jpg,Pneumonia,chexpert
train/patient12643/study1/view1_frontal.jpg,Pneumonia,chexpert
train/patient12652/study6/view1_frontal.jpg,Pneumonia,chexpert
train/patient12702/study2/view1_frontal.jpg,Pneumonia,chexpert
train/patient12710/study7/view1_frontal.jpg,Pneumonia,chexpert
train/patient12711/study18/view1_frontal.jpg,Pneumonia,chexpert
train/patient12757/study5/view1_frontal.jpg,Pneumonia,chexpert
train/patient12770/study2/view1_frontal.jpg,Pneumonia,chexpert
train/patient12772/study1/view1_frontal.jpg,Pneumonia,chexpert
train/patient12781/study2/view1_frontal.jpg,Pneumonia,chexpert
train/patient12787/study2/view1_frontal.jpg,Pneumonia,chexpert
train/patient12792/study1/view1_frontal.jpg,Pneumonia,chexpert
train/patient12803/study1/view1_frontal.jpg,Pneumonia,chexpert
train/patient12809/study19/view1_frontal.jpg,Pneumonia,chexpert
train/patient12809/study17/view1_frontal.jpg,Pneumonia,chexpert
train/patient12809/study3/view1_frontal.jpg,Pneumonia,chexpert
train/patient12809/study5/view1_frontal.jpg,Pneumonia,chexpert
train/patient12836/study6/view1_frontal.jpg,Pneumonia,chexpert
train/patient12839/study1/view1_frontal.jpg,Pneumonia,chexpert
train/patient12864/study2/view1_frontal.jpg,Pneumonia,chexpert
train/patient12864/study4/view1_frontal.jpg,Pneumonia,chexpert
train/patient12868/study5/view1_frontal.jpg,Pneumonia,chexpert
train/patient12897/study2/view1_frontal.jpg,Pneumonia,chexpert
train/patient12905/study3/view1_frontal.jpg,Pneumonia,chexpert
train/patient12923/study7/view1_frontal.jpg,Pneumonia,chexpert
train/patient12946/study1/view1_frontal.jpg,Pneumonia,chexpert
train/patient12966/study6/view1_frontal.jpg,Pneumonia,chexpert
train/patient12968/study1/view1_frontal.jpg,Pneumonia,chexpert
train/patient12989/study2/view1_frontal.jpg,Pneumonia,chexpert
train/patient12994/study2/view1_frontal.jpg,Pneumonia,chexpert
train/patient13011/study76/view1_frontal.jpg,Pneumonia,chexpert
train/patient13017/study3/view1_frontal.jpg,Pneumonia,chexpert
train/patient13035/study15/view1_frontal.jpg,Pneumonia,chexpert
train/patient13035/study13/view1_frontal.jpg,Pneumonia,chexpert
train/patient13035/study14/view1_frontal.jpg,Pneumonia,chexpert
train/patient13037/study1/view1_frontal.jpg,Pneumonia,chexpert
train/patient13042/study1/view1_frontal.jpg,Pneumonia,chexpert
train/patient13051/study1/view1_frontal.jpg,Pneumonia,chexpert
train/patient13064/study3/view1_frontal.jpg,Pneumonia,chexpert
train/patient13077/study3/view1_frontal.jpg,Pneumonia,chexpert
train/patient13077/study4/view1_frontal.jpg,Pneumonia,chexpert
train/patient13077/study4/view2_frontal.jpg,Pneumonia,chexpert
train/patient13079/study2/view1_frontal.jpg,Pneumonia,chexpert
train/patient13090/study1/view1_frontal.jpg,Pneumonia,chexpert
train/patient13099/study15/view1_frontal.jpg,Pneumonia,chexpert
train/patient13135/study1/view1_frontal.jpg,Pneumonia,chexpert
train/patient13145/study5/view1_frontal.jpg,Pneumonia,chexpert
train/patient13145/study4/view1_frontal.jpg,Pneumonia,chexpert
train/patient13145/study6/view1_frontal.jpg,Pneumonia,chexpert
train/patient13157/study2/view1_frontal.jpg,Pneumonia,chexpert
train/patient13157/study3/view1_frontal.jpg,Pneumonia,chexpert
train/patient13162/study6/view1_frontal.jpg,Pneumonia,chexpert
train/patient13164/study7/view1_frontal.jpg,Pneumonia,chexpert
train/patient13180/study9/view1_frontal.jpg,Pneumonia,chexpert
train/patient13195/study3/view1_frontal.jpg,Pneumonia,chexpert
train/patient13195/study11/view1_frontal.jpg,Pneumonia,chexpert
train/patient13198/study1/view1_frontal.jpg,Pneumonia,chexpert
train/patient13210/study1/view1_frontal.jpg,Pneumonia,chexpert
train/patient13210/study2/view1_frontal.jpg,Pneumonia,chexpert
train/patient13213/study4/view1_frontal.jpg,Pneumonia,chexpert
train/patient13216/study9/view1_frontal.jpg,Pneumonia,chexpert
train/patient13218/study10/view1_frontal.jpg,Pneumonia,chexpert
train/patient13227/study18/view1_frontal.jpg,Pneumonia,chexpert
train/patient13264/study1/view1_frontal.jpg,Pneumonia,chexpert
train/patient13310/study1/view1_frontal.jpg,Pneumonia,chexpert
train/patient13310/study10/view1_frontal.jpg,Pneumonia,chexpert
train/patient13318/study18/view1_frontal.jpg,Pneumonia,chexpert
train/patient13325/study1/view1_frontal.jpg,Pneumonia,chexpert
train/patient13363/study1/view1_frontal.jpg,Pneumonia,chexpert
train/patient13410/study1/view1_frontal.jpg,Pneumonia,chexpert
train/patient13415/study2/view1_frontal.jpg,Pneumonia,chexpert
train/patient13415/study11/view1_frontal.jpg,Pneumonia,chexpert
train/patient13423/study3/view1_frontal.jpg,Pneumonia,chexpert
train/patient13423/study2/view1_frontal.jpg,Pneumonia,chexpert
train/patient13433/study2/view1_frontal.jpg,Pneumonia,chexpert
train/patient13465/study2/view1_frontal.jpg,Pneumonia,chexpert
train/patient13465/study1/view1_frontal.jpg,Pneumonia,chexpert
train/patient13513/study3/view1_frontal.jpg,Pneumonia,chexpert
train/patient13515/study13/view1_frontal.jpg,Pneumonia,chexpert
train/patient13530/study23/view1_frontal.jpg,Pneumonia,chexpert
train/patient13574/study2/view1_frontal.jpg,Pneumonia,chexpert
train/patient13613/study1/view1_frontal.jpg,Pneumonia,chexpert
train/patient13618/study1/view1_frontal.jpg,Pneumonia,chexpert
train/patient13635/study2/view1_frontal.jpg,Pneumonia,chexpert
train/patient13643/study2/view1_frontal.jpg,Pneumonia,chexpert
train/patient13646/study1/view1_frontal.jpg,Pneumonia,chexpert
train/patient13657/study7/view1_frontal.jpg,Pneumonia,chexpert
train/patient13684/study1/view1_frontal.jpg,Pneumonia,chexpert
train/patient13708/study13/view1_frontal.jpg,Pneumonia,chexpert
train/patient13716/study16/view1_frontal.jpg,Pneumonia,chexpert
train/patient13716/study18/view1_frontal.jpg,Pneumonia,chexpert
train/patient13723/study5/view1_frontal.jpg,Pneumonia,chexpert
train/patient13725/study8/view1_frontal.jpg,Pneumonia,chexpert
train/patient13732/study9/view1_frontal.jpg,Pneumonia,chexpert
train/patient13734/study4/view1_frontal.jpg,Pneumonia,chexpert
train/patient13738/study6/view1_frontal.jpg,Pneumonia,chexpert
train/patient13742/study2/view1_frontal.jpg,Pneumonia,chexpert
train/patient13820/study1/view1_frontal.jpg,Pneumonia,chexpert
train/patient13837/study1/view1_frontal.jpg,Pneumonia,chexpert
train/patient13849/study42/view1_frontal.jpg,Pneumonia,chexpert
train/patient13851/study1/view1_frontal.jpg,Pneumonia,chexpert
train/patient13856/study1/view1_frontal.jpg,Pneumonia,chexpert
train/patient13865/study1/view1_frontal.jpg,Pneumonia,chexpert
train/patient13865/study4/view1_frontal.jpg,Pneumonia,chexpert
train/patient13874/study8/view1_frontal.jpg,Pneumonia,chexpert
train/patient13903/study26/view1_frontal.jpg,Pneumonia,chexpert
train/patient13909/study2/view1_frontal.jpg,Pneumonia,chexpert
train/patient13937/study1/view1_frontal.jpg,Pneumonia,chexpert
train/patient13950/study1/view1_frontal.jpg,Pneumonia,chexpert
train/patient13950/study2/view1_frontal.jpg,Pneumonia,chexpert
train/patient13951/study1/view1_frontal.jpg,Pneumonia,chexpert
train/patient13953/study2/view1_frontal.jpg,Pneumonia,chexpert
train/patient13982/study2/view1_frontal.jpg,Pneumonia,chexpert
train/patient13994/study1/view1_frontal.jpg,Pneumonia,chexpert
train/patient14013/study2/view1_frontal.jpg,Pneumonia,chexpert
train/patient14049/study9/view1_frontal.jpg,Pneumonia,chexpert
train/patient14063/study11/view1_frontal.jpg,Pneumonia,chexpert
train/patient14084/study6/view1_frontal.jpg,Pneumonia,chexpert
train/patient14091/study1/view1_frontal.jpg,Pneumonia,chexpert
train/patient14092/study1/view1_frontal.jpg,Pneumonia,chexpert
train/patient14121/study2/view1_frontal.jpg,Pneumonia,chexpert
train/patient14125/study2/view1_frontal.jpg,Pneumonia,chexpert
train/patient14134/study3/view1_frontal.jpg,Pneumonia,chexpert
train/patient14137/study5/view1_frontal.jpg,Pneumonia,chexpert
train/patient14148/study3/view1_frontal.jpg,Pneumonia,chexpert
train/patient14151/study1/view1_frontal.jpg,Pneumonia,chexpert
train/patient14193/study1/view1_frontal.jpg,Pneumonia,chexpert
train/patient14196/study3/view1_frontal.jpg,Pneumonia,chexpert
train/patient14210/study4/view1_frontal.jpg,Pneumonia,chexpert
train/patient14213/study1/view1_frontal.jpg,Pneumonia,chexpert
train/patient14236/study1/view1_frontal.jpg,Pneumonia,chexpert
train/patient14241/study1/view1_frontal.jpg,Pneumonia,chexpert
train/patient14283/study9/view1_frontal.jpg,Pneumonia,chexpert
train/patient14283/study10/view1_frontal.jpg,Pneumonia,chexpert
train/patient14289/study1/view1_frontal.jpg,Pneumonia,chexpert
train/patient14289/study2/view1_frontal.jpg,Pneumonia,chexpert
train/patient14306/study5/view1_frontal.jpg,Pneumonia,chexpert
train/patient14306/study5/view2_frontal.jpg,Pneumonia,chexpert
train/patient14306/study6/view1_frontal.jpg,Pneumonia,chexpert
train/patient14306/study6/view2_frontal.jpg,Pneumonia,chexpert
train/patient14312/study1/view1_frontal.jpg,Pneumonia,chexpert
train/patient14314/study3/view1_frontal.jpg,Pneumonia,chexpert
train/patient14324/study1/view1_frontal.jpg,Pneumonia,chexpert
train/patient14328/study1/view1_frontal.jpg,Pneumonia,chexpert
train/patient14346/study3/view1_frontal.jpg,Pneumonia,chexpert
train/patient14380/study14/view1_frontal.jpg,Pneumonia,chexpert
train/patient14392/study3/view1_frontal.jpg,Pneumonia,chexpert
train/patient14406/study6/view1_frontal.jpg,Pneumonia,chexpert
train/patient14409/study3/view1_frontal.jpg,Pneumonia,chexpert
train/patient14413/study1/view1_frontal.jpg,Pneumonia,chexpert
train/patient14426/study4/view1_frontal.jpg,Pneumonia,chexpert
train/patient14427/study14/view1_frontal.jpg,Pneumonia,chexpert
train/patient14437/study3/view1_frontal.jpg,Pneumonia,chexpert
train/patient14457/study4/view1_frontal.jpg,Pneumonia,chexpert
train/patient14459/study1/view1_frontal.jpg,Pneumonia,chexpert
train/patient14468/study1/view1_frontal.jpg,Pneumonia,chexpert
train/patient14471/study1/view1_frontal.jpg,Pneumonia,chexpert
train/patient14480/study4/view1_frontal.jpg,Pneumonia,chexpert
train/patient14502/study1/view1_frontal.jpg,Pneumonia,chexpert
train/patient14502/study6/view1_frontal.jpg,Pneumonia,chexpert
train/patient14503/study1/view1_frontal.jpg,Pneumonia,chexpert
train/patient14528/study5/view1_frontal.jpg,Pneumonia,chexpert
train/patient14534/study7/view1_frontal.jpg,Pneumonia,chexpert
train/patient14534/study8/view1_frontal.jpg,Pneumonia,chexpert
train/patient14565/study1/view1_frontal.jpg,Pneumonia,chexpert
train/patient14571/study1/view1_frontal.jpg,Pneumonia,chexpert
train/patient14599/study2/view1_frontal.jpg,Pneumonia,chexpert
train/patient14602/study1/view1_frontal.jpg,Pneumonia,chexpert
train/patient14606/study2/view1_frontal.jpg,Pneumonia,chexpert
train/patient14614/study2/view1_frontal.jpg,Pneumonia,chexpert
train/patient14625/study1/view1_frontal.jpg,Pneumonia,chexpert
train/patient14635/study30/view1_frontal.jpg,Pneumonia,chexpert
train/patient14636/study9/view1_frontal.jpg,Pneumonia,chexpert
train/patient14645/study1/view1_frontal.jpg,Pneumonia,chexpert
train/patient14687/study4/view1_frontal.jpg,Pneumonia,chexpert
train/patient14695/study8/view1_frontal.jpg,Pneumonia,chexpert
train/patient14696/study5/view1_frontal.jpg,Pneumonia,chexpert
train/patient14710/study1/view1_frontal.jpg,Pneumonia,chexpert
train/patient14736/study1/view1_frontal.jpg,Pneumonia,chexpert
train/patient14737/study1/view1_frontal.jpg,Pneumonia,chexpert
train/patient14743/study1/view1_frontal.jpg,Pneumonia,chexpert
train/patient14748/study28/view1_frontal.jpg,Pneumonia,chexpert
train/patient14749/study3/view1_frontal.jpg,Pneumonia,chexpert
train/patient14755/study1/view1_frontal.jpg,Pneumonia,chexpert
train/patient14770/study1/view1_frontal.jpg,Pneumonia,chexpert
train/patient14770/study1/view2_frontal.jpg,Pneumonia,chexpert
train/patient14791/study4/view1_frontal.jpg,Pneumonia,chexpert
train/patient14831/study4/view1_frontal.jpg,Pneumonia,chexpert
train/patient14836/study1/view1_frontal.jpg,Pneumonia,chexpert
train/patient14865/study6/view1_frontal.jpg,Pneumonia,chexpert
train/patient14868/study1/view1_frontal.jpg,Pneumonia,chexpert
train/patient14882/study1/view1_frontal.jpg,Pneumonia,chexpert
train/patient14882/study2/view1_frontal.jpg,Pneumonia,chexpert
train/patient14889/study5/view1_frontal.jpg,Pneumonia,chexpert
train/patient14891/study8/view1_frontal.jpg,Pneumonia,chexpert
train/patient14892/study1/view1_frontal.jpg,Pneumonia,chexpert
train/patient14892/study17/view1_frontal.jpg,Pneumonia,chexpert
train/patient14901/study3/view1_frontal.jpg,Pneumonia,chexpert
train/patient14926/study2/view1_frontal.jpg,Pneumonia,chexpert
train/patient14963/study2/view1_frontal.jpg,Pneumonia,chexpert
train/patient14971/study3/view1_frontal.jpg,Pneumonia,chexpert
train/patient14972/study10/view1_frontal.jpg,Pneumonia,chexpert
train/patient14982/study1/view1_frontal.jpg,Pneumonia,chexpert
train/patient15011/study3/view1_frontal.jpg,Pneumonia,chexpert
train/patient15053/study2/view1_frontal.jpg,Pneumonia,chexpert
train/patient15058/study49/view1_frontal.jpg,Pneumonia,chexpert
train/patient15073/study2/view1_frontal.jpg,Pneumonia,chexpert
train/patient15073/study4/view1_frontal.jpg,Pneumonia,chexpert
train/patient15104/study16/view1_frontal.jpg,Pneumonia,chexpert
train/patient15106/study1/view1_frontal.jpg,Pneumonia,chexpert
train/patient15123/study2/view1_frontal.jpg,Pneumonia,chexpert
train/patient15131/study2/view1_frontal.jpg,Pneumonia,chexpert
train/patient15172/study14/view1_frontal.jpg,Pneumonia,chexpert
train/patient15172/study14/view2_frontal.jpg,Pneumonia,chexpert
train/patient15172/study15/view1_frontal.jpg,Pneumonia,chexpert
train/patient15174/study14/view1_frontal.jpg,Pneumonia,chexpert
train/patient15191/study1/view1_frontal.jpg,Pneumonia,chexpert
train/patient15226/study5/view1_frontal.jpg,Pneumonia,chexpert
train/patient15246/study1/view1_frontal.jpg,Pneumonia,chexpert
train/patient15247/study1/view1_frontal.jpg,Pneumonia,chexpert
train/patient15292/study1/view1_frontal.jpg,Pneumonia,chexpert
train/patient15320/study1/view1_frontal.jpg,Pneumonia,chexpert
train/patient15348/study6/view1_frontal.jpg,Pneumonia,chexpert
train/patient15408/study6/view1_frontal.jpg,Pneumonia,chexpert
train/patient15414/study1/view1_frontal.jpg,Pneumonia,chexpert
train/patient15414/study2/view1_frontal.jpg,Pneumonia,chexpert
train/patient15416/study1/view1_frontal.jpg,Pneumonia,chexpert
train/patient15421/study1/view1_frontal.jpg,Pneumonia,chexpert
train/patient15425/study4/view1_frontal.jpg,Pneumonia,chexpert
train/patient15462/study5/view1_frontal.jpg,Pneumonia,chexpert
train/patient15462/study4/view1_frontal.jpg,Pneumonia,chexpert
train/patient15496/study18/view1_frontal.jpg,Pneumonia,chexpert
train/patient15512/study3/view1_frontal.jpg,Pneumonia,chexpert
train/patient15539/study2/view1_frontal.jpg,Pneumonia,chexpert
train/patient15553/study3/view1_frontal.jpg,Pneumonia,chexpert
train/patient15558/study16/view1_frontal.jpg,Pneumonia,chexpert
train/patient15564/study1/view1_frontal.jpg,Pneumonia,chexpert
train/patient15607/study2/view1_frontal.jpg,Pneumonia,chexpert
train/patient15608/study1/view1_frontal.jpg,Pneumonia,chexpert
train/patient15614/study6/view1_frontal.jpg,Pneumonia,chexpert
train/patient15619/study1/view1_frontal.jpg,Pneumonia,chexpert
train/patient15623/study1/view1_frontal.jpg,Pneumonia,chexpert
train/patient15631/study2/view1_frontal.jpg,Pneumonia,chexpert
train/patient15644/study16/view1_frontal.jpg,Pneumonia,chexpert
train/patient15650/study4/view1_frontal.jpg,Pneumonia,chexpert
train/patient15667/study1/view1_frontal.jpg,Pneumonia,chexpert
train/patient15682/study1/view1_frontal.jpg,Pneumonia,chexpert
train/patient15683/study2/view1_frontal.jpg,Pneumonia,chexpert
train/patient15683/study3/view1_frontal.jpg,Pneumonia,chexpert
train/patient15683/study1/view1_frontal.jpg,Pneumonia,chexpert
train/patient15709/study1/view1_frontal.jpg,Pneumonia,chexpert
train/patient15710/study3/view1_frontal.jpg,Pneumonia,chexpert
train/patient15710/study3/view2_frontal.jpg,Pneumonia,chexpert
train/patient15719/study1/view1_frontal.jpg,Pneumonia,chexpert
train/patient15722/study10/view1_frontal.jpg,Pneumonia,chexpert
train/patient15732/study2/view1_frontal.jpg,Pneumonia,chexpert
train/patient15736/study1/view1_frontal.jpg,Pneumonia,chexpert
train/patient15737/study1/view1_frontal.jpg,Pneumonia,chexpert
train/patient15752/study3/view1_frontal.jpg,Pneumonia,chexpert
train/patient15752/study9/view1_frontal.jpg,Pneumonia,chexpert
train/patient15752/study12/view1_frontal.jpg,Pneumonia,chexpert
train/patient15798/study1/view1_frontal.jpg,Pneumonia,chexpert
train/patient15801/study16/view1_frontal.jpg,Pneumonia,chexpert
train/patient15804/study2/view1_frontal.jpg,Pneumonia,chexpert
train/patient15810/study1/view1_frontal.jpg,Pneumonia,chexpert
train/patient15810/study17/view1_frontal.jpg,Pneumonia,chexpert
train/patient15818/study10/view1_frontal.jpg,Pneumonia,chexpert
train/patient15839/study2/view1_frontal.jpg,Pneumonia,chexpert
train/patient15847/study1/view1_frontal.jpg,Pneumonia,chexpert
train/patient15885/study2/view1_frontal.jpg,Pneumonia,chexpert
train/patient15886/study1/view1_frontal.jpg,Pneumonia,chexpert
train/patient15927/study1/view1_frontal.jpg,Pneumonia,chexpert
train/patient15943/study1/view1_frontal.jpg,Pneumonia,chexpert
train/patient15950/study5/view1_frontal.jpg,Pneumonia,chexpert
train/patient15957/study1/view1_frontal.jpg,Pneumonia,chexpert
train/patient15966/study1/view1_frontal.jpg,Pneumonia,chexpert
train/patient15981/study2/view1_frontal.jpg,Pneumonia,chexpert
train/patient15996/study2/view1_frontal.jpg,Pneumonia,chexpert
train/patient16034/study1/view1_frontal.jpg,Pneumonia,chexpert
train/patient16050/study1/view1_frontal.jpg,Pneumonia,chexpert
train/patient16050/study10/view1_frontal.jpg,Pneumonia,chexpert
train/patient16055/study3/view1_frontal.jpg,Pneumonia,chexpert
train/patient16067/study5/view1_frontal.jpg,Pneumonia,chexpert
train/patient16081/study19/view1_frontal.jpg,Pneumonia,chexpert
train/patient16081/study20/view1_frontal.jpg,Pneumonia,chexpert
train/patient16081/study4/view1_frontal.jpg,Pneumonia,chexpert
train/patient16094/study1/view1_frontal.jpg,Pneumonia,chexpert
train/patient16126/study3/view1_frontal.jpg,Pneumonia,chexpert
train/patient16126/study2/view1_frontal.jpg,Pneumonia,chexpert
train/patient16137/study7/view1_frontal.jpg,Pneumonia,chexpert
train/patient16147/study5/view1_frontal.jpg,Pneumonia,chexpert
train/patient16160/study4/view1_frontal.jpg,Pneumonia,chexpert
train/patient16182/study1/view1_frontal.jpg,Pneumonia,chexpert
train/patient16201/study3/view1_frontal.jpg,Pneumonia,chexpert
train/patient16201/study5/view1_frontal.jpg,Pneumonia,chexpert
train/patient16201/study7/view1_frontal.jpg,Pneumonia,chexpert
train/patient16201/study6/view1_frontal.jpg,Pneumonia,chexpert
train/patient16240/study1/view1_frontal.jpg,Pneumonia,chexpert
train/patient16266/study3/view1_frontal.jpg,Pneumonia,chexpert
train/patient16274/study11/view1_frontal.jpg,Pneumonia,chexpert
train/patient16278/study11/view1_frontal.jpg,Pneumonia,chexpert
train/patient16278/study10/view1_frontal.jpg,Pneumonia,chexpert
train/patient16278/study7/view1_frontal.jpg,Pneumonia,chexpert
train/patient16302/study7/view1_frontal.jpg,Pneumonia,chexpert
train/patient16307/study1/view1_frontal.jpg,Pneumonia,chexpert
train/patient16320/study8/view1_frontal.jpg,Pneumonia,chexpert
train/patient16328/study2/view1_frontal.jpg,Pneumonia,chexpert
train/patient16335/study3/view1_frontal.jpg,Pneumonia,chexpert
train/patient16341/study1/view1_frontal.jpg,Pneumonia,chexpert
train/patient16343/study1/view1_frontal.jpg,Pneumonia,chexpert
train/patient16391/study1/view1_frontal.jpg,Pneumonia,chexpert
train/patient16406/study7/view1_frontal.jpg,Pneumonia,chexpert
train/patient16435/study8/view1_frontal.jpg,Pneumonia,chexpert
train/patient16438/study1/view1_frontal.jpg,Pneumonia,chexpert
train/patient16442/study1/view1_frontal.jpg,Pneumonia,chexpert
train/patient16442/study7/view1_frontal.jpg,Pneumonia,chexpert
train/patient16464/study18/view1_frontal.jpg,Pneumonia,chexpert
train/patient16464/study18/view2_frontal.jpg,Pneumonia,chexpert
train/patient16474/study1/view1_frontal.jpg,Pneumonia,chexpert
train/patient16475/study13/view1_frontal.jpg,Pneumonia,chexpert
train/patient16498/study1/view1_frontal.jpg,Pneumonia,chexpert
train/patient16501/study1/view1_frontal.jpg,Pneumonia,chexpert
train/patient16519/study2/view1_frontal.jpg,Pneumonia,chexpert
train/patient16519/study5/view1_frontal.jpg,Pneumonia,chexpert
train/patient16525/study1/view1_frontal.jpg,Pneumonia,chexpert
train/patient16547/study2/view1_frontal.jpg,Pneumonia,chexpert
train/patient16565/study1/view1_frontal.jpg,Pneumonia,chexpert
train/patient16606/study1/view1_frontal.jpg,Pneumonia,chexpert
train/patient16613/study3/view1_frontal.jpg,Pneumonia,chexpert
train/patient16619/study6/view1_frontal.jpg,Pneumonia,chexpert
train/patient16619/study10/view1_frontal.jpg,Pneumonia,chexpert
train/patient16619/study18/view1_frontal.jpg,Pneumonia,chexpert
train/patient16639/study1/view1_frontal.jpg,Pneumonia,chexpert
train/patient16644/study13/view1_frontal.jpg,Pneumonia,chexpert
train/patient16660/study12/view1_frontal.jpg,Pneumonia,chexpert
train/patient16664/study3/view1_frontal.jpg,Pneumonia,chexpert
train/patient16675/study1/view1_frontal.jpg,Pneumonia,chexpert
train/patient16678/study1/view1_frontal.jpg,Pneumonia,chexpert
train/patient16682/study9/view1_frontal.jpg,Pneumonia,chexpert
train/patient16716/study1/view1_frontal.jpg,Pneumonia,chexpert
train/patient16717/study2/view1_frontal.jpg,Pneumonia,chexpert
train/patient16719/study12/view1_frontal.jpg,Pneumonia,chexpert
train/patient16723/study7/view1_frontal.jpg,Pneumonia,chexpert
train/patient16734/study5/view1_frontal.jpg,Pneumonia,chexpert
train/patient16735/study3/view1_frontal.jpg,Pneumonia,chexpert
train/patient16755/study1/view1_frontal.jpg,Pneumonia,chexpert
train/patient16782/study2/view1_frontal.jpg,Pneumonia,chexpert
train/patient16800/study1/view1_frontal.jpg,Pneumonia,chexpert
train/patient16811/study1/view1_frontal.jpg,Pneumonia,chexpert
train/patient16834/study2/view1_frontal.jpg,Pneumonia,chexpert
train/patient16839/study2/view1_frontal.jpg,Pneumonia,chexpert
train/patient16882/study2/view1_frontal.jpg,Pneumonia,chexpert
train/patient16885/study1/view1_frontal.jpg,Pneumonia,chexpert
train/patient16887/study4/view1_frontal.jpg,Pneumonia,chexpert
train/patient16888/study1/view1_frontal.jpg,Pneumonia,chexpert
train/patient16890/study1/view1_frontal.jpg,Pneumonia,chexpert
train/patient16900/study2/view1_frontal.jpg,Pneumonia,chexpert
train/patient16919/study7/view1_frontal.jpg,Pneumonia,chexpert
train/patient16921/study8/view1_frontal.jpg,Pneumonia,chexpert
train/patient16950/study1/view1_frontal.jpg,Pneumonia,chexpert
train/patient16953/study3/view1_frontal.jpg,Pneumonia,chexpert
train/patient16971/study1/view1_frontal.jpg,Pneumonia,chexpert
train/patient16975/study1/view1_frontal.jpg,Pneumonia,chexpert
train/patient16988/study2/view1_frontal.jpg,Pneumonia,chexpert
train/patient17010/study1/view1_frontal.jpg,Pneumonia,chexpert
train/patient17016/study3/view1_frontal.jpg,Pneumonia,chexpert
train/patient17022/study3/view1_frontal.jpg,Pneumonia,chexpert
train/patient17023/study9/view1_frontal.jpg,Pneumonia,chexpert
train/patient17052/study6/view1_frontal.jpg,Pneumonia,chexpert
train/patient17053/study1/view1_frontal.jpg,Pneumonia,chexpert
train/patient17054/study1/view1_frontal.jpg,Pneumonia,chexpert
train/patient17066/study4/view1_frontal.jpg,Pneumonia,chexpert
train/patient17102/study3/view1_frontal.jpg,Pneumonia,chexpert
train/patient17111/study18/view1_frontal.jpg,Pneumonia,chexpert
train/patient17131/study1/view1_frontal.jpg,Pneumonia,chexpert
train/patient17137/study7/view1_frontal.jpg,Pneumonia,chexpert
train/patient17142/study1/view1_frontal.jpg,Pneumonia,chexpert
train/patient17143/study3/view1_frontal.jpg,Pneumonia,chexpert
train/patient17146/study3/view1_frontal.jpg,Pneumonia,chexpert
train/patient17167/study2/view1_frontal.jpg,Pneumonia,chexpert
train/patient17182/study1/view1_frontal.jpg,Pneumonia,chexpert
train/patient17206/study1/view1_frontal.jpg,Pneumonia,chexpert
train/patient17217/study1/view1_frontal.jpg,Pneumonia,chexpert
train/patient17227/study1/view1_frontal.jpg,Pneumonia,chexpert
train/patient17251/study2/view1_frontal.jpg,Pneumonia,chexpert
train/patient17251/study1/view1_frontal.jpg,Pneumonia,chexpert
train/patient17253/study1/view1_frontal.jpg,Pneumonia,chexpert
train/patient17254/study1/view1_frontal.jpg,Pneumonia,chexpert
train/patient17259/study1/view1_frontal.jpg,Pneumonia,chexpert
train/patient17276/study1/view1_frontal.jpg,Pneumonia,chexpert
train/patient17282/study1/view1_frontal.jpg,Pneumonia,chexpert
train/patient17284/study1/view1_frontal.jpg,Pneumonia,chexpert
train/patient17287/study3/view1_frontal.jpg,Pneumonia,chexpert
train/patient17287/study2/view1_frontal.jpg,Pneumonia,chexpert
train/patient17296/study1/view1_frontal.jpg,Pneumonia,chexpert
train/patient17297/study3/view1_frontal.jpg,Pneumonia,chexpert
train/patient17302/study1/view1_frontal.jpg,Pneumonia,chexpert
train/patient17318/study2/view1_frontal.jpg,Pneumonia,chexpert
train/patient17354/study2/view1_frontal.jpg,Pneumonia,chexpert
train/patient17364/study2/view1_frontal.jpg,Pneumonia,chexpert
train/patient17366/study1/view1_frontal.jpg,Pneumonia,chexpert
train/patient17369/study1/view1_frontal.jpg,Pneumonia,chexpert
train/patient17369/study1/view2_frontal.jpg,Pneumonia,chexpert
train/patient17389/study1/view1_frontal.jpg,Pneumonia,chexpert
train/patient17397/study8/view1_frontal.jpg,Pneumonia,chexpert
train/patient17401/study3/view1_frontal.jpg,Pneumonia,chexpert
train/patient17403/study1/view1_frontal.jpg,Pneumonia,chexpert
train/patient17409/study3/view1_frontal.jpg,Pneumonia,chexpert
train/patient17415/study1/view1_frontal.jpg,Pneumonia,chexpert
train/patient17417/study3/view1_frontal.jpg,Pneumonia,chexpert
train/patient17419/study1/view1_frontal.jpg,Pneumonia,chexpert
train/patient17429/study1/view1_frontal.jpg,Pneumonia,chexpert
train/patient17436/study1/view1_frontal.jpg,Pneumonia,chexpert
train/patient17436/study2/view1_frontal.jpg,Pneumonia,chexpert
train/patient17437/study2/view1_frontal.jpg,Pneumonia,chexpert
train/patient17447/study1/view1_frontal.jpg,Pneumonia,chexpert
train/patient17483/study10/view1_frontal.jpg,Pneumonia,chexpert
train/patient17507/study2/view1_frontal.jpg,Pneumonia,chexpert
train/patient17508/study4/view1_frontal.jpg,Pneumonia,chexpert
train/patient17508/study5/view1_frontal.jpg,Pneumonia,chexpert
train/patient17515/study1/view1_frontal.jpg,Pneumonia,chexpert
train/patient17525/study1/view1_frontal.jpg,Pneumonia,chexpert
train/patient17526/study2/view1_frontal.jpg,Pneumonia,chexpert
train/patient17534/study1/view1_frontal.jpg,Pneumonia,chexpert
train/patient17536/study5/view1_frontal.jpg,Pneumonia,chexpert
train/patient17546/study2/view1_frontal.jpg,Pneumonia,chexpert
train/patient17571/study5/view1_frontal.jpg,Pneumonia,chexpert
train/patient17620/study1/view1_frontal.jpg,Pneumonia,chexpert
train/patient17626/study4/view1_frontal.jpg,Pneumonia,chexpert
train/patient17631/study1/view1_frontal.jpg,Pneumonia,chexpert
train/patient17657/study2/view1_frontal.jpg,Pneumonia,chexpert
train/patient17668/study3/view1_frontal.jpg,Pneumonia,chexpert
train/patient17675/study2/view1_frontal.jpg,Pneumonia,chexpert
train/patient17745/study1/view1_frontal.jpg,Pneumonia,chexpert
train/patient17745/study13/view1_frontal.jpg,Pneumonia,chexpert
train/patient17757/study1/view1_frontal.jpg,Pneumonia,chexpert
train/patient17780/study1/view1_frontal.jpg,Pneumonia,chexpert
train/patient17795/study2/view1_frontal.jpg,Pneumonia,chexpert
train/patient17803/study2/view1_frontal.jpg,Pneumonia,chexpert
train/patient17831/study6/view1_frontal.jpg,Pneumonia,chexpert
train/patient17833/study3/view1_frontal.jpg,Pneumonia,chexpert
train/patient17842/study1/view1_frontal.jpg,Pneumonia,chexpert
train/patient17849/study1/view1_frontal.jpg,Pneumonia,chexpert
train/patient17872/study1/view1_frontal.jpg,Pneumonia,chexpert
train/patient17886/study1/view1_frontal.jpg,Pneumonia,chexpert
train/patient17886/study1/view2_frontal.jpg,Pneumonia,chexpert
train/patient17895/study1/view1_frontal.jpg,Pneumonia,chexpert
train/patient17895/study2/view1_frontal.jpg,Pneumonia,chexpert
train/patient17924/study2/view1_frontal.jpg,Pneumonia,chexpert
train/patient17937/study1/view1_frontal.jpg,Pneumonia,chexpert
train/patient17948/study5/view1_frontal.jpg,Pneumonia,chexpert
train/patient17969/study2/view1_frontal.jpg,Pneumonia,chexpert
train/patient17971/study1/view1_frontal.jpg,Pneumonia,chexpert
train/patient17979/study1/view1_frontal.jpg,Pneumonia,chexpert
train/patient17985/study2/view1_frontal.jpg,Pneumonia,chexpert
train/patient18002/study17/view1_frontal.jpg,Pneumonia,chexpert
train/patient18018/study3/view1_frontal.jpg,Pneumonia,chexpert
train/patient18038/study1/view1_frontal.jpg,Pneumonia,chexpert
train/patient18052/study2/view1_frontal.jpg,Pneumonia,chexpert
train/patient18057/study1/view1_frontal.jpg,Pneumonia,chexpert
train/patient18062/study2/view1_frontal.jpg,Pneumonia,chexpert
train/patient18073/study7/view1_frontal.jpg,Pneumonia,chexpert
train/patient18077/study17/view1_frontal.jpg,Pneumonia,chexpert
train/patient18085/study1/view1_frontal.jpg,Pneumonia,chexpert
train/patient18092/study1/view1_frontal.jpg,Pneumonia,chexpert
train/patient18101/study6/view1_frontal.jpg,Pneumonia,chexpert
train/patient18111/study1/view1_frontal.jpg,Pneumonia,chexpert
train/patient18156/study1/view1_frontal.jpg,Pneumonia,chexpert
train/patient18167/study3/view1_frontal.jpg,Pneumonia,chexpert
train/patient18170/study1/view1_frontal.jpg,Pneumonia,chexpert
train/patient18170/study6/view1_frontal.jpg,Pneumonia,chexpert
train/patient18174/study1/view1_frontal.jpg,Pneumonia,chexpert
train/patient18184/study1/view1_frontal.jpg,Pneumonia,chexpert
train/patient18189/study1/view1_frontal.jpg,Pneumonia,chexpert
train/patient18228/study2/view1_frontal.jpg,Pneumonia,chexpert
train/patient18232/study1/view1_frontal.jpg,Pneumonia,chexpert
train/patient18241/study2/view1_frontal.jpg,Pneumonia,chexpert
train/patient18257/study50/view1_frontal.jpg,Pneumonia,chexpert
train/patient18270/study1/view1_frontal.jpg,Pneumonia,chexpert
train/patient18338/study8/view1_frontal.jpg,Pneumonia,chexpert
train/patient18338/study8/view2_frontal.jpg,Pneumonia,chexpert
train/patient18341/study1/view1_frontal.jpg,Pneumonia,chexpert
train/patient18345/study1/view1_frontal.jpg,Pneumonia,chexpert
train/patient18366/study15/view1_frontal.jpg,Pneumonia,chexpert
train/patient18401/study1/view1_frontal.jpg,Pneumonia,chexpert
train/patient18404/study1/view1_frontal.jpg,Pneumonia,chexpert
train/patient18406/study2/view1_frontal.jpg,Pneumonia,chexpert
train/patient18456/study1/view1_frontal.jpg,Pneumonia,chexpert
train/patient18460/study6/view1_frontal.jpg,Pneumonia,chexpert
train/patient18460/study3/view1_frontal.jpg,Pneumonia,chexpert
train/patient18460/study4/view1_frontal.jpg,Pneumonia,chexpert
train/patient18489/study2/view1_frontal.jpg,Pneumonia,chexpert
train/patient18528/study1/view1_frontal.jpg,Pneumonia,chexpert
train/patient18550/study3/view1_frontal.jpg,Pneumonia,chexpert
train/patient18609/study1/view1_frontal.jpg,Pneumonia,chexpert
train/patient18617/study3/view1_frontal.jpg,Pneumonia,chexpert
train/patient18649/study1/view1_frontal.jpg,Pneumonia,chexpert
train/patient18670/study5/view1_frontal.jpg,Pneumonia,chexpert
train/patient18670/study6/view1_frontal.jpg,Pneumonia,chexpert
train/patient18692/study1/view1_frontal.jpg,Pneumonia,chexpert
train/patient18694/study1/view1_frontal.jpg,Pneumonia,chexpert
train/patient18707/study4/view1_frontal.jpg,Pneumonia,chexpert
train/patient18716/study2/view1_frontal.jpg,Pneumonia,chexpert
train/patient18743/study1/view1_frontal.jpg,Pneumonia,chexpert
train/patient18744/study1/view1_frontal.jpg,Pneumonia,chexpert
train/patient18767/study1/view1_frontal.jpg,Pneumonia,chexpert
train/patient18779/study1/view1_frontal.jpg,Pneumonia,chexpert
train/patient18782/study4/view1_frontal.jpg,Pneumonia,chexpert
train/patient18783/study10/view1_frontal.jpg,Pneumonia,chexpert
train/patient18805/study1/view1_frontal.jpg,Pneumonia,chexpert
train/patient18807/study4/view1_frontal.jpg,Pneumonia,chexpert
train/patient18809/study1/view1_frontal.jpg,Pneumonia,chexpert
train/patient18809/study1/view2_frontal.jpg,Pneumonia,chexpert
train/patient18810/study1/view1_frontal.jpg,Pneumonia,chexpert
train/patient18812/study1/view1_frontal.jpg,Pneumonia,chexpert
train/patient18824/study2/view1_frontal.jpg,Pneumonia,chexpert
train/patient18824/study22/view1_frontal.jpg,Pneumonia,chexpert
train/patient18849/study1/view1_frontal.jpg,Pneumonia,chexpert
train/patient18860/study2/view1_frontal.jpg,Pneumonia,chexpert
train/patient18862/study1/view1_frontal.jpg,Pneumonia,chexpert
train/patient18874/study1/view1_frontal.jpg,Pneumonia,chexpert
train/patient18886/study1/view1_frontal.jpg,Pneumonia,chexpert
train/patient18899/study1/view1_frontal.jpg,Pneumonia,chexpert
train/patient18900/study3/view1_frontal.jpg,Pneumonia,chexpert
train/patient18907/study7/view1_frontal.jpg,Pneumonia,chexpert
train/patient18907/study9/view1_frontal.jpg,Pneumonia,chexpert
train/patient18916/study1/view1_frontal.jpg,Pneumonia,chexpert
train/patient18919/study5/view1_frontal.jpg,Pneumonia,chexpert
train/patient18975/study2/view1_frontal.jpg,Pneumonia,chexpert
train/patient19006/study9/view1_frontal.jpg,Pneumonia,chexpert
train/patient19006/study9/view2_frontal.jpg,Pneumonia,chexpert
train/patient19016/study2/view1_frontal.jpg,Pneumonia,chexpert
train/patient19023/study1/view1_frontal.jpg,Pneumonia,chexpert
train/patient19029/study11/view1_frontal.jpg,Pneumonia,chexpert
train/patient19056/study1/view1_frontal.jpg,Pneumonia,chexpert
train/patient19060/study1/view1_frontal.jpg,Pneumonia,chexpert
train/patient19107/study1/view1_frontal.jpg,Pneumonia,chexpert
train/patient19109/study1/view1_frontal.jpg,Pneumonia,chexpert
train/patient19181/study4/view1_frontal.jpg,Pneumonia,chexpert
train/patient19196/study9/view1_frontal.jpg,Pneumonia,chexpert
train/patient19200/study1/view1_frontal.jpg,Pneumonia,chexpert
train/patient19210/study7/view1_frontal.jpg,Pneumonia,chexpert
train/patient19210/study5/view1_frontal.jpg,Pneumonia,chexpert
train/patient19232/study4/view1_frontal.jpg,Pneumonia,chexpert
train/patient19232/study5/view1_frontal.jpg,Pneumonia,chexpert
train/patient19236/study1/view1_frontal.jpg,Pneumonia,chexpert
train/patient19284/study1/view1_frontal.jpg,Pneumonia,chexpert
train/patient19286/study4/view1_frontal.jpg,Pneumonia,chexpert
train/patient19317/study5/view1_frontal.jpg,Pneumonia,chexpert
train/patient19320/study1/view1_frontal.jpg,Pneumonia,chexpert
train/patient19327/study3/view1_frontal.jpg,Pneumonia,chexpert
train/patient19337/study3/view1_frontal.jpg,Pneumonia,chexpert
train/patient19348/study1/view1_frontal.jpg,Pneumonia,chexpert
train/patient19348/study2/view1_frontal.jpg,Pneumonia,chexpert
train/patient19361/study2/view1_frontal.jpg,Pneumonia,chexpert
train/patient19368/study1/view1_frontal.jpg,Pneumonia,chexpert
train/patient19370/study9/view1_frontal.jpg,Pneumonia,chexpert
train/patient19377/study4/view1_frontal.jpg,Pneumonia,chexpert
train/patient19378/study6/view1_frontal.jpg,Pneumonia,chexpert
train/patient19388/study11/view1_frontal.jpg,Pneumonia,chexpert
train/patient19394/study1/view1_frontal.jpg,Pneumonia,chexpert
train/patient19394/study2/view1_frontal.jpg,Pneumonia,chexpert
train/patient19394/study2/view2_frontal.jpg,Pneumonia,chexpert
train/patient19409/study4/view1_frontal.jpg,Pneumonia,chexpert
train/patient19409/study4/view2_frontal.jpg,Pneumonia,chexpert
train/patient19409/study5/view1_frontal.jpg,Pneumonia,chexpert
train/patient19431/study1/view1_frontal.jpg,Pneumonia,chexpert
train/patient19446/study2/view1_frontal.jpg,Pneumonia,chexpert
train/patient19462/study5/view1_frontal.jpg,Pneumonia,chexpert
train/patient19463/study4/view1_frontal.jpg,Pneumonia,chexpert
train/patient19471/study1/view1_frontal.jpg,Pneumonia,chexpert
train/patient19506/study1/view1_frontal.jpg,Pneumonia,chexpert
train/patient19566/study1/view1_frontal.jpg,Pneumonia,chexpert
train/patient19582/study1/view1_frontal.jpg,Pneumonia,chexpert
train/patient19582/study1/view2_frontal.jpg,Pneumonia,chexpert
train/patient19591/study4/view1_frontal.jpg,Pneumonia,chexpert
train/patient19591/study3/view1_frontal.jpg,Pneumonia,chexpert
train/patient19626/study1/view1_frontal.jpg,Pneumonia,chexpert
train/patient19632/study3/view1_frontal.jpg,Pneumonia,chexpert
train/patient19637/study1/view1_frontal.jpg,Pneumonia,chexpert
train/patient19646/study1/view1_frontal.jpg,Pneumonia,chexpert
train/patient19655/study1/view1_frontal.jpg,Pneumonia,chexpert
train/patient19686/study1/view1_frontal.jpg,Pneumonia,chexpert
train/patient19689/study46/view1_frontal.jpg,Pneumonia,chexpert
train/patient19690/study2/view1_frontal.jpg,Pneumonia,chexpert
train/patient19691/study1/view1_frontal.jpg,Pneumonia,chexpert
train/patient19699/study1/view1_frontal.jpg,Pneumonia,chexpert
train/patient19714/study5/view1_frontal.jpg,Pneumonia,chexpert
train/patient19717/study14/view1_frontal.jpg,Pneumonia,chexpert
train/patient19744/study2/view1_frontal.jpg,Pneumonia,chexpert
train/patient19777/study1/view1_frontal.jpg,Pneumonia,chexpert
train/patient19833/study1/view1_frontal.jpg,Pneumonia,chexpert
train/patient19846/study1/view1_frontal.jpg,Pneumonia,chexpert
train/patient19846/study17/view1_frontal.jpg,Pneumonia,chexpert
train/patient19863/study2/view1_frontal.jpg,Pneumonia,chexpert
train/patient19871/study1/view1_frontal.jpg,Pneumonia,chexpert
train/patient19903/study1/view1_frontal.jpg,Pneumonia,chexpert
train/patient19903/study3/view1_frontal.jpg,Pneumonia,chexpert
train/patient19924/study1/view1_frontal.jpg,Pneumonia,chexpert
train/patient19926/study1/view1_frontal.jpg,Pneumonia,chexpert
train/patient19932/study1/view1_frontal.jpg,Pneumonia,chexpert
train/patient19938/study1/view1_frontal.jpg,Pneumonia,chexpert
train/patient19952/study1/view1_frontal.jpg,Pneumonia,chexpert
train/patient19968/study7/view1_frontal.jpg,Pneumonia,chexpert
train/patient19968/study7/view2_frontal.jpg,Pneumonia,chexpert
train/patient19968/study8/view1_frontal.jpg,Pneumonia,chexpert
train/patient19969/study1/view1_frontal.jpg,Pneumonia,chexpert
train/patient19989/study1/view1_frontal.jpg,Pneumonia,chexpert
train/patient19997/study5/view1_frontal.jpg,Pneumonia,chexpert
train/patient20028/study11/view1_frontal.jpg,Pneumonia,chexpert
train/patient20046/study12/view1_frontal.jpg,Pneumonia,chexpert
train/patient20046/study9/view1_frontal.jpg,Pneumonia,chexpert
train/patient20050/study1/view1_frontal.jpg,Pneumonia,chexpert
train/patient20053/study1/view1_frontal.jpg,Pneumonia,chexpert
train/patient20056/study2/view1_frontal.jpg,Pneumonia,chexpert
train/patient20073/study1/view1_frontal.jpg,Pneumonia,chexpert
train/patient20078/study1/view1_frontal.jpg,Pneumonia,chexpert
train/patient20087/study3/view1_frontal.jpg,Pneumonia,chexpert
train/patient20087/study2/view1_frontal.jpg,Pneumonia,chexpert
train/patient20136/study1/view1_frontal.jpg,Pneumonia,chexpert
train/patient20144/study9/view1_frontal.jpg,Pneumonia,chexpert
train/patient20162/study7/view1_frontal.jpg,Pneumonia,chexpert
train/patient20168/study5/view1_frontal.jpg,Pneumonia,chexpert
train/patient20173/study28/view1_frontal.jpg,Pneumonia,chexpert
train/patient20173/study21/view1_frontal.jpg,Pneumonia,chexpert
train/patient20173/study20/view1_frontal.jpg,Pneumonia,chexpert
train/patient20173/study5/view1_frontal.jpg,Pneumonia,chexpert
train/patient20173/study30/view1_frontal.jpg,Pneumonia,chexpert
train/patient20227/study3/view1_frontal.jpg,Pneumonia,chexpert
train/patient20231/study1/view1_frontal.jpg,Pneumonia,chexpert
train/patient20236/study1/view1_frontal.jpg,Pneumonia,chexpert
train/patient20262/study1/view1_frontal.jpg,Pneumonia,chexpert
train/patient20262/study10/view1_frontal.jpg,Pneumonia,chexpert
train/patient20285/study1/view1_frontal.jpg,Pneumonia,chexpert
train/patient20296/study4/view1_frontal.jpg,Pneumonia,chexpert
train/patient20321/study4/view1_frontal.jpg,Pneumonia,chexpert
train/patient20324/study10/view1_frontal.jpg,Pneumonia,chexpert
train/patient20333/study5/view1_frontal.jpg,Pneumonia,chexpert
train/patient20363/study1/view1_frontal.jpg,Pneumonia,chexpert
train/patient20373/study4/view1_frontal.jpg,Pneumonia,chexpert
train/patient20403/study1/view1_frontal.jpg,Pneumonia,chexpert
train/patient20408/study2/view1_frontal.jpg,Pneumonia,chexpert
train/patient20408/study5/view1_frontal.jpg,Pneumonia,chexpert
train/patient20464/study1/view1_frontal.jpg,Pneumonia,chexpert
train/patient20469/study15/view1_frontal.jpg,Pneumonia,chexpert
train/patient20469/study19/view1_frontal.jpg,Pneumonia,chexpert
train/patient20474/study7/view1_frontal.jpg,Pneumonia,chexpert
train/patient20479/study65/view1_frontal.jpg,Pneumonia,chexpert
train/patient20479/study54/view1_frontal.jpg,Pneumonia,chexpert
train/patient20481/study1/view1_frontal.jpg,Pneumonia,chexpert
train/patient20481/study2/view1_frontal.jpg,Pneumonia,chexpert
train/patient20486/study1/view1_frontal.jpg,Pneumonia,chexpert
train/patient20538/study1/view1_frontal.jpg,Pneumonia,chexpert
train/patient20549/study4/view1_frontal.jpg,Pneumonia,chexpert
train/patient20549/study9/view1_frontal.jpg,Pneumonia,chexpert
train/patient20570/study10/view1_frontal.jpg,Pneumonia,chexpert
train/patient20576/study1/view1_frontal.jpg,Pneumonia,chexpert
train/patient20578/study1/view1_frontal.jpg,Pneumonia,chexpert
train/patient20592/study2/view1_frontal.jpg,Pneumonia,chexpert
train/patient20593/study2/view1_frontal.jpg,Pneumonia,chexpert
train/patient20613/study2/view1_frontal.jpg,Pneumonia,chexpert
train/patient20621/study1/view1_frontal.jpg,Pneumonia,chexpert
train/patient20628/study1/view1_frontal.jpg,Pneumonia,chexpert
train/patient20630/study1/view1_frontal.jpg,Pneumonia,chexpert
train/patient20633/study1/view1_frontal.jpg,Pneumonia,chexpert
train/patient20644/study1/view1_frontal.jpg,Pneumonia,chexpert
train/patient20647/study1/view1_frontal.jpg,Pneumonia,chexpert
train/patient20650/study1/view1_frontal.jpg,Pneumonia,chexpert
train/patient20676/study1/view1_frontal.jpg,Pneumonia,chexpert
train/patient20683/study2/view1_frontal.jpg,Pneumonia,chexpert
train/patient20683/study2/view2_frontal.jpg,Pneumonia,chexpert
train/patient20687/study1/view1_frontal.jpg,Pneumonia,chexpert
train/patient20753/study1/view1_frontal.jpg,Pneumonia,chexpert
train/patient20764/study8/view1_frontal.jpg,Pneumonia,chexpert
train/patient20783/study1/view1_frontal.jpg,Pneumonia,chexpert
train/patient20785/study3/view1_frontal.jpg,Pneumonia,chexpert
train/patient20785/study4/view1_frontal.jpg,Pneumonia,chexpert
train/patient20786/study11/view1_frontal.jpg,Pneumonia,chexpert
train/patient20789/study4/view1_frontal.jpg,Pneumonia,chexpert
train/patient20801/study4/view1_frontal.jpg,Pneumonia,chexpert
train/patient20823/study1/view1_frontal.jpg,Pneumonia,chexpert
train/patient20843/study7/view1_frontal.jpg,Pneumonia,chexpert
train/patient20849/study4/view1_frontal.jpg,Pneumonia,chexpert
train/patient20889/study1/view1_frontal.jpg,Pneumonia,chexpert
train/patient20896/study1/view1_frontal.jpg,Pneumonia,chexpert
train/patient20896/study1/view2_frontal.jpg,Pneumonia,chexpert
train/patient20917/study1/view1_frontal.jpg,Pneumonia,chexpert
train/patient20921/study3/view1_frontal.jpg,Pneumonia,chexpert
train/patient20935/study1/view1_frontal.jpg,Pneumonia,chexpert
train/patient20936/study3/view1_frontal.jpg,Pneumonia,chexpert
train/patient20941/study1/view1_frontal.jpg,Pneumonia,chexpert
train/patient20941/study2/view1_frontal.jpg,Pneumonia,chexpert
train/patient20954/study3/view1_frontal.jpg,Pneumonia,chexpert
train/patient20954/study4/view1_frontal.jpg,Pneumonia,chexpert
train/patient20961/study5/view1_frontal.jpg,Pneumonia,chexpert
train/patient20966/study1/view1_frontal.jpg,Pneumonia,chexpert
train/patient20968/study13/view1_frontal.jpg,Pneumonia,chexpert
train/patient20974/study1/view1_frontal.jpg,Pneumonia,chexpert
train/patient20978/study3/view1_frontal.jpg,Pneumonia,chexpert
train/patient20992/study2/view1_frontal.jpg,Pneumonia,chexpert
train/patient21000/study1/view1_frontal.jpg,Pneumonia,chexpert
train/patient21003/study4/view1_frontal.jpg,Pneumonia,chexpert
train/patient21014/study8/view1_frontal.jpg,Pneumonia,chexpert
train/patient21018/study5/view1_frontal.jpg,Pneumonia,chexpert
train/patient21021/study1/view1_frontal.jpg,Pneumonia,chexpert
train/patient21026/study2/view1_frontal.jpg,Pneumonia,chexpert
train/patient21026/study1/view1_frontal.jpg,Pneumonia,chexpert
train/patient21027/study3/view1_frontal.jpg,Pneumonia,chexpert
train/patient21031/study6/view1_frontal.jpg,Pneumonia,chexpert
train/patient21052/study1/view1_frontal.jpg,Pneumonia,chexpert
train/patient21075/study1/view1_frontal.jpg,Pneumonia,chexpert
train/patient21077/study17/view1_frontal.jpg,Pneumonia,chexpert
train/patient21088/study18/view1_frontal.jpg,Pneumonia,chexpert
train/patient21096/study4/view1_frontal.jpg,Pneumonia,chexpert
train/patient21111/study1/view1_frontal.jpg,Pneumonia,chexpert
train/patient21129/study1/view1_frontal.jpg,Pneumonia,chexpert
train/patient21149/study1/view1_frontal.jpg,Pneumonia,chexpert
train/patient21172/study19/view1_frontal.jpg,Pneumonia,chexpert
train/patient21172/study3/view1_frontal.jpg,Pneumonia,chexpert
train/patient21174/study2/view1_frontal.jpg,Pneumonia,chexpert
train/patient21181/study12/view1_frontal.jpg,Pneumonia,chexpert
train/patient21181/study15/view1_frontal.jpg,Pneumonia,chexpert
train/patient21181/study14/view1_frontal.jpg,Pneumonia,chexpert
train/patient21187/study3/view1_frontal.jpg,Pneumonia,chexpert
train/patient21201/study1/view1_frontal.jpg,Pneumonia,chexpert
train/patient21203/study1/view1_frontal.jpg,Pneumonia,chexpert
train/patient21210/study11/view1_frontal.jpg,Pneumonia,chexpert
train/patient21251/study17/view1_frontal.jpg,Pneumonia,chexpert
train/patient21316/study3/view1_frontal.jpg,Pneumonia,chexpert
train/patient21322/study2/view1_frontal.jpg,Pneumonia,chexpert
train/patient21323/study6/view1_frontal.jpg,Pneumonia,chexpert
train/patient21323/study5/view1_frontal.jpg,Pneumonia,chexpert
train/patient21373/study13/view1_frontal.jpg,Pneumonia,chexpert
train/patient21373/study12/view1_frontal.jpg,Pneumonia,chexpert
train/patient21379/study1/view1_frontal.jpg,Pneumonia,chexpert
train/patient21400/study4/view1_frontal.jpg,Pneumonia,chexpert
train/patient21400/study5/view1_frontal.jpg,Pneumonia,chexpert
train/patient21423/study1/view1_frontal.jpg,Pneumonia,chexpert
train/patient21444/study1/view1_frontal.jpg,Pneumonia,chexpert
train/patient21449/study6/view1_frontal.jpg,Pneumonia,chexpert
train/patient21458/study3/view1_frontal.jpg,Pneumonia,chexpert
train/patient21461/study2/view1_frontal.jpg,Pneumonia,chexpert
train/patient21470/study2/view1_frontal.jpg,Pneumonia,chexpert
train/patient21504/study5/view1_frontal.jpg,Pneumonia,chexpert
train/patient21505/study1/view1_frontal.jpg,Pneumonia,chexpert
train/patient21515/study1/view1_frontal.jpg,Pneumonia,chexpert
train/patient21520/study1/view1_frontal.jpg,Pneumonia,chexpert
train/patient21529/study17/view1_frontal.jpg,Pneumonia,chexpert
train/patient21553/study1/view1_frontal.jpg,Pneumonia,chexpert
train/patient21561/study3/view1_frontal.jpg,Pneumonia,chexpert
train/patient21563/study2/view1_frontal.jpg,Pneumonia,chexpert
train/patient21583/study2/view1_frontal.jpg,Pneumonia,chexpert
train/patient21594/study2/view1_frontal.jpg,Pneumonia,chexpert
train/patient21621/study1/view1_frontal.jpg,Pneumonia,chexpert
train/patient21621/study1/view2_frontal.jpg,Pneumonia,chexpert
train/patient21627/study1/view1_frontal.jpg,Pneumonia,chexpert
train/patient21628/study1/view1_frontal.jpg,Pneumonia,chexpert
train/patient21639/study1/view1_frontal.jpg,Pneumonia,chexpert
train/patient21645/study9/view1_frontal.jpg,Pneumonia,chexpert
train/patient21653/study7/view1_frontal.jpg,Pneumonia,chexpert
train/patient21675/study1/view1_frontal.jpg,Pneumonia,chexpert
train/patient21675/study3/view1_frontal.jpg,Pneumonia,chexpert
train/patient21728/study4/view1_frontal.jpg,Pneumonia,chexpert
train/patient21737/study1/view1_frontal.jpg,Pneumonia,chexpert
train/patient21760/study1/view1_frontal.jpg,Pneumonia,chexpert
train/patient21760/study2/view1_frontal.jpg,Pneumonia,chexpert
train/patient21764/study15/view1_frontal.jpg,Pneumonia,chexpert
train/patient21764/study13/view1_frontal.jpg,Pneumonia,chexpert
train/patient21764/study16/view1_frontal.jpg,Pneumonia,chexpert
train/patient21787/study3/view1_frontal.jpg,Pneumonia,chexpert
train/patient21787/study12/view1_frontal.jpg,Pneumonia,chexpert
train/patient21789/study6/view1_frontal.jpg,Pneumonia,chexpert
train/patient21789/study7/view1_frontal.jpg,Pneumonia,chexpert
train/patient21806/study3/view1_frontal.jpg,Pneumonia,chexpert
train/patient21809/study5/view1_frontal.jpg,Pneumonia,chexpert
train/patient21813/study20/view1_frontal.jpg,Pneumonia,chexpert
train/patient21813/study29/view1_frontal.jpg,Pneumonia,chexpert
train/patient21813/study24/view1_frontal.jpg,Pneumonia,chexpert
train/patient21813/study25/view1_frontal.jpg,Pneumonia,chexpert
train/patient21832/study3/view1_frontal.jpg,Pneumonia,chexpert
train/patient21832/study7/view1_frontal.jpg,Pneumonia,chexpert
train/patient21832/study13/view1_frontal.jpg,Pneumonia,chexpert
train/patient21858/study3/view1_frontal.jpg,Pneumonia,chexpert
train/patient21893/study3/view1_frontal.jpg,Pneumonia,chexpert
train/patient21901/study13/view1_frontal.jpg,Pneumonia,chexpert
train/patient21910/study15/view1_frontal.jpg,Pneumonia,chexpert
train/patient21914/study1/view1_frontal.jpg,Pneumonia,chexpert
train/patient21923/study2/view1_frontal.jpg,Pneumonia,chexpert
train/patient21924/study5/view1_frontal.jpg,Pneumonia,chexpert
train/patient21931/study1/view1_frontal.jpg,Pneumonia,chexpert
train/patient21981/study1/view1_frontal.jpg,Pneumonia,chexpert
train/patient21983/study1/view1_frontal.jpg,Pneumonia,chexpert
train/patient22024/study1/view1_frontal.jpg,Pneumonia,chexpert
train/patient22028/study1/view1_frontal.jpg,Pneumonia,chexpert
train/patient22033/study1/view1_frontal.jpg,Pneumonia,chexpert
train/patient22034/study1/view1_frontal.jpg,Pneumonia,chexpert
train/patient22035/study1/view1_frontal.jpg,Pneumonia,chexpert
train/patient22035/study2/view1_frontal.jpg,Pneumonia,chexpert
train/patient22036/study1/view1_frontal.jpg,Pneumonia,chexpert
train/patient22041/study1/view1_frontal.jpg,Pneumonia,chexpert
train/patient22046/study1/view1_frontal.jpg,Pneumonia,chexpert
train/patient22074/study1/view1_frontal.jpg,Pneumonia,chexpert
train/patient22082/study8/view1_frontal.jpg,Pneumonia,chexpert
train/patient22092/study1/view1_frontal.jpg,Pneumonia,chexpert
train/patient22097/study1/view1_frontal.jpg,Pneumonia,chexpert
train/patient22102/study9/view1_frontal.jpg,Pneumonia,chexpert
train/patient22124/study5/view1_frontal.jpg,Pneumonia,chexpert
train/patient22124/study6/view1_frontal.jpg,Pneumonia,chexpert
train/patient22124/study7/view1_frontal.jpg,Pneumonia,chexpert
train/patient22125/study1/view1_frontal.jpg,Pneumonia,chexpert
train/patient22139/study6/view1_frontal.jpg,Pneumonia,chexpert
train/patient22162/study1/view1_frontal.jpg,Pneumonia,chexpert
train/patient22183/study2/view1_frontal.jpg,Pneumonia,chexpert
train/patient22198/study1/view1_frontal.jpg,Pneumonia,chexpert
train/patient22224/study1/view1_frontal.jpg,Pneumonia,chexpert
train/patient22225/study2/view1_frontal.jpg,Pneumonia,chexpert
train/patient22247/study1/view1_frontal.jpg,Pneumonia,chexpert
train/patient22269/study1/view1_frontal.jpg,Pneumonia,chexpert
train/patient22277/study2/view1_frontal.jpg,Pneumonia,chexpert
train/patient22287/study1/view1_frontal.jpg,Pneumonia,chexpert
train/patient22288/study5/view1_frontal.jpg,Pneumonia,chexpert
train/patient22298/study1/view1_frontal.jpg,Pneumonia,chexpert
train/patient22306/study7/view1_frontal.jpg,Pneumonia,chexpert
train/patient22306/study8/view1_frontal.jpg,Pneumonia,chexpert
train/patient22308/study1/view1_frontal.jpg,Pneumonia,chexpert
train/patient22318/study1/view1_frontal.jpg,Pneumonia,chexpert
train/patient22334/study3/view1_frontal.jpg,Pneumonia,chexpert
train/patient22334/study5/view1_frontal.jpg,Pneumonia,chexpert
train/patient22334/study4/view1_frontal.jpg,Pneumonia,chexpert
train/patient22339/study2/view1_frontal.jpg,Pneumonia,chexpert
train/patient22339/study4/view1_frontal.jpg,Pneumonia,chexpert
train/patient22344/study1/view1_frontal.jpg,Pneumonia,chexpert
train/patient22349/study3/view1_frontal.jpg,Pneumonia,chexpert
train/patient22355/study1/view1_frontal.jpg,Pneumonia,chexpert
train/patient22375/study1/view1_frontal.jpg,Pneumonia,chexpert
train/patient22379/study1/view1_frontal.jpg,Pneumonia,chexpert
train/patient22379/study3/view1_frontal.jpg,Pneumonia,chexpert
train/patient22391/study1/view1_frontal.jpg,Pneumonia,chexpert
train/patient22404/study1/view1_frontal.jpg,Pneumonia,chexpert
train/patient22404/study1/view2_frontal.jpg,Pneumonia,chexpert
train/patient22411/study1/view1_frontal.jpg,Pneumonia,chexpert
train/patient22423/study11/view1_frontal.jpg,Pneumonia,chexpert
train/patient22429/study1/view1_frontal.jpg,Pneumonia,chexpert
train/patient22457/study1/view1_frontal.jpg,Pneumonia,chexpert
train/patient22462/study1/view1_frontal.jpg,Pneumonia,chexpert
train/patient22483/study1/view1_frontal.jpg,Pneumonia,chexpert
train/patient22495/study1/view1_frontal.jpg,Pneumonia,chexpert
train/patient22499/study1/view1_frontal.jpg,Pneumonia,chexpert
train/patient22504/study1/view1_frontal.jpg,Pneumonia,chexpert
train/patient22515/study1/view1_frontal.jpg,Pneumonia,chexpert
train/patient22520/study26/view1_frontal.jpg,Pneumonia,chexpert
train/patient22522/study3/view1_frontal.jpg,Pneumonia,chexpert
train/patient22543/study1/view1_frontal.jpg,Pneumonia,chexpert
train/patient22574/study1/view1_frontal.jpg,Pneumonia,chexpert
train/patient22578/study1/view1_frontal.jpg,Pneumonia,chexpert
train/patient22585/study1/view1_frontal.jpg,Pneumonia,chexpert
train/patient22607/study2/view1_frontal.jpg,Pneumonia,chexpert
train/patient22666/study1/view1_frontal.jpg,Pneumonia,chexpert
train/patient22669/study9/view1_frontal.jpg,Pneumonia,chexpert
train/patient22669/study13/view1_frontal.jpg,Pneumonia,chexpert
train/patient22669/study14/view1_frontal.jpg,Pneumonia,chexpert
train/patient22669/study11/view1_frontal.jpg,Pneumonia,chexpert
train/patient22692/study1/view1_frontal.jpg,Pneumonia,chexpert
train/patient22705/study1/view1_frontal.jpg,Pneumonia,chexpert
train/patient22745/study1/view1_frontal.jpg,Pneumonia,chexpert
train/patient22751/study1/view1_frontal.jpg,Pneumonia,chexpert
train/patient22758/study1/view1_frontal.jpg,Pneumonia,chexpert
train/patient22761/study3/view1_frontal.jpg,Pneumonia,chexpert
train/patient22776/study1/view1_frontal.jpg,Pneumonia,chexpert
train/patient22811/study1/view1_frontal.jpg,Pneumonia,chexpert
train/patient22822/study1/view1_frontal.jpg,Pneumonia,chexpert
train/patient22842/study1/view1_frontal.jpg,Pneumonia,chexpert
train/patient22853/study5/view1_frontal.jpg,Pneumonia,chexpert
train/patient22857/study3/view1_frontal.jpg,Pneumonia,chexpert
train/patient22920/study37/view1_frontal.jpg,Pneumonia,chexpert
train/patient22948/study2/view1_frontal.jpg,Pneumonia,chexpert
train/patient22953/study1/view1_frontal.jpg,Pneumonia,chexpert
train/patient22974/study1/view1_frontal.jpg,Pneumonia,chexpert
train/patient22974/study2/view1_frontal.jpg,Pneumonia,chexpert
train/patient23034/study1/view1_frontal.jpg,Pneumonia,chexpert
train/patient23036/study1/view1_frontal.jpg,Pneumonia,chexpert
train/patient23036/study2/view1_frontal.jpg,Pneumonia,chexpert
train/patient23044/study4/view1_frontal.jpg,Pneumonia,chexpert
train/patient23046/study1/view1_frontal.jpg,Pneumonia,chexpert
train/patient23057/study1/view1_frontal.jpg,Pneumonia,chexpert
train/patient23090/study2/view1_frontal.jpg,Pneumonia,chexpert
train/patient23095/study3/view1_frontal.jpg,Pneumonia,chexpert
train/patient23115/study2/view1_frontal.jpg,Pneumonia,chexpert
train/patient23124/study1/view1_frontal.jpg,Pneumonia,chexpert
train/patient23148/study5/view1_frontal.jpg,Pneumonia,chexpert
train/patient23149/study2/view1_frontal.jpg,Pneumonia,chexpert
train/patient23180/study2/view1_frontal.jpg,Pneumonia,chexpert
train/patient23193/study1/view1_frontal.jpg,Pneumonia,chexpert
train/patient23219/study1/view1_frontal.jpg,Pneumonia,chexpert
train/patient23233/study2/view1_frontal.jpg,Pneumonia,chexpert
train/patient23248/study1/view1_frontal.jpg,Pneumonia,chexpert
train/patient23270/study1/view1_frontal.jpg,Pneumonia,chexpert
train/patient23300/study1/view1_frontal.jpg,Pneumonia,chexpert
train/patient23315/study4/view1_frontal.jpg,Pneumonia,chexpert
train/patient23351/study26/view1_frontal.jpg,Pneumonia,chexpert
train/patient23351/study18/view1_frontal.jpg,Pneumonia,chexpert
train/patient23364/study2/view1_frontal.jpg,Pneumonia,chexpert
train/patient23365/study2/view1_frontal.jpg,Pneumonia,chexpert
train/patient23366/study9/view1_frontal.jpg,Pneumonia,chexpert
train/patient23369/study6/view1_frontal.jpg,Pneumonia,chexpert
train/patient23382/study1/view1_frontal.jpg,Pneumonia,chexpert
train/patient23384/study1/view1_frontal.jpg,Pneumonia,chexpert
train/patient23390/study1/view1_frontal.jpg,Pneumonia,chexpert
train/patient23426/study4/view1_frontal.jpg,Pneumonia,chexpert
train/patient23433/study4/view1_frontal.jpg,Pneumonia,chexpert
train/patient23439/study1/view1_frontal.jpg,Pneumonia,chexpert
train/patient23440/study2/view1_frontal.jpg,Pneumonia,chexpert
train/patient23442/study22/view1_frontal.jpg,Pneumonia,chexpert
train/patient23442/study23/view1_frontal.jpg,Pneumonia,chexpert
train/patient23448/study1/view1_frontal.jpg,Pneumonia,chexpert
train/patient23448/study1/view2_frontal.jpg,Pneumonia,chexpert
train/patient23466/study1/view1_frontal.jpg,Pneumonia,chexpert
train/patient23494/study1/view1_frontal.jpg,Pneumonia,chexpert
train/patient23506/study15/view1_frontal.jpg,Pneumonia,chexpert
train/patient23520/study3/view1_frontal.jpg,Pneumonia,chexpert
train/patient23536/study7/view1_frontal.jpg,Pneumonia,chexpert
train/patient23549/study1/view1_frontal.jpg,Pneumonia,chexpert
train/patient23612/study1/view1_frontal.jpg,Pneumonia,chexpert
train/patient23614/study5/view1_frontal.jpg,Pneumonia,chexpert
train/patient23654/study1/view1_frontal.jpg,Pneumonia,chexpert
train/patient23669/study1/view1_frontal.jpg,Pneumonia,chexpert
train/patient23681/study1/view1_frontal.jpg,Pneumonia,chexpert
train/patient23700/study2/view1_frontal.jpg,Pneumonia,chexpert
train/patient23706/study1/view1_frontal.jpg,Pneumonia,chexpert
train/patient23720/study5/view1_frontal.jpg,Pneumonia,chexpert
train/patient23720/study1/view1_frontal.jpg,Pneumonia,chexpert
train/patient23720/study2/view1_frontal.jpg,Pneumonia,chexpert
train/patient23736/study2/view1_frontal.jpg,Pneumonia,chexpert
train/patient23744/study28/view1_frontal.jpg,Pneumonia,chexpert
train/patient23744/study8/view1_frontal.jpg,Pneumonia,chexpert
train/patient23834/study1/view1_frontal.jpg,Pneumonia,chexpert
train/patient23859/study1/view1_frontal.jpg,Pneumonia,chexpert
train/patient23874/study1/view1_frontal.jpg,Pneumonia,chexpert
train/patient23882/study4/view1_frontal.jpg,Pneumonia,chexpert
train/patient23882/study4/view2_frontal.jpg,Pneumonia,chexpert
train/patient23887/study5/view1_frontal.jpg,Pneumonia,chexpert
train/patient23936/study1/view1_frontal.jpg,Pneumonia,chexpert
train/patient23939/study1/view1_frontal.jpg,Pneumonia,chexpert
train/patient23940/study1/view1_frontal.jpg,Pneumonia,chexpert
train/patient23944/study1/view1_frontal.jpg,Pneumonia,chexpert
train/patient23951/study4/view1_frontal.jpg,Pneumonia,chexpert
train/patient23956/study1/view1_frontal.jpg,Pneumonia,chexpert
train/patient23960/study1/view1_frontal.jpg,Pneumonia,chexpert
train/patient23962/study1/view1_frontal.jpg,Pneumonia,chexpert
train/patient23962/study1/view2_frontal.jpg,Pneumonia,chexpert
train/patient23963/study1/view1_frontal.jpg,Pneumonia,chexpert
train/patient23964/study1/view1_frontal.jpg,Pneumonia,chexpert
train/patient23964/study1/view2_frontal.jpg,Pneumonia,chexpert
train/patient23971/study2/view1_frontal.jpg,Pneumonia,chexpert
train/patient23987/study1/view1_frontal.jpg,Pneumonia,chexpert
train/patient24000/study11/view1_frontal.jpg,Pneumonia,chexpert
train/patient24000/study21/view1_frontal.jpg,Pneumonia,chexpert
train/patient24000/study20/view1_frontal.jpg,Pneumonia,chexpert
train/patient24012/study6/view1_frontal.jpg,Pneumonia,chexpert
train/patient24021/study6/view1_frontal.jpg,Pneumonia,chexpert
train/patient24021/study6/view2_frontal.jpg,Pneumonia,chexpert
train/patient24054/study1/view1_frontal.jpg,Pneumonia,chexpert
train/patient24054/study12/view1_frontal.jpg,Pneumonia,chexpert
train/patient24054/study2/view1_frontal.jpg,Pneumonia,chexpert
train/patient24074/study1/view1_frontal.jpg,Pneumonia,chexpert
train/patient24091/study1/view1_frontal.jpg,Pneumonia,chexpert
train/patient24100/study1/view1_frontal.jpg,Pneumonia,chexpert
train/patient24125/study7/view1_frontal.jpg,Pneumonia,chexpert
train/patient24136/study1/view1_frontal.jpg,Pneumonia,chexpert
train/patient24146/study1/view1_frontal.jpg,Pneumonia,chexpert
train/patient24155/study1/view1_frontal.jpg,Pneumonia,chexpert
train/patient24156/study1/view1_frontal.jpg,Pneumonia,chexpert
train/patient24163/study76/view1_frontal.jpg,Pneumonia,chexpert
train/patient24181/study1/view1_frontal.jpg,Pneumonia,chexpert
train/patient24189/study1/view1_frontal.jpg,Pneumonia,chexpert
train/patient24209/study1/view1_frontal.jpg,Pneumonia,chexpert
train/patient24224/study1/view1_frontal.jpg,Pneumonia,chexpert
train/patient24230/study1/view1_frontal.jpg,Pneumonia,chexpert
train/patient24252/study5/view1_frontal.jpg,Pneumonia,chexpert
train/patient24259/study2/view1_frontal.jpg,Pneumonia,chexpert
train/patient24356/study1/view1_frontal.jpg,Pneumonia,chexpert
train/patient24358/study3/view1_frontal.jpg,Pneumonia,chexpert
train/patient24382/study1/view1_frontal.jpg,Pneumonia,chexpert
train/patient24394/study1/view1_frontal.jpg,Pneumonia,chexpert
train/patient24397/study4/view1_frontal.jpg,Pneumonia,chexpert
train/patient24402/study3/view1_frontal.jpg,Pneumonia,chexpert
train/patient24402/study1/view1_frontal.jpg,Pneumonia,chexpert
train/patient24418/study3/view1_frontal.jpg,Pneumonia,chexpert
train/patient24428/study17/view1_frontal.jpg,Pneumonia,chexpert
train/patient24428/study11/view1_frontal.jpg,Pneumonia,chexpert
train/patient24428/study18/view1_frontal.jpg,Pneumonia,chexpert
train/patient24443/study1/view1_frontal.jpg,Pneumonia,chexpert
train/patient24477/study1/view1_frontal.jpg,Pneumonia,chexpert
train/patient24501/study1/view1_frontal.jpg,Pneumonia,chexpert
train/patient24512/study2/view1_frontal.jpg,Pneumonia,chexpert
train/patient24512/study1/view1_frontal.jpg,Pneumonia,chexpert
train/patient24514/study1/view1_frontal.jpg,Pneumonia,chexpert
train/patient24515/study3/view1_frontal.jpg,Pneumonia,chexpert
train/patient24521/study6/view1_frontal.jpg,Pneumonia,chexpert
train/patient24522/study4/view1_frontal.jpg,Pneumonia,chexpert
train/patient24524/study17/view1_frontal.jpg,Pneumonia,chexpert
train/patient24525/study9/view1_frontal.jpg,Pneumonia,chexpert
train/patient24525/study16/view1_frontal.jpg,Pneumonia,chexpert
train/patient24543/study1/view1_frontal.jpg,Pneumonia,chexpert
train/patient24546/study1/view1_frontal.jpg,Pneumonia,chexpert
train/patient24549/study7/view1_frontal.jpg,Pneumonia,chexpert
train/patient24559/study1/view1_frontal.jpg,Pneumonia,chexpert
train/patient24560/study2/view1_frontal.jpg,Pneumonia,chexpert
train/patient24578/study10/view1_frontal.jpg,Pneumonia,chexpert
train/patient24584/study2/view1_frontal.jpg,Pneumonia,chexpert
train/patient24588/study9/view1_frontal.jpg,Pneumonia,chexpert
train/patient24605/study3/view1_frontal.jpg,Pneumonia,chexpert
train/patient24613/study1/view1_frontal.jpg,Pneumonia,chexpert
train/patient24637/study9/view1_frontal.jpg,Pneumonia,chexpert
train/patient24640/study3/view1_frontal.jpg,Pneumonia,chexpert
train/patient24655/study10/view1_frontal.jpg,Pneumonia,chexpert
train/patient24667/study1/view1_frontal.jpg,Pneumonia,chexpert
train/patient24674/study1/view1_frontal.jpg,Pneumonia,chexpert
train/patient24687/study1/view1_frontal.jpg,Pneumonia,chexpert
train/patient24701/study1/view1_frontal.jpg,Pneumonia,chexpert
train/patient24713/study7/view1_frontal.jpg,Pneumonia,chexpert
train/patient24713/study6/view1_frontal.jpg,Pneumonia,chexpert
train/patient24714/study2/view1_frontal.jpg,Pneumonia,chexpert
train/patient24727/study1/view1_frontal.jpg,Pneumonia,chexpert
train/patient24727/study1/view2_frontal.jpg,Pneumonia,chexpert
train/patient24752/study7/view1_frontal.jpg,Pneumonia,chexpert
train/patient24762/study1/view1_frontal.jpg,Pneumonia,chexpert
train/patient24773/study2/view1_frontal.jpg,Pneumonia,chexpert
train/patient24787/study1/view1_frontal.jpg,Pneumonia,chexpert
train/patient24791/study1/view1_frontal.jpg,Pneumonia,chexpert
train/patient24810/study1/view1_frontal.jpg,Pneumonia,chexpert
train/patient24853/study1/view1_frontal.jpg,Pneumonia,chexpert
train/patient24866/study1/view1_frontal.jpg,Pneumonia,chexpert
train/patient24871/study1/view1_frontal.jpg,Pneumonia,chexpert
train/patient24901/study6/view1_frontal.jpg,Pneumonia,chexpert
train/patient24911/study1/view1_frontal.jpg,Pneumonia,chexpert
train/patient24930/study1/view1_frontal.jpg,Pneumonia,chexpert
train/patient24932/study10/view1_frontal.jpg,Pneumonia,chexpert
train/patient24932/study13/view1_frontal.jpg,Pneumonia,chexpert
train/patient24933/study1/view1_frontal.jpg,Pneumonia,chexpert
train/patient24938/study3/view1_frontal.jpg,Pneumonia,chexpert
train/patient24954/study1/view1_frontal.jpg,Pneumonia,chexpert
train/patient24956/study1/view1_frontal.jpg,Pneumonia,chexpert
train/patient24980/study1/view1_frontal.jpg,Pneumonia,chexpert
train/patient24984/study1/view1_frontal.jpg,Pneumonia,chexpert
train/patient24986/study1/view1_frontal.jpg,Pneumonia,chexpert
train/patient25005/study1/view1_frontal.jpg,Pneumonia,chexpert
train/patient25015/study19/view1_frontal.jpg,Pneumonia,chexpert
train/patient25015/study14/view1_frontal.jpg,Pneumonia,chexpert
train/patient25019/study3/view1_frontal.jpg,Pneumonia,chexpert
train/patient25026/study3/view1_frontal.jpg,Pneumonia,chexpert
train/patient25047/study5/view1_frontal.jpg,Pneumonia,chexpert
train/patient25067/study1/view1_frontal.jpg,Pneumonia,chexpert
train/patient25067/study2/view1_frontal.jpg,Pneumonia,chexpert
train/patient25067/study3/view1_frontal.jpg,Pneumonia,chexpert
train/patient25094/study1/view1_frontal.jpg,Pneumonia,chexpert
train/patient25104/study1/view1_frontal.jpg,Pneumonia,chexpert
train/patient25110/study4/view1_frontal.jpg,Pneumonia,chexpert
train/patient25117/study1/view1_frontal.jpg,Pneumonia,chexpert
train/patient25122/study1/view1_frontal.jpg,Pneumonia,chexpert
train/patient25145/study1/view1_frontal.jpg,Pneumonia,chexpert
train/patient25155/study5/view1_frontal.jpg,Pneumonia,chexpert
train/patient25157/study3/view1_frontal.jpg,Pneumonia,chexpert
train/patient25169/study6/view1_frontal.jpg,Pneumonia,chexpert
train/patient25170/study1/view1_frontal.jpg,Pneumonia,chexpert
train/patient25175/study3/view1_frontal.jpg,Pneumonia,chexpert
train/patient25190/study10/view1_frontal.jpg,Pneumonia,chexpert
train/patient25194/study1/view1_frontal.jpg,Pneumonia,chexpert
train/patient25195/study1/view1_frontal.jpg,Pneumonia,chexpert
train/patient25195/study1/view2_frontal.jpg,Pneumonia,chexpert
train/patient25204/study13/view1_frontal.jpg,Pneumonia,chexpert
train/patient25207/study5/view1_frontal.jpg,Pneumonia,chexpert
train/patient25216/study3/view1_frontal.jpg,Pneumonia,chexpert
train/patient25264/study2/view1_frontal.jpg,Pneumonia,chexpert
train/patient25268/study3/view1_frontal.jpg,Pneumonia,chexpert
train/patient25270/study1/view1_frontal.jpg,Pneumonia,chexpert
train/patient25273/study1/view1_frontal.jpg,Pneumonia,chexpert
train/patient25282/study3/view1_frontal.jpg,Pneumonia,chexpert
train/patient25327/study2/view1_frontal.jpg,Pneumonia,chexpert
train/patient25329/study2/view1_frontal.jpg,Pneumonia,chexpert
train/patient25337/study1/view1_frontal.jpg,Pneumonia,chexpert
train/patient25348/study1/view1_frontal.jpg,Pneumonia,chexpert
train/patient25350/study1/view1_frontal.jpg,Pneumonia,chexpert
train/patient25362/study6/view1_frontal.jpg,Pneumonia,chexpert
train/patient25373/study1/view1_frontal.jpg,Pneumonia,chexpert
train/patient25408/study1/view1_frontal.jpg,Pneumonia,chexpert
train/patient25449/study1/view1_frontal.jpg,Pneumonia,chexpert
train/patient25452/study1/view1_frontal.jpg,Pneumonia,chexpert
train/patient25476/study1/view1_frontal.jpg,Pneumonia,chexpert
train/patient25500/study2/view1_frontal.jpg,Pneumonia,chexpert
train/patient25509/study2/view1_frontal.jpg,Pneumonia,chexpert
train/patient25511/study1/view1_frontal.jpg,Pneumonia,chexpert
train/patient25514/study4/view1_frontal.jpg,Pneumonia,chexpert
train/patient25527/study6/view1_frontal.jpg,Pneumonia,chexpert
train/patient25545/study1/view1_frontal.jpg,Pneumonia,chexpert
train/patient25573/study5/view1_frontal.jpg,Pneumonia,chexpert
train/patient25573/study3/view1_frontal.jpg,Pneumonia,chexpert
train/patient25631/study1/view1_frontal.jpg,Pneumonia,chexpert
train/patient25640/study3/view1_frontal.jpg,Pneumonia,chexpert
train/patient25677/study8/view1_frontal.jpg,Pneumonia,chexpert
train/patient25682/study2/view1_frontal.jpg,Pneumonia,chexpert
train/patient25686/study1/view1_frontal.jpg,Pneumonia,chexpert
train/patient25686/study2/view1_frontal.jpg,Pneumonia,chexpert
train/patient25694/study1/view1_frontal.jpg,Pneumonia,chexpert
train/patient25694/study1/view2_frontal.jpg,Pneumonia,chexpert
train/patient25711/study6/view1_frontal.jpg,Pneumonia,chexpert
train/patient25725/study3/view1_frontal.jpg,Pneumonia,chexpert
train/patient25752/study1/view1_frontal.jpg,Pneumonia,chexpert
train/patient25754/study1/view1_frontal.jpg,Pneumonia,chexpert
train/patient25754/study2/view1_frontal.jpg,Pneumonia,chexpert
train/patient25804/study1/view1_frontal.jpg,Pneumonia,chexpert
train/patient25808/study4/view1_frontal.jpg,Pneumonia,chexpert
train/patient25824/study1/view1_frontal.jpg,Pneumonia,chexpert
train/patient25826/study1/view1_frontal.jpg,Pneumonia,chexpert
train/patient25837/study26/view1_frontal.jpg,Pneumonia,chexpert
train/patient25840/study1/view1_frontal.jpg,Pneumonia,chexpert
train/patient25850/study13/view1_frontal.jpg,Pneumonia,chexpert
train/patient25855/study1/view1_frontal.jpg,Pneumonia,chexpert
train/patient25863/study2/view1_frontal.jpg,Pneumonia,chexpert
train/patient25874/study7/view1_frontal.jpg,Pneumonia,chexpert
train/patient25874/study4/view1_frontal.jpg,Pneumonia,chexpert
train/patient25878/study1/view1_frontal.jpg,Pneumonia,chexpert
train/patient25885/study2/view1_frontal.jpg,Pneumonia,chexpert
train/patient25899/study2/view1_frontal.jpg,Pneumonia,chexpert
train/patient25904/study1/view1_frontal.jpg,Pneumonia,chexpert
train/patient25914/study19/view1_frontal.jpg,Pneumonia,chexpert
train/patient25919/study1/view1_frontal.jpg,Pneumonia,chexpert
train/patient26010/study1/view1_frontal.jpg,Pneumonia,chexpert
train/patient26030/study4/view1_frontal.jpg,Pneumonia,chexpert
train/patient26030/study2/view1_frontal.jpg,Pneumonia,chexpert
train/patient26031/study1/view1_frontal.jpg,Pneumonia,chexpert
train/patient26034/study11/view1_frontal.jpg,Pneumonia,chexpert
train/patient26036/study2/view1_frontal.jpg,Pneumonia,chexpert
train/patient26036/study7/view1_frontal.jpg,Pneumonia,chexpert
train/patient26056/study1/view1_frontal.jpg,Pneumonia,chexpert
train/patient26063/study1/view1_frontal.jpg,Pneumonia,chexpert
train/patient26089/study1/view1_frontal.jpg,Pneumonia,chexpert
train/patient26098/study1/view1_frontal.jpg,Pneumonia,chexpert
train/patient26116/study1/view1_frontal.jpg,Pneumonia,chexpert
train/patient26126/study1/view1_frontal.jpg,Pneumonia,chexpert
train/patient26155/study2/view1_frontal.jpg,Pneumonia,chexpert
train/patient26156/study1/view1_frontal.jpg,Pneumonia,chexpert
train/patient26165/study19/view1_frontal.jpg,Pneumonia,chexpert
train/patient26166/study2/view1_frontal.jpg,Pneumonia,chexpert
train/patient26166/study4/view1_frontal.jpg,Pneumonia,chexpert
train/patient26173/study19/view1_frontal.jpg,Pneumonia,chexpert
train/patient26180/study1/view1_frontal.jpg,Pneumonia,chexpert
train/patient26194/study1/view1_frontal.jpg,Pneumonia,chexpert
train/patient26207/study1/view1_frontal.jpg,Pneumonia,chexpert
train/patient26228/study1/view1_frontal.jpg,Pneumonia,chexpert
train/patient26237/study4/view1_frontal.jpg,Pneumonia,chexpert
train/patient26239/study3/view1_frontal.jpg,Pneumonia,chexpert
train/patient26245/study2/view1_frontal.jpg,Pneumonia,chexpert
train/patient26257/study29/view1_frontal.jpg,Pneumonia,chexpert
train/patient26257/study7/view1_frontal.jpg,Pneumonia,chexpert
train/patient26257/study9/view1_frontal.jpg,Pneumonia,chexpert
train/patient26257/study10/view1_frontal.jpg,Pneumonia,chexpert
train/patient26257/study8/view1_frontal.jpg,Pneumonia,chexpert
train/patient26271/study8/view1_frontal.jpg,Pneumonia,chexpert
train/patient26271/study9/view1_frontal.jpg,Pneumonia,chexpert
train/patient26285/study1/view1_frontal.jpg,Pneumonia,chexpert
train/patient26285/study1/view2_frontal.jpg,Pneumonia,chexpert
train/patient26309/study4/view1_frontal.jpg,Pneumonia,chexpert
train/patient26309/study3/view1_frontal.jpg,Pneumonia,chexpert
train/patient26323/study1/view1_frontal.jpg,Pneumonia,chexpert
train/patient26323/study3/view1_frontal.jpg,Pneumonia,chexpert
train/patient26323/study6/view1_frontal.jpg,Pneumonia,chexpert
train/patient26323/study5/view1_frontal.jpg,Pneumonia,chexpert
train/patient26335/study6/view1_frontal.jpg,Pneumonia,chexpert
train/patient26337/study1/view1_frontal.jpg,Pneumonia,chexpert
train/patient26338/study1/view1_frontal.jpg,Pneumonia,chexpert
train/patient26370/study6/view1_frontal.jpg,Pneumonia,chexpert
train/patient26376/study5/view1_frontal.jpg,Pneumonia,chexpert
train/patient26381/study15/view1_frontal.jpg,Pneumonia,chexpert
train/patient26381/study50/view1_frontal.jpg,Pneumonia,chexpert
train/patient26400/study1/view1_frontal.jpg,Pneumonia,chexpert
train/patient26401/study1/view1_frontal.jpg,Pneumonia,chexpert
train/patient26402/study1/view1_frontal.jpg,Pneumonia,chexpert
train/patient26447/study3/view1_frontal.jpg,Pneumonia,chexpert
train/patient26454/study1/view1_frontal.jpg,Pneumonia,chexpert
train/patient26458/study4/view1_frontal.jpg,Pneumonia,chexpert
train/patient26516/study2/view1_frontal.jpg,Pneumonia,chexpert
train/patient26558/study2/view1_frontal.jpg,Pneumonia,chexpert
train/patient26565/study5/view1_frontal.jpg,Pneumonia,chexpert
train/patient26571/study5/view1_frontal.jpg,Pneumonia,chexpert
train/patient26571/study4/view1_frontal.jpg,Pneumonia,chexpert
train/patient26572/study3/view1_frontal.jpg,Pneumonia,chexpert
train/patient26575/study1/view1_frontal.jpg,Pneumonia,chexpert
train/patient26582/study1/view1_frontal.jpg,Pneumonia,chexpert
train/patient26588/study3/view1_frontal.jpg,Pneumonia,chexpert
train/patient26609/study1/view1_frontal.jpg,Pneumonia,chexpert
train/patient26616/study1/view1_frontal.jpg,Pneumonia,chexpert
train/patient26638/study5/view1_frontal.jpg,Pneumonia,chexpert
train/patient26640/study1/view1_frontal.jpg,Pneumonia,chexpert
train/patient26642/study2/view1_frontal.jpg,Pneumonia,chexpert
train/patient26680/study3/view1_frontal.jpg,Pneumonia,chexpert
train/patient26684/study1/view1_frontal.jpg,Pneumonia,chexpert
train/patient26694/study8/view1_frontal.jpg,Pneumonia,chexpert
train/patient26694/study15/view1_frontal.jpg,Pneumonia,chexpert
train/patient26694/study2/view1_frontal.jpg,Pneumonia,chexpert
train/patient26704/study29/view1_frontal.jpg,Pneumonia,chexpert
train/patient26704/study18/view1_frontal.jpg,Pneumonia,chexpert
train/patient26735/study1/view1_frontal.jpg,Pneumonia,chexpert
train/patient26753/study34/view1_frontal.jpg,Pneumonia,chexpert
train/patient26773/study7/view1_frontal.jpg,Pneumonia,chexpert
train/patient26778/study18/view1_frontal.jpg,Pneumonia,chexpert
train/patient26791/study46/view1_frontal.jpg,Pneumonia,chexpert
train/patient26803/study1/view1_frontal.jpg,Pneumonia,chexpert
train/patient26809/study1/view1_frontal.jpg,Pneumonia,chexpert
train/patient26818/study6/view1_frontal.jpg,Pneumonia,chexpert
train/patient26818/study5/view1_frontal.jpg,Pneumonia,chexpert
train/patient26852/study1/view1_frontal.jpg,Pneumonia,chexpert
train/patient26853/study1/view1_frontal.jpg,Pneumonia,chexpert
train/patient26853/study1/view2_frontal.jpg,Pneumonia,chexpert
train/patient26860/study2/view1_frontal.jpg,Pneumonia,chexpert
train/patient26861/study5/view1_frontal.jpg,Pneumonia,chexpert
train/patient26867/study1/view1_frontal.jpg,Pneumonia,chexpert
train/patient26872/study1/view1_frontal.jpg,Pneumonia,chexpert
train/patient26883/study1/view1_frontal.jpg,Pneumonia,chexpert
train/patient26891/study9/view1_frontal.jpg,Pneumonia,chexpert
train/patient26925/study1/view1_frontal.jpg,Pneumonia,chexpert
train/patient26941/study1/view1_frontal.jpg,Pneumonia,chexpert
train/patient26949/study1/view1_frontal.jpg,Pneumonia,chexpert
train/patient26981/study1/view1_frontal.jpg,Pneumonia,chexpert
train/patient26986/study2/view1_frontal.jpg,Pneumonia,chexpert
train/patient26992/study2/view1_frontal.jpg,Pneumonia,chexpert
train/patient27001/study8/view1_frontal.jpg,Pneumonia,chexpert
train/patient27026/study1/view1_frontal.jpg,Pneumonia,chexpert
train/patient27044/study1/view1_frontal.jpg,Pneumonia,chexpert
train/patient27057/study1/view1_frontal.jpg,Pneumonia,chexpert
train/patient27073/study1/view1_frontal.jpg,Pneumonia,chexpert
train/patient27093/study11/view1_frontal.jpg,Pneumonia,chexpert
train/patient27103/study8/view1_frontal.jpg,Pneumonia,chexpert
train/patient27107/study4/view1_frontal.jpg,Pneumonia,chexpert
train/patient27120/study4/view1_frontal.jpg,Pneumonia,chexpert
train/patient27153/study3/view1_frontal.jpg,Pneumonia,chexpert
train/patient27153/study3/view2_frontal.jpg,Pneumonia,chexpert
train/patient27168/study4/view1_frontal.jpg,Pneumonia,chexpert
train/patient27170/study12/view1_frontal.jpg,Pneumonia,chexpert
train/patient27190/study6/view1_frontal.jpg,Pneumonia,chexpert
train/patient27192/study1/view1_frontal.jpg,Pneumonia,chexpert
train/patient27214/study5/view1_frontal.jpg,Pneumonia,chexpert
train/patient27214/study6/view1_frontal.jpg,Pneumonia,chexpert
train/patient27237/study2/view1_frontal.jpg,Pneumonia,chexpert
train/patient27247/study1/view1_frontal.jpg,Pneumonia,chexpert
train/patient27255/study1/view1_frontal.jpg,Pneumonia,chexpert
train/patient27263/study2/view1_frontal.jpg,Pneumonia,chexpert
train/patient27263/study4/view1_frontal.jpg,Pneumonia,chexpert
train/patient27285/study2/view1_frontal.jpg,Pneumonia,chexpert
train/patient27292/study1/view1_frontal.jpg,Pneumonia,chexpert
train/patient27347/study1/view1_frontal.jpg,Pneumonia,chexpert
train/patient27399/study3/view1_frontal.jpg,Pneumonia,chexpert
train/patient27402/study12/view1_frontal.jpg,Pneumonia,chexpert
train/patient27408/study4/view1_frontal.jpg,Pneumonia,chexpert
train/patient27450/study1/view1_frontal.jpg,Pneumonia,chexpert
train/patient27451/study12/view1_frontal.jpg,Pneumonia,chexpert
train/patient27469/study2/view1_frontal.jpg,Pneumonia,chexpert
train/patient27473/study9/view1_frontal.jpg,Pneumonia,chexpert
train/patient27476/study3/view1_frontal.jpg,Pneumonia,chexpert
train/patient27494/study1/view1_frontal.jpg,Pneumonia,chexpert
train/patient27510/study3/view1_frontal.jpg,Pneumonia,chexpert
train/patient27523/study3/view1_frontal.jpg,Pneumonia,chexpert
train/patient27523/study2/view1_frontal.jpg,Pneumonia,chexpert
train/patient27528/study1/view1_frontal.jpg,Pneumonia,chexpert
train/patient27533/study1/view1_frontal.jpg,Pneumonia,chexpert
train/patient27542/study5/view1_frontal.jpg,Pneumonia,chexpert
train/patient27543/study34/view1_frontal.jpg,Pneumonia,chexpert
train/patient27543/study18/view1_frontal.jpg,Pneumonia,chexpert
train/patient27547/study3/view1_frontal.jpg,Pneumonia,chexpert
train/patient27549/study12/view1_frontal.jpg,Pneumonia,chexpert
train/patient27556/study1/view1_frontal.jpg,Pneumonia,chexpert
train/patient27560/study2/view1_frontal.jpg,Pneumonia,chexpert
train/patient27571/study1/view1_frontal.jpg,Pneumonia,chexpert
train/patient27591/study2/view1_frontal.jpg,Pneumonia,chexpert
train/patient27611/study1/view1_frontal.jpg,Pneumonia,chexpert
train/patient27627/study5/view1_frontal.jpg,Pneumonia,chexpert
train/patient27627/study2/view1_frontal.jpg,Pneumonia,chexpert
train/patient27644/study2/view1_frontal.jpg,Pneumonia,chexpert
train/patient27644/study4/view1_frontal.jpg,Pneumonia,chexpert
train/patient27645/study7/view1_frontal.jpg,Pneumonia,chexpert
train/patient27669/study2/view1_frontal.jpg,Pneumonia,chexpert
train/patient27669/study1/view1_frontal.jpg,Pneumonia,chexpert
train/patient27673/study9/view1_frontal.jpg,Pneumonia,chexpert
train/patient27675/study1/view1_frontal.jpg,Pneumonia,chexpert
train/patient27676/study1/view1_frontal.jpg,Pneumonia,chexpert
train/patient27680/study8/view1_frontal.jpg,Pneumonia,chexpert
train/patient27680/study38/view1_frontal.jpg,Pneumonia,chexpert
train/patient27680/study6/view1_frontal.jpg,Pneumonia,chexpert
train/patient27680/study23/view1_frontal.jpg,Pneumonia,chexpert
train/patient27689/study4/view1_frontal.jpg,Pneumonia,chexpert
train/patient27690/study2/view1_frontal.jpg,Pneumonia,chexpert
train/patient27700/study1/view1_frontal.jpg,Pneumonia,chexpert
train/patient27705/study3/view1_frontal.jpg,Pneumonia,chexpert
train/patient27707/study3/view1_frontal.jpg,Pneumonia,chexpert
train/patient27718/study9/view1_frontal.jpg,Pneumonia,chexpert
train/patient27734/study1/view1_frontal.jpg,Pneumonia,chexpert
train/patient27734/study34/view1_frontal.jpg,Pneumonia,chexpert
train/patient27738/study2/view1_frontal.jpg,Pneumonia,chexpert
train/patient27763/study1/view1_frontal.jpg,Pneumonia,chexpert
train/patient27774/study1/view1_frontal.jpg,Pneumonia,chexpert
train/patient27777/study2/view1_frontal.jpg,Pneumonia,chexpert
train/patient27779/study3/view1_frontal.jpg,Pneumonia,chexpert
train/patient27784/study1/view1_frontal.jpg,Pneumonia,chexpert
train/patient27787/study1/view1_frontal.jpg,Pneumonia,chexpert
train/patient27790/study1/view1_frontal.jpg,Pneumonia,chexpert
train/patient27826/study10/view1_frontal.jpg,Pneumonia,chexpert
train/patient27826/study11/view1_frontal.jpg,Pneumonia,chexpert
train/patient27848/study1/view1_frontal.jpg,Pneumonia,chexpert
train/patient27853/study1/view1_frontal.jpg,Pneumonia,chexpert
train/patient27861/study1/view1_frontal.jpg,Pneumonia,chexpert
train/patient27873/study3/view1_frontal.jpg,Pneumonia,chexpert
train/patient27879/study1/view1_frontal.jpg,Pneumonia,chexpert
train/patient27882/study1/view1_frontal.jpg,Pneumonia,chexpert
train/patient27882/study2/view1_frontal.jpg,Pneumonia,chexpert
train/patient27907/study2/view1_frontal.jpg,Pneumonia,chexpert
train/patient27911/study1/view1_frontal.jpg,Pneumonia,chexpert
train/patient27935/study2/view1_frontal.jpg,Pneumonia,chexpert
train/patient27935/study5/view1_frontal.jpg,Pneumonia,chexpert
train/patient27952/study8/view1_frontal.jpg,Pneumonia,chexpert
train/patient27956/study5/view1_frontal.jpg,Pneumonia,chexpert
train/patient27964/study4/view1_frontal.jpg,Pneumonia,chexpert
train/patient27994/study15/view1_frontal.jpg,Pneumonia,chexpert
train/patient27996/study2/view1_frontal.jpg,Pneumonia,chexpert
train/patient28014/study3/view1_frontal.jpg,Pneumonia,chexpert
train/patient28014/study2/view1_frontal.jpg,Pneumonia,chexpert
train/patient28015/study1/view1_frontal.jpg,Pneumonia,chexpert
train/patient28019/study1/view1_frontal.jpg,Pneumonia,chexpert
train/patient28021/study3/view1_frontal.jpg,Pneumonia,chexpert
train/patient28021/study3/view2_frontal.jpg,Pneumonia,chexpert
train/patient28027/study1/view1_frontal.jpg,Pneumonia,chexpert
train/patient28051/study7/view1_frontal.jpg,Pneumonia,chexpert
train/patient28072/study3/view1_frontal.jpg,Pneumonia,chexpert
train/patient28075/study5/view1_frontal.jpg,Pneumonia,chexpert
train/patient28082/study1/view1_frontal.jpg,Pneumonia,chexpert
train/patient28087/study4/view1_frontal.jpg,Pneumonia,chexpert
train/patient28093/study1/view1_frontal.jpg,Pneumonia,chexpert
train/patient28101/study2/view1_frontal.jpg,Pneumonia,chexpert
train/patient28106/study1/view1_frontal.jpg,Pneumonia,chexpert
train/patient28163/study1/view1_frontal.jpg,Pneumonia,chexpert
train/patient28191/study1/view1_frontal.jpg,Pneumonia,chexpert
train/patient28201/study1/view1_frontal.jpg,Pneumonia,chexpert
train/patient28207/study8/view1_frontal.jpg,Pneumonia,chexpert
train/patient28207/study11/view1_frontal.jpg,Pneumonia,chexpert
train/patient28207/study10/view1_frontal.jpg,Pneumonia,chexpert
train/patient28249/study3/view1_frontal.jpg,Pneumonia,chexpert
train/patient28260/study2/view1_frontal.jpg,Pneumonia,chexpert
train/patient28305/study5/view1_frontal.jpg,Pneumonia,chexpert
train/patient28307/study1/view1_frontal.jpg,Pneumonia,chexpert
train/patient28318/study1/view1_frontal.jpg,Pneumonia,chexpert
train/patient28319/study5/view1_frontal.jpg,Pneumonia,chexpert
train/patient28343/study1/view1_frontal.jpg,Pneumonia,chexpert
train/patient28357/study1/view1_frontal.jpg,Pneumonia,chexpert
train/patient28371/study5/view1_frontal.jpg,Pneumonia,chexpert
train/patient28379/study1/view1_frontal.jpg,Pneumonia,chexpert
train/patient28382/study1/view1_frontal.jpg,Pneumonia,chexpert
train/patient28399/study3/view1_frontal.jpg,Pneumonia,chexpert
train/patient28450/study1/view1_frontal.jpg,Pneumonia,chexpert
train/patient28486/study4/view1_frontal.jpg,Pneumonia,chexpert
train/patient28492/study2/view1_frontal.jpg,Pneumonia,chexpert
train/patient28492/study3/view1_frontal.jpg,Pneumonia,chexpert
train/patient28492/study4/view1_frontal.jpg,Pneumonia,chexpert
train/patient28503/study4/view1_frontal.jpg,Pneumonia,chexpert
train/patient28505/study2/view1_frontal.jpg,Pneumonia,chexpert
train/patient28516/study1/view1_frontal.jpg,Pneumonia,chexpert
train/patient28516/study4/view1_frontal.jpg,Pneumonia,chexpert
train/patient28531/study28/view1_frontal.jpg,Pneumonia,chexpert
train/patient28560/study2/view1_frontal.jpg,Pneumonia,chexpert
train/patient28561/study1/view1_frontal.jpg,Pneumonia,chexpert
train/patient28572/study2/view1_frontal.jpg,Pneumonia,chexpert
train/patient28600/study1/view1_frontal.jpg,Pneumonia,chexpert
train/patient28600/study2/view1_frontal.jpg,Pneumonia,chexpert
train/patient28605/study2/view1_frontal.jpg,Pneumonia,chexpert
train/patient28612/study3/view1_frontal.jpg,Pneumonia,chexpert
train/patient28614/study28/view1_frontal.jpg,Pneumonia,chexpert
train/patient28635/study2/view1_frontal.jpg,Pneumonia,chexpert
train/patient28637/study19/view1_frontal.jpg,Pneumonia,chexpert
train/patient28658/study6/view1_frontal.jpg,Pneumonia,chexpert
train/patient28663/study2/view1_frontal.jpg,Pneumonia,chexpert
train/patient28663/study7/view1_frontal.jpg,Pneumonia,chexpert
train/patient28685/study1/view1_frontal.jpg,Pneumonia,chexpert
train/patient28693/study1/view1_frontal.jpg,Pneumonia,chexpert
train/patient28702/study9/view1_frontal.jpg,Pneumonia,chexpert
train/patient28706/study1/view1_frontal.jpg,Pneumonia,chexpert
train/patient28715/study1/view1_frontal.jpg,Pneumonia,chexpert
train/patient28727/study1/view1_frontal.jpg,Pneumonia,chexpert
train/patient28729/study13/view1_frontal.jpg,Pneumonia,chexpert
train/patient28729/study14/view1_frontal.jpg,Pneumonia,chexpert
train/patient28753/study1/view1_frontal.jpg,Pneumonia,chexpert
train/patient28771/study1/view1_frontal.jpg,Pneumonia,chexpert
train/patient28775/study1/view1_frontal.jpg,Pneumonia,chexpert
train/patient28784/study14/view1_frontal.jpg,Pneumonia,chexpert
train/patient28784/study14/view2_frontal.jpg,Pneumonia,chexpert
train/patient28784/study12/view1_frontal.jpg,Pneumonia,chexpert
train/patient28784/study15/view1_frontal.jpg,Pneumonia,chexpert
train/patient28784/study13/view1_frontal.jpg,Pneumonia,chexpert
train/patient28794/study1/view1_frontal.jpg,Pneumonia,chexpert
train/patient28811/study1/view1_frontal.jpg,Pneumonia,chexpert
train/patient28890/study4/view1_frontal.jpg,Pneumonia,chexpert
train/patient28898/study7/view1_frontal.jpg,Pneumonia,chexpert
train/patient28898/study1/view1_frontal.jpg,Pneumonia,chexpert
train/patient28913/study1/view1_frontal.jpg,Pneumonia,chexpert
train/patient28919/study1/view1_frontal.jpg,Pneumonia,chexpert
train/patient28920/study1/view1_frontal.jpg,Pneumonia,chexpert
train/patient28922/study8/view1_frontal.jpg,Pneumonia,chexpert
train/patient28941/study5/view1_frontal.jpg,Pneumonia,chexpert
train/patient28958/study1/view1_frontal.jpg,Pneumonia,chexpert
train/patient29001/study1/view1_frontal.jpg,Pneumonia,chexpert
train/patient29001/study2/view1_frontal.jpg,Pneumonia,chexpert
train/patient29008/study3/view1_frontal.jpg,Pneumonia,chexpert
train/patient29017/study6/view1_frontal.jpg,Pneumonia,chexpert
train/patient29030/study1/view1_frontal.jpg,Pneumonia,chexpert
train/patient29069/study6/view1_frontal.jpg,Pneumonia,chexpert
train/patient29069/study5/view1_frontal.jpg,Pneumonia,chexpert
train/patient29081/study1/view1_frontal.jpg,Pneumonia,chexpert
train/patient29090/study1/view1_frontal.jpg,Pneumonia,chexpert
train/patient29096/study14/view1_frontal.jpg,Pneumonia,chexpert
train/patient29108/study1/view1_frontal.jpg,Pneumonia,chexpert
train/patient29195/study2/view1_frontal.jpg,Pneumonia,chexpert
train/patient29215/study1/view1_frontal.jpg,Pneumonia,chexpert
train/patient29216/study6/view1_frontal.jpg,Pneumonia,chexpert
train/patient29224/study1/view1_frontal.jpg,Pneumonia,chexpert
train/patient29227/study1/view1_frontal.jpg,Pneumonia,chexpert
train/patient29232/study4/view1_frontal.jpg,Pneumonia,chexpert
train/patient29258/study3/view1_frontal.jpg,Pneumonia,chexpert
train/patient29259/study1/view1_frontal.jpg,Pneumonia,chexpert
train/patient29274/study2/view1_frontal.jpg,Pneumonia,chexpert
train/patient29280/study1/view1_frontal.jpg,Pneumonia,chexpert
train/patient29298/study6/view1_frontal.jpg,Pneumonia,chexpert
train/patient29315/study14/view1_frontal.jpg,Pneumonia,chexpert
train/patient29315/study17/view1_frontal.jpg,Pneumonia,chexpert
train/patient29315/study16/view1_frontal.jpg,Pneumonia,chexpert
train/patient29315/study15/view1_frontal.jpg,Pneumonia,chexpert
train/patient29319/study6/view1_frontal.jpg,Pneumonia,chexpert
train/patient29324/study2/view1_frontal.jpg,Pneumonia,chexpert
train/patient29331/study1/view1_frontal.jpg,Pneumonia,chexpert
train/patient29345/study8/view1_frontal.jpg,Pneumonia,chexpert
train/patient29351/study1/view1_frontal.jpg,Pneumonia,chexpert
train/patient29370/study1/view1_frontal.jpg,Pneumonia,chexpert
train/patient29370/study2/view1_frontal.jpg,Pneumonia,chexpert
train/patient29374/study1/view1_frontal.jpg,Pneumonia,chexpert
train/patient29377/study4/view1_frontal.jpg,Pneumonia,chexpert
train/patient29384/study5/view1_frontal.jpg,Pneumonia,chexpert
train/patient29384/study5/view2_frontal.jpg,Pneumonia,chexpert
train/patient29388/study1/view1_frontal.jpg,Pneumonia,chexpert
train/patient29404/study3/view1_frontal.jpg,Pneumonia,chexpert
train/patient29413/study1/view1_frontal.jpg,Pneumonia,chexpert
train/patient29415/study1/view1_frontal.jpg,Pneumonia,chexpert
train/patient29426/study11/view1_frontal.jpg,Pneumonia,chexpert
train/patient29432/study1/view1_frontal.jpg,Pneumonia,chexpert
train/patient29435/study15/view1_frontal.jpg,Pneumonia,chexpert
train/patient29435/study12/view1_frontal.jpg,Pneumonia,chexpert
train/patient29443/study1/view1_frontal.jpg,Pneumonia,chexpert
train/patient29460/study1/view1_frontal.jpg,Pneumonia,chexpert
train/patient29465/study11/view1_frontal.jpg,Pneumonia,chexpert
train/patient29469/study1/view1_frontal.jpg,Pneumonia,chexpert
train/patient29476/study15/view1_frontal.jpg,Pneumonia,chexpert
train/patient29484/study2/view1_frontal.jpg,Pneumonia,chexpert
train/patient29496/study1/view1_frontal.jpg,Pneumonia,chexpert
train/patient29502/study14/view1_frontal.jpg,Pneumonia,chexpert
train/patient29529/study4/view1_frontal.jpg,Pneumonia,chexpert
train/patient29548/study2/view1_frontal.jpg,Pneumonia,chexpert
train/patient29553/study1/view1_frontal.jpg,Pneumonia,chexpert
train/patient29577/study14/view1_frontal.jpg,Pneumonia,chexpert
train/patient29599/study1/view1_frontal.jpg,Pneumonia,chexpert
train/patient29608/study3/view1_frontal.jpg,Pneumonia,chexpert
train/patient29608/study4/view1_frontal.jpg,Pneumonia,chexpert
train/patient29633/study10/view1_frontal.jpg,Pneumonia,chexpert
train/patient29633/study9/view1_frontal.jpg,Pneumonia,chexpert
train/patient29633/study2/view1_frontal.jpg,Pneumonia,chexpert
train/patient29652/study4/view1_frontal.jpg,Pneumonia,chexpert
train/patient29715/study1/view1_frontal.jpg,Pneumonia,chexpert
train/patient29725/study9/view1_frontal.jpg,Pneumonia,chexpert
train/patient29739/study1/view1_frontal.jpg,Pneumonia,chexpert
train/patient29739/study2/view1_frontal.jpg,Pneumonia,chexpert
train/patient29739/study3/view1_frontal.jpg,Pneumonia,chexpert
train/patient29743/study3/view1_frontal.jpg,Pneumonia,chexpert
train/patient29750/study2/view1_frontal.jpg,Pneumonia,chexpert
train/patient29751/study1/view1_frontal.jpg,Pneumonia,chexpert
train/patient29766/study1/view1_frontal.jpg,Pneumonia,chexpert
train/patient29767/study2/view1_frontal.jpg,Pneumonia,chexpert
train/patient29779/study11/view1_frontal.jpg,Pneumonia,chexpert
train/patient29779/study11/view2_frontal.jpg,Pneumonia,chexpert
train/patient29781/study11/view1_frontal.jpg,Pneumonia,chexpert
train/patient29781/study9/view1_frontal.jpg,Pneumonia,chexpert
train/patient29825/study26/view1_frontal.jpg,Pneumonia,chexpert
train/patient29832/study3/view1_frontal.jpg,Pneumonia,chexpert
train/patient29846/study1/view1_frontal.jpg,Pneumonia,chexpert
train/patient29846/study2/view1_frontal.jpg,Pneumonia,chexpert
train/patient29847/study1/view1_frontal.jpg,Pneumonia,chexpert
train/patient29867/study10/view1_frontal.jpg,Pneumonia,chexpert
train/patient29904/study3/view1_frontal.jpg,Pneumonia,chexpert
train/patient29905/study21/view1_frontal.jpg,Pneumonia,chexpert
train/patient29931/study1/view1_frontal.jpg,Pneumonia,chexpert
train/patient29961/study1/view1_frontal.jpg,Pneumonia,chexpert
train/patient29990/study1/view1_frontal.jpg,Pneumonia,chexpert
train/patient30012/study1/view1_frontal.jpg,Pneumonia,chexpert
train/patient30019/study1/view1_frontal.jpg,Pneumonia,chexpert
train/patient30026/study3/view1_frontal.jpg,Pneumonia,chexpert
train/patient30026/study4/view1_frontal.jpg,Pneumonia,chexpert
train/patient30045/study1/view1_frontal.jpg,Pneumonia,chexpert
train/patient30068/study2/view1_frontal.jpg,Pneumonia,chexpert
train/patient30068/study3/view1_frontal.jpg,Pneumonia,chexpert
train/patient30068/study3/view2_frontal.jpg,Pneumonia,chexpert
train/patient30068/study4/view1_frontal.jpg,Pneumonia,chexpert
train/patient30069/study2/view1_frontal.jpg,Pneumonia,chexpert
train/patient30090/study1/view1_frontal.jpg,Pneumonia,chexpert
train/patient30100/study1/view1_frontal.jpg,Pneumonia,chexpert
train/patient30102/study2/view1_frontal.jpg,Pneumonia,chexpert
train/patient30107/study1/view1_frontal.jpg,Pneumonia,chexpert
train/patient30110/study3/view1_frontal.jpg,Pneumonia,chexpert
train/patient30117/study2/view1_frontal.jpg,Pneumonia,chexpert
train/patient30127/study12/view1_frontal.jpg,Pneumonia,chexpert
train/patient30127/study14/view1_frontal.jpg,Pneumonia,chexpert
train/patient30152/study1/view1_frontal.jpg,Pneumonia,chexpert
train/patient30165/study1/view1_frontal.jpg,Pneumonia,chexpert
train/patient30185/study4/view1_frontal.jpg,Pneumonia,chexpert
train/patient30198/study1/view1_frontal.jpg,Pneumonia,chexpert
train/patient30215/study2/view1_frontal.jpg,Pneumonia,chexpert
train/patient30222/study6/view1_frontal.jpg,Pneumonia,chexpert
train/patient30240/study2/view1_frontal.jpg,Pneumonia,chexpert
train/patient30241/study1/view1_frontal.jpg,Pneumonia,chexpert
train/patient30245/study1/view1_frontal.jpg,Pneumonia,chexpert
train/patient30252/study3/view1_frontal.jpg,Pneumonia,chexpert
train/patient30254/study1/view1_frontal.jpg,Pneumonia,chexpert
train/patient30258/study2/view1_frontal.jpg,Pneumonia,chexpert
train/patient30267/study9/view1_frontal.jpg,Pneumonia,chexpert
train/patient30282/study1/view1_frontal.jpg,Pneumonia,chexpert
train/patient30290/study3/view1_frontal.jpg,Pneumonia,chexpert
train/patient30305/study5/view1_frontal.jpg,Pneumonia,chexpert
train/patient30305/study1/view1_frontal.jpg,Pneumonia,chexpert
train/patient30305/study7/view1_frontal.jpg,Pneumonia,chexpert
train/patient30305/study4/view1_frontal.jpg,Pneumonia,chexpert
train/patient30312/study1/view1_frontal.jpg,Pneumonia,chexpert
train/patient30349/study1/view1_frontal.jpg,Pneumonia,chexpert
train/patient30351/study1/view1_frontal.jpg,Pneumonia,chexpert
train/patient30374/study2/view1_frontal.jpg,Pneumonia,chexpert
train/patient30388/study5/view1_frontal.jpg,Pneumonia,chexpert
train/patient30393/study3/view1_frontal.jpg,Pneumonia,chexpert
train/patient30414/study4/view1_frontal.jpg,Pneumonia,chexpert
train/patient30414/study5/view1_frontal.jpg,Pneumonia,chexpert
train/patient30421/study1/view1_frontal.jpg,Pneumonia,chexpert
train/patient30436/study1/view1_frontal.jpg,Pneumonia,chexpert
train/patient30458/study5/view1_frontal.jpg,Pneumonia,chexpert
train/patient30494/study15/view1_frontal.jpg,Pneumonia,chexpert
train/patient30499/study1/view1_frontal.jpg,Pneumonia,chexpert
train/patient30503/study2/view1_frontal.jpg,Pneumonia,chexpert
train/patient30513/study10/view1_frontal.jpg,Pneumonia,chexpert
train/patient30513/study9/view1_frontal.jpg,Pneumonia,chexpert
train/patient30532/study13/view1_frontal.jpg,Pneumonia,chexpert
train/patient30532/study27/view1_frontal.jpg,Pneumonia,chexpert
train/patient30535/study1/view1_frontal.jpg,Pneumonia,chexpert
train/patient30543/study1/view1_frontal.jpg,Pneumonia,chexpert
train/patient30596/study1/view1_frontal.jpg,Pneumonia,chexpert
train/patient30612/study2/view1_frontal.jpg,Pneumonia,chexpert
train/patient30627/study21/view1_frontal.jpg,Pneumonia,chexpert
train/patient30627/study4/view1_frontal.jpg,Pneumonia,chexpert
train/patient30627/study63/view1_frontal.jpg,Pneumonia,chexpert
train/patient30635/study1/view1_frontal.jpg,Pneumonia,chexpert
train/patient30643/study1/view1_frontal.jpg,Pneumonia,chexpert
train/patient30644/study16/view1_frontal.jpg,Pneumonia,chexpert
train/patient30644/study17/view1_frontal.jpg,Pneumonia,chexpert
train/patient30647/study4/view1_frontal.jpg,Pneumonia,chexpert
train/patient30659/study1/view1_frontal.jpg,Pneumonia,chexpert
train/patient30670/study1/view1_frontal.jpg,Pneumonia,chexpert
train/patient30698/study4/view1_frontal.jpg,Pneumonia,chexpert
train/patient30714/study2/view1_frontal.jpg,Pneumonia,chexpert
train/patient30752/study4/view1_frontal.jpg,Pneumonia,chexpert
train/patient30786/study1/view1_frontal.jpg,Pneumonia,chexpert
train/patient30786/study2/view1_frontal.jpg,Pneumonia,chexpert
train/patient30795/study1/view1_frontal.jpg,Pneumonia,chexpert
train/patient30801/study7/view1_frontal.jpg,Pneumonia,chexpert
train/patient30806/study1/view1_frontal.jpg,Pneumonia,chexpert
train/patient30808/study2/view1_frontal.jpg,Pneumonia,chexpert
train/patient30810/study1/view1_frontal.jpg,Pneumonia,chexpert
train/patient30812/study34/view1_frontal.jpg,Pneumonia,chexpert
train/patient30825/study1/view1_frontal.jpg,Pneumonia,chexpert
train/patient30826/study2/view1_frontal.jpg,Pneumonia,chexpert
train/patient30842/study1/view1_frontal.jpg,Pneumonia,chexpert
train/patient30892/study4/view1_frontal.jpg,Pneumonia,chexpert
train/patient30902/study1/view1_frontal.jpg,Pneumonia,chexpert
train/patient30910/study1/view1_frontal.jpg,Pneumonia,chexpert
train/patient30910/study5/view1_frontal.jpg,Pneumonia,chexpert
train/patient30918/study9/view1_frontal.jpg,Pneumonia,chexpert
train/patient30948/study1/view1_frontal.jpg,Pneumonia,chexpert
train/patient30956/study1/view1_frontal.jpg,Pneumonia,chexpert
train/patient30960/study1/view1_frontal.jpg,Pneumonia,chexpert
train/patient30968/study7/view1_frontal.jpg,Pneumonia,chexpert
train/patient30968/study8/view1_frontal.jpg,Pneumonia,chexpert
train/patient30968/study6/view1_frontal.jpg,Pneumonia,chexpert
train/patient30970/study2/view1_frontal.jpg,Pneumonia,chexpert
train/patient30986/study11/view1_frontal.jpg,Pneumonia,chexpert
train/patient31025/study3/view1_frontal.jpg,Pneumonia,chexpert
train/patient31049/study1/view1_frontal.jpg,Pneumonia,chexpert
train/patient31054/study6/view1_frontal.jpg,Pneumonia,chexpert
train/patient31068/study4/view1_frontal.jpg,Pneumonia,chexpert
train/patient31072/study8/view1_frontal.jpg,Pneumonia,chexpert
train/patient31074/study8/view1_frontal.jpg,Pneumonia,chexpert
train/patient31074/study10/view1_frontal.jpg,Pneumonia,chexpert
train/patient31074/study13/view1_frontal.jpg,Pneumonia,chexpert
train/patient31081/study2/view1_frontal.jpg,Pneumonia,chexpert
train/patient31084/study1/view1_frontal.jpg,Pneumonia,chexpert
train/patient31093/study1/view1_frontal.jpg,Pneumonia,chexpert
train/patient31093/study2/view1_frontal.jpg,Pneumonia,chexpert
train/patient31103/study3/view1_frontal.jpg,Pneumonia,chexpert
train/patient31110/study1/view1_frontal.jpg,Pneumonia,chexpert
train/patient31122/study1/view1_frontal.jpg,Pneumonia,chexpert
train/patient31141/study2/view1_frontal.jpg,Pneumonia,chexpert
train/patient31149/study8/view1_frontal.jpg,Pneumonia,chexpert
train/patient31151/study8/view1_frontal.jpg,Pneumonia,chexpert
train/patient31155/study2/view1_frontal.jpg,Pneumonia,chexpert
train/patient31164/study2/view1_frontal.jpg,Pneumonia,chexpert
train/patient31176/study6/view1_frontal.jpg,Pneumonia,chexpert
train/patient31176/study7/view1_frontal.jpg,Pneumonia,chexpert
train/patient31176/study8/view1_frontal.jpg,Pneumonia,chexpert
train/patient31201/study1/view1_frontal.jpg,Pneumonia,chexpert
train/patient31201/study5/view1_frontal.jpg,Pneumonia,chexpert
train/patient31210/study2/view1_frontal.jpg,Pneumonia,chexpert
train/patient31256/study8/view1_frontal.jpg,Pneumonia,chexpert
train/patient31269/study1/view1_frontal.jpg,Pneumonia,chexpert
train/patient31279/study1/view1_frontal.jpg,Pneumonia,chexpert
train/patient31283/study1/view1_frontal.jpg,Pneumonia,chexpert
train/patient31289/study2/view1_frontal.jpg,Pneumonia,chexpert
train/patient31290/study1/view1_frontal.jpg,Pneumonia,chexpert
train/patient31293/study4/view1_frontal.jpg,Pneumonia,chexpert
train/patient31313/study15/view1_frontal.jpg,Pneumonia,chexpert
train/patient31369/study2/view1_frontal.jpg,Pneumonia,chexpert
train/patient31374/study1/view1_frontal.jpg,Pneumonia,chexpert
train/patient31380/study1/view1_frontal.jpg,Pneumonia,chexpert
train/patient31395/study1/view1_frontal.jpg,Pneumonia,chexpert
train/patient31406/study3/view1_frontal.jpg,Pneumonia,chexpert
train/patient31406/study1/view1_frontal.jpg,Pneumonia,chexpert
train/patient31417/study1/view1_frontal.jpg,Pneumonia,chexpert
train/patient31422/study5/view1_frontal.jpg,Pneumonia,chexpert
train/patient31428/study1/view1_frontal.jpg,Pneumonia,chexpert
train/patient31434/study1/view1_frontal.jpg,Pneumonia,chexpert
train/patient31472/study2/view1_frontal.jpg,Pneumonia,chexpert
train/patient31472/study4/view1_frontal.jpg,Pneumonia,chexpert
train/patient31480/study1/view1_frontal.jpg,Pneumonia,chexpert
train/patient31483/study4/view1_frontal.jpg,Pneumonia,chexpert
train/patient31486/study1/view1_frontal.jpg,Pneumonia,chexpert
train/patient31566/study4/view1_frontal.jpg,Pneumonia,chexpert
train/patient31572/study1/view1_frontal.jpg,Pneumonia,chexpert
train/patient31592/study5/view1_frontal.jpg,Pneumonia,chexpert
train/patient31610/study1/view1_frontal.jpg,Pneumonia,chexpert
train/patient31634/study5/view1_frontal.jpg,Pneumonia,chexpert
train/patient31634/study4/view1_frontal.jpg,Pneumonia,chexpert
train/patient31634/study6/view1_frontal.jpg,Pneumonia,chexpert
train/patient31645/study13/view1_frontal.jpg,Pneumonia,chexpert
train/patient31646/study2/view1_frontal.jpg,Pneumonia,chexpert
train/patient31667/study1/view1_frontal.jpg,Pneumonia,chexpert
train/patient31673/study7/view1_frontal.jpg,Pneumonia,chexpert
train/patient31682/study3/view1_frontal.jpg,Pneumonia,chexpert
train/patient31716/study6/view1_frontal.jpg,Pneumonia,chexpert
train/patient31717/study1/view1_frontal.jpg,Pneumonia,chexpert
train/patient31727/study2/view1_frontal.jpg,Pneumonia,chexpert
train/patient31727/study3/view1_frontal.jpg,Pneumonia,chexpert
train/patient31733/study1/view1_frontal.jpg,Pneumonia,chexpert
train/patient31739/study2/view1_frontal.jpg,Pneumonia,chexpert
train/patient31771/study3/view1_frontal.jpg,Pneumonia,chexpert
train/patient31805/study1/view1_frontal.jpg,Pneumonia,chexpert
train/patient31818/study1/view1_frontal.jpg,Pneumonia,chexpert
train/patient31860/study2/view1_frontal.jpg,Pneumonia,chexpert
train/patient31870/study1/view1_frontal.jpg,Pneumonia,chexpert
train/patient31899/study2/view1_frontal.jpg,Pneumonia,chexpert
train/patient31903/study1/view1_frontal.jpg,Pneumonia,chexpert
train/patient31921/study5/view1_frontal.jpg,Pneumonia,chexpert
train/patient31921/study8/view1_frontal.jpg,Pneumonia,chexpert
train/patient31936/study1/view1_frontal.jpg,Pneumonia,chexpert
train/patient31947/study3/view1_frontal.jpg,Pneumonia,chexpert
train/patient31968/study4/view1_frontal.jpg,Pneumonia,chexpert
train/patient31968/study3/view1_frontal.jpg,Pneumonia,chexpert
train/patient31980/study1/view1_frontal.jpg,Pneumonia,chexpert
train/patient31994/study5/view1_frontal.jpg,Pneumonia,chexpert
train/patient31994/study2/view1_frontal.jpg,Pneumonia,chexpert
train/patient31997/study1/view1_frontal.jpg,Pneumonia,chexpert
train/patient31997/study2/view1_frontal.jpg,Pneumonia,chexpert
train/patient31997/study3/view1_frontal.jpg,Pneumonia,chexpert
train/patient32014/study3/view1_frontal.jpg,Pneumonia,chexpert
train/patient32014/study13/view1_frontal.jpg,Pneumonia,chexpert
train/patient32016/study4/view1_frontal.jpg,Pneumonia,chexpert
train/patient32023/study3/view1_frontal.jpg,Pneumonia,chexpert
train/patient32055/study2/view1_frontal.jpg,Pneumonia,chexpert
train/patient32068/study4/view1_frontal.jpg,Pneumonia,chexpert
train/patient32086/study2/view1_frontal.jpg,Pneumonia,chexpert
train/patient32092/study2/view1_frontal.jpg,Pneumonia,chexpert
train/patient32094/study6/view1_frontal.jpg,Pneumonia,chexpert
train/patient32139/study1/view1_frontal.jpg,Pneumonia,chexpert
train/patient32141/study12/view1_frontal.jpg,Pneumonia,chexpert
train/patient32142/study1/view1_frontal.jpg,Pneumonia,chexpert
train/patient32155/study1/view1_frontal.jpg,Pneumonia,chexpert
train/patient32156/study1/view1_frontal.jpg,Pneumonia,chexpert
train/patient32163/study2/view1_frontal.jpg,Pneumonia,chexpert
train/patient32165/study2/view1_frontal.jpg,Pneumonia,chexpert
train/patient32165/study2/view2_frontal.jpg,Pneumonia,chexpert
train/patient32178/study2/view1_frontal.jpg,Pneumonia,chexpert
train/patient32197/study26/view1_frontal.jpg,Pneumonia,chexpert
train/patient32197/study37/view1_frontal.jpg,Pneumonia,chexpert
train/patient32205/study14/view1_frontal.jpg,Pneumonia,chexpert
train/patient32205/study13/view1_frontal.jpg,Pneumonia,chexpert
train/patient32214/study3/view1_frontal.jpg,Pneumonia,chexpert
train/patient32299/study1/view1_frontal.jpg,Pneumonia,chexpert
train/patient32306/study7/view1_frontal.jpg,Pneumonia,chexpert
train/patient32322/study2/view1_frontal.jpg,Pneumonia,chexpert
train/patient32322/study3/view1_frontal.jpg,Pneumonia,chexpert
train/patient32333/study1/view1_frontal.jpg,Pneumonia,chexpert
train/patient32366/study5/view1_frontal.jpg,Pneumonia,chexpert
train/patient32369/study2/view1_frontal.jpg,Pneumonia,chexpert
train/patient32373/study4/view1_frontal.jpg,Pneumonia,chexpert
train/patient32399/study1/view1_frontal.jpg,Pneumonia,chexpert
train/patient32402/study2/view1_frontal.jpg,Pneumonia,chexpert
train/patient32423/study1/view1_frontal.jpg,Pneumonia,chexpert
train/patient32424/study1/view1_frontal.jpg,Pneumonia,chexpert
train/patient32441/study5/view1_frontal.jpg,Pneumonia,chexpert
train/patient32458/study2/view1_frontal.jpg,Pneumonia,chexpert
train/patient32500/study11/view1_frontal.jpg,Pneumonia,chexpert
train/patient32501/study19/view1_frontal.jpg,Pneumonia,chexpert
train/patient32504/study2/view1_frontal.jpg,Pneumonia,chexpert
train/patient32509/study2/view1_frontal.jpg,Pneumonia,chexpert
train/patient32584/study10/view1_frontal.jpg,Pneumonia,chexpert
train/patient32595/study14/view1_frontal.jpg,Pneumonia,chexpert
train/patient32603/study16/view1_frontal.jpg,Pneumonia,chexpert
train/patient32604/study9/view1_frontal.jpg,Pneumonia,chexpert
train/patient32616/study10/view1_frontal.jpg,Pneumonia,chexpert
train/patient32616/study8/view1_frontal.jpg,Pneumonia,chexpert
train/patient32616/study9/view1_frontal.jpg,Pneumonia,chexpert
train/patient32618/study1/view1_frontal.jpg,Pneumonia,chexpert
train/patient32634/study6/view1_frontal.jpg,Pneumonia,chexpert
train/patient32661/study3/view1_frontal.jpg,Pneumonia,chexpert
train/patient32668/study1/view1_frontal.jpg,Pneumonia,chexpert
train/patient32670/study4/view1_frontal.jpg,Pneumonia,chexpert
train/patient32670/study4/view2_frontal.jpg,Pneumonia,chexpert
train/patient32684/study1/view1_frontal.jpg,Pneumonia,chexpert
train/patient32706/study6/view1_frontal.jpg,Pneumonia,chexpert
train/patient32713/study1/view1_frontal.jpg,Pneumonia,chexpert
train/patient32718/study2/view1_frontal.jpg,Pneumonia,chexpert
train/patient32729/study1/view1_frontal.jpg,Pneumonia,chexpert
train/patient32750/study4/view1_frontal.jpg,Pneumonia,chexpert
train/patient32755/study4/view1_frontal.jpg,Pneumonia,chexpert
train/patient32755/study3/view1_frontal.jpg,Pneumonia,chexpert
train/patient32786/study8/view1_frontal.jpg,Pneumonia,chexpert
train/patient32792/study1/view1_frontal.jpg,Pneumonia,chexpert
train/patient32794/study2/view1_frontal.jpg,Pneumonia,chexpert
train/patient32796/study18/view1_frontal.jpg,Pneumonia,chexpert
train/patient32802/study1/view1_frontal.jpg,Pneumonia,chexpert
train/patient32805/study2/view1_frontal.jpg,Pneumonia,chexpert
train/patient32805/study1/view1_frontal.jpg,Pneumonia,chexpert
train/patient32815/study35/view1_frontal.jpg,Pneumonia,chexpert
train/patient32828/study1/view1_frontal.jpg,Pneumonia,chexpert
train/patient32876/study1/view1_frontal.jpg,Pneumonia,chexpert
train/patient32952/study1/view1_frontal.jpg,Pneumonia,chexpert
train/patient32973/study1/view1_frontal.jpg,Pneumonia,chexpert
train/patient32986/study1/view1_frontal.jpg,Pneumonia,chexpert
train/patient33042/study2/view1_frontal.jpg,Pneumonia,chexpert
train/patient33049/study1/view1_frontal.jpg,Pneumonia,chexpert
train/patient33065/study5/view1_frontal.jpg,Pneumonia,chexpert
train/patient33081/study5/view1_frontal.jpg,Pneumonia,chexpert
train/patient33082/study1/view1_frontal.jpg,Pneumonia,chexpert
train/patient33091/study1/view1_frontal.jpg,Pneumonia,chexpert
train/patient33143/study6/view1_frontal.jpg,Pneumonia,chexpert
train/patient33155/study75/view1_frontal.jpg,Pneumonia,chexpert
train/patient33155/study76/view1_frontal.jpg,Pneumonia,chexpert
train/patient33181/study1/view1_frontal.jpg,Pneumonia,chexpert
train/patient33204/study1/view1_frontal.jpg,Pneumonia,chexpert
train/patient33207/study1/view1_frontal.jpg,Pneumonia,chexpert
train/patient33214/study1/view1_frontal.jpg,Pneumonia,chexpert
train/patient33233/study1/view1_frontal.jpg,Pneumonia,chexpert
train/patient33251/study6/view1_frontal.jpg,Pneumonia,chexpert
train/patient33252/study2/view1_frontal.jpg,Pneumonia,chexpert
train/patient33283/study1/view1_frontal.jpg,Pneumonia,chexpert
train/patient33292/study1/view1_frontal.jpg,Pneumonia,chexpert
train/patient33301/study2/view1_frontal.jpg,Pneumonia,chexpert
train/patient33304/study1/view1_frontal.jpg,Pneumonia,chexpert
train/patient33304/study1/view2_frontal.jpg,Pneumonia,chexpert
train/patient33318/study2/view1_frontal.jpg,Pneumonia,chexpert
train/patient33325/study2/view1_frontal.jpg,Pneumonia,chexpert
train/patient33326/study10/view1_frontal.jpg,Pneumonia,chexpert
train/patient33336/study1/view1_frontal.jpg,Pneumonia,chexpert
train/patient33357/study1/view1_frontal.jpg,Pneumonia,chexpert
train/patient33372/study1/view1_frontal.jpg,Pneumonia,chexpert
train/patient33373/study1/view1_frontal.jpg,Pneumonia,chexpert
train/patient33374/study3/view1_frontal.jpg,Pneumonia,chexpert
train/patient33409/study1/view1_frontal.jpg,Pneumonia,chexpert
train/patient33442/study2/view1_frontal.jpg,Pneumonia,chexpert
train/patient33445/study1/view1_frontal.jpg,Pneumonia,chexpert
train/patient33454/study2/view1_frontal.jpg,Pneumonia,chexpert
train/patient33462/study1/view1_frontal.jpg,Pneumonia,chexpert
train/patient33475/study2/view1_frontal.jpg,Pneumonia,chexpert
train/patient33479/study14/view1_frontal.jpg,Pneumonia,chexpert
train/patient33479/study10/view1_frontal.jpg,Pneumonia,chexpert
train/patient33489/study1/view1_frontal.jpg,Pneumonia,chexpert
train/patient33490/study1/view1_frontal.jpg,Pneumonia,chexpert
train/patient33514/study3/view1_frontal.jpg,Pneumonia,chexpert
train/patient33552/study1/view1_frontal.jpg,Pneumonia,chexpert
train/patient33556/study3/view1_frontal.jpg,Pneumonia,chexpert
train/patient33564/study1/view1_frontal.jpg,Pneumonia,chexpert
train/patient33582/study1/view1_frontal.jpg,Pneumonia,chexpert
train/patient33588/study3/view1_frontal.jpg,Pneumonia,chexpert
train/patient33588/study2/view1_frontal.jpg,Pneumonia,chexpert
train/patient33592/study1/view1_frontal.jpg,Pneumonia,chexpert
train/patient33592/study2/view1_frontal.jpg,Pneumonia,chexpert
train/patient33595/study1/view1_frontal.jpg,Pneumonia,chexpert
train/patient33606/study1/view1_frontal.jpg,Pneumonia,chexpert
train/patient33624/study1/view1_frontal.jpg,Pneumonia,chexpert
train/patient33627/study1/view1_frontal.jpg,Pneumonia,chexpert
train/patient33627/study1/view2_frontal.jpg,Pneumonia,chexpert
train/patient33637/study8/view1_frontal.jpg,Pneumonia,chexpert
train/patient33642/study4/view1_frontal.jpg,Pneumonia,chexpert
train/patient33650/study1/view1_frontal.jpg,Pneumonia,chexpert
train/patient33654/study3/view1_frontal.jpg,Pneumonia,chexpert
train/patient33660/study2/view1_frontal.jpg,Pneumonia,chexpert
train/patient33660/study3/view1_frontal.jpg,Pneumonia,chexpert
train/patient33662/study2/view1_frontal.jpg,Pneumonia,chexpert
train/patient33662/study2/view2_frontal.jpg,Pneumonia,chexpert
train/patient33662/study3/view1_frontal.jpg,Pneumonia,chexpert
train/patient33673/study1/view1_frontal.jpg,Pneumonia,chexpert
train/patient33683/study13/view1_frontal.jpg,Pneumonia,chexpert
train/patient33684/study2/view1_frontal.jpg,Pneumonia,chexpert
train/patient33685/study1/view1_frontal.jpg,Pneumonia,chexpert
train/patient33693/study4/view1_frontal.jpg,Pneumonia,chexpert
train/patient33693/study2/view1_frontal.jpg,Pneumonia,chexpert
train/patient33694/study8/view1_frontal.jpg,Pneumonia,chexpert
train/patient33699/study1/view1_frontal.jpg,Pneumonia,chexpert
train/patient33705/study1/view1_frontal.jpg,Pneumonia,chexpert
train/patient33738/study1/view1_frontal.jpg,Pneumonia,chexpert
train/patient33753/study2/view1_frontal.jpg,Pneumonia,chexpert
train/patient33767/study1/view1_frontal.jpg,Pneumonia,chexpert
train/patient33769/study1/view1_frontal.jpg,Pneumonia,chexpert
train/patient33795/study1/view1_frontal.jpg,Pneumonia,chexpert
train/patient33837/study2/view1_frontal.jpg,Pneumonia,chexpert
train/patient33853/study1/view1_frontal.jpg,Pneumonia,chexpert
train/patient33864/study1/view1_frontal.jpg,Pneumonia,chexpert
train/patient33875/study3/view1_frontal.jpg,Pneumonia,chexpert
train/patient33875/study2/view1_frontal.jpg,Pneumonia,chexpert
train/patient33879/study1/view1_frontal.jpg,Pneumonia,chexpert
train/patient33890/study1/view1_frontal.jpg,Pneumonia,chexpert
train/patient33894/study19/view1_frontal.jpg,Pneumonia,chexpert
train/patient33900/study1/view1_frontal.jpg,Pneumonia,chexpert
train/patient33909/study1/view1_frontal.jpg,Pneumonia,chexpert
train/patient33914/study2/view1_frontal.jpg,Pneumonia,chexpert
train/patient33929/study3/view1_frontal.jpg,Pneumonia,chexpert
train/patient33930/study1/view1_frontal.jpg,Pneumonia,chexpert
train/patient33933/study2/view1_frontal.jpg,Pneumonia,chexpert
train/patient33944/study1/view1_frontal.jpg,Pneumonia,chexpert
train/patient33954/study4/view1_frontal.jpg,Pneumonia,chexpert
train/patient33959/study1/view1_frontal.jpg,Pneumonia,chexpert
train/patient33962/study5/view1_frontal.jpg,Pneumonia,chexpert
train/patient33968/study1/view1_frontal.jpg,Pneumonia,chexpert
train/patient33968/study2/view1_frontal.jpg,Pneumonia,chexpert
train/patient33970/study2/view1_frontal.jpg,Pneumonia,chexpert
train/patient33985/study1/view1_frontal.jpg,Pneumonia,chexpert
train/patient34015/study1/view1_frontal.jpg,Pneumonia,chexpert
train/patient34030/study1/view1_frontal.jpg,Pneumonia,chexpert
train/patient34043/study5/view1_frontal.jpg,Pneumonia,chexpert
train/patient34062/study1/view1_frontal.jpg,Pneumonia,chexpert
train/patient34074/study1/view1_frontal.jpg,Pneumonia,chexpert
train/patient34077/study2/view1_frontal.jpg,Pneumonia,chexpert
train/patient34108/study1/view1_frontal.jpg,Pneumonia,chexpert
train/patient34119/study1/view1_frontal.jpg,Pneumonia,chexpert
train/patient34125/study1/view1_frontal.jpg,Pneumonia,chexpert
train/patient34140/study1/view1_frontal.jpg,Pneumonia,chexpert
train/patient34157/study4/view1_frontal.jpg,Pneumonia,chexpert
train/patient34164/study2/view1_frontal.jpg,Pneumonia,chexpert
train/patient34178/study1/view1_frontal.jpg,Pneumonia,chexpert
train/patient34190/study1/view1_frontal.jpg,Pneumonia,chexpert
train/patient34210/study6/view1_frontal.jpg,Pneumonia,chexpert
train/patient34220/study1/view1_frontal.jpg,Pneumonia,chexpert
train/patient34225/study3/view1_frontal.jpg,Pneumonia,chexpert
train/patient34225/study2/view1_frontal.jpg,Pneumonia,chexpert
train/patient34244/study1/view1_frontal.jpg,Pneumonia,chexpert
train/patient34267/study1/view1_frontal.jpg,Pneumonia,chexpert
train/patient34295/study16/view1_frontal.jpg,Pneumonia,chexpert
train/patient34301/study2/view1_frontal.jpg,Pneumonia,chexpert
train/patient34314/study4/view1_frontal.jpg,Pneumonia,chexpert
train/patient34314/study5/view1_frontal.jpg,Pneumonia,chexpert
train/patient34314/study6/view1_frontal.jpg,Pneumonia,chexpert
train/patient34322/study22/view1_frontal.jpg,Pneumonia,chexpert
train/patient34322/study20/view1_frontal.jpg,Pneumonia,chexpert
train/patient34340/study1/view1_frontal.jpg,Pneumonia,chexpert
train/patient34345/study4/view1_frontal.jpg,Pneumonia,chexpert
train/patient34380/study15/view1_frontal.jpg,Pneumonia,chexpert
train/patient34385/study1/view1_frontal.jpg,Pneumonia,chexpert
train/patient34390/study1/view1_frontal.jpg,Pneumonia,chexpert
train/patient34396/study15/view1_frontal.jpg,Pneumonia,chexpert
train/patient34420/study7/view1_frontal.jpg,Pneumonia,chexpert
train/patient34426/study3/view1_frontal.jpg,Pneumonia,chexpert
train/patient34431/study1/view1_frontal.jpg,Pneumonia,chexpert
train/patient34433/study2/view1_frontal.jpg,Pneumonia,chexpert
train/patient34434/study2/view1_frontal.jpg,Pneumonia,chexpert
train/patient34434/study2/view2_frontal.jpg,Pneumonia,chexpert
train/patient34434/study3/view1_frontal.jpg,Pneumonia,chexpert
train/patient34434/study4/view1_frontal.jpg,Pneumonia,chexpert
train/patient34450/study2/view1_frontal.jpg,Pneumonia,chexpert
train/patient34471/study2/view1_frontal.jpg,Pneumonia,chexpert
train/patient34487/study13/view1_frontal.jpg,Pneumonia,chexpert
train/patient34487/study12/view1_frontal.jpg,Pneumonia,chexpert
train/patient34487/study11/view1_frontal.jpg,Pneumonia,chexpert
train/patient34487/study14/view1_frontal.jpg,Pneumonia,chexpert
train/patient34502/study6/view1_frontal.jpg,Pneumonia,chexpert
train/patient34512/study10/view1_frontal.jpg,Pneumonia,chexpert
train/patient34523/study1/view1_frontal.jpg,Pneumonia,chexpert
train/patient34526/study13/view1_frontal.jpg,Pneumonia,chexpert
train/patient34526/study3/view1_frontal.jpg,Pneumonia,chexpert
train/patient34537/study2/view1_frontal.jpg,Pneumonia,chexpert
train/patient34562/study5/view1_frontal.jpg,Pneumonia,chexpert
train/patient34598/study1/view1_frontal.jpg,Pneumonia,chexpert
train/patient34623/study23/view1_frontal.jpg,Pneumonia,chexpert
train/patient34646/study2/view1_frontal.jpg,Pneumonia,chexpert
train/patient34669/study3/view1_frontal.jpg,Pneumonia,chexpert
train/patient34672/study3/view1_frontal.jpg,Pneumonia,chexpert
train/patient34676/study4/view1_frontal.jpg,Pneumonia,chexpert
train/patient34694/study3/view1_frontal.jpg,Pneumonia,chexpert
train/patient34712/study20/view1_frontal.jpg,Pneumonia,chexpert
train/patient34714/study1/view1_frontal.jpg,Pneumonia,chexpert
train/patient34742/study6/view1_frontal.jpg,Pneumonia,chexpert
train/patient34742/study7/view1_frontal.jpg,Pneumonia,chexpert
train/patient34745/study2/view1_frontal.jpg,Pneumonia,chexpert
train/patient34766/study1/view1_frontal.jpg,Pneumonia,chexpert
train/patient34772/study1/view1_frontal.jpg,Pneumonia,chexpert
train/patient34786/study21/view1_frontal.jpg,Pneumonia,chexpert
train/patient34796/study4/view1_frontal.jpg,Pneumonia,chexpert
train/patient34811/study3/view1_frontal.jpg,Pneumonia,chexpert
train/patient34811/study4/view1_frontal.jpg,Pneumonia,chexpert
train/patient34811/study5/view1_frontal.jpg,Pneumonia,chexpert
train/patient34813/study7/view1_frontal.jpg,Pneumonia,chexpert
train/patient34829/study1/view1_frontal.jpg,Pneumonia,chexpert
train/patient34876/study2/view1_frontal.jpg,Pneumonia,chexpert
train/patient34876/study2/view2_frontal.jpg,Pneumonia,chexpert
train/patient34888/study1/view1_frontal.jpg,Pneumonia,chexpert
train/patient34889/study1/view1_frontal.jpg,Pneumonia,chexpert
train/patient34897/study10/view1_frontal.jpg,Pneumonia,chexpert
train/patient34897/study11/view1_frontal.jpg,Pneumonia,chexpert
train/patient34903/study7/view1_frontal.jpg,Pneumonia,chexpert
train/patient34908/study15/view1_frontal.jpg,Pneumonia,chexpert
train/patient34912/study13/view1_frontal.jpg,Pneumonia,chexpert
train/patient34919/study11/view1_frontal.jpg,Pneumonia,chexpert
train/patient34922/study1/view1_frontal.jpg,Pneumonia,chexpert
train/patient34931/study2/view1_frontal.jpg,Pneumonia,chexpert
train/patient34967/study3/view1_frontal.jpg,Pneumonia,chexpert
train/patient34967/study9/view1_frontal.jpg,Pneumonia,chexpert
train/patient34975/study7/view1_frontal.jpg,Pneumonia,chexpert
train/patient34988/study1/view1_frontal.jpg,Pneumonia,chexpert
train/patient34991/study18/view1_frontal.jpg,Pneumonia,chexpert
train/patient34992/study12/view1_frontal.jpg,Pneumonia,chexpert
train/patient35007/study2/view1_frontal.jpg,Pneumonia,chexpert
train/patient35033/study7/view1_frontal.jpg,Pneumonia,chexpert
train/patient35033/study8/view1_frontal.jpg,Pneumonia,chexpert
train/patient35033/study6/view1_frontal.jpg,Pneumonia,chexpert
train/patient35042/study1/view1_frontal.jpg,Pneumonia,chexpert
train/patient35043/study2/view1_frontal.jpg,Pneumonia,chexpert
train/patient35055/study11/view1_frontal.jpg,Pneumonia,chexpert
train/patient35055/study3/view1_frontal.jpg,Pneumonia,chexpert
train/patient35066/study1/view1_frontal.jpg,Pneumonia,chexpert
train/patient35073/study1/view1_frontal.jpg,Pneumonia,chexpert
train/patient35082/study12/view1_frontal.jpg,Pneumonia,chexpert
train/patient35086/study7/view1_frontal.jpg,Pneumonia,chexpert
train/patient35099/study14/view1_frontal.jpg,Pneumonia,chexpert
train/patient35128/study14/view1_frontal.jpg,Pneumonia,chexpert
train/patient35128/study8/view1_frontal.jpg,Pneumonia,chexpert
train/patient35167/study1/view1_frontal.jpg,Pneumonia,chexpert
train/patient35200/study7/view1_frontal.jpg,Pneumonia,chexpert
train/patient35209/study4/view1_frontal.jpg,Pneumonia,chexpert
train/patient35222/study9/view1_frontal.jpg,Pneumonia,chexpert
train/patient35222/study6/view1_frontal.jpg,Pneumonia,chexpert
train/patient35255/study7/view1_frontal.jpg,Pneumonia,chexpert
train/patient35259/study1/view1_frontal.jpg,Pneumonia,chexpert
train/patient35274/study2/view1_frontal.jpg,Pneumonia,chexpert
train/patient35274/study1/view1_frontal.jpg,Pneumonia,chexpert
train/patient35297/study15/view1_frontal.jpg,Pneumonia,chexpert
train/patient35317/study1/view1_frontal.jpg,Pneumonia,chexpert
train/patient35317/study2/view1_frontal.jpg,Pneumonia,chexpert
train/patient35331/study4/view1_frontal.jpg,Pneumonia,chexpert
train/patient35331/study7/view1_frontal.jpg,Pneumonia,chexpert
train/patient35337/study16/view1_frontal.jpg,Pneumonia,chexpert
train/patient35337/study16/view2_frontal.jpg,Pneumonia,chexpert
train/patient35348/study1/view1_frontal.jpg,Pneumonia,chexpert
train/patient35348/study12/view1_frontal.jpg,Pneumonia,chexpert
train/patient35348/study3/view1_frontal.jpg,Pneumonia,chexpert
train/patient35348/study11/view1_frontal.jpg,Pneumonia,chexpert
train/patient35348/study6/view1_frontal.jpg,Pneumonia,chexpert
train/patient35348/study4/view1_frontal.jpg,Pneumonia,chexpert
train/patient35375/study3/view1_frontal.jpg,Pneumonia,chexpert
train/patient35411/study15/view1_frontal.jpg,Pneumonia,chexpert
train/patient35411/study14/view1_frontal.jpg,Pneumonia,chexpert
train/patient35412/study4/view1_frontal.jpg,Pneumonia,chexpert
train/patient35420/study4/view1_frontal.jpg,Pneumonia,chexpert
train/patient35426/study1/view1_frontal.jpg,Pneumonia,chexpert
train/patient35431/study3/view1_frontal.jpg,Pneumonia,chexpert
train/patient35433/study2/view1_frontal.jpg,Pneumonia,chexpert
train/patient35439/study25/view1_frontal.jpg,Pneumonia,chexpert
train/patient35449/study2/view1_frontal.jpg,Pneumonia,chexpert
train/patient35459/study35/view1_frontal.jpg,Pneumonia,chexpert
train/patient35464/study5/view1_frontal.jpg,Pneumonia,chexpert
train/patient35481/study1/view1_frontal.jpg,Pneumonia,chexpert
train/patient35488/study12/view1_frontal.jpg,Pneumonia,chexpert
train/patient35488/study8/view1_frontal.jpg,Pneumonia,chexpert
train/patient35488/study23/view1_frontal.jpg,Pneumonia,chexpert
train/patient35497/study4/view1_frontal.jpg,Pneumonia,chexpert
train/patient35512/study26/view1_frontal.jpg,Pneumonia,chexpert
train/patient35522/study2/view1_frontal.jpg,Pneumonia,chexpert
train/patient35561/study2/view1_frontal.jpg,Pneumonia,chexpert
train/patient35561/study3/view1_frontal.jpg,Pneumonia,chexpert
train/patient35587/study8/view1_frontal.jpg,Pneumonia,chexpert
train/patient35588/study1/view1_frontal.jpg,Pneumonia,chexpert
train/patient35611/study2/view1_frontal.jpg,Pneumonia,chexpert
train/patient35611/study13/view1_frontal.jpg,Pneumonia,chexpert
train/patient35611/study1/view1_frontal.jpg,Pneumonia,chexpert
train/patient35615/study7/view1_frontal.jpg,Pneumonia,chexpert
train/patient35624/study4/view1_frontal.jpg,Pneumonia,chexpert
train/patient35645/study2/view1_frontal.jpg,Pneumonia,chexpert
train/patient35646/study2/view1_frontal.jpg,Pneumonia,chexpert
train/patient35651/study1/view1_frontal.jpg,Pneumonia,chexpert
train/patient35655/study3/view1_frontal.jpg,Pneumonia,chexpert
train/patient35684/study2/view1_frontal.jpg,Pneumonia,chexpert
train/patient35688/study2/view1_frontal.jpg,Pneumonia,chexpert
train/patient35691/study1/view1_frontal.jpg,Pneumonia,chexpert
train/patient35714/study6/view1_frontal.jpg,Pneumonia,chexpert
train/patient35715/study1/view1_frontal.jpg,Pneumonia,chexpert
train/patient35716/study1/view1_frontal.jpg,Pneumonia,chexpert
train/patient35737/study9/view1_frontal.jpg,Pneumonia,chexpert
train/patient35737/study9/view2_frontal.jpg,Pneumonia,chexpert
train/patient35737/study8/view1_frontal.jpg,Pneumonia,chexpert
train/patient35742/study2/view1_frontal.jpg,Pneumonia,chexpert
train/patient35744/study2/view1_frontal.jpg,Pneumonia,chexpert
train/patient35750/study15/view1_frontal.jpg,Pneumonia,chexpert
train/patient35753/study9/view1_frontal.jpg,Pneumonia,chexpert
train/patient35760/study3/view1_frontal.jpg,Pneumonia,chexpert
train/patient35762/study7/view1_frontal.jpg,Pneumonia,chexpert
train/patient35764/study24/view1_frontal.jpg,Pneumonia,chexpert
train/patient35805/study7/view1_frontal.jpg,Pneumonia,chexpert
train/patient35813/study4/view1_frontal.jpg,Pneumonia,chexpert
train/patient35824/study1/view1_frontal.jpg,Pneumonia,chexpert
train/patient35845/study1/view1_frontal.jpg,Pneumonia,chexpert
train/patient35852/study8/view1_frontal.jpg,Pneumonia,chexpert
train/patient35854/study12/view1_frontal.jpg,Pneumonia,chexpert
train/patient35854/study8/view1_frontal.jpg,Pneumonia,chexpert
train/patient35869/study19/view1_frontal.jpg,Pneumonia,chexpert
train/patient35869/study10/view1_frontal.jpg,Pneumonia,chexpert
train/patient35869/study16/view1_frontal.jpg,Pneumonia,chexpert
train/patient35882/study7/view1_frontal.jpg,Pneumonia,chexpert
train/patient35885/study10/view1_frontal.jpg,Pneumonia,chexpert
train/patient35908/study7/view1_frontal.jpg,Pneumonia,chexpert
train/patient35909/study1/view1_frontal.jpg,Pneumonia,chexpert
train/patient35916/study6/view1_frontal.jpg,Pneumonia,chexpert
train/patient35924/study2/view1_frontal.jpg,Pneumonia,chexpert
train/patient35950/study1/view1_frontal.jpg,Pneumonia,chexpert
train/patient35950/study2/view1_frontal.jpg,Pneumonia,chexpert
train/patient35956/study16/view1_frontal.jpg,Pneumonia,chexpert
train/patient35957/study6/view1_frontal.jpg,Pneumonia,chexpert
train/patient35974/study12/view1_frontal.jpg,Pneumonia,chexpert
train/patient35974/study5/view1_frontal.jpg,Pneumonia,chexpert
train/patient35974/study11/view1_frontal.jpg,Pneumonia,chexpert
train/patient35974/study2/view1_frontal.jpg,Pneumonia,chexpert
train/patient35974/study6/view1_frontal.jpg,Pneumonia,chexpert
train/patient35977/study8/view1_frontal.jpg,Pneumonia,chexpert
train/patient35980/study5/view1_frontal.jpg,Pneumonia,chexpert
train/patient35980/study4/view1_frontal.jpg,Pneumonia,chexpert
train/patient35994/study1/view1_frontal.jpg,Pneumonia,chexpert
train/patient36025/study2/view1_frontal.jpg,Pneumonia,chexpert
train/patient36025/study1/view1_frontal.jpg,Pneumonia,chexpert
train/patient36028/study24/view1_frontal.jpg,Pneumonia,chexpert
train/patient36028/study14/view1_frontal.jpg,Pneumonia,chexpert
train/patient36028/study13/view1_frontal.jpg,Pneumonia,chexpert
train/patient36028/study25/view1_frontal.jpg,Pneumonia,chexpert
train/patient36047/study2/view1_frontal.jpg,Pneumonia,chexpert
train/patient36052/study1/view1_frontal.jpg,Pneumonia,chexpert
train/patient36082/study6/view1_frontal.jpg,Pneumonia,chexpert
train/patient36082/study5/view1_frontal.jpg,Pneumonia,chexpert
train/patient36083/study7/view1_frontal.jpg,Pneumonia,chexpert
train/patient36122/study44/view1_frontal.jpg,Pneumonia,chexpert
train/patient36128/study14/view1_frontal.jpg,Pneumonia,chexpert
train/patient36128/study6/view1_frontal.jpg,Pneumonia,chexpert
train/patient36139/study1/view1_frontal.jpg,Pneumonia,chexpert
train/patient36149/study1/view1_frontal.jpg,Pneumonia,chexpert
train/patient36151/study6/view1_frontal.jpg,Pneumonia,chexpert
train/patient36164/study1/view1_frontal.jpg,Pneumonia,chexpert
train/patient36169/study2/view1_frontal.jpg,Pneumonia,chexpert
train/patient36192/study2/view1_frontal.jpg,Pneumonia,chexpert
train/patient36197/study6/view1_frontal.jpg,Pneumonia,chexpert
train/patient36210/study1/view1_frontal.jpg,Pneumonia,chexpert
train/patient36229/study12/view1_frontal.jpg,Pneumonia,chexpert
train/patient36229/study8/view1_frontal.jpg,Pneumonia,chexpert
train/patient36229/study11/view1_frontal.jpg,Pneumonia,chexpert
train/patient36248/study5/view1_frontal.jpg,Pneumonia,chexpert
train/patient36266/study3/view1_frontal.jpg,Pneumonia,chexpert
train/patient36298/study8/view1_frontal.jpg,Pneumonia,chexpert
train/patient36302/study8/view1_frontal.jpg,Pneumonia,chexpert
train/patient36329/study2/view1_frontal.jpg,Pneumonia,chexpert
train/patient36337/study17/view1_frontal.jpg,Pneumonia,chexpert
train/patient36337/study3/view1_frontal.jpg,Pneumonia,chexpert
train/patient36352/study29/view1_frontal.jpg,Pneumonia,chexpert
train/patient36372/study2/view1_frontal.jpg,Pneumonia,chexpert
train/patient36402/study20/view1_frontal.jpg,Pneumonia,chexpert
train/patient36405/study3/view1_frontal.jpg,Pneumonia,chexpert
train/patient36406/study1/view1_frontal.jpg,Pneumonia,chexpert
train/patient36406/study2/view1_frontal.jpg,Pneumonia,chexpert
train/patient36458/study7/view1_frontal.jpg,Pneumonia,chexpert
train/patient36466/study2/view1_frontal.jpg,Pneumonia,chexpert
train/patient36475/study4/view1_frontal.jpg,Pneumonia,chexpert
train/patient36489/study2/view1_frontal.jpg,Pneumonia,chexpert
train/patient36492/study3/view1_frontal.jpg,Pneumonia,chexpert
train/patient36496/study2/view1_frontal.jpg,Pneumonia,chexpert
train/patient36503/study3/view1_frontal.jpg,Pneumonia,chexpert
train/patient36503/study4/view1_frontal.jpg,Pneumonia,chexpert
train/patient36506/study1/view1_frontal.jpg,Pneumonia,chexpert
train/patient36508/study3/view1_frontal.jpg,Pneumonia,chexpert
train/patient36508/study1/view1_frontal.jpg,Pneumonia,chexpert
train/patient36526/study6/view1_frontal.jpg,Pneumonia,chexpert
train/patient36526/study10/view1_frontal.jpg,Pneumonia,chexpert
train/patient36543/study3/view1_frontal.jpg,Pneumonia,chexpert
train/patient36567/study1/view1_frontal.jpg,Pneumonia,chexpert
train/patient36567/study1/view2_frontal.jpg,Pneumonia,chexpert
train/patient36569/study1/view1_frontal.jpg,Pneumonia,chexpert
train/patient36601/study1/view1_frontal.jpg,Pneumonia,chexpert
train/patient36622/study8/view1_frontal.jpg,Pneumonia,chexpert
train/patient36624/study12/view1_frontal.jpg,Pneumonia,chexpert
train/patient36624/study11/view1_frontal.jpg,Pneumonia,chexpert
train/patient36625/study10/view1_frontal.jpg,Pneumonia,chexpert
train/patient36625/study2/view1_frontal.jpg,Pneumonia,chexpert
train/patient36628/study5/view1_frontal.jpg,Pneumonia,chexpert
train/patient36633/study4/view1_frontal.jpg,Pneumonia,chexpert
train/patient36633/study5/view1_frontal.jpg,Pneumonia,chexpert
train/patient36651/study11/view1_frontal.jpg,Pneumonia,chexpert
train/patient36663/study3/view1_frontal.jpg,Pneumonia,chexpert
train/patient36665/study2/view1_frontal.jpg,Pneumonia,chexpert
train/patient36674/study2/view1_frontal.jpg,Pneumonia,chexpert
train/patient36678/study2/view1_frontal.jpg,Pneumonia,chexpert
train/patient36688/study5/view1_frontal.jpg,Pneumonia,chexpert
train/patient36691/study6/view1_frontal.jpg,Pneumonia,chexpert
train/patient36691/study9/view1_frontal.jpg,Pneumonia,chexpert
train/patient36708/study7/view1_frontal.jpg,Pneumonia,chexpert
train/patient36725/study10/view1_frontal.jpg,Pneumonia,chexpert
train/patient36736/study1/view1_frontal.jpg,Pneumonia,chexpert
train/patient36751/study5/view1_frontal.jpg,Pneumonia,chexpert
train/patient36758/study2/view1_frontal.jpg,Pneumonia,chexpert
train/patient36769/study10/view1_frontal.jpg,Pneumonia,chexpert
train/patient36818/study6/view1_frontal.jpg,Pneumonia,chexpert
train/patient36820/study6/view1_frontal.jpg,Pneumonia,chexpert
train/patient36838/study5/view1_frontal.jpg,Pneumonia,chexpert
train/patient36844/study2/view1_frontal.jpg,Pneumonia,chexpert
train/patient36854/study13/view1_frontal.jpg,Pneumonia,chexpert
train/patient36873/study1/view1_frontal.jpg,Pneumonia,chexpert
train/patient36874/study2/view1_frontal.jpg,Pneumonia,chexpert
train/patient36874/study3/view1_frontal.jpg,Pneumonia,chexpert
train/patient36884/study13/view1_frontal.jpg,Pneumonia,chexpert
train/patient36888/study3/view1_frontal.jpg,Pneumonia,chexpert
train/patient36910/study2/view1_frontal.jpg,Pneumonia,chexpert
train/patient36921/study1/view1_frontal.jpg,Pneumonia,chexpert
train/patient36927/study4/view1_frontal.jpg,Pneumonia,chexpert
train/patient36932/study1/view1_frontal.jpg,Pneumonia,chexpert
train/patient36935/study2/view1_frontal.jpg,Pneumonia,chexpert
train/patient36961/study11/view1_frontal.jpg,Pneumonia,chexpert
train/patient36965/study14/view1_frontal.jpg,Pneumonia,chexpert
train/patient36965/study11/view1_frontal.jpg,Pneumonia,chexpert
train/patient36965/study13/view1_frontal.jpg,Pneumonia,chexpert
train/patient36965/study12/view1_frontal.jpg,Pneumonia,chexpert
train/patient36973/study9/view1_frontal.jpg,Pneumonia,chexpert
train/patient36984/study2/view1_frontal.jpg,Pneumonia,chexpert
train/patient36994/study11/view1_frontal.jpg,Pneumonia,chexpert
train/patient36999/study9/view1_frontal.jpg,Pneumonia,chexpert
train/patient36999/study4/view1_frontal.jpg,Pneumonia,chexpert
train/patient37003/study1/view1_frontal.jpg,Pneumonia,chexpert
train/patient37008/study1/view1_frontal.jpg,Pneumonia,chexpert
train/patient37050/study4/view1_frontal.jpg,Pneumonia,chexpert
train/patient37050/study2/view1_frontal.jpg,Pneumonia,chexpert
train/patient37050/study3/view1_frontal.jpg,Pneumonia,chexpert
train/patient37078/study14/view1_frontal.jpg,Pneumonia,chexpert
train/patient37085/study3/view1_frontal.jpg,Pneumonia,chexpert
train/patient37090/study1/view1_frontal.jpg,Pneumonia,chexpert
train/patient37173/study1/view1_frontal.jpg,Pneumonia,chexpert
train/patient37184/study20/view1_frontal.jpg,Pneumonia,chexpert
train/patient37196/study1/view1_frontal.jpg,Pneumonia,chexpert
train/patient37200/study2/view1_frontal.jpg,Pneumonia,chexpert
train/patient37220/study5/view1_frontal.jpg,Pneumonia,chexpert
train/patient37256/study1/view1_frontal.jpg,Pneumonia,chexpert
train/patient37278/study8/view1_frontal.jpg,Pneumonia,chexpert
train/patient37289/study1/view1_frontal.jpg,Pneumonia,chexpert
train/patient37299/study1/view1_frontal.jpg,Pneumonia,chexpert
train/patient37318/study1/view1_frontal.jpg,Pneumonia,chexpert
train/patient37319/study12/view1_frontal.jpg,Pneumonia,chexpert
train/patient37320/study1/view1_frontal.jpg,Pneumonia,chexpert
train/patient37322/study17/view1_frontal.jpg,Pneumonia,chexpert
train/patient37322/study19/view1_frontal.jpg,Pneumonia,chexpert
train/patient37322/study13/view1_frontal.jpg,Pneumonia,chexpert
train/patient37322/study14/view1_frontal.jpg,Pneumonia,chexpert
train/patient37333/study11/view1_frontal.jpg,Pneumonia,chexpert
train/patient37340/study1/view1_frontal.jpg,Pneumonia,chexpert
train/patient37354/study5/view1_frontal.jpg,Pneumonia,chexpert
train/patient37381/study9/view1_frontal.jpg,Pneumonia,chexpert
train/patient37409/study4/view1_frontal.jpg,Pneumonia,chexpert
train/patient37426/study2/view1_frontal.jpg,Pneumonia,chexpert
train/patient37462/study6/view1_frontal.jpg,Pneumonia,chexpert
train/patient37462/study7/view1_frontal.jpg,Pneumonia,chexpert
train/patient37479/study2/view1_frontal.jpg,Pneumonia,chexpert
train/patient37483/study1/view1_frontal.jpg,Pneumonia,chexpert
train/patient37508/study1/view1_frontal.jpg,Pneumonia,chexpert
train/patient37528/study1/view1_frontal.jpg,Pneumonia,chexpert
train/patient37528/study1/view2_frontal.jpg,Pneumonia,chexpert
train/patient37528/study2/view1_frontal.jpg,Pneumonia,chexpert
train/patient37548/study14/view1_frontal.jpg,Pneumonia,chexpert
train/patient37558/study1/view1_frontal.jpg,Pneumonia,chexpert
train/patient37571/study2/view1_frontal.jpg,Pneumonia,chexpert
train/patient37571/study3/view1_frontal.jpg,Pneumonia,chexpert
train/patient37596/study4/view1_frontal.jpg,Pneumonia,chexpert
train/patient37622/study3/view1_frontal.jpg,Pneumonia,chexpert
train/patient37622/study4/view1_frontal.jpg,Pneumonia,chexpert
train/patient37633/study10/view1_frontal.jpg,Pneumonia,chexpert
train/patient37634/study2/view1_frontal.jpg,Pneumonia,chexpert
train/patient37634/study3/view1_frontal.jpg,Pneumonia,chexpert
train/patient37658/study1/view1_frontal.jpg,Pneumonia,chexpert
train/patient37672/study1/view1_frontal.jpg,Pneumonia,chexpert
train/patient37672/study3/view1_frontal.jpg,Pneumonia,chexpert
train/patient37672/study2/view1_frontal.jpg,Pneumonia,chexpert
train/patient37677/study1/view1_frontal.jpg,Pneumonia,chexpert
train/patient37678/study3/view1_frontal.jpg,Pneumonia,chexpert
train/patient37678/study3/view2_frontal.jpg,Pneumonia,chexpert
train/patient37682/study6/view1_frontal.jpg,Pneumonia,chexpert
train/patient37693/study1/view1_frontal.jpg,Pneumonia,chexpert
train/patient37693/study2/view1_frontal.jpg,Pneumonia,chexpert
train/patient37705/study8/view1_frontal.jpg,Pneumonia,chexpert
train/patient37735/study1/view1_frontal.jpg,Pneumonia,chexpert
train/patient37742/study2/view1_frontal.jpg,Pneumonia,chexpert
train/patient37760/study2/view1_frontal.jpg,Pneumonia,chexpert
train/patient37764/study4/view1_frontal.jpg,Pneumonia,chexpert
train/patient37776/study1/view1_frontal.jpg,Pneumonia,chexpert
train/patient37780/study6/view1_frontal.jpg,Pneumonia,chexpert
train/patient37780/study4/view1_frontal.jpg,Pneumonia,chexpert
train/patient37780/study3/view1_frontal.jpg,Pneumonia,chexpert
train/patient37782/study2/view1_frontal.jpg,Pneumonia,chexpert
train/patient37782/study3/view1_frontal.jpg,Pneumonia,chexpert
train/patient37784/study6/view1_frontal.jpg,Pneumonia,chexpert
train/patient37786/study1/view1_frontal.jpg,Pneumonia,chexpert
train/patient37794/study6/view1_frontal.jpg,Pneumonia,chexpert
train/patient37799/study7/view1_frontal.jpg,Pneumonia,chexpert
train/patient37799/study12/view1_frontal.jpg,Pneumonia,chexpert
train/patient37802/study5/view1_frontal.jpg,Pneumonia,chexpert
train/patient37806/study5/view1_frontal.jpg,Pneumonia,chexpert
train/patient37816/study1/view1_frontal.jpg,Pneumonia,chexpert
train/patient37817/study14/view1_frontal.jpg,Pneumonia,chexpert
train/patient37821/study3/view1_frontal.jpg,Pneumonia,chexpert
train/patient37822/study8/view1_frontal.jpg,Pneumonia,chexpert
train/patient37822/study7/view1_frontal.jpg,Pneumonia,chexpert
train/patient37822/study6/view1_frontal.jpg,Pneumonia,chexpert
train/patient37843/study9/view1_frontal.jpg,Pneumonia,chexpert
train/patient37843/study8/view1_frontal.jpg,Pneumonia,chexpert
train/patient37843/study7/view1_frontal.jpg,Pneumonia,chexpert
train/patient37852/study10/view1_frontal.jpg,Pneumonia,chexpert
train/patient37861/study2/view1_frontal.jpg,Pneumonia,chexpert
train/patient37868/study1/view1_frontal.jpg,Pneumonia,chexpert
train/patient37875/study1/view1_frontal.jpg,Pneumonia,chexpert
train/patient37884/study2/view1_frontal.jpg,Pneumonia,chexpert
train/patient37903/study2/view1_frontal.jpg,Pneumonia,chexpert
train/patient37903/study2/view2_frontal.jpg,Pneumonia,chexpert
train/patient37903/study1/view1_frontal.jpg,Pneumonia,chexpert
train/patient37903/study1/view2_frontal.jpg,Pneumonia,chexpert
train/patient37912/study2/view1_frontal.jpg,Pneumonia,chexpert
train/patient37922/study1/view1_frontal.jpg,Pneumonia,chexpert
train/patient37922/study2/view1_frontal.jpg,Pneumonia,chexpert
train/patient37925/study1/view1_frontal.jpg,Pneumonia,chexpert
train/patient37933/study2/view1_frontal.jpg,Pneumonia,chexpert
train/patient37939/study5/view1_frontal.jpg,Pneumonia,chexpert
train/patient37942/study1/view1_frontal.jpg,Pneumonia,chexpert
train/patient37977/study5/view1_frontal.jpg,Pneumonia,chexpert
train/patient38012/study1/view1_frontal.jpg,Pneumonia,chexpert
train/patient38037/study2/view1_frontal.jpg,Pneumonia,chexpert
train/patient38051/study1/view1_frontal.jpg,Pneumonia,chexpert
train/patient38051/study2/view1_frontal.jpg,Pneumonia,chexpert
train/patient38055/study5/view1_frontal.jpg,Pneumonia,chexpert
train/patient38064/study1/view1_frontal.jpg,Pneumonia,chexpert
train/patient38072/study1/view1_frontal.jpg,Pneumonia,chexpert
train/patient38086/study10/view1_frontal.jpg,Pneumonia,chexpert
train/patient38105/study4/view1_frontal.jpg,Pneumonia,chexpert
train/patient38117/study3/view1_frontal.jpg,Pneumonia,chexpert
train/patient38142/study1/view1_frontal.jpg,Pneumonia,chexpert
train/patient38177/study1/view1_frontal.jpg,Pneumonia,chexpert
train/patient38214/study4/view1_frontal.jpg,Pneumonia,chexpert
train/patient38216/study3/view1_frontal.jpg,Pneumonia,chexpert
train/patient38233/study3/view1_frontal.jpg,Pneumonia,chexpert
train/patient38242/study1/view1_frontal.jpg,Pneumonia,chexpert
train/patient38262/study4/view1_frontal.jpg,Pneumonia,chexpert
train/patient38264/study2/view1_frontal.jpg,Pneumonia,chexpert
train/patient38269/study2/view1_frontal.jpg,Pneumonia,chexpert
train/patient38269/study4/view1_frontal.jpg,Pneumonia,chexpert
train/patient38279/study9/view1_frontal.jpg,Pneumonia,chexpert
train/patient38279/study11/view1_frontal.jpg,Pneumonia,chexpert
train/patient38301/study6/view1_frontal.jpg,Pneumonia,chexpert
train/patient38304/study2/view1_frontal.jpg,Pneumonia,chexpert
train/patient38308/study6/view1_frontal.jpg,Pneumonia,chexpert
train/patient38338/study2/view1_frontal.jpg,Pneumonia,chexpert
train/patient38363/study3/view1_frontal.jpg,Pneumonia,chexpert
train/patient38393/study3/view1_frontal.jpg,Pneumonia,chexpert
train/patient38420/study2/view1_frontal.jpg,Pneumonia,chexpert
train/patient38438/study1/view1_frontal.jpg,Pneumonia,chexpert
train/patient38438/study1/view2_frontal.jpg,Pneumonia,chexpert
train/patient38449/study6/view1_frontal.jpg,Pneumonia,chexpert
train/patient38460/study1/view1_frontal.jpg,Pneumonia,chexpert
train/patient38486/study11/view1_frontal.jpg,Pneumonia,chexpert
train/patient38487/study1/view1_frontal.jpg,Pneumonia,chexpert
train/patient38503/study3/view1_frontal.jpg,Pneumonia,chexpert
train/patient38528/study2/view1_frontal.jpg,Pneumonia,chexpert
train/patient38528/study4/view1_frontal.jpg,Pneumonia,chexpert
train/patient38533/study9/view1_frontal.jpg,Pneumonia,chexpert
train/patient38533/study12/view1_frontal.jpg,Pneumonia,chexpert
train/patient38533/study2/view1_frontal.jpg,Pneumonia,chexpert
train/patient38533/study8/view1_frontal.jpg,Pneumonia,chexpert
train/patient38533/study11/view1_frontal.jpg,Pneumonia,chexpert
train/patient38539/study6/view1_frontal.jpg,Pneumonia,chexpert
train/patient38539/study6/view2_frontal.jpg,Pneumonia,chexpert
train/patient38539/study7/view1_frontal.jpg,Pneumonia,chexpert
train/patient38541/study9/view1_frontal.jpg,Pneumonia,chexpert
train/patient38541/study10/view1_frontal.jpg,Pneumonia,chexpert
train/patient38590/study5/view1_frontal.jpg,Pneumonia,chexpert
train/patient38597/study8/view1_frontal.jpg,Pneumonia,chexpert
train/patient38608/study1/view1_frontal.jpg,Pneumonia,chexpert
train/patient38615/study2/view1_frontal.jpg,Pneumonia,chexpert
train/patient38615/study1/view1_frontal.jpg,Pneumonia,chexpert
train/patient38622/study7/view1_frontal.jpg,Pneumonia,chexpert
train/patient38628/study1/view1_frontal.jpg,Pneumonia,chexpert
train/patient38628/study4/view1_frontal.jpg,Pneumonia,chexpert
train/patient38647/study2/view1_frontal.jpg,Pneumonia,chexpert
train/patient38657/study3/view1_frontal.jpg,Pneumonia,chexpert
train/patient38661/study1/view1_frontal.jpg,Pneumonia,chexpert
train/patient38667/study2/view1_frontal.jpg,Pneumonia,chexpert
train/patient38678/study2/view1_frontal.jpg,Pneumonia,chexpert
train/patient38693/study3/view1_frontal.jpg,Pneumonia,chexpert
train/patient38719/study1/view1_frontal.jpg,Pneumonia,chexpert
train/patient38719/study20/view1_frontal.jpg,Pneumonia,chexpert
train/patient38719/study19/view1_frontal.jpg,Pneumonia,chexpert
train/patient38778/study14/view1_frontal.jpg,Pneumonia,chexpert
train/patient38778/study11/view1_frontal.jpg,Pneumonia,chexpert
train/patient38778/study13/view1_frontal.jpg,Pneumonia,chexpert
train/patient38794/study11/view1_frontal.jpg,Pneumonia,chexpert
train/patient38812/study1/view1_frontal.jpg,Pneumonia,chexpert
train/patient38854/study1/view1_frontal.jpg,Pneumonia,chexpert
train/patient38857/study1/view1_frontal.jpg,Pneumonia,chexpert
train/patient38894/study1/view1_frontal.jpg,Pneumonia,chexpert
train/patient38922/study2/view1_frontal.jpg,Pneumonia,chexpert
train/patient38938/study8/view1_frontal.jpg,Pneumonia,chexpert
train/patient38956/study1/view1_frontal.jpg,Pneumonia,chexpert
train/patient38971/study12/view1_frontal.jpg,Pneumonia,chexpert
train/patient38971/study13/view1_frontal.jpg,Pneumonia,chexpert
train/patient38971/study14/view1_frontal.jpg,Pneumonia,chexpert
train/patient39007/study30/view1_frontal.jpg,Pneumonia,chexpert
train/patient39007/study27/view1_frontal.jpg,Pneumonia,chexpert
train/patient39007/study12/view1_frontal.jpg,Pneumonia,chexpert
train/patient39007/study28/view1_frontal.jpg,Pneumonia,chexpert
train/patient39007/study31/view1_frontal.jpg,Pneumonia,chexpert
train/patient39010/study2/view1_frontal.jpg,Pneumonia,chexpert
train/patient39010/study4/view1_frontal.jpg,Pneumonia,chexpert
train/patient39024/study3/view1_frontal.jpg,Pneumonia,chexpert
train/patient39038/study1/view1_frontal.jpg,Pneumonia,chexpert
train/patient39060/study1/view1_frontal.jpg,Pneumonia,chexpert
train/patient39065/study6/view1_frontal.jpg,Pneumonia,chexpert
train/patient39065/study15/view1_frontal.jpg,Pneumonia,chexpert
train/patient39074/study1/view1_frontal.jpg,Pneumonia,chexpert
train/patient39076/study1/view1_frontal.jpg,Pneumonia,chexpert
train/patient39084/study2/view1_frontal.jpg,Pneumonia,chexpert
train/patient39110/study1/view1_frontal.jpg,Pneumonia,chexpert
train/patient39157/study2/view1_frontal.jpg,Pneumonia,chexpert
train/patient39168/study2/view1_frontal.jpg,Pneumonia,chexpert
train/patient39168/study4/view1_frontal.jpg,Pneumonia,chexpert
train/patient39224/study2/view1_frontal.jpg,Pneumonia,chexpert
train/patient39233/study1/view1_frontal.jpg,Pneumonia,chexpert
train/patient39238/study6/view1_frontal.jpg,Pneumonia,chexpert
train/patient39246/study3/view1_frontal.jpg,Pneumonia,chexpert
train/patient39250/study3/view1_frontal.jpg,Pneumonia,chexpert
train/patient39263/study1/view1_frontal.jpg,Pneumonia,chexpert
train/patient39267/study15/view1_frontal.jpg,Pneumonia,chexpert
train/patient39317/study8/view1_frontal.jpg,Pneumonia,chexpert
train/patient39331/study2/view1_frontal.jpg,Pneumonia,chexpert
train/patient39341/study26/view1_frontal.jpg,Pneumonia,chexpert
train/patient39341/study22/view1_frontal.jpg,Pneumonia,chexpert
train/patient39357/study1/view1_frontal.jpg,Pneumonia,chexpert
train/patient39360/study2/view1_frontal.jpg,Pneumonia,chexpert
train/patient39370/study14/view1_frontal.jpg,Pneumonia,chexpert
train/patient39370/study20/view1_frontal.jpg,Pneumonia,chexpert
train/patient39370/study19/view1_frontal.jpg,Pneumonia,chexpert
train/patient39370/study21/view1_frontal.jpg,Pneumonia,chexpert
train/patient39375/study2/view1_frontal.jpg,Pneumonia,chexpert
train/patient39398/study1/view1_frontal.jpg,Pneumonia,chexpert
train/patient39412/study3/view1_frontal.jpg,Pneumonia,chexpert
train/patient39412/study4/view1_frontal.jpg,Pneumonia,chexpert
train/patient39412/study5/view1_frontal.jpg,Pneumonia,chexpert
train/patient39422/study13/view1_frontal.jpg,Pneumonia,chexpert
train/patient39426/study3/view1_frontal.jpg,Pneumonia,chexpert
train/patient39461/study4/view1_frontal.jpg,Pneumonia,chexpert
train/patient39474/study2/view1_frontal.jpg,Pneumonia,chexpert
train/patient39507/study4/view1_frontal.jpg,Pneumonia,chexpert
train/patient39514/study3/view1_frontal.jpg,Pneumonia,chexpert
train/patient39519/study2/view1_frontal.jpg,Pneumonia,chexpert
train/patient39520/study2/view1_frontal.jpg,Pneumonia,chexpert
train/patient39521/study10/view1_frontal.jpg,Pneumonia,chexpert
train/patient39521/study8/view1_frontal.jpg,Pneumonia,chexpert
train/patient39521/study9/view1_frontal.jpg,Pneumonia,chexpert
train/patient39539/study1/view1_frontal.jpg,Pneumonia,chexpert
train/patient39549/study2/view1_frontal.jpg,Pneumonia,chexpert
train/patient39601/study1/view1_frontal.jpg,Pneumonia,chexpert
train/patient39602/study2/view1_frontal.jpg,Pneumonia,chexpert
train/patient39617/study3/view1_frontal.jpg,Pneumonia,chexpert
train/patient39617/study1/view1_frontal.jpg,Pneumonia,chexpert
train/patient39634/study2/view1_frontal.jpg,Pneumonia,chexpert
train/patient39658/study10/view1_frontal.jpg,Pneumonia,chexpert
train/patient39658/study11/view1_frontal.jpg,Pneumonia,chexpert
train/patient39660/study3/view1_frontal.jpg,Pneumonia,chexpert
train/patient39668/study2/view1_frontal.jpg,Pneumonia,chexpert
train/patient39675/study3/view1_frontal.jpg,Pneumonia,chexpert
train/patient39710/study1/view1_frontal.jpg,Pneumonia,chexpert
train/patient39730/study1/view1_frontal.jpg,Pneumonia,chexpert
train/patient39732/study1/view1_frontal.jpg,Pneumonia,chexpert
train/patient39733/study3/view1_frontal.jpg,Pneumonia,chexpert
train/patient39740/study3/view1_frontal.jpg,Pneumonia,chexpert
train/patient39753/study6/view1_frontal.jpg,Pneumonia,chexpert
train/patient39758/study7/view1_frontal.jpg,Pneumonia,chexpert
train/patient39761/study1/view1_frontal.jpg,Pneumonia,chexpert
train/patient39782/study1/view1_frontal.jpg,Pneumonia,chexpert
train/patient39788/study14/view1_frontal.jpg,Pneumonia,chexpert
train/patient39799/study4/view1_frontal.jpg,Pneumonia,chexpert
train/patient39799/study5/view1_frontal.jpg,Pneumonia,chexpert
train/patient39799/study6/view1_frontal.jpg,Pneumonia,chexpert
train/patient39810/study3/view1_frontal.jpg,Pneumonia,chexpert
train/patient39810/study4/view1_frontal.jpg,Pneumonia,chexpert
train/patient39810/study5/view1_frontal.jpg,Pneumonia,chexpert
train/patient39855/study2/view1_frontal.jpg,Pneumonia,chexpert
train/patient39861/study7/view1_frontal.jpg,Pneumonia,chexpert
train/patient39870/study1/view1_frontal.jpg,Pneumonia,chexpert
train/patient39895/study1/view1_frontal.jpg,Pneumonia,chexpert
train/patient39910/study1/view1_frontal.jpg,Pneumonia,chexpert
train/patient39914/study1/view1_frontal.jpg,Pneumonia,chexpert
train/patient39928/study2/view1_frontal.jpg,Pneumonia,chexpert
train/patient39936/study1/view1_frontal.jpg,Pneumonia,chexpert
train/patient39965/study4/view1_frontal.jpg,Pneumonia,chexpert
train/patient39991/study12/view1_frontal.jpg,Pneumonia,chexpert
train/patient39991/study6/view1_frontal.jpg,Pneumonia,chexpert
train/patient40003/study1/view1_frontal.jpg,Pneumonia,chexpert
train/patient40008/study10/view1_frontal.jpg,Pneumonia,chexpert
train/patient40008/study10/view2_frontal.jpg,Pneumonia,chexpert
train/patient40043/study5/view1_frontal.jpg,Pneumonia,chexpert
train/patient40064/study1/view1_frontal.jpg,Pneumonia,chexpert
train/patient40067/study1/view1_frontal.jpg,Pneumonia,chexpert
train/patient40088/study2/view1_frontal.jpg,Pneumonia,chexpert
train/patient40094/study1/view1_frontal.jpg,Pneumonia,chexpert
train/patient40099/study2/view1_frontal.jpg,Pneumonia,chexpert
train/patient40158/study1/view1_frontal.jpg,Pneumonia,chexpert
train/patient40158/study1/view2_frontal.jpg,Pneumonia,chexpert
train/patient40175/study2/view1_frontal.jpg,Pneumonia,chexpert
train/patient40187/study3/view1_frontal.jpg,Pneumonia,chexpert
train/patient40209/study5/view1_frontal.jpg,Pneumonia,chexpert
train/patient40247/study29/view1_frontal.jpg,Pneumonia,chexpert
train/patient40247/study1/view1_frontal.jpg,Pneumonia,chexpert
train/patient40254/study1/view1_frontal.jpg,Pneumonia,chexpert
train/patient40290/study1/view1_frontal.jpg,Pneumonia,chexpert
train/patient40304/study8/view1_frontal.jpg,Pneumonia,chexpert
train/patient40311/study2/view1_frontal.jpg,Pneumonia,chexpert
train/patient40321/study1/view1_frontal.jpg,Pneumonia,chexpert
train/patient40334/study5/view1_frontal.jpg,Pneumonia,chexpert
train/patient40378/study1/view1_frontal.jpg,Pneumonia,chexpert
train/patient40385/study1/view1_frontal.jpg,Pneumonia,chexpert
train/patient40390/study4/view1_frontal.jpg,Pneumonia,chexpert
train/patient40394/study27/view1_frontal.jpg,Pneumonia,chexpert
train/patient40446/study2/view1_frontal.jpg,Pneumonia,chexpert
train/patient40446/study1/view1_frontal.jpg,Pneumonia,chexpert
train/patient40453/study1/view1_frontal.jpg,Pneumonia,chexpert
train/patient40466/study1/view1_frontal.jpg,Pneumonia,chexpert
train/patient40472/study10/view1_frontal.jpg,Pneumonia,chexpert
train/patient40472/study19/view1_frontal.jpg,Pneumonia,chexpert
train/patient40477/study3/view1_frontal.jpg,Pneumonia,chexpert
train/patient40485/study2/view1_frontal.jpg,Pneumonia,chexpert
train/patient40498/study1/view1_frontal.jpg,Pneumonia,chexpert
train/patient40513/study1/view1_frontal.jpg,Pneumonia,chexpert
train/patient40514/study3/view1_frontal.jpg,Pneumonia,chexpert
train/patient40514/study1/view1_frontal.jpg,Pneumonia,chexpert
train/patient40518/study1/view1_frontal.jpg,Pneumonia,chexpert
train/patient40519/study1/view1_frontal.jpg,Pneumonia,chexpert
train/patient40526/study11/view1_frontal.jpg,Pneumonia,chexpert
train/patient40544/study2/view1_frontal.jpg,Pneumonia,chexpert
train/patient40590/study2/view1_frontal.jpg,Pneumonia,chexpert
train/patient40624/study3/view1_frontal.jpg,Pneumonia,chexpert
train/patient40650/study5/view1_frontal.jpg,Pneumonia,chexpert
train/patient40658/study3/view1_frontal.jpg,Pneumonia,chexpert
train/patient40697/study1/view1_frontal.jpg,Pneumonia,chexpert
train/patient40703/study1/view1_frontal.jpg,Pneumonia,chexpert
train/patient40704/study1/view1_frontal.jpg,Pneumonia,chexpert
train/patient40723/study1/view1_frontal.jpg,Pneumonia,chexpert
train/patient40729/study1/view1_frontal.jpg,Pneumonia,chexpert
train/patient40743/study8/view1_frontal.jpg,Pneumonia,chexpert
train/patient40750/study3/view1_frontal.jpg,Pneumonia,chexpert
train/patient40761/study5/view1_frontal.jpg,Pneumonia,chexpert
train/patient40779/study2/view1_frontal.jpg,Pneumonia,chexpert
train/patient40779/study2/view2_frontal.jpg,Pneumonia,chexpert
train/patient40781/study1/view1_frontal.jpg,Pneumonia,chexpert
train/patient40788/study13/view1_frontal.jpg,Pneumonia,chexpert
train/patient40788/study6/view1_frontal.jpg,Pneumonia,chexpert
train/patient40796/study1/view1_frontal.jpg,Pneumonia,chexpert
train/patient40804/study3/view1_frontal.jpg,Pneumonia,chexpert
train/patient40836/study1/view1_frontal.jpg,Pneumonia,chexpert
train/patient40837/study2/view1_frontal.jpg,Pneumonia,chexpert
train/patient40853/study6/view1_frontal.jpg,Pneumonia,chexpert
train/patient40853/study4/view1_frontal.jpg,Pneumonia,chexpert
train/patient40853/study5/view1_frontal.jpg,Pneumonia,chexpert
train/patient40853/study3/view1_frontal.jpg,Pneumonia,chexpert
train/patient40853/study2/view1_frontal.jpg,Pneumonia,chexpert
train/patient40882/study1/view1_frontal.jpg,Pneumonia,chexpert
train/patient40899/study2/view1_frontal.jpg,Pneumonia,chexpert
train/patient40899/study3/view1_frontal.jpg,Pneumonia,chexpert
train/patient40901/study2/view1_frontal.jpg,Pneumonia,chexpert
train/patient40903/study2/view1_frontal.jpg,Pneumonia,chexpert
train/patient40903/study4/view1_frontal.jpg,Pneumonia,chexpert
train/patient40917/study1/view1_frontal.jpg,Pneumonia,chexpert
train/patient40935/study3/view1_frontal.jpg,Pneumonia,chexpert
train/patient40939/study5/view1_frontal.jpg,Pneumonia,chexpert
train/patient40949/study1/view1_frontal.jpg,Pneumonia,chexpert
train/patient40952/study1/view1_frontal.jpg,Pneumonia,chexpert
train/patient40962/study1/view1_frontal.jpg,Pneumonia,chexpert
train/patient40980/study4/view1_frontal.jpg,Pneumonia,chexpert
train/patient40984/study1/view1_frontal.jpg,Pneumonia,chexpert
train/patient40985/study1/view1_frontal.jpg,Pneumonia,chexpert
train/patient40985/study4/view1_frontal.jpg,Pneumonia,chexpert
train/patient40985/study4/view2_frontal.jpg,Pneumonia,chexpert
train/patient41004/study2/view1_frontal.jpg,Pneumonia,chexpert
train/patient41011/study2/view1_frontal.jpg,Pneumonia,chexpert
train/patient41015/study4/view1_frontal.jpg,Pneumonia,chexpert
train/patient41027/study2/view1_frontal.jpg,Pneumonia,chexpert
train/patient41035/study3/view1_frontal.jpg,Pneumonia,chexpert
train/patient41037/study12/view1_frontal.jpg,Pneumonia,chexpert
train/patient41037/study6/view1_frontal.jpg,Pneumonia,chexpert
train/patient41048/study1/view1_frontal.jpg,Pneumonia,chexpert
train/patient41070/study2/view1_frontal.jpg,Pneumonia,chexpert
train/patient41079/study3/view1_frontal.jpg,Pneumonia,chexpert
train/patient41103/study5/view1_frontal.jpg,Pneumonia,chexpert
train/patient41110/study1/view1_frontal.jpg,Pneumonia,chexpert
train/patient41123/study2/view1_frontal.jpg,Pneumonia,chexpert
train/patient41141/study3/view1_frontal.jpg,Pneumonia,chexpert
train/patient41141/study4/view1_frontal.jpg,Pneumonia,chexpert
train/patient41141/study2/view1_frontal.jpg,Pneumonia,chexpert
train/patient41144/study2/view1_frontal.jpg,Pneumonia,chexpert
train/patient41150/study2/view1_frontal.jpg,Pneumonia,chexpert
train/patient41184/study12/view1_frontal.jpg,Pneumonia,chexpert
train/patient41197/study5/view1_frontal.jpg,Pneumonia,chexpert
train/patient41197/study2/view1_frontal.jpg,Pneumonia,chexpert
train/patient41219/study5/view1_frontal.jpg,Pneumonia,chexpert
train/patient41235/study15/view1_frontal.jpg,Pneumonia,chexpert
train/patient41242/study8/view1_frontal.jpg,Pneumonia,chexpert
train/patient41249/study13/view1_frontal.jpg,Pneumonia,chexpert
train/patient41249/study7/view1_frontal.jpg,Pneumonia,chexpert
train/patient41254/study4/view1_frontal.jpg,Pneumonia,chexpert
train/patient41264/study2/view1_frontal.jpg,Pneumonia,chexpert
train/patient41264/study1/view1_frontal.jpg,Pneumonia,chexpert
train/patient41283/study1/view1_frontal.jpg,Pneumonia,chexpert
train/patient41292/study12/view1_frontal.jpg,Pneumonia,chexpert
train/patient41299/study1/view1_frontal.jpg,Pneumonia,chexpert
train/patient41303/study2/view1_frontal.jpg,Pneumonia,chexpert
train/patient41310/study2/view1_frontal.jpg,Pneumonia,chexpert
train/patient41318/study1/view1_frontal.jpg,Pneumonia,chexpert
train/patient41329/study5/view1_frontal.jpg,Pneumonia,chexpert
train/patient41336/study1/view1_frontal.jpg,Pneumonia,chexpert
train/patient41341/study1/view1_frontal.jpg,Pneumonia,chexpert
train/patient41345/study4/view1_frontal.jpg,Pneumonia,chexpert
train/patient41346/study1/view1_frontal.jpg,Pneumonia,chexpert
train/patient41350/study1/view1_frontal.jpg,Pneumonia,chexpert
train/patient41351/study6/view1_frontal.jpg,Pneumonia,chexpert
train/patient41358/study8/view1_frontal.jpg,Pneumonia,chexpert
train/patient41387/study1/view1_frontal.jpg,Pneumonia,chexpert
train/patient41407/study1/view1_frontal.jpg,Pneumonia,chexpert
train/patient41454/study7/view1_frontal.jpg,Pneumonia,chexpert
train/patient41469/study11/view1_frontal.jpg,Pneumonia,chexpert
train/patient41472/study2/view1_frontal.jpg,Pneumonia,chexpert
train/patient41494/study1/view1_frontal.jpg,Pneumonia,chexpert
train/patient41534/study2/view1_frontal.jpg,Pneumonia,chexpert
train/patient41555/study1/view1_frontal.jpg,Pneumonia,chexpert
train/patient41568/study1/view1_frontal.jpg,Pneumonia,chexpert
train/patient41573/study5/view1_frontal.jpg,Pneumonia,chexpert
train/patient41581/study5/view1_frontal.jpg,Pneumonia,chexpert
train/patient41594/study7/view1_frontal.jpg,Pneumonia,chexpert
train/patient41609/study1/view1_frontal.jpg,Pneumonia,chexpert
train/patient41620/study7/view1_frontal.jpg,Pneumonia,chexpert
train/patient41620/study8/view1_frontal.jpg,Pneumonia,chexpert
train/patient41648/study2/view1_frontal.jpg,Pneumonia,chexpert
train/patient41654/study3/view1_frontal.jpg,Pneumonia,chexpert
train/patient41657/study2/view1_frontal.jpg,Pneumonia,chexpert
train/patient41677/study1/view1_frontal.jpg,Pneumonia,chexpert
train/patient41680/study4/view1_frontal.jpg,Pneumonia,chexpert
train/patient41680/study2/view1_frontal.jpg,Pneumonia,chexpert
train/patient41682/study1/view1_frontal.jpg,Pneumonia,chexpert
train/patient41686/study4/view1_frontal.jpg,Pneumonia,chexpert
train/patient41710/study1/view1_frontal.jpg,Pneumonia,chexpert
train/patient41713/study4/view1_frontal.jpg,Pneumonia,chexpert
train/patient41713/study5/view1_frontal.jpg,Pneumonia,chexpert
train/patient41713/study6/view1_frontal.jpg,Pneumonia,chexpert
train/patient41773/study2/view1_frontal.jpg,Pneumonia,chexpert
train/patient41774/study1/view1_frontal.jpg,Pneumonia,chexpert
train/patient41819/study3/view1_frontal.jpg,Pneumonia,chexpert
train/patient41820/study5/view1_frontal.jpg,Pneumonia,chexpert
train/patient41821/study1/view1_frontal.jpg,Pneumonia,chexpert
train/patient41846/study1/view1_frontal.jpg,Pneumonia,chexpert
train/patient41856/study1/view1_frontal.jpg,Pneumonia,chexpert
train/patient41869/study1/view1_frontal.jpg,Pneumonia,chexpert
train/patient41882/study1/view1_frontal.jpg,Pneumonia,chexpert
train/patient41896/study1/view1_frontal.jpg,Pneumonia,chexpert
train/patient41905/study1/view1_frontal.jpg,Pneumonia,chexpert
train/patient41915/study1/view1_frontal.jpg,Pneumonia,chexpert
train/patient41923/study4/view1_frontal.jpg,Pneumonia,chexpert
train/patient41925/study5/view1_frontal.jpg,Pneumonia,chexpert
train/patient41925/study4/view1_frontal.jpg,Pneumonia,chexpert
train/patient41936/study13/view1_frontal.jpg,Pneumonia,chexpert
train/patient41967/study8/view1_frontal.jpg,Pneumonia,chexpert
train/patient41967/study4/view1_frontal.jpg,Pneumonia,chexpert
train/patient41967/study5/view1_frontal.jpg,Pneumonia,chexpert
train/patient41967/study6/view1_frontal.jpg,Pneumonia,chexpert
train/patient41989/study1/view1_frontal.jpg,Pneumonia,chexpert
train/patient41995/study1/view1_frontal.jpg,Pneumonia,chexpert
train/patient42021/study4/view1_frontal.jpg,Pneumonia,chexpert
train/patient42023/study1/view1_frontal.jpg,Pneumonia,chexpert
train/patient42053/study2/view1_frontal.jpg,Pneumonia,chexpert
train/patient42053/study3/view1_frontal.jpg,Pneumonia,chexpert
train/patient42071/study1/view1_frontal.jpg,Pneumonia,chexpert
train/patient42089/study1/view1_frontal.jpg,Pneumonia,chexpert
train/patient42096/study1/view1_frontal.jpg,Pneumonia,chexpert
train/patient42116/study1/view1_frontal.jpg,Pneumonia,chexpert
train/patient42119/study2/view1_frontal.jpg,Pneumonia,chexpert
train/patient42125/study3/view1_frontal.jpg,Pneumonia,chexpert
train/patient42141/study3/view1_frontal.jpg,Pneumonia,chexpert
train/patient42153/study2/view1_frontal.jpg,Pneumonia,chexpert
train/patient42174/study2/view1_frontal.jpg,Pneumonia,chexpert
train/patient42194/study2/view1_frontal.jpg,Pneumonia,chexpert
train/patient42229/study1/view1_frontal.jpg,Pneumonia,chexpert
train/patient42250/study1/view1_frontal.jpg,Pneumonia,chexpert
train/patient42264/study1/view1_frontal.jpg,Pneumonia,chexpert
train/patient42297/study5/view1_frontal.jpg,Pneumonia,chexpert
train/patient42302/study4/view1_frontal.jpg,Pneumonia,chexpert
train/patient42330/study4/view1_frontal.jpg,Pneumonia,chexpert
train/patient42357/study1/view1_frontal.jpg,Pneumonia,chexpert
train/patient42363/study1/view1_frontal.jpg,Pneumonia,chexpert
train/patient42403/study7/view1_frontal.jpg,Pneumonia,chexpert
train/patient42417/study2/view1_frontal.jpg,Pneumonia,chexpert
train/patient42417/study3/view1_frontal.jpg,Pneumonia,chexpert
train/patient42417/study4/view1_frontal.jpg,Pneumonia,chexpert
train/patient42450/study4/view1_frontal.jpg,Pneumonia,chexpert
train/patient42450/study3/view1_frontal.jpg,Pneumonia,chexpert
train/patient42460/study2/view1_frontal.jpg,Pneumonia,chexpert
train/patient42460/study1/view1_frontal.jpg,Pneumonia,chexpert
train/patient42489/study10/view1_frontal.jpg,Pneumonia,chexpert
train/patient42493/study1/view1_frontal.jpg,Pneumonia,chexpert
train/patient42499/study1/view1_frontal.jpg,Pneumonia,chexpert
train/patient42499/study2/view1_frontal.jpg,Pneumonia,chexpert
train/patient42505/study1/view1_frontal.jpg,Pneumonia,chexpert
train/patient42535/study10/view1_frontal.jpg,Pneumonia,chexpert
train/patient42547/study1/view1_frontal.jpg,Pneumonia,chexpert
train/patient42641/study19/view1_frontal.jpg,Pneumonia,chexpert
train/patient42650/study2/view1_frontal.jpg,Pneumonia,chexpert
train/patient42676/study4/view1_frontal.jpg,Pneumonia,chexpert
train/patient42687/study10/view1_frontal.jpg,Pneumonia,chexpert
train/patient42733/study5/view1_frontal.jpg,Pneumonia,chexpert
train/patient42735/study8/view1_frontal.jpg,Pneumonia,chexpert
train/patient42742/study1/view1_frontal.jpg,Pneumonia,chexpert
train/patient42742/study2/view1_frontal.jpg,Pneumonia,chexpert
train/patient42748/study2/view1_frontal.jpg,Pneumonia,chexpert
train/patient42751/study1/view1_frontal.jpg,Pneumonia,chexpert
train/patient42772/study7/view1_frontal.jpg,Pneumonia,chexpert
train/patient42785/study3/view1_frontal.jpg,Pneumonia,chexpert
train/patient42785/study2/view1_frontal.jpg,Pneumonia,chexpert
train/patient42789/study1/view1_frontal.jpg,Pneumonia,chexpert
train/patient42812/study3/view1_frontal.jpg,Pneumonia,chexpert
train/patient42826/study1/view1_frontal.jpg,Pneumonia,chexpert
train/patient42835/study9/view1_frontal.jpg,Pneumonia,chexpert
train/patient42863/study4/view1_frontal.jpg,Pneumonia,chexpert
train/patient42864/study3/view1_frontal.jpg,Pneumonia,chexpert
train/patient42892/study5/view1_frontal.jpg,Pneumonia,chexpert
train/patient42900/study1/view1_frontal.jpg,Pneumonia,chexpert
train/patient42906/study1/view1_frontal.jpg,Pneumonia,chexpert
train/patient42910/study1/view1_frontal.jpg,Pneumonia,chexpert
train/patient42948/study2/view1_frontal.jpg,Pneumonia,chexpert
train/patient42973/study1/view1_frontal.jpg,Pneumonia,chexpert
train/patient42974/study6/view1_frontal.jpg,Pneumonia,chexpert
train/patient42974/study2/view1_frontal.jpg,Pneumonia,chexpert
train/patient42987/study1/view1_frontal.jpg,Pneumonia,chexpert
train/patient42987/study2/view1_frontal.jpg,Pneumonia,chexpert
train/patient42996/study3/view1_frontal.jpg,Pneumonia,chexpert
train/patient43011/study2/view1_frontal.jpg,Pneumonia,chexpert
train/patient43041/study1/view1_frontal.jpg,Pneumonia,chexpert
train/patient43114/study3/view1_frontal.jpg,Pneumonia,chexpert
train/patient43148/study5/view1_frontal.jpg,Pneumonia,chexpert
train/patient43148/study9/view1_frontal.jpg,Pneumonia,chexpert
train/patient43148/study2/view1_frontal.jpg,Pneumonia,chexpert
train/patient43148/study11/view1_frontal.jpg,Pneumonia,chexpert
train/patient43160/study1/view1_frontal.jpg,Pneumonia,chexpert
train/patient43160/study2/view1_frontal.jpg,Pneumonia,chexpert
train/patient43170/study1/view1_frontal.jpg,Pneumonia,chexpert
train/patient43177/study2/view1_frontal.jpg,Pneumonia,chexpert
train/patient43262/study3/view1_frontal.jpg,Pneumonia,chexpert
train/patient43283/study1/view1_frontal.jpg,Pneumonia,chexpert
train/patient43304/study3/view1_frontal.jpg,Pneumonia,chexpert
train/patient43321/study1/view1_frontal.jpg,Pneumonia,chexpert
train/patient43347/study1/view1_frontal.jpg,Pneumonia,chexpert
train/patient43358/study3/view1_frontal.jpg,Pneumonia,chexpert
train/patient43362/study2/view1_frontal.jpg,Pneumonia,chexpert
train/patient43374/study1/view1_frontal.jpg,Pneumonia,chexpert
train/patient43400/study2/view1_frontal.jpg,Pneumonia,chexpert
train/patient43415/study1/view1_frontal.jpg,Pneumonia,chexpert
train/patient43428/study1/view1_frontal.jpg,Pneumonia,chexpert
train/patient43457/study5/view1_frontal.jpg,Pneumonia,chexpert
train/patient43477/study2/view1_frontal.jpg,Pneumonia,chexpert
train/patient43496/study1/view1_frontal.jpg,Pneumonia,chexpert
train/patient43497/study6/view1_frontal.jpg,Pneumonia,chexpert
train/patient43538/study2/view1_frontal.jpg,Pneumonia,chexpert
train/patient43538/study3/view1_frontal.jpg,Pneumonia,chexpert
train/patient43538/study4/view1_frontal.jpg,Pneumonia,chexpert
train/patient43543/study3/view1_frontal.jpg,Pneumonia,chexpert
train/patient43546/study1/view1_frontal.jpg,Pneumonia,chexpert
train/patient43554/study1/view1_frontal.jpg,Pneumonia,chexpert
train/patient43557/study4/view1_frontal.jpg,Pneumonia,chexpert
train/patient43564/study1/view1_frontal.jpg,Pneumonia,chexpert
train/patient43568/study3/view1_frontal.jpg,Pneumonia,chexpert
train/patient43581/study1/view1_frontal.jpg,Pneumonia,chexpert
train/patient43593/study3/view1_frontal.jpg,Pneumonia,chexpert
train/patient43599/study4/view1_frontal.jpg,Pneumonia,chexpert
train/patient43599/study5/view1_frontal.jpg,Pneumonia,chexpert
train/patient43599/study1/view1_frontal.jpg,Pneumonia,chexpert
train/patient43614/study1/view1_frontal.jpg,Pneumonia,chexpert
train/patient43686/study3/view1_frontal.jpg,Pneumonia,chexpert
train/patient43708/study16/view1_frontal.jpg,Pneumonia,chexpert
train/patient43712/study2/view1_frontal.jpg,Pneumonia,chexpert
train/patient43718/study2/view1_frontal.jpg,Pneumonia,chexpert
train/patient43748/study2/view1_frontal.jpg,Pneumonia,chexpert
train/patient43764/study4/view1_frontal.jpg,Pneumonia,chexpert
train/patient43786/study1/view1_frontal.jpg,Pneumonia,chexpert
train/patient43786/study4/view1_frontal.jpg,Pneumonia,chexpert
train/patient43786/study2/view1_frontal.jpg,Pneumonia,chexpert
train/patient43792/study1/view1_frontal.jpg,Pneumonia,chexpert
train/patient43792/study1/view2_frontal.jpg,Pneumonia,chexpert
train/patient43811/study1/view1_frontal.jpg,Pneumonia,chexpert
train/patient43814/study2/view1_frontal.jpg,Pneumonia,chexpert
train/patient43830/study4/view1_frontal.jpg,Pneumonia,chexpert
train/patient43838/study2/view1_frontal.jpg,Pneumonia,chexpert
train/patient43844/study2/view1_frontal.jpg,Pneumonia,chexpert
train/patient43844/study3/view1_frontal.jpg,Pneumonia,chexpert
train/patient43861/study7/view1_frontal.jpg,Pneumonia,chexpert
train/patient43863/study1/view1_frontal.jpg,Pneumonia,chexpert
train/patient43867/study2/view1_frontal.jpg,Pneumonia,chexpert
train/patient43872/study3/view1_frontal.jpg,Pneumonia,chexpert
train/patient43894/study2/view1_frontal.jpg,Pneumonia,chexpert
train/patient43899/study4/view1_frontal.jpg,Pneumonia,chexpert
train/patient43902/study4/view1_frontal.jpg,Pneumonia,chexpert
train/patient43902/study3/view1_frontal.jpg,Pneumonia,chexpert
train/patient43917/study1/view1_frontal.jpg,Pneumonia,chexpert
train/patient43922/study11/view1_frontal.jpg,Pneumonia,chexpert
train/patient43922/study12/view1_frontal.jpg,Pneumonia,chexpert
train/patient43935/study6/view1_frontal.jpg,Pneumonia,chexpert
train/patient43969/study1/view1_frontal.jpg,Pneumonia,chexpert
train/patient43975/study2/view1_frontal.jpg,Pneumonia,chexpert
train/patient43994/study3/view1_frontal.jpg,Pneumonia,chexpert
train/patient43994/study2/view1_frontal.jpg,Pneumonia,chexpert
train/patient44005/study2/view1_frontal.jpg,Pneumonia,chexpert
train/patient44006/study2/view1_frontal.jpg,Pneumonia,chexpert
train/patient44009/study1/view1_frontal.jpg,Pneumonia,chexpert
train/patient44064/study1/view1_frontal.jpg,Pneumonia,chexpert
train/patient44098/study2/view1_frontal.jpg,Pneumonia,chexpert
train/patient44117/study4/view1_frontal.jpg,Pneumonia,chexpert
train/patient44117/study3/view1_frontal.jpg,Pneumonia,chexpert
train/patient44152/study1/view1_frontal.jpg,Pneumonia,chexpert
train/patient44152/study4/view1_frontal.jpg,Pneumonia,chexpert
train/patient44171/study4/view1_frontal.jpg,Pneumonia,chexpert
train/patient44200/study1/view1_frontal.jpg,Pneumonia,chexpert
train/patient44282/study1/view1_frontal.jpg,Pneumonia,chexpert
train/patient44287/study1/view1_frontal.jpg,Pneumonia,chexpert
train/patient44302/study1/view1_frontal.jpg,Pneumonia,chexpert
train/patient44326/study1/view1_frontal.jpg,Pneumonia,chexpert
train/patient44334/study2/view1_frontal.jpg,Pneumonia,chexpert
train/patient44346/study2/view1_frontal.jpg,Pneumonia,chexpert
train/patient44370/study1/view1_frontal.jpg,Pneumonia,chexpert
train/patient44375/study2/view1_frontal.jpg,Pneumonia,chexpert
train/patient44375/study3/view1_frontal.jpg,Pneumonia,chexpert
train/patient44375/study3/view2_frontal.jpg,Pneumonia,chexpert
train/patient44390/study16/view1_frontal.jpg,Pneumonia,chexpert
train/patient44394/study1/view1_frontal.jpg,Pneumonia,chexpert
train/patient44401/study1/view1_frontal.jpg,Pneumonia,chexpert
train/patient44414/study2/view1_frontal.jpg,Pneumonia,chexpert
train/patient44435/study1/view1_frontal.jpg,Pneumonia,chexpert
train/patient44456/study1/view1_frontal.jpg,Pneumonia,chexpert
train/patient44471/study6/view1_frontal.jpg,Pneumonia,chexpert
train/patient44495/study2/view1_frontal.jpg,Pneumonia,chexpert
train/patient44503/study1/view1_frontal.jpg,Pneumonia,chexpert
train/patient44543/study6/view1_frontal.jpg,Pneumonia,chexpert
train/patient44587/study1/view1_frontal.jpg,Pneumonia,chexpert
train/patient44626/study2/view1_frontal.jpg,Pneumonia,chexpert
train/patient44639/study4/view1_frontal.jpg,Pneumonia,chexpert
train/patient44657/study3/view1_frontal.jpg,Pneumonia,chexpert
train/patient44657/study3/view2_frontal.jpg,Pneumonia,chexpert
train/patient44663/study6/view1_frontal.jpg,Pneumonia,chexpert
train/patient44667/study1/view1_frontal.jpg,Pneumonia,chexpert
train/patient44781/study2/view1_frontal.jpg,Pneumonia,chexpert
train/patient44781/study3/view1_frontal.jpg,Pneumonia,chexpert
train/patient44789/study3/view1_frontal.jpg,Pneumonia,chexpert
train/patient44789/study6/view1_frontal.jpg,Pneumonia,chexpert
train/patient44789/study12/view1_frontal.jpg,Pneumonia,chexpert
train/patient44804/study1/view1_frontal.jpg,Pneumonia,chexpert
train/patient44833/study1/view1_frontal.jpg,Pneumonia,chexpert
train/patient44893/study1/view1_frontal.jpg,Pneumonia,chexpert
train/patient44960/study9/view1_frontal.jpg,Pneumonia,chexpert
train/patient44969/study7/view1_frontal.jpg,Pneumonia,chexpert
train/patient44969/study1/view1_frontal.jpg,Pneumonia,chexpert
train/patient44969/study6/view1_frontal.jpg,Pneumonia,chexpert
train/patient44972/study6/view1_frontal.jpg,Pneumonia,chexpert
train/patient44981/study1/view1_frontal.jpg,Pneumonia,chexpert
train/patient44981/study4/view1_frontal.jpg,Pneumonia,chexpert
train/patient44981/study3/view1_frontal.jpg,Pneumonia,chexpert
train/patient44987/study1/view1_frontal.jpg,Pneumonia,chexpert
train/patient44996/study10/view1_frontal.jpg,Pneumonia,chexpert
train/patient44996/study1/view1_frontal.jpg,Pneumonia,chexpert
train/patient45042/study3/view1_frontal.jpg,Pneumonia,chexpert
train/patient45042/study2/view1_frontal.jpg,Pneumonia,chexpert
train/patient45068/study1/view1_frontal.jpg,Pneumonia,chexpert
train/patient45086/study4/view1_frontal.jpg,Pneumonia,chexpert
train/patient45120/study1/view1_frontal.jpg,Pneumonia,chexpert
train/patient45135/study3/view1_frontal.jpg,Pneumonia,chexpert
train/patient45184/study1/view1_frontal.jpg,Pneumonia,chexpert
train/patient45209/study7/view1_frontal.jpg,Pneumonia,chexpert
train/patient45219/study2/view1_frontal.jpg,Pneumonia,chexpert
train/patient45242/study6/view1_frontal.jpg,Pneumonia,chexpert
train/patient45261/study4/view1_frontal.jpg,Pneumonia,chexpert
train/patient45302/study1/view1_frontal.jpg,Pneumonia,chexpert
train/patient45318/study2/view1_frontal.jpg,Pneumonia,chexpert
train/patient45377/study1/view1_frontal.jpg,Pneumonia,chexpert
train/patient45409/study1/view1_frontal.jpg,Pneumonia,chexpert
train/patient45436/study8/view1_frontal.jpg,Pneumonia,chexpert
train/patient45449/study2/view1_frontal.jpg,Pneumonia,chexpert
train/patient45485/study3/view1_frontal.jpg,Pneumonia,chexpert
train/patient45520/study1/view1_frontal.jpg,Pneumonia,chexpert
train/patient45543/study1/view1_frontal.jpg,Pneumonia,chexpert
train/patient45596/study2/view1_frontal.jpg,Pneumonia,chexpert
train/patient45650/study2/view1_frontal.jpg,Pneumonia,chexpert
train/patient45653/study1/view1_frontal.jpg,Pneumonia,chexpert
train/patient45655/study1/view1_frontal.jpg,Pneumonia,chexpert
train/patient45658/study8/view1_frontal.jpg,Pneumonia,chexpert
train/patient45687/study2/view1_frontal.jpg,Pneumonia,chexpert
train/patient45735/study1/view1_frontal.jpg,Pneumonia,chexpert
train/patient45753/study6/view1_frontal.jpg,Pneumonia,chexpert
train/patient45754/study1/view1_frontal.jpg,Pneumonia,chexpert
train/patient45777/study4/view1_frontal.jpg,Pneumonia,chexpert
train/patient45807/study2/view1_frontal.jpg,Pneumonia,chexpert
train/patient45810/study1/view1_frontal.jpg,Pneumonia,chexpert
train/patient45875/study1/view1_frontal.jpg,Pneumonia,chexpert
train/patient45885/study1/view1_frontal.jpg,Pneumonia,chexpert
train/patient45912/study2/view1_frontal.jpg,Pneumonia,chexpert
train/patient45912/study3/view1_frontal.jpg,Pneumonia,chexpert
train/patient45916/study5/view1_frontal.jpg,Pneumonia,chexpert
train/patient45927/study1/view1_frontal.jpg,Pneumonia,chexpert
train/patient45933/study1/view1_frontal.jpg,Pneumonia,chexpert
train/patient45938/study1/view1_frontal.jpg,Pneumonia,chexpert
train/patient45990/study2/view1_frontal.jpg,Pneumonia,chexpert
train/patient45991/study1/view1_frontal.jpg,Pneumonia,chexpert
train/patient45998/study3/view1_frontal.jpg,Pneumonia,chexpert
train/patient46069/study1/view1_frontal.jpg,Pneumonia,chexpert
train/patient46116/study1/view1_frontal.jpg,Pneumonia,chexpert
train/patient46151/study4/view1_frontal.jpg,Pneumonia,chexpert
train/patient46237/study1/view1_frontal.jpg,Pneumonia,chexpert
train/patient46250/study1/view1_frontal.jpg,Pneumonia,chexpert
train/patient46251/study3/view1_frontal.jpg,Pneumonia,chexpert
train/patient46252/study1/view1_frontal.jpg,Pneumonia,chexpert
train/patient46271/study2/view1_frontal.jpg,Pneumonia,chexpert
train/patient46303/study2/view1_frontal.jpg,Pneumonia,chexpert
train/patient46306/study4/view1_frontal.jpg,Pneumonia,chexpert
train/patient46311/study1/view1_frontal.jpg,Pneumonia,chexpert
train/patient46314/study9/view1_frontal.jpg,Pneumonia,chexpert
train/patient46343/study5/view1_frontal.jpg,Pneumonia,chexpert
train/patient46345/study3/view1_frontal.jpg,Pneumonia,chexpert
train/patient46345/study1/view1_frontal.jpg,Pneumonia,chexpert
train/patient46360/study1/view1_frontal.jpg,Pneumonia,chexpert
train/patient46388/study1/view1_frontal.jpg,Pneumonia,chexpert
train/patient46413/study1/view1_frontal.jpg,Pneumonia,chexpert
train/patient46424/study1/view1_frontal.jpg,Pneumonia,chexpert
train/patient46442/study1/view1_frontal.jpg,Pneumonia,chexpert
train/patient46464/study2/view1_frontal.jpg,Pneumonia,chexpert
train/patient46542/study1/view1_frontal.jpg,Pneumonia,chexpert
train/patient46595/study1/view1_frontal.jpg,Pneumonia,chexpert
train/patient46602/study2/view1_frontal.jpg,Pneumonia,chexpert
train/patient46614/study2/view1_frontal.jpg,Pneumonia,chexpert
train/patient46626/study4/view1_frontal.jpg,Pneumonia,chexpert
train/patient46652/study1/view1_frontal.jpg,Pneumonia,chexpert
train/patient46656/study1/view1_frontal.jpg,Pneumonia,chexpert
train/patient46662/study5/view1_frontal.jpg,Pneumonia,chexpert
train/patient46669/study1/view1_frontal.jpg,Pneumonia,chexpert
train/patient46768/study1/view1_frontal.jpg,Pneumonia,chexpert
train/patient46781/study4/view1_frontal.jpg,Pneumonia,chexpert
train/patient46781/study3/view1_frontal.jpg,Pneumonia,chexpert
train/patient46781/study3/view2_frontal.jpg,Pneumonia,chexpert
train/patient46799/study1/view1_frontal.jpg,Pneumonia,chexpert
train/patient46814/study2/view1_frontal.jpg,Pneumonia,chexpert
train/patient46817/study1/view1_frontal.jpg,Pneumonia,chexpert
train/patient46834/study1/view1_frontal.jpg,Pneumonia,chexpert
train/patient46847/study3/view1_frontal.jpg,Pneumonia,chexpert
train/patient46863/study1/view1_frontal.jpg,Pneumonia,chexpert
train/patient46882/study1/view1_frontal.jpg,Pneumonia,chexpert
train/patient46927/study1/view1_frontal.jpg,Pneumonia,chexpert
train/patient46939/study1/view1_frontal.jpg,Pneumonia,chexpert
train/patient47002/study1/view1_frontal.jpg,Pneumonia,chexpert
train/patient47036/study2/view1_frontal.jpg,Pneumonia,chexpert
train/patient47036/study3/view1_frontal.jpg,Pneumonia,chexpert
train/patient47042/study1/view1_frontal.jpg,Pneumonia,chexpert
train/patient47082/study1/view1_frontal.jpg,Pneumonia,chexpert
train/patient47135/study1/view1_frontal.jpg,Pneumonia,chexpert
train/patient47158/study1/view1_frontal.jpg,Pneumonia,chexpert
train/patient47169/study1/view1_frontal.jpg,Pneumonia,chexpert
train/patient47175/study1/view1_frontal.jpg,Pneumonia,chexpert
train/patient47182/study4/view1_frontal.jpg,Pneumonia,chexpert
train/patient47217/study4/view1_frontal.jpg,Pneumonia,chexpert
train/patient47285/study1/view1_frontal.jpg,Pneumonia,chexpert
train/patient47289/study5/view1_frontal.jpg,Pneumonia,chexpert
train/patient47293/study8/view1_frontal.jpg,Pneumonia,chexpert
train/patient47313/study1/view1_frontal.jpg,Pneumonia,chexpert
train/patient47324/study1/view1_frontal.jpg,Pneumonia,chexpert
train/patient47326/study8/view1_frontal.jpg,Pneumonia,chexpert
train/patient47347/study4/view1_frontal.jpg,Pneumonia,chexpert
train/patient47371/study2/view1_frontal.jpg,Pneumonia,chexpert
train/patient47386/study1/view1_frontal.jpg,Pneumonia,chexpert
train/patient47399/study4/view1_frontal.jpg,Pneumonia,chexpert
train/patient47414/study1/view1_frontal.jpg,Pneumonia,chexpert
train/patient47446/study1/view1_frontal.jpg,Pneumonia,chexpert
train/patient47446/study2/view1_frontal.jpg,Pneumonia,chexpert
train/patient47459/study1/view1_frontal.jpg,Pneumonia,chexpert
train/patient47539/study3/view1_frontal.jpg,Pneumonia,chexpert
train/patient47551/study1/view1_frontal.jpg,Pneumonia,chexpert
train/patient47581/study1/view1_frontal.jpg,Pneumonia,chexpert
train/patient47582/study1/view1_frontal.jpg,Pneumonia,chexpert
train/patient47602/study1/view1_frontal.jpg,Pneumonia,chexpert
train/patient47639/study1/view1_frontal.jpg,Pneumonia,chexpert
train/patient47673/study4/view1_frontal.jpg,Pneumonia,chexpert
train/patient47685/study1/view1_frontal.jpg,Pneumonia,chexpert
train/patient47728/study1/view1_frontal.jpg,Pneumonia,chexpert
train/patient47744/study2/view1_frontal.jpg,Pneumonia,chexpert
train/patient47749/study2/view1_frontal.jpg,Pneumonia,chexpert
train/patient47752/study1/view1_frontal.jpg,Pneumonia,chexpert
train/patient47763/study1/view1_frontal.jpg,Pneumonia,chexpert
train/patient47774/study2/view1_frontal.jpg,Pneumonia,chexpert
train/patient47815/study1/view1_frontal.jpg,Pneumonia,chexpert
train/patient47866/study2/view1_frontal.jpg,Pneumonia,chexpert
train/patient47965/study1/view1_frontal.jpg,Pneumonia,chexpert
train/patient47981/study3/view1_frontal.jpg,Pneumonia,chexpert
train/patient47981/study2/view1_frontal.jpg,Pneumonia,chexpert
train/patient48007/study5/view1_frontal.jpg,Pneumonia,chexpert
train/patient48020/study2/view1_frontal.jpg,Pneumonia,chexpert
train/patient48032/study1/view1_frontal.jpg,Pneumonia,chexpert
train/patient48037/study1/view1_frontal.jpg,Pneumonia,chexpert
train/patient48059/study8/view1_frontal.jpg,Pneumonia,chexpert
train/patient48059/study2/view1_frontal.jpg,Pneumonia,chexpert
train/patient48092/study1/view1_frontal.jpg,Pneumonia,chexpert
train/patient48121/study1/view1_frontal.jpg,Pneumonia,chexpert
train/patient48144/study3/view1_frontal.jpg,Pneumonia,chexpert
train/patient48233/study1/view1_frontal.jpg,Pneumonia,chexpert
train/patient48248/study1/view1_frontal.jpg,Pneumonia,chexpert
train/patient48254/study2/view1_frontal.jpg,Pneumonia,chexpert
train/patient48271/study1/view1_frontal.jpg,Pneumonia,chexpert
train/patient48291/study1/view1_frontal.jpg,Pneumonia,chexpert
train/patient48298/study1/view1_frontal.jpg,Pneumonia,chexpert
train/patient48320/study2/view1_frontal.jpg,Pneumonia,chexpert
train/patient48346/study5/view1_frontal.jpg,Pneumonia,chexpert
train/patient48354/study2/view1_frontal.jpg,Pneumonia,chexpert
train/patient48360/study1/view1_frontal.jpg,Pneumonia,chexpert
train/patient48386/study1/view1_frontal.jpg,Pneumonia,chexpert
train/patient48405/study1/view1_frontal.jpg,Pneumonia,chexpert
train/patient48428/study2/view1_frontal.jpg,Pneumonia,chexpert
train/patient48501/study2/view1_frontal.jpg,Pneumonia,chexpert
train/patient48501/study2/view2_frontal.jpg,Pneumonia,chexpert
train/patient48547/study10/view1_frontal.jpg,Pneumonia,chexpert
train/patient48552/study1/view1_frontal.jpg,Pneumonia,chexpert
train/patient48570/study1/view1_frontal.jpg,Pneumonia,chexpert
train/patient48576/study9/view1_frontal.jpg,Pneumonia,chexpert
train/patient48576/study10/view1_frontal.jpg,Pneumonia,chexpert
train/patient48589/study1/view1_frontal.jpg,Pneumonia,chexpert
train/patient48606/study1/view1_frontal.jpg,Pneumonia,chexpert
train/patient48608/study1/view1_frontal.jpg,Pneumonia,chexpert
train/patient48621/study3/view1_frontal.jpg,Pneumonia,chexpert
train/patient48630/study1/view1_frontal.jpg,Pneumonia,chexpert
train/patient48639/study2/view1_frontal.jpg,Pneumonia,chexpert
train/patient48650/study4/view1_frontal.jpg,Pneumonia,chexpert
train/patient48660/study3/view1_frontal.jpg,Pneumonia,chexpert
train/patient48660/study3/view2_frontal.jpg,Pneumonia,chexpert
train/patient48678/study1/view1_frontal.jpg,Pneumonia,chexpert
train/patient48680/study2/view1_frontal.jpg,Pneumonia,chexpert
train/patient48712/study5/view1_frontal.jpg,Pneumonia,chexpert
train/patient48714/study1/view1_frontal.jpg,Pneumonia,chexpert
train/patient48753/study2/view1_frontal.jpg,Pneumonia,chexpert
train/patient48808/study6/view1_frontal.jpg,Pneumonia,chexpert
train/patient48832/study1/view1_frontal.jpg,Pneumonia,chexpert
train/patient48833/study1/view1_frontal.jpg,Pneumonia,chexpert
train/patient48862/study1/view1_frontal.jpg,Pneumonia,chexpert
train/patient48877/study2/view1_frontal.jpg,Pneumonia,chexpert
train/patient48877/study11/view1_frontal.jpg,Pneumonia,chexpert
train/patient48877/study12/view1_frontal.jpg,Pneumonia,chexpert
train/patient48877/study13/view1_frontal.jpg,Pneumonia,chexpert
train/patient48887/study1/view1_frontal.jpg,Pneumonia,chexpert
train/patient48909/study2/view1_frontal.jpg,Pneumonia,chexpert
train/patient48909/study1/view1_frontal.jpg,Pneumonia,chexpert
train/patient48945/study2/view1_frontal.jpg,Pneumonia,chexpert
train/patient49007/study5/view1_frontal.jpg,Pneumonia,chexpert
train/patient49021/study2/view1_frontal.jpg,Pneumonia,chexpert
train/patient49045/study3/view1_frontal.jpg,Pneumonia,chexpert
train/patient49099/study1/view1_frontal.jpg,Pneumonia,chexpert
train/patient49099/study3/view1_frontal.jpg,Pneumonia,chexpert
train/patient49109/study1/view1_frontal.jpg,Pneumonia,chexpert
train/patient49113/study1/view1_frontal.jpg,Pneumonia,chexpert
train/patient49120/study1/view1_frontal.jpg,Pneumonia,chexpert
train/patient49124/study1/view1_frontal.jpg,Pneumonia,chexpert
train/patient49133/study2/view1_frontal.jpg,Pneumonia,chexpert
train/patient49133/study7/view1_frontal.jpg,Pneumonia,chexpert
train/patient49133/study6/view1_frontal.jpg,Pneumonia,chexpert
train/patient49133/study3/view1_frontal.jpg,Pneumonia,chexpert
train/patient49143/study1/view1_frontal.jpg,Pneumonia,chexpert
train/patient49161/study2/view1_frontal.jpg,Pneumonia,chexpert
train/patient49170/study3/view1_frontal.jpg,Pneumonia,chexpert
train/patient49171/study1/view1_frontal.jpg,Pneumonia,chexpert
train/patient49174/study3/view1_frontal.jpg,Pneumonia,chexpert
train/patient49219/study8/view1_frontal.jpg,Pneumonia,chexpert
train/patient49237/study8/view1_frontal.jpg,Pneumonia,chexpert
train/patient49270/study3/view1_frontal.jpg,Pneumonia,chexpert
train/patient49331/study11/view1_frontal.jpg,Pneumonia,chexpert
train/patient49341/study4/view1_frontal.jpg,Pneumonia,chexpert
train/patient49341/study5/view1_frontal.jpg,Pneumonia,chexpert
train/patient49346/study1/view1_frontal.jpg,Pneumonia,chexpert
train/patient49364/study3/view1_frontal.jpg,Pneumonia,chexpert
train/patient49394/study1/view1_frontal.jpg,Pneumonia,chexpert
train/patient49401/study3/view1_frontal.jpg,Pneumonia,chexpert
train/patient49403/study1/view1_frontal.jpg,Pneumonia,chexpert
train/patient49435/study1/view1_frontal.jpg,Pneumonia,chexpert
train/patient49437/study1/view1_frontal.jpg,Pneumonia,chexpert
train/patient49473/study3/view1_frontal.jpg,Pneumonia,chexpert
train/patient49496/study2/view1_frontal.jpg,Pneumonia,chexpert
train/patient49509/study1/view1_frontal.jpg,Pneumonia,chexpert
train/patient49522/study1/view1_frontal.jpg,Pneumonia,chexpert
train/patient49537/study4/view1_frontal.jpg,Pneumonia,chexpert
train/patient49541/study3/view1_frontal.jpg,Pneumonia,chexpert
train/patient49573/study1/view1_frontal.jpg,Pneumonia,chexpert
train/patient49587/study1/view1_frontal.jpg,Pneumonia,chexpert
train/patient49611/study2/view1_frontal.jpg,Pneumonia,chexpert
train/patient49627/study2/view1_frontal.jpg,Pneumonia,chexpert
train/patient49639/study2/view1_frontal.jpg,Pneumonia,chexpert
train/patient49647/study1/view1_frontal.jpg,Pneumonia,chexpert
train/patient49663/study1/view1_frontal.jpg,Pneumonia,chexpert
train/patient49675/study1/view1_frontal.jpg,Pneumonia,chexpert
train/patient49713/study1/view1_frontal.jpg,Pneumonia,chexpert
train/patient49807/study1/view1_frontal.jpg,Pneumonia,chexpert
train/patient49825/study1/view1_frontal.jpg,Pneumonia,chexpert
train/patient49868/study4/view1_frontal.jpg,Pneumonia,chexpert
train/patient49880/study1/view1_frontal.jpg,Pneumonia,chexpert
train/patient49886/study8/view1_frontal.jpg,Pneumonia,chexpert
train/patient49906/study6/view1_frontal.jpg,Pneumonia,chexpert
train/patient49938/study1/view1_frontal.jpg,Pneumonia,chexpert
train/patient49938/study1/view2_frontal.jpg,Pneumonia,chexpert
train/patient49938/study4/view1_frontal.jpg,Pneumonia,chexpert
train/patient49938/study2/view1_frontal.jpg,Pneumonia,chexpert
train/patient49974/study1/view1_frontal.jpg,Pneumonia,chexpert
train/patient49975/study1/view1_frontal.jpg,Pneumonia,chexpert
train/patient49980/study3/view1_frontal.jpg,Pneumonia,chexpert
train/patient49985/study2/view1_frontal.jpg,Pneumonia,chexpert
train/patient50009/study1/view1_frontal.jpg,Pneumonia,chexpert
train/patient50013/study1/view1_frontal.jpg,Pneumonia,chexpert
train/patient50015/study2/view1_frontal.jpg,Pneumonia,chexpert
train/patient50038/study2/view1_frontal.jpg,Pneumonia,chexpert
train/patient50055/study3/view1_frontal.jpg,Pneumonia,chexpert
train/patient50077/study1/view1_frontal.jpg,Pneumonia,chexpert
train/patient50092/study2/view1_frontal.jpg,Pneumonia,chexpert
train/patient50113/study3/view1_frontal.jpg,Pneumonia,chexpert
train/patient50118/study2/view1_frontal.jpg,Pneumonia,chexpert
train/patient50118/study1/view1_frontal.jpg,Pneumonia,chexpert
train/patient50131/study3/view1_frontal.jpg,Pneumonia,chexpert
train/patient50135/study1/view1_frontal.jpg,Pneumonia,chexpert
train/patient50172/study3/view1_frontal.jpg,Pneumonia,chexpert
train/patient50243/study2/view1_frontal.jpg,Pneumonia,chexpert
train/patient50243/study1/view1_frontal.jpg,Pneumonia,chexpert
train/patient50317/study2/view1_frontal.jpg,Pneumonia,chexpert
train/patient50329/study1/view1_frontal.jpg,Pneumonia,chexpert
train/patient50343/study1/view1_frontal.jpg,Pneumonia,chexpert
train/patient50347/study2/view1_frontal.jpg,Pneumonia,chexpert
train/patient50347/study1/view1_frontal.jpg,Pneumonia,chexpert
train/patient50403/study3/view1_frontal.jpg,Pneumonia,chexpert
train/patient50405/study7/view1_frontal.jpg,Pneumonia,chexpert
train/patient50407/study1/view1_frontal.jpg,Pneumonia,chexpert
train/patient50409/study1/view1_frontal.jpg,Pneumonia,chexpert
train/patient50434/study2/view1_frontal.jpg,Pneumonia,chexpert
train/patient50434/study3/view1_frontal.jpg,Pneumonia,chexpert
train/patient50434/study1/view1_frontal.jpg,Pneumonia,chexpert
train/patient50440/study1/view1_frontal.jpg,Pneumonia,chexpert
train/patient50442/study1/view1_frontal.jpg,Pneumonia,chexpert
train/patient50464/study1/view1_frontal.jpg,Pneumonia,chexpert
train/patient50580/study3/view1_frontal.jpg,Pneumonia,chexpert
train/patient50602/study1/view1_frontal.jpg,Pneumonia,chexpert
train/patient50620/study2/view1_frontal.jpg,Pneumonia,chexpert
train/patient50629/study1/view1_frontal.jpg,Pneumonia,chexpert
train/patient50693/study4/view1_frontal.jpg,Pneumonia,chexpert
train/patient50693/study3/view1_frontal.jpg,Pneumonia,chexpert
train/patient50694/study1/view1_frontal.jpg,Pneumonia,chexpert
train/patient50699/study2/view1_frontal.jpg,Pneumonia,chexpert
train/patient50703/study1/view1_frontal.jpg,Pneumonia,chexpert
train/patient50775/study2/view1_frontal.jpg,Pneumonia,chexpert
train/patient50783/study1/view1_frontal.jpg,Pneumonia,chexpert
train/patient50815/study4/view1_frontal.jpg,Pneumonia,chexpert
train/patient50815/study1/view1_frontal.jpg,Pneumonia,chexpert
train/patient50815/study2/view1_frontal.jpg,Pneumonia,chexpert
train/patient50815/study3/view1_frontal.jpg,Pneumonia,chexpert
train/patient50818/study1/view1_frontal.jpg,Pneumonia,chexpert
train/patient50917/study7/view1_frontal.jpg,Pneumonia,chexpert
train/patient50924/study1/view1_frontal.jpg,Pneumonia,chexpert
train/patient50968/study4/view1_frontal.jpg,Pneumonia,chexpert
train/patient51029/study1/view1_frontal.jpg,Pneumonia,chexpert
train/patient51036/study1/view1_frontal.jpg,Pneumonia,chexpert
train/patient51051/study2/view1_frontal.jpg,Pneumonia,chexpert
train/patient51052/study1/view1_frontal.jpg,Pneumonia,chexpert
train/patient51052/study1/view2_frontal.jpg,Pneumonia,chexpert
train/patient51057/study2/view1_frontal.jpg,Pneumonia,chexpert
train/patient51155/study1/view1_frontal.jpg,Pneumonia,chexpert
train/patient51181/study1/view1_frontal.jpg,Pneumonia,chexpert
train/patient51205/study1/view1_frontal.jpg,Pneumonia,chexpert
train/patient51225/study4/view1_frontal.jpg,Pneumonia,chexpert
train/patient51234/study1/view1_frontal.jpg,Pneumonia,chexpert
train/patient51298/study2/view1_frontal.jpg,Pneumonia,chexpert
train/patient51331/study1/view1_frontal.jpg,Pneumonia,chexpert
train/patient51340/study1/view1_frontal.jpg,Pneumonia,chexpert
train/patient51345/study1/view1_frontal.jpg,Pneumonia,chexpert
train/patient51408/study1/view1_frontal.jpg,Pneumonia,chexpert
train/patient51413/study3/view1_frontal.jpg,Pneumonia,chexpert
train/patient51462/study3/view1_frontal.jpg,Pneumonia,chexpert
train/patient51467/study2/view1_frontal.jpg,Pneumonia,chexpert
train/patient51468/study1/view1_frontal.jpg,Pneumonia,chexpert
train/patient51473/study2/view1_frontal.jpg,Pneumonia,chexpert
train/patient51498/study2/view1_frontal.jpg,Pneumonia,chexpert
train/patient51510/study2/view1_frontal.jpg,Pneumonia,chexpert
train/patient51598/study1/view1_frontal.jpg,Pneumonia,chexpert
train/patient51600/study1/view1_frontal.jpg,Pneumonia,chexpert
train/patient51609/study1/view1_frontal.jpg,Pneumonia,chexpert
train/patient51641/study2/view1_frontal.jpg,Pneumonia,chexpert
train/patient51677/study2/view1_frontal.jpg,Pneumonia,chexpert
train/patient51804/study1/view1_frontal.jpg,Pneumonia,chexpert
train/patient51817/study2/view1_frontal.jpg,Pneumonia,chexpert
train/patient51836/study2/view1_frontal.jpg,Pneumonia,chexpert
train/patient51836/study1/view1_frontal.jpg,Pneumonia,chexpert
train/patient51869/study1/view1_frontal.jpg,Pneumonia,chexpert
train/patient51871/study1/view1_frontal.jpg,Pneumonia,chexpert
train/patient51932/study1/view1_frontal.jpg,Pneumonia,chexpert
train/patient51939/study1/view1_frontal.jpg,Pneumonia,chexpert
train/patient51962/study1/view1_frontal.jpg,Pneumonia,chexpert
train/patient52024/study1/view1_frontal.jpg,Pneumonia,chexpert
train/patient52133/study1/view1_frontal.jpg,Pneumonia,chexpert
train/patient52146/study1/view1_frontal.jpg,Pneumonia,chexpert
train/patient52161/study1/view1_frontal.jpg,Pneumonia,chexpert
train/patient52199/study1/view1_frontal.jpg,Pneumonia,chexpert
train/patient52201/study1/view1_frontal.jpg,Pneumonia,chexpert
train/patient52205/study1/view1_frontal.jpg,Pneumonia,chexpert
train/patient52411/study1/view1_frontal.jpg,Pneumonia,chexpert
train/patient52471/study1/view1_frontal.jpg,Pneumonia,chexpert
train/patient52491/study1/view1_frontal.jpg,Pneumonia,chexpert
train/patient52544/study1/view1_frontal.jpg,Pneumonia,chexpert
train/patient52601/study4/view1_frontal.jpg,Pneumonia,chexpert
train/patient52640/study1/view1_frontal.jpg,Pneumonia,chexpert
train/patient52676/study1/view1_frontal.jpg,Pneumonia,chexpert
train/patient52691/study1/view1_frontal.jpg,Pneumonia,chexpert
train/patient52698/study1/view1_frontal.jpg,Pneumonia,chexpert
train/patient52711/study1/view1_frontal.jpg,Pneumonia,chexpert
train/patient52713/study2/view1_frontal.jpg,Pneumonia,chexpert
train/patient52754/study1/view1_frontal.jpg,Pneumonia,chexpert
train/patient52849/study1/view1_frontal.jpg,Pneumonia,chexpert
train/patient52851/study1/view1_frontal.jpg,Pneumonia,chexpert
train/patient52865/study1/view1_frontal.jpg,Pneumonia,chexpert
train/patient52878/study1/view1_frontal.jpg,Pneumonia,chexpert
train/patient52972/study1/view1_frontal.jpg,Pneumonia,chexpert
train/patient52983/study2/view1_frontal.jpg,Pneumonia,chexpert
train/patient52987/study2/view1_frontal.jpg,Pneumonia,chexpert
train/patient53018/study1/view1_frontal.jpg,Pneumonia,chexpert
train/patient53053/study1/view1_frontal.jpg,Pneumonia,chexpert
train/patient53153/study1/view1_frontal.jpg,Pneumonia,chexpert
train/patient53157/study2/view1_frontal.jpg,Pneumonia,chexpert
train/patient53164/study2/view1_frontal.jpg,Pneumonia,chexpert
train/patient53183/study1/view1_frontal.jpg,Pneumonia,chexpert
train/patient53186/study1/view1_frontal.jpg,Pneumonia,chexpert
train/patient53187/study1/view1_frontal.jpg,Pneumonia,chexpert
train/patient53189/study3/view1_frontal.jpg,Pneumonia,chexpert
train/patient53189/study4/view1_frontal.jpg,Pneumonia,chexpert
train/patient53324/study1/view1_frontal.jpg,Pneumonia,chexpert
train/patient53409/study1/view1_frontal.jpg,Pneumonia,chexpert
train/patient53440/study2/view1_frontal.jpg,Pneumonia,chexpert
train/patient53443/study1/view1_frontal.jpg,Pneumonia,chexpert
train/patient53448/study1/view1_frontal.jpg,Pneumonia,chexpert
train/patient53452/study1/view1_frontal.jpg,Pneumonia,chexpert
train/patient53459/study1/view1_frontal.jpg,Pneumonia,chexpert
train/patient53472/study1/view1_frontal.jpg,Pneumonia,chexpert
train/patient53487/study1/view1_frontal.jpg,Pneumonia,chexpert
train/patient53492/study1/view1_frontal.jpg,Pneumonia,chexpert
train/patient53498/study3/view1_frontal.jpg,Pneumonia,chexpert
train/patient53511/study1/view1_frontal.jpg,Pneumonia,chexpert
train/patient53566/study1/view1_frontal.jpg,Pneumonia,chexpert
train/patient53586/study1/view1_frontal.jpg,Pneumonia,chexpert
train/patient53599/study1/view1_frontal.jpg,Pneumonia,chexpert
train/patient53610/study1/view1_frontal.jpg,Pneumonia,chexpert
train/patient53646/study1/view1_frontal.jpg,Pneumonia,chexpert
train/patient53676/study1/view1_frontal.jpg,Pneumonia,chexpert
train/patient53709/study2/view1_frontal.jpg,Pneumonia,chexpert
train/patient53726/study1/view1_frontal.jpg,Pneumonia,chexpert
train/patient53757/study1/view1_frontal.jpg,Pneumonia,chexpert
train/patient53825/study1/view1_frontal.jpg,Pneumonia,chexpert
train/patient53839/study2/view1_frontal.jpg,Pneumonia,chexpert
train/patient53839/study3/view1_frontal.jpg,Pneumonia,chexpert
train/patient53847/study1/view1_frontal.jpg,Pneumonia,chexpert
train/patient53878/study1/view1_frontal.jpg,Pneumonia,chexpert
train/patient53999/study1/view1_frontal.jpg,Pneumonia,chexpert
train/patient54014/study1/view1_frontal.jpg,Pneumonia,chexpert
train/patient54039/study1/view1_frontal.jpg,Pneumonia,chexpert
train/patient54039/study2/view1_frontal.jpg,Pneumonia,chexpert
train/patient54090/study1/view1_frontal.jpg,Pneumonia,chexpert
train/patient54094/study2/view1_frontal.jpg,Pneumonia,chexpert
train/patient54098/study1/view1_frontal.jpg,Pneumonia,chexpert
train/patient54107/study1/view1_frontal.jpg,Pneumonia,chexpert
train/patient54107/study1/view2_frontal.jpg,Pneumonia,chexpert
train/patient54172/study1/view1_frontal.jpg,Pneumonia,chexpert
train/patient54176/study1/view1_frontal.jpg,Pneumonia,chexpert
train/patient54212/study1/view1_frontal.jpg,Pneumonia,chexpert
train/patient54277/study1/view1_frontal.jpg,Pneumonia,chexpert
train/patient54292/study3/view1_frontal.jpg,Pneumonia,chexpert
train/patient54294/study1/view1_frontal.jpg,Pneumonia,chexpert
train/patient54294/study2/view1_frontal.jpg,Pneumonia,chexpert
train/patient54364/study3/view1_frontal.jpg,Pneumonia,chexpert
train/patient54382/study1/view1_frontal.jpg,Pneumonia,chexpert
train/patient54395/study1/view1_frontal.jpg,Pneumonia,chexpert
train/patient54452/study6/view1_frontal.jpg,Pneumonia,chexpert
train/patient54452/study8/view1_frontal.jpg,Pneumonia,chexpert
train/patient54488/study1/view1_frontal.jpg,Pneumonia,chexpert
train/patient54498/study1/view1_frontal.jpg,Pneumonia,chexpert
train/patient54538/study1/view1_frontal.jpg,Pneumonia,chexpert
train/patient54551/study1/view1_frontal.jpg,Pneumonia,chexpert
train/patient54556/study1/view1_frontal.jpg,Pneumonia,chexpert
train/patient54566/study3/view1_frontal.jpg,Pneumonia,chexpert
train/patient54581/study1/view1_frontal.jpg,Pneumonia,chexpert
train/patient54689/study1/view1_frontal.jpg,Pneumonia,chexpert
train/patient54706/study4/view1_frontal.jpg,Pneumonia,chexpert
train/patient54707/study1/view1_frontal.jpg,Pneumonia,chexpert
train/patient54711/study1/view1_frontal.jpg,Pneumonia,chexpert
train/patient54730/study1/view1_frontal.jpg,Pneumonia,chexpert
train/patient54808/study1/view1_frontal.jpg,Pneumonia,chexpert
train/patient54819/study3/view1_frontal.jpg,Pneumonia,chexpert
train/patient54830/study1/view1_frontal.jpg,Pneumonia,chexpert
train/patient54862/study1/view1_frontal.jpg,Pneumonia,chexpert
train/patient54899/study2/view1_frontal.jpg,Pneumonia,chexpert
train/patient54943/study2/view1_frontal.jpg,Pneumonia,chexpert
train/patient55030/study1/view1_frontal.jpg,Pneumonia,chexpert
train/patient55063/study1/view1_frontal.jpg,Pneumonia,chexpert
train/patient55074/study1/view1_frontal.jpg,Pneumonia,chexpert
train/patient55112/study1/view1_frontal.jpg,Pneumonia,chexpert
train/patient55116/study1/view1_frontal.jpg,Pneumonia,chexpert
train/patient55167/study1/view1_frontal.jpg,Pneumonia,chexpert
train/patient55196/study3/view1_frontal.jpg,Pneumonia,chexpert
train/patient55262/study1/view1_frontal.jpg,Pneumonia,chexpert
train/patient55275/study1/view1_frontal.jpg,Pneumonia,chexpert
train/patient55287/study2/view1_frontal.jpg,Pneumonia,chexpert
train/patient55297/study1/view1_frontal.jpg,Pneumonia,chexpert
train/patient55376/study1/view1_frontal.jpg,Pneumonia,chexpert
train/patient55395/study1/view1_frontal.jpg,Pneumonia,chexpert
train/patient55419/study2/view1_frontal.jpg,Pneumonia,chexpert
train/patient55421/study2/view1_frontal.jpg,Pneumonia,chexpert
train/patient55454/study1/view1_frontal.jpg,Pneumonia,chexpert
train/patient55493/study4/view1_frontal.jpg,Pneumonia,chexpert
train/patient55557/study2/view1_frontal.jpg,Pneumonia,chexpert
train/patient55561/study3/view1_frontal.jpg,Pneumonia,chexpert
train/patient55566/study1/view1_frontal.jpg,Pneumonia,chexpert
train/patient55609/study1/view1_frontal.jpg,Pneumonia,chexpert
train/patient55621/study2/view1_frontal.jpg,Pneumonia,chexpert
train/patient55643/study1/view1_frontal.jpg,Pneumonia,chexpert
train/patient55661/study1/view1_frontal.jpg,Pneumonia,chexpert
train/patient55683/study2/view1_frontal.jpg,Pneumonia,chexpert
train/patient55702/study1/view1_frontal.jpg,Pneumonia,chexpert
train/patient55728/study1/view1_frontal.jpg,Pneumonia,chexpert
train/patient55803/study1/view1_frontal.jpg,Pneumonia,chexpert
train/patient55806/study4/view1_frontal.jpg,Pneumonia,chexpert
train/patient55815/study1/view1_frontal.jpg,Pneumonia,chexpert
train/patient55826/study4/view1_frontal.jpg,Pneumonia,chexpert
train/patient55828/study1/view1_frontal.jpg,Pneumonia,chexpert
train/patient55936/study2/view1_frontal.jpg,Pneumonia,chexpert
train/patient55939/study1/view1_frontal.jpg,Pneumonia,chexpert
train/patient55954/study2/view1_frontal.jpg,Pneumonia,chexpert
train/patient55963/study1/view1_frontal.jpg,Pneumonia,chexpert
train/patient55980/study1/view1_frontal.jpg,Pneumonia,chexpert
train/patient55992/study1/view1_frontal.jpg,Pneumonia,chexpert
train/patient56037/study1/view1_frontal.jpg,Pneumonia,chexpert
train/patient56047/study1/view1_frontal.jpg,Pneumonia,chexpert
train/patient56060/study1/view1_frontal.jpg,Pneumonia,chexpert
train/patient56062/study1/view1_frontal.jpg,Pneumonia,chexpert
train/patient56075/study1/view1_frontal.jpg,Pneumonia,chexpert
train/patient56127/study1/view1_frontal.jpg,Pneumonia,chexpert
train/patient56132/study3/view1_frontal.jpg,Pneumonia,chexpert
train/patient56135/study1/view1_frontal.jpg,Pneumonia,chexpert
train/patient56152/study1/view1_frontal.jpg,Pneumonia,chexpert
train/patient56173/study1/view1_frontal.jpg,Pneumonia,chexpert
train/patient56206/study1/view1_frontal.jpg,Pneumonia,chexpert
train/patient56206/study1/view2_frontal.jpg,Pneumonia,chexpert
train/patient56232/study1/view1_frontal.jpg,Pneumonia,chexpert
train/patient56274/study1/view1_frontal.jpg,Pneumonia,chexpert
train/patient56274/study3/view1_frontal.jpg,Pneumonia,chexpert
train/patient56282/study2/view1_frontal.jpg,Pneumonia,chexpert
train/patient56293/study1/view1_frontal.jpg,Pneumonia,chexpert
train/patient56333/study1/view1_frontal.jpg,Pneumonia,chexpert
train/patient56342/study2/view1_frontal.jpg,Pneumonia,chexpert
train/patient56362/study1/view1_frontal.jpg,Pneumonia,chexpert
train/patient56373/study1/view1_frontal.jpg,Pneumonia,chexpert
train/patient56410/study1/view1_frontal.jpg,Pneumonia,chexpert
train/patient56452/study1/view1_frontal.jpg,Pneumonia,chexpert
train/patient56456/study1/view1_frontal.jpg,Pneumonia,chexpert
train/patient56484/study2/view1_frontal.jpg,Pneumonia,chexpert
train/patient56498/study1/view1_frontal.jpg,Pneumonia,chexpert
train/patient56504/study2/view1_frontal.jpg,Pneumonia,chexpert
train/patient56508/study1/view1_frontal.jpg,Pneumonia,chexpert
train/patient56528/study2/view1_frontal.jpg,Pneumonia,chexpert
train/patient56539/study1/view1_frontal.jpg,Pneumonia,chexpert
train/patient56558/study1/view1_frontal.jpg,Pneumonia,chexpert
train/patient56599/study1/view1_frontal.jpg,Pneumonia,chexpert
train/patient56670/study1/view1_frontal.jpg,Pneumonia,chexpert
train/patient56734/study1/view1_frontal.jpg,Pneumonia,chexpert
train/patient56739/study1/view1_frontal.jpg,Pneumonia,chexpert
train/patient56775/study1/view1_frontal.jpg,Pneumonia,chexpert
train/patient56786/study1/view1_frontal.jpg,Pneumonia,chexpert
train/patient56809/study1/view1_frontal.jpg,Pneumonia,chexpert
train/patient56848/study1/view1_frontal.jpg,Pneumonia,chexpert
train/patient56864/study4/view1_frontal.jpg,Pneumonia,chexpert
train/patient56872/study1/view1_frontal.jpg,Pneumonia,chexpert
train/patient56886/study1/view1_frontal.jpg,Pneumonia,chexpert
train/patient56921/study1/view1_frontal.jpg,Pneumonia,chexpert
train/patient56924/study1/view1_frontal.jpg,Pneumonia,chexpert
train/patient56955/study2/view1_frontal.jpg,Pneumonia,chexpert
train/patient56959/study1/view1_frontal.jpg,Pneumonia,chexpert
train/patient57012/study2/view1_frontal.jpg,Pneumonia,chexpert
train/patient57085/study1/view1_frontal.jpg,Pneumonia,chexpert
train/patient57160/study1/view1_frontal.jpg,Pneumonia,chexpert
train/patient57162/study1/view1_frontal.jpg,Pneumonia,chexpert
train/patient57198/study1/view1_frontal.jpg,Pneumonia,chexpert
train/patient57250/study1/view1_frontal.jpg,Pneumonia,chexpert
train/patient57356/study1/view1_frontal.jpg,Pneumonia,chexpert
train/patient57360/study2/view1_frontal.jpg,Pneumonia,chexpert
train/patient57369/study1/view1_frontal.jpg,Pneumonia,chexpert
train/patient57373/study1/view1_frontal.jpg,Pneumonia,chexpert
train/patient57477/study1/view1_frontal.jpg,Pneumonia,chexpert
train/patient57528/study1/view1_frontal.jpg,Pneumonia,chexpert
train/patient57547/study1/view1_frontal.jpg,Pneumonia,chexpert
train/patient57561/study2/view1_frontal.jpg,Pneumonia,chexpert
train/patient57572/study1/view1_frontal.jpg,Pneumonia,chexpert
train/patient57647/study2/view1_frontal.jpg,Pneumonia,chexpert
train/patient57654/study3/view1_frontal.jpg,Pneumonia,chexpert
train/patient57674/study1/view1_frontal.jpg,Pneumonia,chexpert
train/patient57681/study2/view1_frontal.jpg,Pneumonia,chexpert
train/patient57699/study1/view1_frontal.jpg,Pneumonia,chexpert
train/patient57759/study2/view1_frontal.jpg,Pneumonia,chexpert
train/patient57759/study1/view1_frontal.jpg,Pneumonia,chexpert
train/patient57775/study1/view1_frontal.jpg,Pneumonia,chexpert
train/patient57785/study1/view1_frontal.jpg,Pneumonia,chexpert
train/patient57802/study1/view1_frontal.jpg,Pneumonia,chexpert
train/patient57804/study1/view1_frontal.jpg,Pneumonia,chexpert
train/patient57843/study1/view1_frontal.jpg,Pneumonia,chexpert
train/patient57882/study4/view1_frontal.jpg,Pneumonia,chexpert
train/patient57909/study1/view1_frontal.jpg,Pneumonia,chexpert
train/patient57999/study2/view1_frontal.jpg,Pneumonia,chexpert
train/patient57999/study2/view2_frontal.jpg,Pneumonia,chexpert
train/patient57999/study1/view1_frontal.jpg,Pneumonia,chexpert
train/patient58050/study2/view1_frontal.jpg,Pneumonia,chexpert
train/patient58056/study1/view1_frontal.jpg,Pneumonia,chexpert
train/patient58092/study1/view1_frontal.jpg,Pneumonia,chexpert
train/patient58092/study1/view2_frontal.jpg,Pneumonia,chexpert
train/patient58106/study1/view1_frontal.jpg,Pneumonia,chexpert
train/patient58142/study1/view1_frontal.jpg,Pneumonia,chexpert
train/patient58161/study1/view1_frontal.jpg,Pneumonia,chexpert
train/patient58168/study2/view1_frontal.jpg,Pneumonia,chexpert
train/patient58182/study1/view1_frontal.jpg,Pneumonia,chexpert
train/patient58183/study1/view1_frontal.jpg,Pneumonia,chexpert
train/patient58194/study2/view1_frontal.jpg,Pneumonia,chexpert
train/patient58254/study2/view1_frontal.jpg,Pneumonia,chexpert
train/patient58260/study1/view1_frontal.jpg,Pneumonia,chexpert
train/patient58278/study1/view1_frontal.jpg,Pneumonia,chexpert
train/patient58299/study1/view1_frontal.jpg,Pneumonia,chexpert
train/patient58318/study1/view1_frontal.jpg,Pneumonia,chexpert
train/patient58324/study1/view1_frontal.jpg,Pneumonia,chexpert
train/patient58337/study1/view1_frontal.jpg,Pneumonia,chexpert
train/patient58343/study1/view1_frontal.jpg,Pneumonia,chexpert
train/patient58348/study1/view1_frontal.jpg,Pneumonia,chexpert
train/patient58377/study1/view1_frontal.jpg,Pneumonia,chexpert
train/patient58382/study1/view1_frontal.jpg,Pneumonia,chexpert
train/patient58387/study2/view1_frontal.jpg,Pneumonia,chexpert
train/patient58387/study1/view1_frontal.jpg,Pneumonia,chexpert
train/patient58390/study1/view1_frontal.jpg,Pneumonia,chexpert
train/patient58480/study1/view1_frontal.jpg,Pneumonia,chexpert
train/patient58485/study1/view1_frontal.jpg,Pneumonia,chexpert
train/patient58538/study1/view1_frontal.jpg,Pneumonia,chexpert
train/patient58563/study1/view1_frontal.jpg,Pneumonia,chexpert
train/patient58599/study1/view1_frontal.jpg,Pneumonia,chexpert
train/patient58619/study1/view1_frontal.jpg,Pneumonia,chexpert
train/patient58625/study3/view1_frontal.jpg,Pneumonia,chexpert
train/patient58657/study1/view1_frontal.jpg,Pneumonia,chexpert
train/patient58719/study1/view1_frontal.jpg,Pneumonia,chexpert
train/patient58743/study1/view1_frontal.jpg,Pneumonia,chexpert
train/patient58772/study1/view1_frontal.jpg,Pneumonia,chexpert
train/patient58807/study1/view1_frontal.jpg,Pneumonia,chexpert
train/patient58827/study1/view1_frontal.jpg,Pneumonia,chexpert
train/patient58868/study2/view1_frontal.jpg,Pneumonia,chexpert
train/patient58874/study1/view1_frontal.jpg,Pneumonia,chexpert
train/patient58905/study1/view1_frontal.jpg,Pneumonia,chexpert
train/patient58907/study4/view1_frontal.jpg,Pneumonia,chexpert
train/patient58940/study1/view1_frontal.jpg,Pneumonia,chexpert
train/patient59048/study1/view1_frontal.jpg,Pneumonia,chexpert
train/patient59089/study1/view1_frontal.jpg,Pneumonia,chexpert
train/patient59095/study1/view1_frontal.jpg,Pneumonia,chexpert
train/patient59107/study1/view1_frontal.jpg,Pneumonia,chexpert
train/patient59117/study1/view1_frontal.jpg,Pneumonia,chexpert
train/patient59168/study1/view1_frontal.jpg,Pneumonia,chexpert
train/patient59183/study1/view1_frontal.jpg,Pneumonia,chexpert
train/patient59194/study1/view1_frontal.jpg,Pneumonia,chexpert
train/patient59270/study1/view1_frontal.jpg,Pneumonia,chexpert
train/patient59302/study2/view1_frontal.jpg,Pneumonia,chexpert
train/patient59305/study1/view1_frontal.jpg,Pneumonia,chexpert
train/patient59351/study2/view1_frontal.jpg,Pneumonia,chexpert
train/patient59356/study2/view1_frontal.jpg,Pneumonia,chexpert
train/patient59382/study2/view1_frontal.jpg,Pneumonia,chexpert
train/patient59382/study1/view1_frontal.jpg,Pneumonia,chexpert
train/patient59405/study1/view1_frontal.jpg,Pneumonia,chexpert
train/patient59447/study1/view1_frontal.jpg,Pneumonia,chexpert
train/patient59505/study4/view1_frontal.jpg,Pneumonia,chexpert
train/patient59532/study1/view1_frontal.jpg,Pneumonia,chexpert
train/patient59550/study2/view1_frontal.jpg,Pneumonia,chexpert
train/patient59550/study1/view1_frontal.jpg,Pneumonia,chexpert
train/patient59575/study6/view1_frontal.jpg,Pneumonia,chexpert
train/patient59594/study1/view1_frontal.jpg,Pneumonia,chexpert
train/patient59640/study2/view1_frontal.jpg,Pneumonia,chexpert
train/patient59649/study1/view1_frontal.jpg,Pneumonia,chexpert
train/patient59695/study1/view1_frontal.jpg,Pneumonia,chexpert
train/patient59771/study1/view1_frontal.jpg,Pneumonia,chexpert
train/patient59824/study2/view1_frontal.jpg,Pneumonia,chexpert
train/patient59925/study1/view1_frontal.jpg,Pneumonia,chexpert
train/patient59928/study3/view1_frontal.jpg,Pneumonia,chexpert
train/patient59928/study1/view1_frontal.jpg,Pneumonia,chexpert
train/patient59943/study1/view1_frontal.jpg,Pneumonia,chexpert
train/patient59985/study3/view1_frontal.jpg,Pneumonia,chexpert
train/patient59989/study2/view1_frontal.jpg,Pneumonia,chexpert
train/patient60064/study2/view1_frontal.jpg,Pneumonia,chexpert
train/patient60085/study1/view1_frontal.jpg,Pneumonia,chexpert
train/patient60194/study2/view1_frontal.jpg,Pneumonia,chexpert
train/patient60310/study1/view1_frontal.jpg,Pneumonia,chexpert
train/patient60355/study1/view1_frontal.jpg,Pneumonia,chexpert
train/patient60380/study1/view1_frontal.jpg,Pneumonia,chexpert
train/patient60393/study1/view1_frontal.jpg,Pneumonia,chexpert
train/patient60418/study1/view1_frontal.jpg,Pneumonia,chexpert
train/patient60522/study1/view1_frontal.jpg,Pneumonia,chexpert
train/patient60534/study1/view1_frontal.jpg,Pneumonia,chexpert
train/patient60563/study1/view1_frontal.jpg,Pneumonia,chexpert
train/patient60570/study1/view1_frontal.jpg,Pneumonia,chexpert
train/patient60570/study1/view2_frontal.jpg,Pneumonia,chexpert
train/patient60573/study1/view1_frontal.jpg,Pneumonia,chexpert
train/patient60585/study1/view1_frontal.jpg,Pneumonia,chexpert
train/patient60585/study1/view2_frontal.jpg,Pneumonia,chexpert
train/patient60720/study1/view1_frontal.jpg,Pneumonia,chexpert
train/patient60728/study1/view1_frontal.jpg,Pneumonia,chexpert
train/patient60762/study1/view1_frontal.jpg,Pneumonia,chexpert
train/patient60784/study1/view1_frontal.jpg,Pneumonia,chexpert
train/patient60851/study1/view1_frontal.jpg,Pneumonia,chexpert
train/patient60861/study4/view1_frontal.jpg,Pneumonia,chexpert
train/patient60930/study1/view1_frontal.jpg,Pneumonia,chexpert
train/patient60933/study2/view1_frontal.jpg,Pneumonia,chexpert
train/patient60971/study1/view1_frontal.jpg,Pneumonia,chexpert
train/patient61000/study1/view1_frontal.jpg,Pneumonia,chexpert
train/patient61040/study1/view1_frontal.jpg,Pneumonia,chexpert
train/patient61057/study1/view1_frontal.jpg,Pneumonia,chexpert
train/patient61065/study1/view1_frontal.jpg,Pneumonia,chexpert
train/patient61160/study1/view1_frontal.jpg,Pneumonia,chexpert
train/patient61276/study1/view1_frontal.jpg,Pneumonia,chexpert
train/patient61332/study1/view1_frontal.jpg,Pneumonia,chexpert
train/patient61335/study1/view1_frontal.jpg,Pneumonia,chexpert
train/patient61337/study1/view1_frontal.jpg,Pneumonia,chexpert
train/patient61380/study1/view1_frontal.jpg,Pneumonia,chexpert
train/patient61461/study1/view1_frontal.jpg,Pneumonia,chexpert
train/patient61468/study1/view1_frontal.jpg,Pneumonia,chexpert
train/patient61501/study1/view1_frontal.jpg,Pneumonia,chexpert
train/patient61559/study1/view1_frontal.jpg,Pneumonia,chexpert
train/patient61566/study1/view1_frontal.jpg,Pneumonia,chexpert
train/patient61570/study1/view1_frontal.jpg,Pneumonia,chexpert
train/patient61639/study1/view1_frontal.jpg,Pneumonia,chexpert
train/patient61641/study1/view1_frontal.jpg,Pneumonia,chexpert
train/patient61654/study1/view1_frontal.jpg,Pneumonia,chexpert
train/patient61667/study1/view1_frontal.jpg,Pneumonia,chexpert
train/patient61672/study1/view1_frontal.jpg,Pneumonia,chexpert
train/patient61737/study1/view1_frontal.jpg,Pneumonia,chexpert
train/patient61788/study1/view1_frontal.jpg,Pneumonia,chexpert
train/patient61817/study1/view1_frontal.jpg,Pneumonia,chexpert
train/patient61867/study1/view1_frontal.jpg,Pneumonia,chexpert
train/patient61909/study1/view1_frontal.jpg,Pneumonia,chexpert
train/patient61919/study1/view1_frontal.jpg,Pneumonia,chexpert
train/patient61928/study1/view1_frontal.jpg,Pneumonia,chexpert
train/patient61953/study1/view1_frontal.jpg,Pneumonia,chexpert
train/patient62008/study1/view1_frontal.jpg,Pneumonia,chexpert
train/patient62026/study1/view1_frontal.jpg,Pneumonia,chexpert
train/patient62027/study1/view1_frontal.jpg,Pneumonia,chexpert
train/patient62057/study1/view1_frontal.jpg,Pneumonia,chexpert
train/patient62065/study1/view1_frontal.jpg,Pneumonia,chexpert
train/patient62082/study1/view1_frontal.jpg,Pneumonia,chexpert
train/patient62158/study1/view1_frontal.jpg,Pneumonia,chexpert
train/patient62261/study2/view1_frontal.jpg,Pneumonia,chexpert
train/patient62290/study1/view1_frontal.jpg,Pneumonia,chexpert
train/patient62317/study1/view1_frontal.jpg,Pneumonia,chexpert
train/patient62319/study1/view1_frontal.jpg,Pneumonia,chexpert
train/patient62370/study1/view1_frontal.jpg,Pneumonia,chexpert
train/patient62410/study1/view1_frontal.jpg,Pneumonia,chexpert
train/patient62428/study1/view1_frontal.jpg,Pneumonia,chexpert
train/patient62447/study1/view1_frontal.jpg,Pneumonia,chexpert
train/patient62503/study1/view1_frontal.jpg,Pneumonia,chexpert
train/patient62509/study1/view1_frontal.jpg,Pneumonia,chexpert
train/patient62519/study1/view1_frontal.jpg,Pneumonia,chexpert
train/patient62551/study1/view1_frontal.jpg,Pneumonia,chexpert
train/patient62564/study1/view1_frontal.jpg,Pneumonia,chexpert
train/patient62623/study1/view1_frontal.jpg,Pneumonia,chexpert
train/patient62631/study1/view1_frontal.jpg,Pneumonia,chexpert
train/patient62632/study1/view1_frontal.jpg,Pneumonia,chexpert
train/patient62718/study1/view1_frontal.jpg,Pneumonia,chexpert
train/patient62773/study1/view1_frontal.jpg,Pneumonia,chexpert
train/patient62871/study3/view1_frontal.jpg,Pneumonia,chexpert
train/patient62892/study2/view1_frontal.jpg,Pneumonia,chexpert
train/patient62904/study1/view1_frontal.jpg,Pneumonia,chexpert
train/patient62920/study2/view1_frontal.jpg,Pneumonia,chexpert
train/patient62935/study1/view1_frontal.jpg,Pneumonia,chexpert
train/patient62997/study1/view1_frontal.jpg,Pneumonia,chexpert
train/patient63011/study1/view1_frontal.jpg,Pneumonia,chexpert
train/patient63096/study1/view1_frontal.jpg,Pneumonia,chexpert
train/patient63143/study1/view1_frontal.jpg,Pneumonia,chexpert
train/patient63148/study1/view1_frontal.jpg,Pneumonia,chexpert
train/patient63238/study1/view1_frontal.jpg,Pneumonia,chexpert
train/patient63242/study1/view1_frontal.jpg,Pneumonia,chexpert
train/patient63273/study1/view1_frontal.jpg,Pneumonia,chexpert
train/patient63310/study1/view1_frontal.jpg,Pneumonia,chexpert
train/patient63417/study1/view1_frontal.jpg,Pneumonia,chexpert
train/patient63466/study1/view1_frontal.jpg,Pneumonia,chexpert
train/patient63552/study1/view1_frontal.jpg,Pneumonia,chexpert
train/patient63619/study1/view1_frontal.jpg,Pneumonia,chexpert
train/patient63660/study1/view1_frontal.jpg,Pneumonia,chexpert
train/patient63661/study1/view1_frontal.jpg,Pneumonia,chexpert
train/patient63705/study1/view1_frontal.jpg,Pneumonia,chexpert
train/patient63711/study1/view1_frontal.jpg,Pneumonia,chexpert
train/patient63721/study1/view1_frontal.jpg,Pneumonia,chexpert
train/patient63786/study1/view1_frontal.jpg,Pneumonia,chexpert
train/patient63838/study1/view1_frontal.jpg,Pneumonia,chexpert
train/patient63864/study2/view1_frontal.jpg,Pneumonia,chexpert
train/patient63959/study1/view1_frontal.jpg,Pneumonia,chexpert
train/patient64039/study1/view1_frontal.jpg,Pneumonia,chexpert
train/patient64045/study1/view1_frontal.jpg,Pneumonia,chexpert
train/patient64188/study1/view1_frontal.jpg,Pneumonia,chexpert
train/patient64213/study1/view1_frontal.jpg,Pneumonia,chexpert
train/patient64274/study1/view1_frontal.jpg,Pneumonia,chexpert
train/patient64303/study1/view1_frontal.jpg,Pneumonia,chexpert
train/patient64398/study1/view1_frontal.jpg,Pneumonia,chexpert
train/patient64435/study1/view1_frontal.jpg,Pneumonia,chexpert
train/patient64462/study2/view1_frontal.jpg,Pneumonia,chexpert
train/patient64505/study1/view1_frontal.jpg,Pneumonia,chexpert
train/patient64509/study1/view1_frontal.jpg,Pneumonia,chexpert
tb/tb0003.png,TB,tbx11k
tb/tb0004.png,TB,tbx11k
tb/tb0005.png,TB,tbx11k
tb/tb0006.png,TB,tbx11k
tb/tb0007.png,TB,tbx11k
tb/tb0009.png,TB,tbx11k
tb/tb0012.png,TB,tbx11k
tb/tb0014.png,TB,tbx11k
tb/tb0015.png,TB,tbx11k
tb/tb0017.png,TB,tbx11k
tb/tb0018.png,TB,tbx11k
tb/tb0019.png,TB,tbx11k
tb/tb0020.png,TB,tbx11k
tb/tb0021.png,TB,tbx11k
tb/tb0024.png,TB,tbx11k
tb/tb0026.png,TB,tbx11k
tb/tb0027.png,TB,tbx11k
tb/tb0028.png,TB,tbx11k
tb/tb0029.png,TB,tbx11k
tb/tb0030.png,TB,tbx11k
tb/tb0031.png,TB,tbx11k
tb/tb0032.png,TB,tbx11k
tb/tb0033.png,TB,tbx11k
tb/tb0034.png,TB,tbx11k
tb/tb0036.png,TB,tbx11k
tb/tb0037.png,TB,tbx11k
tb/tb0040.png,TB,tbx11k
tb/tb0042.png,TB,tbx11k
tb/tb0043.png,TB,tbx11k
tb/tb0045.png,TB,tbx11k
tb/tb0047.png,TB,tbx11k
tb/tb0049.png,TB,tbx11k
tb/tb0050.png,TB,tbx11k
tb/tb0051.png,TB,tbx11k
tb/tb0052.png,TB,tbx11k
tb/tb0053.png,TB,tbx11k
tb/tb0054.png,TB,tbx11k
tb/tb0056.png,TB,tbx11k
tb/tb0057.png,TB,tbx11k
tb/tb0059.png,TB,tbx11k
tb/tb0062.png,TB,tbx11k
tb/tb0063.png,TB,tbx11k
tb/tb0065.png,TB,tbx11k
tb/tb0066.png,TB,tbx11k
tb/tb0068.png,TB,tbx11k
tb/tb0069.png,TB,tbx11k
tb/tb0071.png,TB,tbx11k
tb/tb0073.png,TB,tbx11k
tb/tb0075.png,TB,tbx11k
tb/tb0076.png,TB,tbx11k
tb/tb0077.png,TB,tbx11k
tb/tb0079.png,TB,tbx11k
tb/tb0080.png,TB,tbx11k
tb/tb0081.png,TB,tbx11k
tb/tb0082.png,TB,tbx11k
tb/tb0083.png,TB,tbx11k
tb/tb0084.png,TB,tbx11k
tb/tb0085.png,TB,tbx11k
tb/tb0086.png,TB,tbx11k
tb/tb0087.png,TB,tbx11k
tb/tb0088.png,TB,tbx11k
tb/tb0089.png,TB,tbx11k
tb/tb0090.png,TB,tbx11k
tb/tb0091.png,TB,tbx11k
tb/tb0092.png,TB,tbx11k
tb/tb0094.png,TB,tbx11k
tb/tb0095.png,TB,tbx11k
tb/tb0096.png,TB,tbx11k
tb/tb0098.png,TB,tbx11k
tb/tb0100.png,TB,tbx11k
tb/tb0103.png,TB,tbx11k
tb/tb0104.png,TB,tbx11k
tb/tb0107.png,TB,tbx11k
tb/tb0108.png,TB,tbx11k
tb/tb0114.png,TB,tbx11k
tb/tb0115.png,TB,tbx11k
tb/tb0117.png,TB,tbx11k
tb/tb0118.png,TB,tbx11k
tb/tb0120.png,TB,tbx11k
tb/tb0124.png,TB,tbx11k
tb/tb0125.png,TB,tbx11k
tb/tb0126.png,TB,tbx11k
tb/tb0128.png,TB,tbx11k
tb/tb0129.png,TB,tbx11k
tb/tb0132.png,TB,tbx11k
tb/tb0133.png,TB,tbx11k
tb/tb0134.png,TB,tbx11k
tb/tb0135.png,TB,tbx11k
tb/tb0136.png,TB,tbx11k
tb/tb0137.png,TB,tbx11k
tb/tb0138.png,TB,tbx11k
tb/tb0139.png,TB,tbx11k
tb/tb0140.png,TB,tbx11k
tb/tb0141.png,TB,tbx11k
tb/tb0142.png,TB,tbx11k
tb/tb0145.png,TB,tbx11k
tb/tb0146.png,TB,tbx11k
tb/tb0147.png,TB,tbx11k
tb/tb0148.png,TB,tbx11k
tb/tb0150.png,TB,tbx11k
tb/tb0151.png,TB,tbx11k
tb/tb0153.png,TB,tbx11k
tb/tb0154.png,TB,tbx11k
tb/tb0155.png,TB,tbx11k
tb/tb0156.png,TB,tbx11k
tb/tb0162.png,TB,tbx11k
tb/tb0163.png,TB,tbx11k
tb/tb0164.png,TB,tbx11k
tb/tb0166.png,TB,tbx11k
tb/tb0167.png,TB,tbx11k
tb/tb0168.png,TB,tbx11k
tb/tb0170.png,TB,tbx11k
tb/tb0174.png,TB,tbx11k
tb/tb0175.png,TB,tbx11k
tb/tb0176.png,TB,tbx11k
tb/tb0177.png,TB,tbx11k
tb/tb0179.png,TB,tbx11k
tb/tb0183.png,TB,tbx11k
tb/tb0184.png,TB,tbx11k
tb/tb0186.png,TB,tbx11k
tb/tb0190.png,TB,tbx11k
tb/tb0191.png,TB,tbx11k
tb/tb0192.png,TB,tbx11k
tb/tb0193.png,TB,tbx11k
tb/tb0194.png,TB,tbx11k
tb/tb0196.png,TB,tbx11k
tb/tb0197.png,TB,tbx11k
tb/tb0199.png,TB,tbx11k
tb/tb0200.png,TB,tbx11k
tb/tb0201.png,TB,tbx11k
tb/tb0202.png,TB,tbx11k
tb/tb0203.png,TB,tbx11k
tb/tb0205.png,TB,tbx11k
tb/tb0206.png,TB,tbx11k
tb/tb0208.png,TB,tbx11k
tb/tb0209.png,TB,tbx11k
tb/tb0212.png,TB,tbx11k
tb/tb0216.png,TB,tbx11k
tb/tb0217.png,TB,tbx11k
tb/tb0219.png,TB,tbx11k
tb/tb0221.png,TB,tbx11k
tb/tb0223.png,TB,tbx11k
tb/tb0226.png,TB,tbx11k
tb/tb0227.png,TB,tbx11k
tb/tb0228.png,TB,tbx11k
tb/tb0229.png,TB,tbx11k
tb/tb0231.png,TB,tbx11k
tb/tb0232.png,TB,tbx11k
tb/tb0234.png,TB,tbx11k
tb/tb0235.png,TB,tbx11k
tb/tb0236.png,TB,tbx11k
tb/tb0237.png,TB,tbx11k
tb/tb0238.png,TB,tbx11k
tb/tb0239.png,TB,tbx11k
tb/tb0240.png,TB,tbx11k
tb/tb0241.png,TB,tbx11k
tb/tb0242.png,TB,tbx11k
tb/tb0244.png,TB,tbx11k
tb/tb0246.png,TB,tbx11k
tb/tb0248.png,TB,tbx11k
tb/tb0250.png,TB,tbx11k
tb/tb0251.png,TB,tbx11k
tb/tb0252.png,TB,tbx11k
tb/tb0253.png,TB,tbx11k
tb/tb0255.png,TB,tbx11k
tb/tb0256.png,TB,tbx11k
tb/tb0260.png,TB,tbx11k
tb/tb0262.png,TB,tbx11k
tb/tb0264.png,TB,tbx11k
tb/tb0266.png,TB,tbx11k
tb/tb0267.png,TB,tbx11k
tb/tb0269.png,TB,tbx11k
tb/tb0270.png,TB,tbx11k
tb/tb0271.png,TB,tbx11k
tb/tb0273.png,TB,tbx11k
tb/tb0274.png,TB,tbx11k
tb/tb0275.png,TB,tbx11k
tb/tb0277.png,TB,tbx11k
tb/tb0279.png,TB,tbx11k
tb/tb0280.png,TB,tbx11k
tb/tb0282.png,TB,tbx11k
tb/tb0283.png,TB,tbx11k
tb/tb0284.png,TB,tbx11k
tb/tb0285.png,TB,tbx11k
tb/tb0286.png,TB,tbx11k
tb/tb0287.png,TB,tbx11k
tb/tb0288.png,TB,tbx11k
tb/tb0289.png,TB,tbx11k
tb/tb0290.png,TB,tbx11k
tb/tb0291.png,TB,tbx11k
tb/tb0292.png,TB,tbx11k
tb/tb0293.png,TB,tbx11k
tb/tb0294.png,TB,tbx11k
tb/tb0297.png,TB,tbx11k
tb/tb0298.png,TB,tbx11k
tb/tb0299.png,TB,tbx11k
tb/tb0300.png,TB,tbx11k
tb/tb0301.png,TB,tbx11k
tb/tb0303.png,TB,tbx11k
tb/tb0305.png,TB,tbx11k
tb/tb0306.png,TB,tbx11k
tb/tb0307.png,TB,tbx11k
tb/tb0309.png,TB,tbx11k
tb/tb0311.png,TB,tbx11k
tb/tb0313.png,TB,tbx11k
tb/tb0315.png,TB,tbx11k
tb/tb0316.png,TB,tbx11k
tb/tb0317.png,TB,tbx11k
tb/tb0318.png,TB,tbx11k
tb/tb0319.png,TB,tbx11k
tb/tb0321.png,TB,tbx11k
tb/tb0322.png,TB,tbx11k
tb/tb0323.png,TB,tbx11k
tb/tb0324.png,TB,tbx11k
tb/tb0325.png,TB,tbx11k
tb/tb0326.png,TB,tbx11k
tb/tb0327.png,TB,tbx11k
tb/tb0329.png,TB,tbx11k
tb/tb0330.png,TB,tbx11k
tb/tb0332.png,TB,tbx11k
tb/tb0333.png,TB,tbx11k
tb/tb0335.png,TB,tbx11k
tb/tb0336.png,TB,tbx11k
tb/tb0337.png,TB,tbx11k
tb/tb0338.png,TB,tbx11k
tb/tb0342.png,TB,tbx11k
tb/tb0343.png,TB,tbx11k
tb/tb0345.png,TB,tbx11k
tb/tb0346.png,TB,tbx11k
tb/tb0347.png,TB,tbx11k
tb/tb0348.png,TB,tbx11k
tb/tb0349.png,TB,tbx11k
tb/tb0350.png,TB,tbx11k
tb/tb0352.png,TB,tbx11k
tb/tb0353.png,TB,tbx11k
tb/tb0354.png,TB,tbx11k
tb/tb0355.png,TB,tbx11k
tb/tb0356.png,TB,tbx11k
tb/tb0357.png,TB,tbx11k
tb/tb0360.png,TB,tbx11k
tb/tb0361.png,TB,tbx11k
tb/tb0362.png,TB,tbx11k
tb/tb0364.png,TB,tbx11k
tb/tb0365.png,TB,tbx11k
tb/tb0366.png,TB,tbx11k
tb/tb0369.png,TB,tbx11k
tb/tb0370.png,TB,tbx11k
tb/tb0371.png,TB,tbx11k
tb/tb0372.png,TB,tbx11k
tb/tb0373.png,TB,tbx11k
tb/tb0374.png,TB,tbx11k
tb/tb0376.png,TB,tbx11k
tb/tb0377.png,TB,tbx11k
tb/tb0378.png,TB,tbx11k
tb/tb0380.png,TB,tbx11k
tb/tb0382.png,TB,tbx11k
tb/tb0383.png,TB,tbx11k
tb/tb0386.png,TB,tbx11k
tb/tb0388.png,TB,tbx11k
tb/tb0389.png,TB,tbx11k
tb/tb0390.png,TB,tbx11k
tb/tb0391.png,TB,tbx11k
tb/tb0392.png,TB,tbx11k
tb/tb0393.png,TB,tbx11k
tb/tb0395.png,TB,tbx11k
tb/tb0397.png,TB,tbx11k
tb/tb0398.png,TB,tbx11k
tb/tb0399.png,TB,tbx11k
tb/tb0402.png,TB,tbx11k
tb/tb0404.png,TB,tbx11k
tb/tb0405.png,TB,tbx11k
tb/tb0406.png,TB,tbx11k
tb/tb0407.png,TB,tbx11k
tb/tb0408.png,TB,tbx11k
tb/tb0409.png,TB,tbx11k
tb/tb0413.png,TB,tbx11k
tb/tb0417.png,TB,tbx11k
tb/tb0418.png,TB,tbx11k
tb/tb0419.png,TB,tbx11k
tb/tb0420.png,TB,tbx11k
tb/tb0424.png,TB,tbx11k
tb/tb0425.png,TB,tbx11k
tb/tb0427.png,TB,tbx11k
tb/tb0429.png,TB,tbx11k
tb/tb0431.png,TB,tbx11k
tb/tb0433.png,TB,tbx11k
tb/tb0434.png,TB,tbx11k
tb/tb0435.png,TB,tbx11k
tb/tb0439.png,TB,tbx11k
tb/tb0441.png,TB,tbx11k
tb/tb0442.png,TB,tbx11k
tb/tb0443.png,TB,tbx11k
tb/tb0445.png,TB,tbx11k
tb/tb0446.png,TB,tbx11k
tb/tb0447.png,TB,tbx11k
tb/tb0449.png,TB,tbx11k
tb/tb0450.png,TB,tbx11k
tb/tb0451.png,TB,tbx11k
tb/tb0452.png,TB,tbx11k
tb/tb0453.png,TB,tbx11k
tb/tb0455.png,TB,tbx11k
tb/tb0456.png,TB,tbx11k
tb/tb0459.png,TB,tbx11k
tb/tb0460.png,TB,tbx11k
tb/tb0463.png,TB,tbx11k
tb/tb0465.png,TB,tbx11k
tb/tb0467.png,TB,tbx11k
tb/tb0469.png,TB,tbx11k
tb/tb0470.png,TB,tbx11k
tb/tb0472.png,TB,tbx11k
tb/tb0473.png,TB,tbx11k
tb/tb0474.png,TB,tbx11k
tb/tb0475.png,TB,tbx11k
tb/tb0476.png,TB,tbx11k
tb/tb0477.png,TB,tbx11k
tb/tb0478.png,TB,tbx11k
tb/tb0479.png,TB,tbx11k
tb/tb0480.png,TB,tbx11k
tb/tb0484.png,TB,tbx11k
tb/tb0485.png,TB,tbx11k
tb/tb0487.png,TB,tbx11k
tb/tb0489.png,TB,tbx11k
tb/tb0492.png,TB,tbx11k
tb/tb0493.png,TB,tbx11k
tb/tb0494.png,TB,tbx11k
tb/tb0495.png,TB,tbx11k
tb/tb0496.png,TB,tbx11k
tb/tb0497.png,TB,tbx11k
tb/tb0498.png,TB,tbx11k
tb/tb0499.png,TB,tbx11k
tb/tb0500.png,TB,tbx11k
tb/tb0501.png,TB,tbx11k
tb/tb0503.png,TB,tbx11k
tb/tb0504.png,TB,tbx11k
tb/tb0505.png,TB,tbx11k
tb/tb0506.png,TB,tbx11k
tb/tb0507.png,TB,tbx11k
tb/tb0508.png,TB,tbx11k
tb/tb0509.png,TB,tbx11k
tb/tb0510.png,TB,tbx11k
tb/tb0512.png,TB,tbx11k
tb/tb0514.png,TB,tbx11k
tb/tb0515.png,TB,tbx11k
tb/tb0518.png,TB,tbx11k
tb/tb0520.png,TB,tbx11k
tb/tb0521.png,TB,tbx11k
tb/tb0523.png,TB,tbx11k
tb/tb0524.png,TB,tbx11k
tb/tb0526.png,TB,tbx11k
tb/tb0527.png,TB,tbx11k
tb/tb0528.png,TB,tbx11k
tb/tb0529.png,TB,tbx11k
tb/tb0530.png,TB,tbx11k
tb/tb0532.png,TB,tbx11k
tb/tb0533.png,TB,tbx11k
tb/tb0535.png,TB,tbx11k
tb/tb0536.png,TB,tbx11k
tb/tb0537.png,TB,tbx11k
tb/tb0538.png,TB,tbx11k
tb/tb0539.png,TB,tbx11k
tb/tb0540.png,TB,tbx11k
tb/tb0541.png,TB,tbx11k
tb/tb0542.png,TB,tbx11k
tb/tb0543.png,TB,tbx11k
tb/tb0544.png,TB,tbx11k
tb/tb0545.png,TB,tbx11k
tb/tb0548.png,TB,tbx11k
tb/tb0549.png,TB,tbx11k
tb/tb0550.png,TB,tbx11k
tb/tb0552.png,TB,tbx11k
tb/tb0553.png,TB,tbx11k
tb/tb0554.png,TB,tbx11k
tb/tb0555.png,TB,tbx11k
tb/tb0556.png,TB,tbx11k
tb/tb0558.png,TB,tbx11k
tb/tb0559.png,TB,tbx11k
tb/tb0562.png,TB,tbx11k
tb/tb0563.png,TB,tbx11k
tb/tb0564.png,TB,tbx11k
tb/tb0566.png,TB,tbx11k
tb/tb0567.png,TB,tbx11k
tb/tb0569.png,TB,tbx11k
tb/tb0570.png,TB,tbx11k
tb/tb0571.png,TB,tbx11k
tb/tb0573.png,TB,tbx11k
tb/tb0574.png,TB,tbx11k
tb/tb0575.png,TB,tbx11k
tb/tb0576.png,TB,tbx11k
tb/tb0577.png,TB,tbx11k
tb/tb0579.png,TB,tbx11k
tb/tb0581.png,TB,tbx11k
tb/tb0582.png,TB,tbx11k
tb/tb0583.png,TB,tbx11k
tb/tb0584.png,TB,tbx11k
tb/tb0585.png,TB,tbx11k
tb/tb0586.png,TB,tbx11k
tb/tb0587.png,TB,tbx11k
tb/tb0591.png,TB,tbx11k
tb/tb0592.png,TB,tbx11k
tb/tb0593.png,TB,tbx11k
tb/tb0594.png,TB,tbx11k
tb/tb0595.png,TB,tbx11k
tb/tb0596.png,TB,tbx11k
tb/tb0598.png,TB,tbx11k
tb/tb0600.png,TB,tbx11k
tb/tb0601.png,TB,tbx11k
tb/tb0602.png,TB,tbx11k
tb/tb0603.png,TB,tbx11k
tb/tb0606.png,TB,tbx11k
tb/tb0607.png,TB,tbx11k
tb/tb0608.png,TB,tbx11k
tb/tb0609.png,TB,tbx11k
tb/tb0610.png,TB,tbx11k
tb/tb0611.png,TB,tbx11k
tb/tb0612.png,TB,tbx11k
tb/tb0615.png,TB,tbx11k
tb/tb0616.png,TB,tbx11k
tb/tb0617.png,TB,tbx11k
tb/tb0618.png,TB,tbx11k
tb/tb0619.png,TB,tbx11k
tb/tb0620.png,TB,tbx11k
tb/tb0621.png,TB,tbx11k
tb/tb0622.png,TB,tbx11k
tb/tb0623.png,TB,tbx11k
tb/tb0624.png,TB,tbx11k
tb/tb0625.png,TB,tbx11k
tb/tb0626.png,TB,tbx11k
tb/tb0627.png,TB,tbx11k
tb/tb0628.png,TB,tbx11k
tb/tb0631.png,TB,tbx11k
tb/tb0633.png,TB,tbx11k
tb/tb0634.png,TB,tbx11k
tb/tb0635.png,TB,tbx11k
tb/tb0636.png,TB,tbx11k
tb/tb0637.png,TB,tbx11k
tb/tb0638.png,TB,tbx11k
tb/tb0639.png,TB,tbx11k
tb/tb0640.png,TB,tbx11k
tb/tb0642.png,TB,tbx11k
tb/tb0643.png,TB,tbx11k
tb/tb0644.png,TB,tbx11k
tb/tb0645.png,TB,tbx11k
tb/tb0646.png,TB,tbx11k
tb/tb0647.png,TB,tbx11k
tb/tb0653.png,TB,tbx11k
tb/tb0654.png,TB,tbx11k
tb/tb0657.png,TB,tbx11k
tb/tb0659.png,TB,tbx11k
tb/tb0660.png,TB,tbx11k
tb/tb0662.png,TB,tbx11k
tb/tb0663.png,TB,tbx11k
tb/tb0664.png,TB,tbx11k
tb/tb0666.png,TB,tbx11k
tb/tb0667.png,TB,tbx11k
tb/tb0668.png,TB,tbx11k
tb/tb0669.png,TB,tbx11k
tb/tb0672.png,TB,tbx11k
tb/tb0675.png,TB,tbx11k
tb/tb0676.png,TB,tbx11k
tb/tb0677.png,TB,tbx11k
tb/tb0678.png,TB,tbx11k
tb/tb0679.png,TB,tbx11k
tb/tb0680.png,TB,tbx11k
tb/tb0681.png,TB,tbx11k
tb/tb0684.png,TB,tbx11k
tb/tb0686.png,TB,tbx11k
tb/tb0688.png,TB,tbx11k
tb/tb0690.png,TB,tbx11k
tb/tb0691.png,TB,tbx11k
tb/tb0692.png,TB,tbx11k
tb/tb0693.png,TB,tbx11k
tb/tb0695.png,TB,tbx11k
tb/tb0700.png,TB,tbx11k
tb/tb0702.png,TB,tbx11k
tb/tb0705.png,TB,tbx11k
tb/tb0708.png,TB,tbx11k
tb/tb0710.png,TB,tbx11k
tb/tb0711.png,TB,tbx11k
tb/tb0713.png,TB,tbx11k
tb/tb0715.png,TB,tbx11k
tb/tb0716.png,TB,tbx11k
tb/tb0717.png,TB,tbx11k
tb/tb0719.png,TB,tbx11k
tb/tb0720.png,TB,tbx11k
tb/tb0721.png,TB,tbx11k
tb/tb0724.png,TB,tbx11k
tb/tb0725.png,TB,tbx11k
tb/tb0726.png,TB,tbx11k
tb/tb0729.png,TB,tbx11k
tb/tb0730.png,TB,tbx11k
tb/tb0732.png,TB,tbx11k
tb/tb0733.png,TB,tbx11k
tb/tb0734.png,TB,tbx11k
tb/tb0735.png,TB,tbx11k
tb/tb0738.png,TB,tbx11k
tb/tb0739.png,TB,tbx11k
tb/tb0742.png,TB,tbx11k
tb/tb0743.png,TB,tbx11k
tb/tb0746.png,TB,tbx11k
tb/tb0749.png,TB,tbx11k
tb/tb0750.png,TB,tbx11k
tb/tb0751.png,TB,tbx11k
tb/tb0752.png,TB,tbx11k
tb/tb0754.png,TB,tbx11k
tb/tb0755.png,TB,tbx11k
tb/tb0758.png,TB,tbx11k
tb/tb0759.png,TB,tbx11k
tb/tb0760.png,TB,tbx11k
tb/tb0762.png,TB,tbx11k
tb/tb0763.png,TB,tbx11k
tb/tb0765.png,TB,tbx11k
tb/tb0766.png,TB,tbx11k
tb/tb0767.png,TB,tbx11k
tb/tb0770.png,TB,tbx11k
tb/tb0773.png,TB,tbx11k
tb/tb0776.png,TB,tbx11k
tb/tb0777.png,TB,tbx11k
tb/tb0781.png,TB,tbx11k
tb/tb0783.png,TB,tbx11k
tb/tb0784.png,TB,tbx11k
tb/tb0786.png,TB,tbx11k
tb/tb0787.png,TB,tbx11k
tb/tb0788.png,TB,tbx11k
tb/tb0790.png,TB,tbx11k
tb/tb0792.png,TB,tbx11k
tb/tb0794.png,TB,tbx11k
tb/tb0795.png,TB,tbx11k
tb/tb0796.png,TB,tbx11k
tb/tb0797.png,TB,tbx11k
tb/tb0798.png,TB,tbx11k
tb/tb0799.png,TB,tbx11k
tb/tb0801.png,TB,tbx11k
tb/tb0802.png,TB,tbx11k
tb/tb0804.png,TB,tbx11k
tb/tb0805.png,TB,tbx11k
tb/tb0806.png,TB,tbx11k
tb/tb0807.png,TB,tbx11k
tb/tb0812.png,TB,tbx11k
tb/tb0813.png,TB,tbx11k
tb/tb0814.png,TB,tbx11k
tb/tb0816.png,TB,tbx11k
tb/tb0817.png,TB,tbx11k
tb/tb0819.png,TB,tbx11k
tb/tb0821.png,TB,tbx11k
tb/tb0822.png,TB,tbx11k
tb/tb0823.png,TB,tbx11k
tb/tb0824.png,TB,tbx11k
tb/tb0825.png,TB,tbx11k
tb/tb0826.png,TB,tbx11k
tb/tb0827.png,TB,tbx11k
tb/tb0829.png,TB,tbx11k
tb/tb0830.png,TB,tbx11k
tb/tb0831.png,TB,tbx11k
tb/tb0832.png,TB,tbx11k
tb/tb0833.png,TB,tbx11k
tb/tb0834.png,TB,tbx11k
tb/tb0837.png,TB,tbx11k
tb/tb0838.png,TB,tbx11k
tb/tb0839.png,TB,tbx11k
tb/tb0841.png,TB,tbx11k
tb/tb0842.png,TB,tbx11k
tb/tb0843.png,TB,tbx11k
tb/tb0844.png,TB,tbx11k
tb/tb0846.png,TB,tbx11k
tb/tb0848.png,TB,tbx11k
tb/tb0849.png,TB,tbx11k
tb/tb0851.png,TB,tbx11k
tb/tb0852.png,TB,tbx11k
tb/tb0853.png,TB,tbx11k
tb/tb0855.png,TB,tbx11k
tb/tb0858.png,TB,tbx11k
tb/tb0859.png,TB,tbx11k
tb/tb0860.png,TB,tbx11k
tb/tb0862.png,TB,tbx11k
tb/tb0863.png,TB,tbx11k
tb/tb0864.png,TB,tbx11k
tb/tb0865.png,TB,tbx11k
tb/tb0867.png,TB,tbx11k
tb/tb0870.png,TB,tbx11k
tb/tb0871.png,TB,tbx11k
tb/tb0874.png,TB,tbx11k
tb/tb0875.png,TB,tbx11k
tb/tb0876.png,TB,tbx11k
tb/tb0879.png,TB,tbx11k
tb/tb0880.png,TB,tbx11k
tb/tb0881.png,TB,tbx11k
tb/tb0882.png,TB,tbx11k
tb/tb0884.png,TB,tbx11k
tb/tb0887.png,TB,tbx11k
tb/tb0888.png,TB,tbx11k
tb/tb0889.png,TB,tbx11k
tb/tb0890.png,TB,tbx11k
tb/tb0892.png,TB,tbx11k
tb/tb0893.png,TB,tbx11k
tb/tb0895.png,TB,tbx11k
tb/tb0896.png,TB,tbx11k
tb/tb0897.png,TB,tbx11k
tb/tb0898.png,TB,tbx11k
tb/tb0899.png,TB,tbx11k
tb/tb0900.png,TB,tbx11k
tb/tb0902.png,TB,tbx11k
tb/tb0903.png,TB,tbx11k
tb/tb0905.png,TB,tbx11k
tb/tb0907.png,TB,tbx11k
tb/tb0908.png,TB,tbx11k
tb/tb0909.png,TB,tbx11k
tb/tb0912.png,TB,tbx11k
tb/tb0914.png,TB,tbx11k
tb/tb0915.png,TB,tbx11k
tb/tb0916.png,TB,tbx11k
tb/tb0917.png,TB,tbx11k
tb/tb0918.png,TB,tbx11k
tb/tb0919.png,TB,tbx11k
tb/tb0920.png,TB,tbx11k
tb/tb0921.png,TB,tbx11k
tb/tb0923.png,TB,tbx11k
tb/tb0925.png,TB,tbx11k
tb/tb0926.png,TB,tbx11k
tb/tb0927.png,TB,tbx11k
tb/tb0928.png,TB,tbx11k
tb/tb0929.png,TB,tbx11k
tb/tb0930.png,TB,tbx11k
tb/tb0931.png,TB,tbx11k
tb/tb0934.png,TB,tbx11k
tb/tb0938.png,TB,tbx11k
tb/tb0940.png,TB,tbx11k
tb/tb0942.png,TB,tbx11k
tb/tb0943.png,TB,tbx11k
tb/tb0945.png,TB,tbx11k
tb/tb0949.png,TB,tbx11k
tb/tb0950.png,TB,tbx11k
tb/tb0951.png,TB,tbx11k
tb/tb0953.png,TB,tbx11k
tb/tb0954.png,TB,tbx11k
tb/tb0955.png,TB,tbx11k
tb/tb0957.png,TB,tbx11k
tb/tb0960.png,TB,tbx11k
tb/tb0961.png,TB,tbx11k
tb/tb0962.png,TB,tbx11k
tb/tb0963.png,TB,tbx11k
tb/tb0964.png,TB,tbx11k
tb/tb0965.png,TB,tbx11k
tb/tb0966.png,TB,tbx11k
tb/tb0968.png,TB,tbx11k
tb/tb0970.png,TB,tbx11k
tb/tb0974.png,TB,tbx11k
tb/tb0978.png,TB,tbx11k
tb/tb0979.png,TB,tbx11k
tb/tb0980.png,TB,tbx11k
tb/tb0981.png,TB,tbx11k
tb/tb0982.png,TB,tbx11k
tb/tb0983.png,TB,tbx11k
tb/tb0984.png,TB,tbx11k
tb/tb0985.png,TB,tbx11k
tb/tb0987.png,TB,tbx11k
tb/tb0989.png,TB,tbx11k
tb/tb0990.png,TB,tbx11k
tb/tb0991.png,TB,tbx11k
tb/tb0994.png,TB,tbx11k
tb/tb0995.png,TB,tbx11k
tb/tb0996.png,TB,tbx11k
tb/tb0997.png,TB,tbx11k
tb/tb0998.png,TB,tbx11k
tb/tb0999.png,TB,tbx11k
tb/tb1000.png,TB,tbx11k
tb/tb1002.png,TB,tbx11k
tb/tb1003.png,TB,tbx11k
tb/tb1004.png,TB,tbx11k
tb/tb1005.png,TB,tbx11k
tb/tb1006.png,TB,tbx11k
tb/tb1008.png,TB,tbx11k
tb/tb1010.png,TB,tbx11k
tb/tb1011.png,TB,tbx11k
tb/tb1012.png,TB,tbx11k
tb/tb1013.png,TB,tbx11k
tb/tb1014.png,TB,tbx11k
tb/tb1015.png,TB,tbx11k
tb/tb1017.png,TB,tbx11k
tb/tb1018.png,TB,tbx11k
tb/tb1019.png,TB,tbx11k
tb/tb1020.png,TB,tbx11k
tb/tb1021.png,TB,tbx11k
tb/tb1022.png,TB,tbx11k
tb/tb1023.png,TB,tbx11k
tb/tb1024.png,TB,tbx11k
tb/tb1027.png,TB,tbx11k
tb/tb1028.png,TB,tbx11k
tb/tb1029.png,TB,tbx11k
tb/tb1030.png,TB,tbx11k
tb/tb1031.png,TB,tbx11k
tb/tb1032.png,TB,tbx11k
tb/tb1034.png,TB,tbx11k
tb/tb1036.png,TB,tbx11k
tb/tb1037.png,TB,tbx11k
tb/tb1041.png,TB,tbx11k
tb/tb1042.png,TB,tbx11k
tb/tb1043.png,TB,tbx11k
tb/tb1044.png,TB,tbx11k
tb/tb1045.png,TB,tbx11k
tb/tb1047.png,TB,tbx11k
tb/tb1049.png,TB,tbx11k
tb/tb1050.png,TB,tbx11k
tb/tb1052.png,TB,tbx11k
tb/tb1054.png,TB,tbx11k
tb/tb1055.png,TB,tbx11k
tb/tb1056.png,TB,tbx11k
tb/tb1057.png,TB,tbx11k
tb/tb1058.png,TB,tbx11k
tb/tb1059.png,TB,tbx11k
tb/tb1060.png,TB,tbx11k
tb/tb1064.png,TB,tbx11k
tb/tb1065.png,TB,tbx11k
tb/tb1066.png,TB,tbx11k
tb/tb1067.png,TB,tbx11k
tb/tb1068.png,TB,tbx11k
tb/tb1070.png,TB,tbx11k
tb/tb1071.png,TB,tbx11k
tb/tb1072.png,TB,tbx11k
tb/tb1073.png,TB,tbx11k
tb/tb1074.png,TB,tbx11k
tb/tb1075.png,TB,tbx11k
tb/tb1077.png,TB,tbx11k
tb/tb1078.png,TB,tbx11k
tb/tb1079.png,TB,tbx11k
tb/tb1080.png,TB,tbx11k
tb/tb1082.png,TB,tbx11k
tb/tb1084.png,TB,tbx11k
tb/tb1085.png,TB,tbx11k
tb/tb1086.png,TB,tbx11k
tb/tb1090.png,TB,tbx11k
tb/tb1092.png,TB,tbx11k
tb/tb1093.png,TB,tbx11k
tb/tb1096.png,TB,tbx11k
tb/tb1098.png,TB,tbx11k
tb/tb1099.png,TB,tbx11k
tb/tb1100.png,TB,tbx11k
tb/tb1102.png,TB,tbx11k
tb/tb1104.png,TB,tbx11k
tb/tb1105.png,TB,tbx11k
tb/tb1106.png,TB,tbx11k
tb/tb1107.png,TB,tbx11k
tb/tb1108.png,TB,tbx11k
tb/tb1112.png,TB,tbx11k
tb/tb1113.png,TB,tbx11k
tb/tb1114.png,TB,tbx11k
tb/tb1115.png,TB,tbx11k
tb/tb1116.png,TB,tbx11k
tb/tb1117.png,TB,tbx11k
tb/tb1120.png,TB,tbx11k
tb/tb1122.png,TB,tbx11k
tb/tb1123.png,TB,tbx11k
tb/tb1124.png,TB,tbx11k
tb/tb1126.png,TB,tbx11k
tb/tb1127.png,TB,tbx11k
tb/tb1129.png,TB,tbx11k
tb/tb1131.png,TB,tbx11k
tb/tb1132.png,TB,tbx11k
tb/tb1133.png,TB,tbx11k
tb/tb1134.png,TB,tbx11k
tb/tb1136.png,TB,tbx11k
tb/tb1137.png,TB,tbx11k
tb/tb1138.png,TB,tbx11k
tb/tb1139.png,TB,tbx11k
tb/tb1141.png,TB,tbx11k
tb/tb1143.png,TB,tbx11k
tb/tb1148.png,TB,tbx11k
tb/tb1150.png,TB,tbx11k
tb/tb1152.png,TB,tbx11k
tb/tb1154.png,TB,tbx11k
tb/tb1156.png,TB,tbx11k
tb/tb1157.png,TB,tbx11k
tb/tb1158.png,TB,tbx11k
tb/tb1160.png,TB,tbx11k
tb/tb1161.png,TB,tbx11k
tb/tb1162.png,TB,tbx11k
tb/tb1163.png,TB,tbx11k
tb/tb1165.png,TB,tbx11k
tb/tb1166.png,TB,tbx11k
tb/tb1167.png,TB,tbx11k
tb/tb1168.png,TB,tbx11k
tb/tb1170.png,TB,tbx11k
tb/tb1173.png,TB,tbx11k
tb/tb1174.png,TB,tbx11k
tb/tb1175.png,TB,tbx11k
tb/tb1177.png,TB,tbx11k
tb/tb1178.png,TB,tbx11k
tb/tb1179.png,TB,tbx11k
tb/tb1180.png,TB,tbx11k
tb/tb1181.png,TB,tbx11k
tb/tb1183.png,TB,tbx11k
tb/tb1185.png,TB,tbx11k
tb/tb1186.png,TB,tbx11k
tb/tb1188.png,TB,tbx11k
tb/tb1190.png,TB,tbx11k
tb/tb1191.png,TB,tbx11k
tb/tb1192.png,TB,tbx11k
tb/tb1194.png,TB,tbx11k
tb/tb1196.png,TB,tbx11k
tb/tb1197.png,TB,tbx11k
tb/tb1199.png,TB,tbx11k
health/h0001.png,Normal,tbx11k
health/h0003.png,Normal,tbx11k
health/h0004.png,Normal,tbx11k
health/h0005.png,Normal,tbx11k
health/h0006.png,Normal,tbx11k
health/h0008.png,Normal,tbx11k
health/h0009.png,Normal,tbx11k
health/h0010.png,Normal,tbx11k
health/h0012.png,Normal,tbx11k
health/h0013.png,Normal,tbx11k
health/h0016.png,Normal,tbx11k
health/h0017.png,Normal,tbx11k
health/h0018.png,Normal,tbx11k
health/h0019.png,Normal,tbx11k
health/h0020.png,Normal,tbx11k
health/h0021.png,Normal,tbx11k
health/h0022.png,Normal,tbx11k
health/h0023.png,Normal,tbx11k
health/h0025.png,Normal,tbx11k
health/h0026.png,Normal,tbx11k
health/h0027.png,Normal,tbx11k
health/h0028.png,Normal,tbx11k
health/h0030.png,Normal,tbx11k
health/h0031.png,Normal,tbx11k
health/h0032.png,Normal,tbx11k
health/h0033.png,Normal,tbx11k
health/h0034.png,Normal,tbx11k
health/h0035.png,Normal,tbx11k
health/h0036.png,Normal,tbx11k
health/h0038.png,Normal,tbx11k
health/h0039.png,Normal,tbx11k
health/h0040.png,Normal,tbx11k
health/h0041.png,Normal,tbx11k
health/h0042.png,Normal,tbx11k
health/h0043.png,Normal,tbx11k
health/h0044.png,Normal,tbx11k
health/h0045.png,Normal,tbx11k
health/h0046.png,Normal,tbx11k
health/h0048.png,Normal,tbx11k
health/h0049.png,Normal,tbx11k
health/h0050.png,Normal,tbx11k
health/h0051.png,Normal,tbx11k
health/h0053.png,Normal,tbx11k
health/h0054.png,Normal,tbx11k
health/h0055.png,Normal,tbx11k
health/h0056.png,Normal,tbx11k
health/h0057.png,Normal,tbx11k
health/h0060.png,Normal,tbx11k
health/h0061.png,Normal,tbx11k
health/h0062.png,Normal,tbx11k
health/h0063.png,Normal,tbx11k
health/h0064.png,Normal,tbx11k
health/h0066.png,Normal,tbx11k
health/h0067.png,Normal,tbx11k
health/h0069.png,Normal,tbx11k
health/h0070.png,Normal,tbx11k
health/h0071.png,Normal,tbx11k
health/h0072.png,Normal,tbx11k
health/h0073.png,Normal,tbx11k
health/h0074.png,Normal,tbx11k
health/h0075.png,Normal,tbx11k
health/h0076.png,Normal,tbx11k
health/h0078.png,Normal,tbx11k
health/h0079.png,Normal,tbx11k
health/h0080.png,Normal,tbx11k
health/h0081.png,Normal,tbx11k
health/h0082.png,Normal,tbx11k
health/h0083.png,Normal,tbx11k
health/h0084.png,Normal,tbx11k
health/h0085.png,Normal,tbx11k
health/h0087.png,Normal,tbx11k
health/h0088.png,Normal,tbx11k
health/h0090.png,Normal,tbx11k
health/h0091.png,Normal,tbx11k
health/h0093.png,Normal,tbx11k
health/h0094.png,Normal,tbx11k
health/h0095.png,Normal,tbx11k
health/h0096.png,Normal,tbx11k
health/h0097.png,Normal,tbx11k
health/h0098.png,Normal,tbx11k
health/h0100.png,Normal,tbx11k
health/h0101.png,Normal,tbx11k
health/h0102.png,Normal,tbx11k
health/h0103.png,Normal,tbx11k
health/h0104.png,Normal,tbx11k
health/h0105.png,Normal,tbx11k
health/h0107.png,Normal,tbx11k
health/h0108.png,Normal,tbx11k
health/h0111.png,Normal,tbx11k
health/h0112.png,Normal,tbx11k
health/h0113.png,Normal,tbx11k
health/h0114.png,Normal,tbx11k
health/h0115.png,Normal,tbx11k
health/h0116.png,Normal,tbx11k
health/h0117.png,Normal,tbx11k
health/h0118.png,Normal,tbx11k
health/h0119.png,Normal,tbx11k
health/h0120.png,Normal,tbx11k
health/h0121.png,Normal,tbx11k
health/h0122.png,Normal,tbx11k
health/h0123.png,Normal,tbx11k
health/h0124.png,Normal,tbx11k
health/h0125.png,Normal,tbx11k
health/h0126.png,Normal,tbx11k
health/h0127.png,Normal,tbx11k
health/h0129.png,Normal,tbx11k
health/h0131.png,Normal,tbx11k
health/h0132.png,Normal,tbx11k
health/h0133.png,Normal,tbx11k
health/h0134.png,Normal,tbx11k
health/h0135.png,Normal,tbx11k
health/h0137.png,Normal,tbx11k
health/h0138.png,Normal,tbx11k
health/h0140.png,Normal,tbx11k
health/h0141.png,Normal,tbx11k
health/h0142.png,Normal,tbx11k
health/h0143.png,Normal,tbx11k
health/h0144.png,Normal,tbx11k
health/h0145.png,Normal,tbx11k
health/h0146.png,Normal,tbx11k
health/h0147.png,Normal,tbx11k
health/h0149.png,Normal,tbx11k
health/h0150.png,Normal,tbx11k
health/h0152.png,Normal,tbx11k
health/h0153.png,Normal,tbx11k
health/h0154.png,Normal,tbx11k
health/h0155.png,Normal,tbx11k
health/h0156.png,Normal,tbx11k
health/h0157.png,Normal,tbx11k
health/h0158.png,Normal,tbx11k
health/h0159.png,Normal,tbx11k
health/h0160.png,Normal,tbx11k
health/h0161.png,Normal,tbx11k
health/h0163.png,Normal,tbx11k
health/h0164.png,Normal,tbx11k
health/h0165.png,Normal,tbx11k
health/h0166.png,Normal,tbx11k
health/h0167.png,Normal,tbx11k
health/h0168.png,Normal,tbx11k
health/h0169.png,Normal,tbx11k
health/h0170.png,Normal,tbx11k
health/h0171.png,Normal,tbx11k
health/h0172.png,Normal,tbx11k
health/h0174.png,Normal,tbx11k
health/h0176.png,Normal,tbx11k
health/h0178.png,Normal,tbx11k
health/h0179.png,Normal,tbx11k
health/h0180.png,Normal,tbx11k
health/h0181.png,Normal,tbx11k
health/h0182.png,Normal,tbx11k
health/h0184.png,Normal,tbx11k
health/h0186.png,Normal,tbx11k
health/h0187.png,Normal,tbx11k
health/h0188.png,Normal,tbx11k
health/h0189.png,Normal,tbx11k
health/h0190.png,Normal,tbx11k
health/h0192.png,Normal,tbx11k
health/h0193.png,Normal,tbx11k
health/h0194.png,Normal,tbx11k
health/h0195.png,Normal,tbx11k
health/h0196.png,Normal,tbx11k
health/h0198.png,Normal,tbx11k
health/h0199.png,Normal,tbx11k
health/h0201.png,Normal,tbx11k
health/h0202.png,Normal,tbx11k
health/h0203.png,Normal,tbx11k
health/h0204.png,Normal,tbx11k
health/h0208.png,Normal,tbx11k
health/h0209.png,Normal,tbx11k
health/h0210.png,Normal,tbx11k
health/h0212.png,Normal,tbx11k
health/h0213.png,Normal,tbx11k
health/h0214.png,Normal,tbx11k
health/h0216.png,Normal,tbx11k
health/h0217.png,Normal,tbx11k
health/h0218.png,Normal,tbx11k
health/h0219.png,Normal,tbx11k
health/h0221.png,Normal,tbx11k
health/h0223.png,Normal,tbx11k
health/h0224.png,Normal,tbx11k
health/h0225.png,Normal,tbx11k
health/h0227.png,Normal,tbx11k
health/h0230.png,Normal,tbx11k
health/h0231.png,Normal,tbx11k
health/h0232.png,Normal,tbx11k
health/h0233.png,Normal,tbx11k
health/h0234.png,Normal,tbx11k
health/h0235.png,Normal,tbx11k
health/h0236.png,Normal,tbx11k
health/h0237.png,Normal,tbx11k
health/h0238.png,Normal,tbx11k
health/h0239.png,Normal,tbx11k
health/h0241.png,Normal,tbx11k
health/h0242.png,Normal,tbx11k
health/h0243.png,Normal,tbx11k
health/h0244.png,Normal,tbx11k
health/h0245.png,Normal,tbx11k
health/h0246.png,Normal,tbx11k
health/h0247.png,Normal,tbx11k
health/h0248.png,Normal,tbx11k
health/h0249.png,Normal,tbx11k
health/h0250.png,Normal,tbx11k
health/h0251.png,Normal,tbx11k
health/h0252.png,Normal,tbx11k
health/h0254.png,Normal,tbx11k
health/h0255.png,Normal,tbx11k
health/h0258.png,Normal,tbx11k
health/h0259.png,Normal,tbx11k
health/h0261.png,Normal,tbx11k
health/h0262.png,Normal,tbx11k
health/h0263.png,Normal,tbx11k
health/h0264.png,Normal,tbx11k
health/h0265.png,Normal,tbx11k
health/h0267.png,Normal,tbx11k
health/h0268.png,Normal,tbx11k
health/h0269.png,Normal,tbx11k
health/h0270.png,Normal,tbx11k
health/h0272.png,Normal,tbx11k
health/h0273.png,Normal,tbx11k
health/h0276.png,Normal,tbx11k
health/h0277.png,Normal,tbx11k
health/h0278.png,Normal,tbx11k
health/h0279.png,Normal,tbx11k
health/h0281.png,Normal,tbx11k
health/h0282.png,Normal,tbx11k
health/h0283.png,Normal,tbx11k
health/h0284.png,Normal,tbx11k
health/h0285.png,Normal,tbx11k
health/h0286.png,Normal,tbx11k
health/h0287.png,Normal,tbx11k
health/h0288.png,Normal,tbx11k
health/h0289.png,Normal,tbx11k
health/h0290.png,Normal,tbx11k
health/h0291.png,Normal,tbx11k
health/h0292.png,Normal,tbx11k
health/h0293.png,Normal,tbx11k
health/h0294.png,Normal,tbx11k
health/h0295.png,Normal,tbx11k
health/h0297.png,Normal,tbx11k
health/h0298.png,Normal,tbx11k
health/h0299.png,Normal,tbx11k
health/h0301.png,Normal,tbx11k
health/h0302.png,Normal,tbx11k
health/h0303.png,Normal,tbx11k
health/h0304.png,Normal,tbx11k
health/h0305.png,Normal,tbx11k
health/h0306.png,Normal,tbx11k
health/h0307.png,Normal,tbx11k
health/h0310.png,Normal,tbx11k
health/h0311.png,Normal,tbx11k
health/h0312.png,Normal,tbx11k
health/h0313.png,Normal,tbx11k
health/h0314.png,Normal,tbx11k
health/h0315.png,Normal,tbx11k
health/h0316.png,Normal,tbx11k
health/h0317.png,Normal,tbx11k
health/h0318.png,Normal,tbx11k
health/h0319.png,Normal,tbx11k
health/h0320.png,Normal,tbx11k
health/h0321.png,Normal,tbx11k
health/h0322.png,Normal,tbx11k
health/h0323.png,Normal,tbx11k
health/h0325.png,Normal,tbx11k
health/h0326.png,Normal,tbx11k
health/h0327.png,Normal,tbx11k
health/h0328.png,Normal,tbx11k
health/h0329.png,Normal,tbx11k
health/h0330.png,Normal,tbx11k
health/h0331.png,Normal,tbx11k
health/h0332.png,Normal,tbx11k
health/h0333.png,Normal,tbx11k
health/h0334.png,Normal,tbx11k
health/h0335.png,Normal,tbx11k
health/h0337.png,Normal,tbx11k
health/h0338.png,Normal,tbx11k
health/h0340.png,Normal,tbx11k
health/h0341.png,Normal,tbx11k
health/h0343.png,Normal,tbx11k
health/h0345.png,Normal,tbx11k
health/h0346.png,Normal,tbx11k
health/h0347.png,Normal,tbx11k
health/h0349.png,Normal,tbx11k
health/h0350.png,Normal,tbx11k
health/h0351.png,Normal,tbx11k
health/h0353.png,Normal,tbx11k
health/h0354.png,Normal,tbx11k
health/h0355.png,Normal,tbx11k
health/h0356.png,Normal,tbx11k
health/h0357.png,Normal,tbx11k
health/h0358.png,Normal,tbx11k
health/h0359.png,Normal,tbx11k
health/h0360.png,Normal,tbx11k
health/h0362.png,Normal,tbx11k
health/h0363.png,Normal,tbx11k
health/h0364.png,Normal,tbx11k
health/h0366.png,Normal,tbx11k
health/h0368.png,Normal,tbx11k
health/h0369.png,Normal,tbx11k
health/h0370.png,Normal,tbx11k
health/h0371.png,Normal,tbx11k
health/h0372.png,Normal,tbx11k
health/h0374.png,Normal,tbx11k
health/h0375.png,Normal,tbx11k
health/h0376.png,Normal,tbx11k
health/h0377.png,Normal,tbx11k
health/h0378.png,Normal,tbx11k
health/h0379.png,Normal,tbx11k
health/h0381.png,Normal,tbx11k
health/h0382.png,Normal,tbx11k
health/h0383.png,Normal,tbx11k
health/h0385.png,Normal,tbx11k
health/h0386.png,Normal,tbx11k
health/h0387.png,Normal,tbx11k
health/h0388.png,Normal,tbx11k
health/h0389.png,Normal,tbx11k
health/h0390.png,Normal,tbx11k
health/h0391.png,Normal,tbx11k
health/h0392.png,Normal,tbx11k
health/h0393.png,Normal,tbx11k
health/h0394.png,Normal,tbx11k
health/h0395.png,Normal,tbx11k
health/h0396.png,Normal,tbx11k
health/h0397.png,Normal,tbx11k
health/h0399.png,Normal,tbx11k
health/h0401.png,Normal,tbx11k
health/h0402.png,Normal,tbx11k
health/h0405.png,Normal,tbx11k
health/h0406.png,Normal,tbx11k
health/h0407.png,Normal,tbx11k
health/h0408.png,Normal,tbx11k
health/h0409.png,Normal,tbx11k
health/h0412.png,Normal,tbx11k
health/h0413.png,Normal,tbx11k
health/h0414.png,Normal,tbx11k
health/h0415.png,Normal,tbx11k
health/h0416.png,Normal,tbx11k
health/h0417.png,Normal,tbx11k
health/h0418.png,Normal,tbx11k
health/h0419.png,Normal,tbx11k
health/h0420.png,Normal,tbx11k
health/h0421.png,Normal,tbx11k
health/h0422.png,Normal,tbx11k
health/h0423.png,Normal,tbx11k
health/h0424.png,Normal,tbx11k
health/h0425.png,Normal,tbx11k
health/h0426.png,Normal,tbx11k
health/h0427.png,Normal,tbx11k
health/h0428.png,Normal,tbx11k
health/h0429.png,Normal,tbx11k
health/h0430.png,Normal,tbx11k
health/h0432.png,Normal,tbx11k
health/h0433.png,Normal,tbx11k
health/h0434.png,Normal,tbx11k
health/h0435.png,Normal,tbx11k
health/h0436.png,Normal,tbx11k
health/h0438.png,Normal,tbx11k
health/h0439.png,Normal,tbx11k
health/h0440.png,Normal,tbx11k
health/h0443.png,Normal,tbx11k
health/h0444.png,Normal,tbx11k
health/h0445.png,Normal,tbx11k
health/h0446.png,Normal,tbx11k
health/h0447.png,Normal,tbx11k
health/h0448.png,Normal,tbx11k
health/h0449.png,Normal,tbx11k
health/h0450.png,Normal,tbx11k
health/h0451.png,Normal,tbx11k
health/h0453.png,Normal,tbx11k
health/h0454.png,Normal,tbx11k
health/h0455.png,Normal,tbx11k
health/h0457.png,Normal,tbx11k
health/h0458.png,Normal,tbx11k
health/h0460.png,Normal,tbx11k
health/h0462.png,Normal,tbx11k
health/h0463.png,Normal,tbx11k
health/h0464.png,Normal,tbx11k
health/h0466.png,Normal,tbx11k
health/h0467.png,Normal,tbx11k
health/h0468.png,Normal,tbx11k
health/h0471.png,Normal,tbx11k
health/h0472.png,Normal,tbx11k
health/h0473.png,Normal,tbx11k
health/h0474.png,Normal,tbx11k
health/h0475.png,Normal,tbx11k
health/h0476.png,Normal,tbx11k
health/h0477.png,Normal,tbx11k
health/h0478.png,Normal,tbx11k
health/h0479.png,Normal,tbx11k
health/h0480.png,Normal,tbx11k
health/h0481.png,Normal,tbx11k
health/h0482.png,Normal,tbx11k
health/h0483.png,Normal,tbx11k
health/h0485.png,Normal,tbx11k
health/h0487.png,Normal,tbx11k
health/h0489.png,Normal,tbx11k
health/h0490.png,Normal,tbx11k
health/h0492.png,Normal,tbx11k
health/h0494.png,Normal,tbx11k
health/h0495.png,Normal,tbx11k
health/h0496.png,Normal,tbx11k
health/h0498.png,Normal,tbx11k
health/h0500.png,Normal,tbx11k
health/h0501.png,Normal,tbx11k
health/h0503.png,Normal,tbx11k
health/h0504.png,Normal,tbx11k
health/h0507.png,Normal,tbx11k
health/h0508.png,Normal,tbx11k
health/h0510.png,Normal,tbx11k
health/h0511.png,Normal,tbx11k
health/h0512.png,Normal,tbx11k
health/h0515.png,Normal,tbx11k
health/h0517.png,Normal,tbx11k
health/h0518.png,Normal,tbx11k
health/h0519.png,Normal,tbx11k
health/h0520.png,Normal,tbx11k
health/h0521.png,Normal,tbx11k
health/h0523.png,Normal,tbx11k
health/h0524.png,Normal,tbx11k
health/h0527.png,Normal,tbx11k
health/h0528.png,Normal,tbx11k
health/h0529.png,Normal,tbx11k
health/h0530.png,Normal,tbx11k
health/h0533.png,Normal,tbx11k
health/h0534.png,Normal,tbx11k
health/h0535.png,Normal,tbx11k
health/h0536.png,Normal,tbx11k
health/h0538.png,Normal,tbx11k
health/h0541.png,Normal,tbx11k
health/h0542.png,Normal,tbx11k
health/h0544.png,Normal,tbx11k
health/h0546.png,Normal,tbx11k
health/h0547.png,Normal,tbx11k
health/h0548.png,Normal,tbx11k
health/h0549.png,Normal,tbx11k
health/h0550.png,Normal,tbx11k
health/h0551.png,Normal,tbx11k
health/h0552.png,Normal,tbx11k
health/h0553.png,Normal,tbx11k
health/h0554.png,Normal,tbx11k
health/h0555.png,Normal,tbx11k
health/h0556.png,Normal,tbx11k
health/h0557.png,Normal,tbx11k
health/h0559.png,Normal,tbx11k
health/h0561.png,Normal,tbx11k
health/h0564.png,Normal,tbx11k
health/h0567.png,Normal,tbx11k
health/h0568.png,Normal,tbx11k
health/h0569.png,Normal,tbx11k
health/h0570.png,Normal,tbx11k
health/h0571.png,Normal,tbx11k
health/h0572.png,Normal,tbx11k
health/h0575.png,Normal,tbx11k
health/h0576.png,Normal,tbx11k
health/h0577.png,Normal,tbx11k
health/h0578.png,Normal,tbx11k
health/h0581.png,Normal,tbx11k
health/h0582.png,Normal,tbx11k
health/h0583.png,Normal,tbx11k
health/h0584.png,Normal,tbx11k
health/h0585.png,Normal,tbx11k
health/h0586.png,Normal,tbx11k
health/h0588.png,Normal,tbx11k
health/h0589.png,Normal,tbx11k
health/h0590.png,Normal,tbx11k
health/h0592.png,Normal,tbx11k
health/h0593.png,Normal,tbx11k
health/h0596.png,Normal,tbx11k
health/h0597.png,Normal,tbx11k
health/h0598.png,Normal,tbx11k
health/h0599.png,Normal,tbx11k
health/h0600.png,Normal,tbx11k
health/h0603.png,Normal,tbx11k
health/h0605.png,Normal,tbx11k
health/h0606.png,Normal,tbx11k
health/h0607.png,Normal,tbx11k
health/h0609.png,Normal,tbx11k
health/h0610.png,Normal,tbx11k
health/h0614.png,Normal,tbx11k
health/h0615.png,Normal,tbx11k
health/h0616.png,Normal,tbx11k
health/h0617.png,Normal,tbx11k
health/h0618.png,Normal,tbx11k
health/h0619.png,Normal,tbx11k
health/h0621.png,Normal,tbx11k
health/h0623.png,Normal,tbx11k
health/h0625.png,Normal,tbx11k
health/h0626.png,Normal,tbx11k
health/h0629.png,Normal,tbx11k
health/h0632.png,Normal,tbx11k
health/h0634.png,Normal,tbx11k
health/h0635.png,Normal,tbx11k
health/h0636.png,Normal,tbx11k
health/h0638.png,Normal,tbx11k
health/h0639.png,Normal,tbx11k
health/h0640.png,Normal,tbx11k
health/h0641.png,Normal,tbx11k
health/h0642.png,Normal,tbx11k
health/h0643.png,Normal,tbx11k
health/h0644.png,Normal,tbx11k
health/h0645.png,Normal,tbx11k
health/h0646.png,Normal,tbx11k
health/h0647.png,Normal,tbx11k
health/h0648.png,Normal,tbx11k
health/h0649.png,Normal,tbx11k
health/h0651.png,Normal,tbx11k
health/h0652.png,Normal,tbx11k
health/h0654.png,Normal,tbx11k
health/h0656.png,Normal,tbx11k
health/h0657.png,Normal,tbx11k
health/h0658.png,Normal,tbx11k
health/h0659.png,Normal,tbx11k
health/h0661.png,Normal,tbx11k
health/h0662.png,Normal,tbx11k
health/h0665.png,Normal,tbx11k
health/h0667.png,Normal,tbx11k
health/h0668.png,Normal,tbx11k
health/h0669.png,Normal,tbx11k
health/h0673.png,Normal,tbx11k
health/h0674.png,Normal,tbx11k
health/h0675.png,Normal,tbx11k
health/h0677.png,Normal,tbx11k
health/h0678.png,Normal,tbx11k
health/h0679.png,Normal,tbx11k
health/h0680.png,Normal,tbx11k
health/h0681.png,Normal,tbx11k
health/h0682.png,Normal,tbx11k
health/h0684.png,Normal,tbx11k
health/h0685.png,Normal,tbx11k
health/h0686.png,Normal,tbx11k
health/h0687.png,Normal,tbx11k
health/h0688.png,Normal,tbx11k
health/h0689.png,Normal,tbx11k
health/h0690.png,Normal,tbx11k
health/h0691.png,Normal,tbx11k
health/h0692.png,Normal,tbx11k
health/h0693.png,Normal,tbx11k
health/h0694.png,Normal,tbx11k
health/h0695.png,Normal,tbx11k
health/h0697.png,Normal,tbx11k
health/h0698.png,Normal,tbx11k
health/h0700.png,Normal,tbx11k
health/h0701.png,Normal,tbx11k
health/h0702.png,Normal,tbx11k
health/h0704.png,Normal,tbx11k
health/h0707.png,Normal,tbx11k
health/h0709.png,Normal,tbx11k
health/h0710.png,Normal,tbx11k
health/h0711.png,Normal,tbx11k
health/h0712.png,Normal,tbx11k
health/h0713.png,Normal,tbx11k
health/h0714.png,Normal,tbx11k
health/h0715.png,Normal,tbx11k
health/h0716.png,Normal,tbx11k
health/h0717.png,Normal,tbx11k
health/h0719.png,Normal,tbx11k
health/h0722.png,Normal,tbx11k
health/h0723.png,Normal,tbx11k
health/h0726.png,Normal,tbx11k
health/h0727.png,Normal,tbx11k
health/h0728.png,Normal,tbx11k
health/h0729.png,Normal,tbx11k
health/h0730.png,Normal,tbx11k
health/h0732.png,Normal,tbx11k
health/h0733.png,Normal,tbx11k
health/h0734.png,Normal,tbx11k
health/h0737.png,Normal,tbx11k
health/h0738.png,Normal,tbx11k
health/h0739.png,Normal,tbx11k
health/h0741.png,Normal,tbx11k
health/h0742.png,Normal,tbx11k
health/h0743.png,Normal,tbx11k
health/h0744.png,Normal,tbx11k
health/h0745.png,Normal,tbx11k
health/h0746.png,Normal,tbx11k
health/h0748.png,Normal,tbx11k
health/h0749.png,Normal,tbx11k
health/h0750.png,Normal,tbx11k
health/h0751.png,Normal,tbx11k
health/h0753.png,Normal,tbx11k
health/h0756.png,Normal,tbx11k
health/h0758.png,Normal,tbx11k
health/h0759.png,Normal,tbx11k
health/h0760.png,Normal,tbx11k
health/h0762.png,Normal,tbx11k
health/h0763.png,Normal,tbx11k
health/h0764.png,Normal,tbx11k
health/h0766.png,Normal,tbx11k
health/h0767.png,Normal,tbx11k
health/h0769.png,Normal,tbx11k
health/h0770.png,Normal,tbx11k
health/h0771.png,Normal,tbx11k
health/h0772.png,Normal,tbx11k
health/h0775.png,Normal,tbx11k
health/h0776.png,Normal,tbx11k
health/h0778.png,Normal,tbx11k
health/h0779.png,Normal,tbx11k
health/h0780.png,Normal,tbx11k
health/h0781.png,Normal,tbx11k
health/h0782.png,Normal,tbx11k
health/h0783.png,Normal,tbx11k
health/h0786.png,Normal,tbx11k
health/h0787.png,Normal,tbx11k
health/h0788.png,Normal,tbx11k
health/h0790.png,Normal,tbx11k
health/h0791.png,Normal,tbx11k
health/h0794.png,Normal,tbx11k
health/h0795.png,Normal,tbx11k
health/h0796.png,Normal,tbx11k
health/h0799.png,Normal,tbx11k
health/h0801.png,Normal,tbx11k
health/h0802.png,Normal,tbx11k
health/h0804.png,Normal,tbx11k
health/h0805.png,Normal,tbx11k
health/h0806.png,Normal,tbx11k
health/h0807.png,Normal,tbx11k
health/h0808.png,Normal,tbx11k
health/h0810.png,Normal,tbx11k
health/h0811.png,Normal,tbx11k
health/h0812.png,Normal,tbx11k
health/h0813.png,Normal,tbx11k
health/h0814.png,Normal,tbx11k
health/h0817.png,Normal,tbx11k
health/h0818.png,Normal,tbx11k
health/h0819.png,Normal,tbx11k
health/h0821.png,Normal,tbx11k
health/h0823.png,Normal,tbx11k
health/h0825.png,Normal,tbx11k
health/h0827.png,Normal,tbx11k
health/h0828.png,Normal,tbx11k
health/h0831.png,Normal,tbx11k
health/h0832.png,Normal,tbx11k
health/h0834.png,Normal,tbx11k
health/h0835.png,Normal,tbx11k
health/h0836.png,Normal,tbx11k
health/h0837.png,Normal,tbx11k
health/h0838.png,Normal,tbx11k
health/h0839.png,Normal,tbx11k
health/h0840.png,Normal,tbx11k
health/h0841.png,Normal,tbx11k
health/h0842.png,Normal,tbx11k
health/h0843.png,Normal,tbx11k
health/h0845.png,Normal,tbx11k
health/h0846.png,Normal,tbx11k
health/h0847.png,Normal,tbx11k
health/h0849.png,Normal,tbx11k
health/h0850.png,Normal,tbx11k
health/h0851.png,Normal,tbx11k
health/h0852.png,Normal,tbx11k
health/h0853.png,Normal,tbx11k
health/h0854.png,Normal,tbx11k
health/h0856.png,Normal,tbx11k
health/h0857.png,Normal,tbx11k
health/h0858.png,Normal,tbx11k
health/h0859.png,Normal,tbx11k
health/h0860.png,Normal,tbx11k
health/h0862.png,Normal,tbx11k
health/h0863.png,Normal,tbx11k
health/h0864.png,Normal,tbx11k
health/h0865.png,Normal,tbx11k
health/h0866.png,Normal,tbx11k
health/h0867.png,Normal,tbx11k
health/h0868.png,Normal,tbx11k
health/h0870.png,Normal,tbx11k
health/h0871.png,Normal,tbx11k
health/h0872.png,Normal,tbx11k
health/h0873.png,Normal,tbx11k
health/h0874.png,Normal,tbx11k
health/h0875.png,Normal,tbx11k
health/h0876.png,Normal,tbx11k
health/h0877.png,Normal,tbx11k
health/h0878.png,Normal,tbx11k
health/h0880.png,Normal,tbx11k
health/h0882.png,Normal,tbx11k
health/h0883.png,Normal,tbx11k
health/h0884.png,Normal,tbx11k
health/h0887.png,Normal,tbx11k
health/h0888.png,Normal,tbx11k
health/h0889.png,Normal,tbx11k
health/h0890.png,Normal,tbx11k
health/h0891.png,Normal,tbx11k
health/h0892.png,Normal,tbx11k
health/h0896.png,Normal,tbx11k
health/h0897.png,Normal,tbx11k
health/h0898.png,Normal,tbx11k
health/h0902.png,Normal,tbx11k
health/h0903.png,Normal,tbx11k
health/h0904.png,Normal,tbx11k
health/h0905.png,Normal,tbx11k
health/h0906.png,Normal,tbx11k
health/h0908.png,Normal,tbx11k
health/h0909.png,Normal,tbx11k
health/h0910.png,Normal,tbx11k
health/h0911.png,Normal,tbx11k
health/h0912.png,Normal,tbx11k
health/h0913.png,Normal,tbx11k
health/h0914.png,Normal,tbx11k
health/h0915.png,Normal,tbx11k
health/h0916.png,Normal,tbx11k
health/h0917.png,Normal,tbx11k
health/h0918.png,Normal,tbx11k
health/h0919.png,Normal,tbx11k
health/h0920.png,Normal,tbx11k
health/h0921.png,Normal,tbx11k
health/h0922.png,Normal,tbx11k
health/h0924.png,Normal,tbx11k
health/h0925.png,Normal,tbx11k
health/h0926.png,Normal,tbx11k
health/h0928.png,Normal,tbx11k
health/h0930.png,Normal,tbx11k
health/h0931.png,Normal,tbx11k
health/h0933.png,Normal,tbx11k
health/h0934.png,Normal,tbx11k
health/h0935.png,Normal,tbx11k
health/h0939.png,Normal,tbx11k
health/h0940.png,Normal,tbx11k
health/h0942.png,Normal,tbx11k
health/h0943.png,Normal,tbx11k
health/h0944.png,Normal,tbx11k
health/h0945.png,Normal,tbx11k
health/h0946.png,Normal,tbx11k
health/h0947.png,Normal,tbx11k
health/h0948.png,Normal,tbx11k
health/h0949.png,Normal,tbx11k
health/h0950.png,Normal,tbx11k
health/h0951.png,Normal,tbx11k
health/h0952.png,Normal,tbx11k
health/h0953.png,Normal,tbx11k
health/h0954.png,Normal,tbx11k
health/h0955.png,Normal,tbx11k
health/h0958.png,Normal,tbx11k
health/h0960.png,Normal,tbx11k
health/h0961.png,Normal,tbx11k
health/h0962.png,Normal,tbx11k
health/h0963.png,Normal,tbx11k
health/h0965.png,Normal,tbx11k
health/h0966.png,Normal,tbx11k
health/h0967.png,Normal,tbx11k
health/h0968.png,Normal,tbx11k
health/h0969.png,Normal,tbx11k
health/h0970.png,Normal,tbx11k
health/h0971.png,Normal,tbx11k
health/h0972.png,Normal,tbx11k
health/h0973.png,Normal,tbx11k
health/h0975.png,Normal,tbx11k
health/h0976.png,Normal,tbx11k
health/h0977.png,Normal,tbx11k
health/h0978.png,Normal,tbx11k
health/h0979.png,Normal,tbx11k
health/h0982.png,Normal,tbx11k
health/h0983.png,Normal,tbx11k
health/h0984.png,Normal,tbx11k
health/h0985.png,Normal,tbx11k
health/h0986.png,Normal,tbx11k
health/h0987.png,Normal,tbx11k
health/h0988.png,Normal,tbx11k
health/h0989.png,Normal,tbx11k
health/h0990.png,Normal,tbx11k
health/h0991.png,Normal,tbx11k
health/h0992.png,Normal,tbx11k
health/h0993.png,Normal,tbx11k
health/h0995.png,Normal,tbx11k
health/h0996.png,Normal,tbx11k
health/h0997.png,Normal,tbx11k
health/h0998.png,Normal,tbx11k
health/h0999.png,Normal,tbx11k
health/h1002.png,Normal,tbx11k
health/h1003.png,Normal,tbx11k
health/h1004.png,Normal,tbx11k
health/h1005.png,Normal,tbx11k
health/h1006.png,Normal,tbx11k
health/h1007.png,Normal,tbx11k
health/h1008.png,Normal,tbx11k
health/h1009.png,Normal,tbx11k
health/h1010.png,Normal,tbx11k
health/h1011.png,Normal,tbx11k
health/h1012.png,Normal,tbx11k
health/h1013.png,Normal,tbx11k
health/h1015.png,Normal,tbx11k
health/h1016.png,Normal,tbx11k
health/h1017.png,Normal,tbx11k
health/h1019.png,Normal,tbx11k
health/h1020.png,Normal,tbx11k
health/h1022.png,Normal,tbx11k
health/h1023.png,Normal,tbx11k
health/h1024.png,Normal,tbx11k
health/h1025.png,Normal,tbx11k
health/h1026.png,Normal,tbx11k
health/h1027.png,Normal,tbx11k
health/h1028.png,Normal,tbx11k
health/h1030.png,Normal,tbx11k
health/h1031.png,Normal,tbx11k
health/h1032.png,Normal,tbx11k
health/h1033.png,Normal,tbx11k
health/h1034.png,Normal,tbx11k
health/h1035.png,Normal,tbx11k
health/h1036.png,Normal,tbx11k
health/h1037.png,Normal,tbx11k
health/h1038.png,Normal,tbx11k
health/h1039.png,Normal,tbx11k
health/h1042.png,Normal,tbx11k
health/h1044.png,Normal,tbx11k
health/h1045.png,Normal,tbx11k
health/h1046.png,Normal,tbx11k
health/h1047.png,Normal,tbx11k
health/h1048.png,Normal,tbx11k
health/h1049.png,Normal,tbx11k
health/h1050.png,Normal,tbx11k
health/h1051.png,Normal,tbx11k
health/h1052.png,Normal,tbx11k
health/h1053.png,Normal,tbx11k
health/h1056.png,Normal,tbx11k
health/h1057.png,Normal,tbx11k
health/h1058.png,Normal,tbx11k
health/h1059.png,Normal,tbx11k
health/h1060.png,Normal,tbx11k
health/h1061.png,Normal,tbx11k
health/h1062.png,Normal,tbx11k
health/h1063.png,Normal,tbx11k
health/h1064.png,Normal,tbx11k
health/h1065.png,Normal,tbx11k
health/h1066.png,Normal,tbx11k
health/h1068.png,Normal,tbx11k
health/h1069.png,Normal,tbx11k
health/h1070.png,Normal,tbx11k
health/h1072.png,Normal,tbx11k
health/h1073.png,Normal,tbx11k
health/h1074.png,Normal,tbx11k
health/h1075.png,Normal,tbx11k
health/h1076.png,Normal,tbx11k
health/h1077.png,Normal,tbx11k
health/h1078.png,Normal,tbx11k
health/h1079.png,Normal,tbx11k
health/h1082.png,Normal,tbx11k
health/h1083.png,Normal,tbx11k
health/h1084.png,Normal,tbx11k
health/h1087.png,Normal,tbx11k
health/h1088.png,Normal,tbx11k
health/h1089.png,Normal,tbx11k
health/h1090.png,Normal,tbx11k
health/h1091.png,Normal,tbx11k
health/h1092.png,Normal,tbx11k
health/h1094.png,Normal,tbx11k
health/h1095.png,Normal,tbx11k
health/h1099.png,Normal,tbx11k
health/h1100.png,Normal,tbx11k
health/h1101.png,Normal,tbx11k
health/h1102.png,Normal,tbx11k
health/h1103.png,Normal,tbx11k
health/h1104.png,Normal,tbx11k
health/h1105.png,Normal,tbx11k
health/h1107.png,Normal,tbx11k
health/h1111.png,Normal,tbx11k
health/h1114.png,Normal,tbx11k
health/h1116.png,Normal,tbx11k
health/h1117.png,Normal,tbx11k
health/h1118.png,Normal,tbx11k
health/h1121.png,Normal,tbx11k
health/h1122.png,Normal,tbx11k
health/h1125.png,Normal,tbx11k
health/h1128.png,Normal,tbx11k
health/h1129.png,Normal,tbx11k
health/h1130.png,Normal,tbx11k
health/h1132.png,Normal,tbx11k
health/h1133.png,Normal,tbx11k
health/h1134.png,Normal,tbx11k
health/h1135.png,Normal,tbx11k
health/h1136.png,Normal,tbx11k
health/h1137.png,Normal,tbx11k
health/h1138.png,Normal,tbx11k
health/h1139.png,Normal,tbx11k
health/h1140.png,Normal,tbx11k
health/h1141.png,Normal,tbx11k
health/h1143.png,Normal,tbx11k
health/h1145.png,Normal,tbx11k
health/h1146.png,Normal,tbx11k
health/h1147.png,Normal,tbx11k
health/h1150.png,Normal,tbx11k
health/h1151.png,Normal,tbx11k
health/h1152.png,Normal,tbx11k
health/h1153.png,Normal,tbx11k
health/h1154.png,Normal,tbx11k
health/h1155.png,Normal,tbx11k
health/h1156.png,Normal,tbx11k
health/h1158.png,Normal,tbx11k
health/h1159.png,Normal,tbx11k
health/h1160.png,Normal,tbx11k
health/h1162.png,Normal,tbx11k
health/h1164.png,Normal,tbx11k
health/h1165.png,Normal,tbx11k
health/h1166.png,Normal,tbx11k
health/h1169.png,Normal,tbx11k
health/h1170.png,Normal,tbx11k
health/h1171.png,Normal,tbx11k
health/h1172.png,Normal,tbx11k
health/h1173.png,Normal,tbx11k
health/h1174.png,Normal,tbx11k
health/h1175.png,Normal,tbx11k
health/h1177.png,Normal,tbx11k
health/h1178.png,Normal,tbx11k
health/h1181.png,Normal,tbx11k
health/h1182.png,Normal,tbx11k
health/h1183.png,Normal,tbx11k
health/h1184.png,Normal,tbx11k
health/h1185.png,Normal,tbx11k
health/h1186.png,Normal,tbx11k
health/h1187.png,Normal,tbx11k
health/h1188.png,Normal,tbx11k
health/h1189.png,Normal,tbx11k
health/h1191.png,Normal,tbx11k
health/h1192.png,Normal,tbx11k
health/h1193.png,Normal,tbx11k
health/h1194.png,Normal,tbx11k
health/h1195.png,Normal,tbx11k
health/h1196.png,Normal,tbx11k
health/h1198.png,Normal,tbx11k
health/h1199.png,Normal,tbx11k
health/h1200.png,Normal,tbx11k
health/h1202.png,Normal,tbx11k
health/h1204.png,Normal,tbx11k
health/h1205.png,Normal,tbx11k
health/h1207.png,Normal,tbx11k
health/h1209.png,Normal,tbx11k
health/h1210.png,Normal,tbx11k
health/h1211.png,Normal,tbx11k
health/h1213.png,Normal,tbx11k
health/h1215.png,Normal,tbx11k
health/h1217.png,Normal,tbx11k
health/h1218.png,Normal,tbx11k
health/h1219.png,Normal,tbx11k
health/h1220.png,Normal,tbx11k
health/h1222.png,Normal,tbx11k
health/h1223.png,Normal,tbx11k
health/h1224.png,Normal,tbx11k
health/h1226.png,Normal,tbx11k
health/h1227.png,Normal,tbx11k
health/h1229.png,Normal,tbx11k
health/h1230.png,Normal,tbx11k
health/h1233.png,Normal,tbx11k
health/h1234.png,Normal,tbx11k
health/h1235.png,Normal,tbx11k
health/h1236.png,Normal,tbx11k
health/h1237.png,Normal,tbx11k
health/h1238.png,Normal,tbx11k
health/h1239.png,Normal,tbx11k
health/h1240.png,Normal,tbx11k
health/h1242.png,Normal,tbx11k
health/h1243.png,Normal,tbx11k
health/h1244.png,Normal,tbx11k
health/h1245.png,Normal,tbx11k
health/h1246.png,Normal,tbx11k
health/h1247.png,Normal,tbx11k
health/h1249.png,Normal,tbx11k
health/h1250.png,Normal,tbx11k
health/h1251.png,Normal,tbx11k
health/h1252.png,Normal,tbx11k
health/h1253.png,Normal,tbx11k
health/h1254.png,Normal,tbx11k
health/h1255.png,Normal,tbx11k
health/h1256.png,Normal,tbx11k
health/h1257.png,Normal,tbx11k
health/h1258.png,Normal,tbx11k
health/h1259.png,Normal,tbx11k
health/h1260.png,Normal,tbx11k
health/h1261.png,Normal,tbx11k
health/h1262.png,Normal,tbx11k
health/h1263.png,Normal,tbx11k
health/h1268.png,Normal,tbx11k
health/h1270.png,Normal,tbx11k
health/h1272.png,Normal,tbx11k
health/h1273.png,Normal,tbx11k
health/h1274.png,Normal,tbx11k
health/h1279.png,Normal,tbx11k
health/h1281.png,Normal,tbx11k
health/h1283.png,Normal,tbx11k
health/h1284.png,Normal,tbx11k
health/h1285.png,Normal,tbx11k
health/h1286.png,Normal,tbx11k
health/h1288.png,Normal,tbx11k
health/h1289.png,Normal,tbx11k
health/h1290.png,Normal,tbx11k
health/h1291.png,Normal,tbx11k
health/h1293.png,Normal,tbx11k
health/h1295.png,Normal,tbx11k
health/h1296.png,Normal,tbx11k
health/h1299.png,Normal,tbx11k
health/h1301.png,Normal,tbx11k
health/h1302.png,Normal,tbx11k
health/h1303.png,Normal,tbx11k
health/h1304.png,Normal,tbx11k
health/h1305.png,Normal,tbx11k
health/h1306.png,Normal,tbx11k
health/h1307.png,Normal,tbx11k
health/h1308.png,Normal,tbx11k
health/h1309.png,Normal,tbx11k
health/h1310.png,Normal,tbx11k
health/h1313.png,Normal,tbx11k
health/h1314.png,Normal,tbx11k
health/h1315.png,Normal,tbx11k
health/h1317.png,Normal,tbx11k
health/h1319.png,Normal,tbx11k
health/h1320.png,Normal,tbx11k
health/h1322.png,Normal,tbx11k
health/h1324.png,Normal,tbx11k
health/h1325.png,Normal,tbx11k
health/h1326.png,Normal,tbx11k
health/h1327.png,Normal,tbx11k
health/h1328.png,Normal,tbx11k
health/h1331.png,Normal,tbx11k
health/h1332.png,Normal,tbx11k
health/h1333.png,Normal,tbx11k
health/h1334.png,Normal,tbx11k
health/h1337.png,Normal,tbx11k
health/h1339.png,Normal,tbx11k
health/h1340.png,Normal,tbx11k
health/h1341.png,Normal,tbx11k
health/h1343.png,Normal,tbx11k
health/h1344.png,Normal,tbx11k
health/h1345.png,Normal,tbx11k
health/h1346.png,Normal,tbx11k
health/h1348.png,Normal,tbx11k
health/h1349.png,Normal,tbx11k
health/h1350.png,Normal,tbx11k
health/h1351.png,Normal,tbx11k
health/h1353.png,Normal,tbx11k
health/h1354.png,Normal,tbx11k
health/h1355.png,Normal,tbx11k
health/h1356.png,Normal,tbx11k
health/h1358.png,Normal,tbx11k
health/h1359.png,Normal,tbx11k
health/h1360.png,Normal,tbx11k
health/h1361.png,Normal,tbx11k
health/h1362.png,Normal,tbx11k
health/h1363.png,Normal,tbx11k
health/h1364.png,Normal,tbx11k
health/h1365.png,Normal,tbx11k
health/h1366.png,Normal,tbx11k
health/h1367.png,Normal,tbx11k
health/h1368.png,Normal,tbx11k
health/h1369.png,Normal,tbx11k
health/h1370.png,Normal,tbx11k
health/h1371.png,Normal,tbx11k
health/h1372.png,Normal,tbx11k
health/h1374.png,Normal,tbx11k
health/h1377.png,Normal,tbx11k
health/h1378.png,Normal,tbx11k
health/h1379.png,Normal,tbx11k
health/h1380.png,Normal,tbx11k
health/h1383.png,Normal,tbx11k
health/h1384.png,Normal,tbx11k
health/h1385.png,Normal,tbx11k
health/h1386.png,Normal,tbx11k
health/h1387.png,Normal,tbx11k
health/h1389.png,Normal,tbx11k
health/h1390.png,Normal,tbx11k
health/h1391.png,Normal,tbx11k
health/h1392.png,Normal,tbx11k
health/h1393.png,Normal,tbx11k
health/h1394.png,Normal,tbx11k
health/h1395.png,Normal,tbx11k
health/h1397.png,Normal,tbx11k
health/h1400.png,Normal,tbx11k
health/h1401.png,Normal,tbx11k
health/h1403.png,Normal,tbx11k
health/h1404.png,Normal,tbx11k
health/h1405.png,Normal,tbx11k
health/h1406.png,Normal,tbx11k
health/h1407.png,Normal,tbx11k
health/h1408.png,Normal,tbx11k
health/h1409.png,Normal,tbx11k
health/h1410.png,Normal,tbx11k
health/h1414.png,Normal,tbx11k
health/h1416.png,Normal,tbx11k
health/h1417.png,Normal,tbx11k
health/h1418.png,Normal,tbx11k
health/h1419.png,Normal,tbx11k
health/h1420.png,Normal,tbx11k
health/h1422.png,Normal,tbx11k
health/h1423.png,Normal,tbx11k
health/h1424.png,Normal,tbx11k
health/h1426.png,Normal,tbx11k
health/h1427.png,Normal,tbx11k
health/h1430.png,Normal,tbx11k
health/h1432.png,Normal,tbx11k
health/h1433.png,Normal,tbx11k
health/h1434.png,Normal,tbx11k
health/h1435.png,Normal,tbx11k
health/h1436.png,Normal,tbx11k
health/h1438.png,Normal,tbx11k
health/h1439.png,Normal,tbx11k
health/h1441.png,Normal,tbx11k
health/h1442.png,Normal,tbx11k
health/h1443.png,Normal,tbx11k
health/h1444.png,Normal,tbx11k
health/h1445.png,Normal,tbx11k
health/h1446.png,Normal,tbx11k
health/h1448.png,Normal,tbx11k
health/h1450.png,Normal,tbx11k
health/h1451.png,Normal,tbx11k
health/h1452.png,Normal,tbx11k
health/h1453.png,Normal,tbx11k
health/h1454.png,Normal,tbx11k
health/h1455.png,Normal,tbx11k
health/h1456.png,Normal,tbx11k
health/h1457.png,Normal,tbx11k
health/h1459.png,Normal,tbx11k
health/h1460.png,Normal,tbx11k
health/h1461.png,Normal,tbx11k
health/h1462.png,Normal,tbx11k
health/h1463.png,Normal,tbx11k
health/h1465.png,Normal,tbx11k
health/h1466.png,Normal,tbx11k
health/h1468.png,Normal,tbx11k
health/h1469.png,Normal,tbx11k
health/h1470.png,Normal,tbx11k
health/h1472.png,Normal,tbx11k
health/h1473.png,Normal,tbx11k
health/h1475.png,Normal,tbx11k
health/h1478.png,Normal,tbx11k
health/h1479.png,Normal,tbx11k
health/h1480.png,Normal,tbx11k
health/h1481.png,Normal,tbx11k
health/h1483.png,Normal,tbx11k
health/h1485.png,Normal,tbx11k
health/h1486.png,Normal,tbx11k
health/h1488.png,Normal,tbx11k
health/h1489.png,Normal,tbx11k
health/h1490.png,Normal,tbx11k
health/h1492.png,Normal,tbx11k
health/h1494.png,Normal,tbx11k
health/h1496.png,Normal,tbx11k
health/h1497.png,Normal,tbx11k
health/h1498.png,Normal,tbx11k
health/h1502.png,Normal,tbx11k
health/h1503.png,Normal,tbx11k
health/h1504.png,Normal,tbx11k
health/h1505.png,Normal,tbx11k
health/h1506.png,Normal,tbx11k
health/h1507.png,Normal,tbx11k
health/h1508.png,Normal,tbx11k
health/h1509.png,Normal,tbx11k
health/h1511.png,Normal,tbx11k
health/h1512.png,Normal,tbx11k
health/h1514.png,Normal,tbx11k
health/h1516.png,Normal,tbx11k
health/h1517.png,Normal,tbx11k
health/h1518.png,Normal,tbx11k
health/h1519.png,Normal,tbx11k
health/h1520.png,Normal,tbx11k
health/h1521.png,Normal,tbx11k
health/h1522.png,Normal,tbx11k
health/h1523.png,Normal,tbx11k
health/h1524.png,Normal,tbx11k
health/h1525.png,Normal,tbx11k
health/h1526.png,Normal,tbx11k
health/h1528.png,Normal,tbx11k
health/h1529.png,Normal,tbx11k
health/h1530.png,Normal,tbx11k
health/h1531.png,Normal,tbx11k
health/h1532.png,Normal,tbx11k
health/h1533.png,Normal,tbx11k
health/h1534.png,Normal,tbx11k
health/h1535.png,Normal,tbx11k
health/h1536.png,Normal,tbx11k
health/h1537.png,Normal,tbx11k
health/h1538.png,Normal,tbx11k
health/h1539.png,Normal,tbx11k
health/h1540.png,Normal,tbx11k
health/h1541.png,Normal,tbx11k
health/h1542.png,Normal,tbx11k
health/h1544.png,Normal,tbx11k
health/h1546.png,Normal,tbx11k
health/h1549.png,Normal,tbx11k
health/h1550.png,Normal,tbx11k
health/h1552.png,Normal,tbx11k
health/h1553.png,Normal,tbx11k
health/h1554.png,Normal,tbx11k
health/h1555.png,Normal,tbx11k
health/h1556.png,Normal,tbx11k
health/h1557.png,Normal,tbx11k
health/h1558.png,Normal,tbx11k
health/h1559.png,Normal,tbx11k
health/h1560.png,Normal,tbx11k
health/h1561.png,Normal,tbx11k
health/h1562.png,Normal,tbx11k
health/h1563.png,Normal,tbx11k
health/h1564.png,Normal,tbx11k
health/h1565.png,Normal,tbx11k
health/h1567.png,Normal,tbx11k
health/h1568.png,Normal,tbx11k
health/h1570.png,Normal,tbx11k
health/h1571.png,Normal,tbx11k
health/h1572.png,Normal,tbx11k
health/h1573.png,Normal,tbx11k
health/h1574.png,Normal,tbx11k
health/h1576.png,Normal,tbx11k
health/h1577.png,Normal,tbx11k
health/h1578.png,Normal,tbx11k
health/h1579.png,Normal,tbx11k
health/h1580.png,Normal,tbx11k
health/h1581.png,Normal,tbx11k
health/h1582.png,Normal,tbx11k
health/h1584.png,Normal,tbx11k
health/h1585.png,Normal,tbx11k
health/h1586.png,Normal,tbx11k
health/h1590.png,Normal,tbx11k
health/h1592.png,Normal,tbx11k
health/h1594.png,Normal,tbx11k
health/h1595.png,Normal,tbx11k
health/h1597.png,Normal,tbx11k
health/h1600.png,Normal,tbx11k
health/h1601.png,Normal,tbx11k
health/h1602.png,Normal,tbx11k
health/h1603.png,Normal,tbx11k
health/h1604.png,Normal,tbx11k
health/h1605.png,Normal,tbx11k
health/h1607.png,Normal,tbx11k
health/h1608.png,Normal,tbx11k
health/h1609.png,Normal,tbx11k
health/h1613.png,Normal,tbx11k
health/h1614.png,Normal,tbx11k
health/h1615.png,Normal,tbx11k
health/h1616.png,Normal,tbx11k
health/h1618.png,Normal,tbx11k
health/h1620.png,Normal,tbx11k
health/h1621.png,Normal,tbx11k
health/h1624.png,Normal,tbx11k
health/h1625.png,Normal,tbx11k
health/h1626.png,Normal,tbx11k
health/h1627.png,Normal,tbx11k
health/h1628.png,Normal,tbx11k
health/h1629.png,Normal,tbx11k
health/h1630.png,Normal,tbx11k
health/h1631.png,Normal,tbx11k
health/h1632.png,Normal,tbx11k
health/h1633.png,Normal,tbx11k
health/h1634.png,Normal,tbx11k
health/h1635.png,Normal,tbx11k
health/h1636.png,Normal,tbx11k
health/h1637.png,Normal,tbx11k
health/h1638.png,Normal,tbx11k
health/h1641.png,Normal,tbx11k
health/h1642.png,Normal,tbx11k
health/h1643.png,Normal,tbx11k
health/h1644.png,Normal,tbx11k
health/h1645.png,Normal,tbx11k
health/h1647.png,Normal,tbx11k
health/h1648.png,Normal,tbx11k
health/h1649.png,Normal,tbx11k
health/h1650.png,Normal,tbx11k
health/h1651.png,Normal,tbx11k
health/h1652.png,Normal,tbx11k
health/h1653.png,Normal,tbx11k
health/h1654.png,Normal,tbx11k
health/h1656.png,Normal,tbx11k
health/h1657.png,Normal,tbx11k
health/h1658.png,Normal,tbx11k
health/h1659.png,Normal,tbx11k
health/h1660.png,Normal,tbx11k
health/h1661.png,Normal,tbx11k
health/h1662.png,Normal,tbx11k
health/h1663.png,Normal,tbx11k
health/h1664.png,Normal,tbx11k
health/h1665.png,Normal,tbx11k
health/h1666.png,Normal,tbx11k
health/h1668.png,Normal,tbx11k
health/h1669.png,Normal,tbx11k
health/h1671.png,Normal,tbx11k
health/h1672.png,Normal,tbx11k
health/h1673.png,Normal,tbx11k
health/h1675.png,Normal,tbx11k
health/h1676.png,Normal,tbx11k
health/h1677.png,Normal,tbx11k
health/h1678.png,Normal,tbx11k
health/h1680.png,Normal,tbx11k
health/h1681.png,Normal,tbx11k
health/h1682.png,Normal,tbx11k
health/h1683.png,Normal,tbx11k
health/h1684.png,Normal,tbx11k
health/h1686.png,Normal,tbx11k
health/h1687.png,Normal,tbx11k
health/h1688.png,Normal,tbx11k
health/h1689.png,Normal,tbx11k
health/h1690.png,Normal,tbx11k
health/h1691.png,Normal,tbx11k
health/h1694.png,Normal,tbx11k
health/h1695.png,Normal,tbx11k
health/h1697.png,Normal,tbx11k
health/h1698.png,Normal,tbx11k
health/h1699.png,Normal,tbx11k
health/h1701.png,Normal,tbx11k
health/h1702.png,Normal,tbx11k
health/h1703.png,Normal,tbx11k
health/h1704.png,Normal,tbx11k
health/h1705.png,Normal,tbx11k
health/h1706.png,Normal,tbx11k
health/h1707.png,Normal,tbx11k
health/h1708.png,Normal,tbx11k
health/h1709.png,Normal,tbx11k
health/h1710.png,Normal,tbx11k
health/h1711.png,Normal,tbx11k
health/h1712.png,Normal,tbx11k
health/h1713.png,Normal,tbx11k
health/h1715.png,Normal,tbx11k
health/h1716.png,Normal,tbx11k
health/h1717.png,Normal,tbx11k
health/h1718.png,Normal,tbx11k
health/h1719.png,Normal,tbx11k
health/h1720.png,Normal,tbx11k
health/h1722.png,Normal,tbx11k
health/h1723.png,Normal,tbx11k
health/h1726.png,Normal,tbx11k
health/h1727.png,Normal,tbx11k
health/h1729.png,Normal,tbx11k
health/h1730.png,Normal,tbx11k
health/h1731.png,Normal,tbx11k
health/h1732.png,Normal,tbx11k
health/h1733.png,Normal,tbx11k
health/h1734.png,Normal,tbx11k
health/h1736.png,Normal,tbx11k
health/h1739.png,Normal,tbx11k
health/h1741.png,Normal,tbx11k
health/h1742.png,Normal,tbx11k
health/h1743.png,Normal,tbx11k
health/h1744.png,Normal,tbx11k
health/h1746.png,Normal,tbx11k
health/h1747.png,Normal,tbx11k
health/h1751.png,Normal,tbx11k
health/h1752.png,Normal,tbx11k
health/h1753.png,Normal,tbx11k
health/h1754.png,Normal,tbx11k
health/h1755.png,Normal,tbx11k
health/h1756.png,Normal,tbx11k
health/h1758.png,Normal,tbx11k
health/h1759.png,Normal,tbx11k
health/h1760.png,Normal,tbx11k
health/h1761.png,Normal,tbx11k
health/h1763.png,Normal,tbx11k
health/h1764.png,Normal,tbx11k
health/h1766.png,Normal,tbx11k
health/h1767.png,Normal,tbx11k
health/h1768.png,Normal,tbx11k
health/h1769.png,Normal,tbx11k
health/h1770.png,Normal,tbx11k
health/h1771.png,Normal,tbx11k
health/h1772.png,Normal,tbx11k
health/h1773.png,Normal,tbx11k
health/h1774.png,Normal,tbx11k
health/h1775.png,Normal,tbx11k
health/h1778.png,Normal,tbx11k
health/h1779.png,Normal,tbx11k
health/h1781.png,Normal,tbx11k
health/h1782.png,Normal,tbx11k
health/h1783.png,Normal,tbx11k
health/h1784.png,Normal,tbx11k
health/h1786.png,Normal,tbx11k
health/h1787.png,Normal,tbx11k
health/h1789.png,Normal,tbx11k
health/h1790.png,Normal,tbx11k
health/h1791.png,Normal,tbx11k
health/h1792.png,Normal,tbx11k
health/h1793.png,Normal,tbx11k
health/h1794.png,Normal,tbx11k
health/h1795.png,Normal,tbx11k
health/h1798.png,Normal,tbx11k
health/h1799.png,Normal,tbx11k
health/h1800.png,Normal,tbx11k
health/h1801.png,Normal,tbx11k
health/h1802.png,Normal,tbx11k
health/h1803.png,Normal,tbx11k
health/h1804.png,Normal,tbx11k
health/h1805.png,Normal,tbx11k
health/h1807.png,Normal,tbx11k
health/h1809.png,Normal,tbx11k
health/h1810.png,Normal,tbx11k
health/h1811.png,Normal,tbx11k
health/h1813.png,Normal,tbx11k
health/h1814.png,Normal,tbx11k
health/h1815.png,Normal,tbx11k
health/h1816.png,Normal,tbx11k
health/h1818.png,Normal,tbx11k
health/h1819.png,Normal,tbx11k
health/h1820.png,Normal,tbx11k
health/h1821.png,Normal,tbx11k
health/h1822.png,Normal,tbx11k
health/h1823.png,Normal,tbx11k
health/h1824.png,Normal,tbx11k
health/h1826.png,Normal,tbx11k
health/h1827.png,Normal,tbx11k
health/h1828.png,Normal,tbx11k
health/h1829.png,Normal,tbx11k
health/h1831.png,Normal,tbx11k
health/h1832.png,Normal,tbx11k
health/h1833.png,Normal,tbx11k
health/h1834.png,Normal,tbx11k
health/h1835.png,Normal,tbx11k
health/h1837.png,Normal,tbx11k
health/h1840.png,Normal,tbx11k
health/h1841.png,Normal,tbx11k
health/h1842.png,Normal,tbx11k
health/h1843.png,Normal,tbx11k
health/h1844.png,Normal,tbx11k
health/h1845.png,Normal,tbx11k
health/h1846.png,Normal,tbx11k
health/h1847.png,Normal,tbx11k
health/h1848.png,Normal,tbx11k
health/h1849.png,Normal,tbx11k
health/h1850.png,Normal,tbx11k
health/h1851.png,Normal,tbx11k
health/h1852.png,Normal,tbx11k
health/h1854.png,Normal,tbx11k
health/h1855.png,Normal,tbx11k
health/h1856.png,Normal,tbx11k
health/h1857.png,Normal,tbx11k
health/h1858.png,Normal,tbx11k
health/h1859.png,Normal,tbx11k
health/h1862.png,Normal,tbx11k
health/h1863.png,Normal,tbx11k
health/h1864.png,Normal,tbx11k
health/h1866.png,Normal,tbx11k
health/h1868.png,Normal,tbx11k
health/h1869.png,Normal,tbx11k
health/h1870.png,Normal,tbx11k
health/h1871.png,Normal,tbx11k
health/h1874.png,Normal,tbx11k
health/h1875.png,Normal,tbx11k
health/h1876.png,Normal,tbx11k
health/h1877.png,Normal,tbx11k
health/h1878.png,Normal,tbx11k
health/h1879.png,Normal,tbx11k
health/h1880.png,Normal,tbx11k
health/h1881.png,Normal,tbx11k
health/h1882.png,Normal,tbx11k
health/h1883.png,Normal,tbx11k
health/h1884.png,Normal,tbx11k
health/h1885.png,Normal,tbx11k
health/h1886.png,Normal,tbx11k
health/h1887.png,Normal,tbx11k
health/h1888.png,Normal,tbx11k
health/h1889.png,Normal,tbx11k
health/h1891.png,Normal,tbx11k
health/h1892.png,Normal,tbx11k
health/h1893.png,Normal,tbx11k
health/h1894.png,Normal,tbx11k
health/h1895.png,Normal,tbx11k
health/h1898.png,Normal,tbx11k
health/h1899.png,Normal,tbx11k
health/h1902.png,Normal,tbx11k
health/h1903.png,Normal,tbx11k
health/h1906.png,Normal,tbx11k
health/h1907.png,Normal,tbx11k
health/h1908.png,Normal,tbx11k
health/h1910.png,Normal,tbx11k
health/h1912.png,Normal,tbx11k
health/h1913.png,Normal,tbx11k
health/h1914.png,Normal,tbx11k
health/h1915.png,Normal,tbx11k
health/h1916.png,Normal,tbx11k
health/h1917.png,Normal,tbx11k
health/h1918.png,Normal,tbx11k
health/h1919.png,Normal,tbx11k
health/h1920.png,Normal,tbx11k
health/h1923.png,Normal,tbx11k
health/h1924.png,Normal,tbx11k
health/h1925.png,Normal,tbx11k
health/h1926.png,Normal,tbx11k
health/h1928.png,Normal,tbx11k
health/h1929.png,Normal,tbx11k
health/h1930.png,Normal,tbx11k
health/h1931.png,Normal,tbx11k
health/h1932.png,Normal,tbx11k
health/h1933.png,Normal,tbx11k
health/h1934.png,Normal,tbx11k
health/h1935.png,Normal,tbx11k
health/h1937.png,Normal,tbx11k
health/h1938.png,Normal,tbx11k
health/h1940.png,Normal,tbx11k
health/h1942.png,Normal,tbx11k
health/h1944.png,Normal,tbx11k
health/h1945.png,Normal,tbx11k
health/h1949.png,Normal,tbx11k
health/h1950.png,Normal,tbx11k
health/h1951.png,Normal,tbx11k
health/h1953.png,Normal,tbx11k
health/h1954.png,Normal,tbx11k
health/h1955.png,Normal,tbx11k
health/h1956.png,Normal,tbx11k
health/h1958.png,Normal,tbx11k
health/h1959.png,Normal,tbx11k
health/h1960.png,Normal,tbx11k
health/h1961.png,Normal,tbx11k
health/h1962.png,Normal,tbx11k
health/h1963.png,Normal,tbx11k
health/h1964.png,Normal,tbx11k
health/h1966.png,Normal,tbx11k
health/h1967.png,Normal,tbx11k
health/h1968.png,Normal,tbx11k
health/h1969.png,Normal,tbx11k
health/h1970.png,Normal,tbx11k
health/h1971.png,Normal,tbx11k
health/h1972.png,Normal,tbx11k
health/h1973.png,Normal,tbx11k
health/h1974.png,Normal,tbx11k
health/h1975.png,Normal,tbx11k
health/h1976.png,Normal,tbx11k
health/h1978.png,Normal,tbx11k
health/h1979.png,Normal,tbx11k
health/h1980.png,Normal,tbx11k
health/h1981.png,Normal,tbx11k
health/h1982.png,Normal,tbx11k
health/h1984.png,Normal,tbx11k
health/h1985.png,Normal,tbx11k
health/h1986.png,Normal,tbx11k
health/h1987.png,Normal,tbx11k
health/h1988.png,Normal,tbx11k
health/h1989.png,Normal,tbx11k
health/h1990.png,Normal,tbx11k
health/h1991.png,Normal,tbx11k
health/h1992.png,Normal,tbx11k
health/h1993.png,Normal,tbx11k
health/h1996.png,Normal,tbx11k
health/h1997.png,Normal,tbx11k
health/h2000.png,Normal,tbx11k
health/h2003.png,Normal,tbx11k
health/h2004.png,Normal,tbx11k
health/h2006.png,Normal,tbx11k
health/h2007.png,Normal,tbx11k
health/h2008.png,Normal,tbx11k
health/h2009.png,Normal,tbx11k
health/h2010.png,Normal,tbx11k
health/h2011.png,Normal,tbx11k
health/h2013.png,Normal,tbx11k
health/h2014.png,Normal,tbx11k
health/h2015.png,Normal,tbx11k
health/h2019.png,Normal,tbx11k
health/h2020.png,Normal,tbx11k
health/h2022.png,Normal,tbx11k
health/h2023.png,Normal,tbx11k
health/h2024.png,Normal,tbx11k
health/h2025.png,Normal,tbx11k
health/h2026.png,Normal,tbx11k
health/h2027.png,Normal,tbx11k
health/h2028.png,Normal,tbx11k
health/h2029.png,Normal,tbx11k
health/h2030.png,Normal,tbx11k
health/h2032.png,Normal,tbx11k
health/h2035.png,Normal,tbx11k
health/h2038.png,Normal,tbx11k
health/h2040.png,Normal,tbx11k
health/h2041.png,Normal,tbx11k
health/h2042.png,Normal,tbx11k
health/h2043.png,Normal,tbx11k
health/h2044.png,Normal,tbx11k
health/h2045.png,Normal,tbx11k
health/h2046.png,Normal,tbx11k
health/h2047.png,Normal,tbx11k
health/h2048.png,Normal,tbx11k
health/h2049.png,Normal,tbx11k
health/h2050.png,Normal,tbx11k
health/h2051.png,Normal,tbx11k
health/h2052.png,Normal,tbx11k
health/h2055.png,Normal,tbx11k
health/h2057.png,Normal,tbx11k
health/h2058.png,Normal,tbx11k
health/h2059.png,Normal,tbx11k
health/h2062.png,Normal,tbx11k
health/h2063.png,Normal,tbx11k
health/h2064.png,Normal,tbx11k
health/h2065.png,Normal,tbx11k
health/h2066.png,Normal,tbx11k
health/h2067.png,Normal,tbx11k
health/h2068.png,Normal,tbx11k
health/h2069.png,Normal,tbx11k
health/h2070.png,Normal,tbx11k
health/h2071.png,Normal,tbx11k
health/h2074.png,Normal,tbx11k
health/h2075.png,Normal,tbx11k
health/h2076.png,Normal,tbx11k
health/h2079.png,Normal,tbx11k
health/h2081.png,Normal,tbx11k
health/h2082.png,Normal,tbx11k
health/h2083.png,Normal,tbx11k
health/h2084.png,Normal,tbx11k
health/h2086.png,Normal,tbx11k
health/h2087.png,Normal,tbx11k
health/h2089.png,Normal,tbx11k
health/h2090.png,Normal,tbx11k
health/h2091.png,Normal,tbx11k
health/h2092.png,Normal,tbx11k
health/h2093.png,Normal,tbx11k
health/h2094.png,Normal,tbx11k
health/h2095.png,Normal,tbx11k
health/h2096.png,Normal,tbx11k
health/h2097.png,Normal,tbx11k
health/h2098.png,Normal,tbx11k
health/h2099.png,Normal,tbx11k
health/h2100.png,Normal,tbx11k
health/h2101.png,Normal,tbx11k
health/h2104.png,Normal,tbx11k
health/h2105.png,Normal,tbx11k
health/h2107.png,Normal,tbx11k
health/h2108.png,Normal,tbx11k
health/h2109.png,Normal,tbx11k
health/h2110.png,Normal,tbx11k
health/h2112.png,Normal,tbx11k
health/h2113.png,Normal,tbx11k
health/h2114.png,Normal,tbx11k
health/h2115.png,Normal,tbx11k
health/h2116.png,Normal,tbx11k
health/h2117.png,Normal,tbx11k
health/h2118.png,Normal,tbx11k
health/h2119.png,Normal,tbx11k
health/h2120.png,Normal,tbx11k
health/h2121.png,Normal,tbx11k
health/h2122.png,Normal,tbx11k
health/h2123.png,Normal,tbx11k
health/h2124.png,Normal,tbx11k
health/h2125.png,Normal,tbx11k
health/h2126.png,Normal,tbx11k
health/h2128.png,Normal,tbx11k
health/h2129.png,Normal,tbx11k
health/h2130.png,Normal,tbx11k
health/h2132.png,Normal,tbx11k
health/h2133.png,Normal,tbx11k
health/h2134.png,Normal,tbx11k
health/h2135.png,Normal,tbx11k
health/h2138.png,Normal,tbx11k
health/h2140.png,Normal,tbx11k
health/h2144.png,Normal,tbx11k
health/h2145.png,Normal,tbx11k
health/h2146.png,Normal,tbx11k
health/h2147.png,Normal,tbx11k
health/h2148.png,Normal,tbx11k
health/h2150.png,Normal,tbx11k
health/h2153.png,Normal,tbx11k
health/h2157.png,Normal,tbx11k
health/h2158.png,Normal,tbx11k
health/h2159.png,Normal,tbx11k
health/h2160.png,Normal,tbx11k
health/h2161.png,Normal,tbx11k
health/h2162.png,Normal,tbx11k
health/h2163.png,Normal,tbx11k
health/h2164.png,Normal,tbx11k
health/h2165.png,Normal,tbx11k
health/h2166.png,Normal,tbx11k
health/h2167.png,Normal,tbx11k
health/h2168.png,Normal,tbx11k
health/h2170.png,Normal,tbx11k
health/h2171.png,Normal,tbx11k
health/h2172.png,Normal,tbx11k
health/h2173.png,Normal,tbx11k
health/h2174.png,Normal,tbx11k
health/h2175.png,Normal,tbx11k
health/h2176.png,Normal,tbx11k
health/h2177.png,Normal,tbx11k
health/h2178.png,Normal,tbx11k
health/h2179.png,Normal,tbx11k
health/h2180.png,Normal,tbx11k
health/h2181.png,Normal,tbx11k
health/h2182.png,Normal,tbx11k
health/h2183.png,Normal,tbx11k
health/h2185.png,Normal,tbx11k
health/h2186.png,Normal,tbx11k
health/h2188.png,Normal,tbx11k
health/h2190.png,Normal,tbx11k
health/h2191.png,Normal,tbx11k
health/h2192.png,Normal,tbx11k
health/h2193.png,Normal,tbx11k
health/h2194.png,Normal,tbx11k
health/h2195.png,Normal,tbx11k
health/h2196.png,Normal,tbx11k
health/h2198.png,Normal,tbx11k
health/h2199.png,Normal,tbx11k
health/h2200.png,Normal,tbx11k
health/h2201.png,Normal,tbx11k
health/h2202.png,Normal,tbx11k
health/h2203.png,Normal,tbx11k
health/h2204.png,Normal,tbx11k
health/h2206.png,Normal,tbx11k
health/h2207.png,Normal,tbx11k
health/h2208.png,Normal,tbx11k
health/h2209.png,Normal,tbx11k
health/h2211.png,Normal,tbx11k
health/h2212.png,Normal,tbx11k
health/h2213.png,Normal,tbx11k
health/h2214.png,Normal,tbx11k
health/h2215.png,Normal,tbx11k
health/h2216.png,Normal,tbx11k
health/h2217.png,Normal,tbx11k
health/h2218.png,Normal,tbx11k
health/h2219.png,Normal,tbx11k
health/h2220.png,Normal,tbx11k
health/h2221.png,Normal,tbx11k
health/h2223.png,Normal,tbx11k
health/h2224.png,Normal,tbx11k
health/h2225.png,Normal,tbx11k
health/h2226.png,Normal,tbx11k
health/h2227.png,Normal,tbx11k
health/h2228.png,Normal,tbx11k
health/h2229.png,Normal,tbx11k
health/h2230.png,Normal,tbx11k
health/h2235.png,Normal,tbx11k
health/h2237.png,Normal,tbx11k
health/h2238.png,Normal,tbx11k
health/h2239.png,Normal,tbx11k
health/h2241.png,Normal,tbx11k
health/h2242.png,Normal,tbx11k
health/h2243.png,Normal,tbx11k
health/h2246.png,Normal,tbx11k
health/h2247.png,Normal,tbx11k
health/h2248.png,Normal,tbx11k
health/h2250.png,Normal,tbx11k
health/h2251.png,Normal,tbx11k
health/h2252.png,Normal,tbx11k
health/h2253.png,Normal,tbx11k
health/h2254.png,Normal,tbx11k
health/h2255.png,Normal,tbx11k
health/h2257.png,Normal,tbx11k
health/h2259.png,Normal,tbx11k
health/h2261.png,Normal,tbx11k
health/h2263.png,Normal,tbx11k
health/h2264.png,Normal,tbx11k
health/h2265.png,Normal,tbx11k
health/h2268.png,Normal,tbx11k
health/h2269.png,Normal,tbx11k
health/h2271.png,Normal,tbx11k
health/h2272.png,Normal,tbx11k
health/h2274.png,Normal,tbx11k
health/h2275.png,Normal,tbx11k
health/h2276.png,Normal,tbx11k
health/h2277.png,Normal,tbx11k
health/h2278.png,Normal,tbx11k
health/h2282.png,Normal,tbx11k
health/h2283.png,Normal,tbx11k
health/h2286.png,Normal,tbx11k
health/h2287.png,Normal,tbx11k
health/h2288.png,Normal,tbx11k
health/h2289.png,Normal,tbx11k
health/h2290.png,Normal,tbx11k
health/h2291.png,Normal,tbx11k
health/h2293.png,Normal,tbx11k
health/h2294.png,Normal,tbx11k
health/h2295.png,Normal,tbx11k
health/h2296.png,Normal,tbx11k
health/h2297.png,Normal,tbx11k
health/h2299.png,Normal,tbx11k
health/h2300.png,Normal,tbx11k
health/h2301.png,Normal,tbx11k
health/h2302.png,Normal,tbx11k
health/h2303.png,Normal,tbx11k
health/h2304.png,Normal,tbx11k
health/h2306.png,Normal,tbx11k
health/h2307.png,Normal,tbx11k
health/h2309.png,Normal,tbx11k
health/h2310.png,Normal,tbx11k
health/h2311.png,Normal,tbx11k
health/h2312.png,Normal,tbx11k
health/h2313.png,Normal,tbx11k
health/h2314.png,Normal,tbx11k
health/h2315.png,Normal,tbx11k
health/h2316.png,Normal,tbx11k
health/h2317.png,Normal,tbx11k
health/h2320.png,Normal,tbx11k
health/h2322.png,Normal,tbx11k
health/h2323.png,Normal,tbx11k
health/h2324.png,Normal,tbx11k
health/h2325.png,Normal,tbx11k
health/h2327.png,Normal,tbx11k
health/h2328.png,Normal,tbx11k
health/h2331.png,Normal,tbx11k
health/h2332.png,Normal,tbx11k
health/h2334.png,Normal,tbx11k
health/h2335.png,Normal,tbx11k
health/h2339.png,Normal,tbx11k
health/h2342.png,Normal,tbx11k
health/h2344.png,Normal,tbx11k
health/h2345.png,Normal,tbx11k
health/h2346.png,Normal,tbx11k
health/h2347.png,Normal,tbx11k
health/h2348.png,Normal,tbx11k
health/h2349.png,Normal,tbx11k
health/h2350.png,Normal,tbx11k
health/h2353.png,Normal,tbx11k
health/h2354.png,Normal,tbx11k
health/h2356.png,Normal,tbx11k
health/h2357.png,Normal,tbx11k
health/h2358.png,Normal,tbx11k
health/h2359.png,Normal,tbx11k
health/h2360.png,Normal,tbx11k
health/h2361.png,Normal,tbx11k
health/h2362.png,Normal,tbx11k
health/h2363.png,Normal,tbx11k
health/h2364.png,Normal,tbx11k
health/h2366.png,Normal,tbx11k
health/h2367.png,Normal,tbx11k
health/h2368.png,Normal,tbx11k
health/h2369.png,Normal,tbx11k
health/h2370.png,Normal,tbx11k
health/h2371.png,Normal,tbx11k
health/h2376.png,Normal,tbx11k
health/h2377.png,Normal,tbx11k
health/h2378.png,Normal,tbx11k
health/h2379.png,Normal,tbx11k
health/h2380.png,Normal,tbx11k
health/h2381.png,Normal,tbx11k
health/h2383.png,Normal,tbx11k
health/h2384.png,Normal,tbx11k
health/h2385.png,Normal,tbx11k
health/h2387.png,Normal,tbx11k
health/h2388.png,Normal,tbx11k
health/h2389.png,Normal,tbx11k
health/h2390.png,Normal,tbx11k
health/h2391.png,Normal,tbx11k
health/h2392.png,Normal,tbx11k
health/h2393.png,Normal,tbx11k
health/h2394.png,Normal,tbx11k
health/h2395.png,Normal,tbx11k
health/h2396.png,Normal,tbx11k
health/h2397.png,Normal,tbx11k
health/h2398.png,Normal,tbx11k
health/h2399.png,Normal,tbx11k
health/h2400.png,Normal,tbx11k
health/h2401.png,Normal,tbx11k
health/h2403.png,Normal,tbx11k
health/h2404.png,Normal,tbx11k
health/h2405.png,Normal,tbx11k
health/h2406.png,Normal,tbx11k
health/h2407.png,Normal,tbx11k
health/h2408.png,Normal,tbx11k
health/h2409.png,Normal,tbx11k
health/h2411.png,Normal,tbx11k
health/h2412.png,Normal,tbx11k
health/h2413.png,Normal,tbx11k
health/h2415.png,Normal,tbx11k
health/h2417.png,Normal,tbx11k
health/h2420.png,Normal,tbx11k
health/h2421.png,Normal,tbx11k
health/h2423.png,Normal,tbx11k
health/h2424.png,Normal,tbx11k
health/h2425.png,Normal,tbx11k
health/h2426.png,Normal,tbx11k
health/h2427.png,Normal,tbx11k
health/h2428.png,Normal,tbx11k
health/h2430.png,Normal,tbx11k
health/h2431.png,Normal,tbx11k
health/h2432.png,Normal,tbx11k
health/h2433.png,Normal,tbx11k
health/h2434.png,Normal,tbx11k
health/h2435.png,Normal,tbx11k
health/h2436.png,Normal,tbx11k
health/h2438.png,Normal,tbx11k
health/h2439.png,Normal,tbx11k
health/h2441.png,Normal,tbx11k
health/h2442.png,Normal,tbx11k
health/h2443.png,Normal,tbx11k
health/h2444.png,Normal,tbx11k
health/h2445.png,Normal,tbx11k
health/h2446.png,Normal,tbx11k
health/h2447.png,Normal,tbx11k
health/h2448.png,Normal,tbx11k
health/h2449.png,Normal,tbx11k
health/h2450.png,Normal,tbx11k
health/h2451.png,Normal,tbx11k
health/h2454.png,Normal,tbx11k
health/h2455.png,Normal,tbx11k
health/h2456.png,Normal,tbx11k
health/h2457.png,Normal,tbx11k
health/h2458.png,Normal,tbx11k
health/h2459.png,Normal,tbx11k
health/h2460.png,Normal,tbx11k
health/h2463.png,Normal,tbx11k
health/h2464.png,Normal,tbx11k
health/h2466.png,Normal,tbx11k
health/h2467.png,Normal,tbx11k
health/h2468.png,Normal,tbx11k
health/h2469.png,Normal,tbx11k
health/h2471.png,Normal,tbx11k
health/h2472.png,Normal,tbx11k
health/h2474.png,Normal,tbx11k
health/h2475.png,Normal,tbx11k
health/h2476.png,Normal,tbx11k
health/h2477.png,Normal,tbx11k
health/h2479.png,Normal,tbx11k
health/h2480.png,Normal,tbx11k
health/h2481.png,Normal,tbx11k
health/h2482.png,Normal,tbx11k
health/h2483.png,Normal,tbx11k
health/h2484.png,Normal,tbx11k
health/h2485.png,Normal,tbx11k
health/h2487.png,Normal,tbx11k
health/h2488.png,Normal,tbx11k
health/h2489.png,Normal,tbx11k
health/h2490.png,Normal,tbx11k
health/h2491.png,Normal,tbx11k
health/h2492.png,Normal,tbx11k
health/h2493.png,Normal,tbx11k
health/h2494.png,Normal,tbx11k
health/h2495.png,Normal,tbx11k
health/h2496.png,Normal,tbx11k
health/h2497.png,Normal,tbx11k
health/h2498.png,Normal,tbx11k
health/h2499.png,Normal,tbx11k
health/h2500.png,Normal,tbx11k
health/h2501.png,Normal,tbx11k
health/h2502.png,Normal,tbx11k
health/h2503.png,Normal,tbx11k
health/h2504.png,Normal,tbx11k
health/h2505.png,Normal,tbx11k
health/h2506.png,Normal,tbx11k
health/h2508.png,Normal,tbx11k
health/h2510.png,Normal,tbx11k
health/h2512.png,Normal,tbx11k
health/h2514.png,Normal,tbx11k
health/h2518.png,Normal,tbx11k
health/h2519.png,Normal,tbx11k
health/h2520.png,Normal,tbx11k
health/h2521.png,Normal,tbx11k
health/h2522.png,Normal,tbx11k
health/h2523.png,Normal,tbx11k
health/h2524.png,Normal,tbx11k
health/h2525.png,Normal,tbx11k
health/h2526.png,Normal,tbx11k
health/h2529.png,Normal,tbx11k
health/h2530.png,Normal,tbx11k
health/h2531.png,Normal,tbx11k
health/h2532.png,Normal,tbx11k
health/h2533.png,Normal,tbx11k
health/h2534.png,Normal,tbx11k
health/h2535.png,Normal,tbx11k
health/h2536.png,Normal,tbx11k
health/h2537.png,Normal,tbx11k
health/h2538.png,Normal,tbx11k
health/h2540.png,Normal,tbx11k
health/h2541.png,Normal,tbx11k
health/h2542.png,Normal,tbx11k
health/h2543.png,Normal,tbx11k
health/h2544.png,Normal,tbx11k
health/h2545.png,Normal,tbx11k
health/h2547.png,Normal,tbx11k
health/h2549.png,Normal,tbx11k
health/h2552.png,Normal,tbx11k
health/h2555.png,Normal,tbx11k
health/h2556.png,Normal,tbx11k
health/h2557.png,Normal,tbx11k
health/h2560.png,Normal,tbx11k
health/h2561.png,Normal,tbx11k
health/h2563.png,Normal,tbx11k
health/h2565.png,Normal,tbx11k
health/h2566.png,Normal,tbx11k
health/h2567.png,Normal,tbx11k
health/h2568.png,Normal,tbx11k
health/h2569.png,Normal,tbx11k
health/h2570.png,Normal,tbx11k
health/h2572.png,Normal,tbx11k
health/h2573.png,Normal,tbx11k
health/h2574.png,Normal,tbx11k
health/h2577.png,Normal,tbx11k
health/h2579.png,Normal,tbx11k
health/h2580.png,Normal,tbx11k
health/h2581.png,Normal,tbx11k
health/h2582.png,Normal,tbx11k
health/h2583.png,Normal,tbx11k
health/h2586.png,Normal,tbx11k
health/h2588.png,Normal,tbx11k
health/h2589.png,Normal,tbx11k
health/h2590.png,Normal,tbx11k
health/h2592.png,Normal,tbx11k
health/h2593.png,Normal,tbx11k
health/h2594.png,Normal,tbx11k
health/h2595.png,Normal,tbx11k
health/h2596.png,Normal,tbx11k
health/h2597.png,Normal,tbx11k
health/h2598.png,Normal,tbx11k
health/h2599.png,Normal,tbx11k
health/h2600.png,Normal,tbx11k
health/h2601.png,Normal,tbx11k
health/h2602.png,Normal,tbx11k
health/h2604.png,Normal,tbx11k
health/h2605.png,Normal,tbx11k
health/h2606.png,Normal,tbx11k
health/h2608.png,Normal,tbx11k
health/h2610.png,Normal,tbx11k
health/h2611.png,Normal,tbx11k
health/h2612.png,Normal,tbx11k
health/h2614.png,Normal,tbx11k
health/h2615.png,Normal,tbx11k
health/h2616.png,Normal,tbx11k
health/h2617.png,Normal,tbx11k
health/h2618.png,Normal,tbx11k
health/h2619.png,Normal,tbx11k
health/h2621.png,Normal,tbx11k
health/h2622.png,Normal,tbx11k
health/h2623.png,Normal,tbx11k
health/h2624.png,Normal,tbx11k
health/h2625.png,Normal,tbx11k
health/h2626.png,Normal,tbx11k
health/h2627.png,Normal,tbx11k
health/h2628.png,Normal,tbx11k
health/h2629.png,Normal,tbx11k
health/h2630.png,Normal,tbx11k
health/h2633.png,Normal,tbx11k
health/h2634.png,Normal,tbx11k
health/h2637.png,Normal,tbx11k
health/h2638.png,Normal,tbx11k
health/h2639.png,Normal,tbx11k
health/h2640.png,Normal,tbx11k
health/h2642.png,Normal,tbx11k
health/h2643.png,Normal,tbx11k
health/h2644.png,Normal,tbx11k
health/h2645.png,Normal,tbx11k
health/h2646.png,Normal,tbx11k
health/h2647.png,Normal,tbx11k
health/h2648.png,Normal,tbx11k
health/h2649.png,Normal,tbx11k
health/h2650.png,Normal,tbx11k
health/h2651.png,Normal,tbx11k
health/h2654.png,Normal,tbx11k
health/h2655.png,Normal,tbx11k
health/h2656.png,Normal,tbx11k
health/h2657.png,Normal,tbx11k
health/h2659.png,Normal,tbx11k
health/h2660.png,Normal,tbx11k
health/h2661.png,Normal,tbx11k
health/h2662.png,Normal,tbx11k
health/h2663.png,Normal,tbx11k
health/h2665.png,Normal,tbx11k
health/h2667.png,Normal,tbx11k
health/h2668.png,Normal,tbx11k
health/h2669.png,Normal,tbx11k
health/h2671.png,Normal,tbx11k
health/h2673.png,Normal,tbx11k
health/h2675.png,Normal,tbx11k
health/h2676.png,Normal,tbx11k
health/h2678.png,Normal,tbx11k
health/h2679.png,Normal,tbx11k
health/h2681.png,Normal,tbx11k
health/h2682.png,Normal,tbx11k
health/h2683.png,Normal,tbx11k
health/h2684.png,Normal,tbx11k
health/h2685.png,Normal,tbx11k
health/h2687.png,Normal,tbx11k
health/h2688.png,Normal,tbx11k
health/h2689.png,Normal,tbx11k
health/h2691.png,Normal,tbx11k
health/h2692.png,Normal,tbx11k
health/h2693.png,Normal,tbx11k
health/h2694.png,Normal,tbx11k
health/h2697.png,Normal,tbx11k
health/h2698.png,Normal,tbx11k
health/h2700.png,Normal,tbx11k
health/h2701.png,Normal,tbx11k
health/h2702.png,Normal,tbx11k
health/h2705.png,Normal,tbx11k
health/h2707.png,Normal,tbx11k
health/h2708.png,Normal,tbx11k
health/h2709.png,Normal,tbx11k
health/h2710.png,Normal,tbx11k
health/h2712.png,Normal,tbx11k
health/h2714.png,Normal,tbx11k
health/h2715.png,Normal,tbx11k
health/h2716.png,Normal,tbx11k
health/h2719.png,Normal,tbx11k
health/h2721.png,Normal,tbx11k
health/h2722.png,Normal,tbx11k
health/h2723.png,Normal,tbx11k
health/h2726.png,Normal,tbx11k
health/h2728.png,Normal,tbx11k
health/h2729.png,Normal,tbx11k
health/h2731.png,Normal,tbx11k
health/h2732.png,Normal,tbx11k
health/h2733.png,Normal,tbx11k
health/h2734.png,Normal,tbx11k
health/h2735.png,Normal,tbx11k
health/h2736.png,Normal,tbx11k
health/h2738.png,Normal,tbx11k
health/h2739.png,Normal,tbx11k
health/h2740.png,Normal,tbx11k
health/h2741.png,Normal,tbx11k
health/h2742.png,Normal,tbx11k
health/h2743.png,Normal,tbx11k
health/h2744.png,Normal,tbx11k
health/h2746.png,Normal,tbx11k
health/h2747.png,Normal,tbx11k
health/h2748.png,Normal,tbx11k
health/h2749.png,Normal,tbx11k
health/h2750.png,Normal,tbx11k
health/h2751.png,Normal,tbx11k
health/h2752.png,Normal,tbx11k
health/h2754.png,Normal,tbx11k
health/h2755.png,Normal,tbx11k
health/h2756.png,Normal,tbx11k
health/h2758.png,Normal,tbx11k
health/h2762.png,Normal,tbx11k
health/h2763.png,Normal,tbx11k
health/h2764.png,Normal,tbx11k
health/h2765.png,Normal,tbx11k
health/h2766.png,Normal,tbx11k
health/h2767.png,Normal,tbx11k
health/h2768.png,Normal,tbx11k
health/h2769.png,Normal,tbx11k
health/h2771.png,Normal,tbx11k
health/h2772.png,Normal,tbx11k
health/h2773.png,Normal,tbx11k
health/h2774.png,Normal,tbx11k
health/h2775.png,Normal,tbx11k
health/h2776.png,Normal,tbx11k
health/h2777.png,Normal,tbx11k
health/h2778.png,Normal,tbx11k
health/h2779.png,Normal,tbx11k
health/h2780.png,Normal,tbx11k
health/h2781.png,Normal,tbx11k
health/h2783.png,Normal,tbx11k
health/h2785.png,Normal,tbx11k
health/h2786.png,Normal,tbx11k
health/h2788.png,Normal,tbx11k
health/h2791.png,Normal,tbx11k
health/h2792.png,Normal,tbx11k
health/h2793.png,Normal,tbx11k
health/h2795.png,Normal,tbx11k
health/h2797.png,Normal,tbx11k
health/h2799.png,Normal,tbx11k
health/h2800.png,Normal,tbx11k
health/h2801.png,Normal,tbx11k
health/h2804.png,Normal,tbx11k
health/h2805.png,Normal,tbx11k
health/h2808.png,Normal,tbx11k
health/h2814.png,Normal,tbx11k
health/h2815.png,Normal,tbx11k
health/h2817.png,Normal,tbx11k
health/h2818.png,Normal,tbx11k
health/h2819.png,Normal,tbx11k
health/h2821.png,Normal,tbx11k
health/h2823.png,Normal,tbx11k
health/h2824.png,Normal,tbx11k
health/h2825.png,Normal,tbx11k
health/h2827.png,Normal,tbx11k
health/h2828.png,Normal,tbx11k
health/h2829.png,Normal,tbx11k
health/h2830.png,Normal,tbx11k
health/h2831.png,Normal,tbx11k
health/h2832.png,Normal,tbx11k
health/h2833.png,Normal,tbx11k
health/h2834.png,Normal,tbx11k
health/h2836.png,Normal,tbx11k
health/h2837.png,Normal,tbx11k
health/h2839.png,Normal,tbx11k
health/h2840.png,Normal,tbx11k
health/h2841.png,Normal,tbx11k
health/h2842.png,Normal,tbx11k
health/h2845.png,Normal,tbx11k
health/h2846.png,Normal,tbx11k
health/h2847.png,Normal,tbx11k
health/h2848.png,Normal,tbx11k
health/h2849.png,Normal,tbx11k
health/h2850.png,Normal,tbx11k
health/h2852.png,Normal,tbx11k
health/h2853.png,Normal,tbx11k
health/h2855.png,Normal,tbx11k
health/h2856.png,Normal,tbx11k
health/h2857.png,Normal,tbx11k
health/h2859.png,Normal,tbx11k
health/h2861.png,Normal,tbx11k
health/h2862.png,Normal,tbx11k
health/h2864.png,Normal,tbx11k
health/h2865.png,Normal,tbx11k
health/h2866.png,Normal,tbx11k
health/h2867.png,Normal,tbx11k
health/h2870.png,Normal,tbx11k
health/h2871.png,Normal,tbx11k
health/h2872.png,Normal,tbx11k
health/h2873.png,Normal,tbx11k
health/h2874.png,Normal,tbx11k
health/h2876.png,Normal,tbx11k
health/h2877.png,Normal,tbx11k
health/h2878.png,Normal,tbx11k
health/h2879.png,Normal,tbx11k
health/h2880.png,Normal,tbx11k
health/h2881.png,Normal,tbx11k
health/h2882.png,Normal,tbx11k
health/h2883.png,Normal,tbx11k
health/h2884.png,Normal,tbx11k
health/h2885.png,Normal,tbx11k
health/h2886.png,Normal,tbx11k
health/h2888.png,Normal,tbx11k
health/h2889.png,Normal,tbx11k
health/h2890.png,Normal,tbx11k
health/h2892.png,Normal,tbx11k
health/h2894.png,Normal,tbx11k
health/h2895.png,Normal,tbx11k
health/h2897.png,Normal,tbx11k
health/h2898.png,Normal,tbx11k
health/h2900.png,Normal,tbx11k
health/h2901.png,Normal,tbx11k
health/h2902.png,Normal,tbx11k
health/h2903.png,Normal,tbx11k
health/h2904.png,Normal,tbx11k
health/h2905.png,Normal,tbx11k
health/h2907.png,Normal,tbx11k
health/h2908.png,Normal,tbx11k
health/h2910.png,Normal,tbx11k
health/h2911.png,Normal,tbx11k
health/h2912.png,Normal,tbx11k
health/h2913.png,Normal,tbx11k
health/h2914.png,Normal,tbx11k
health/h2915.png,Normal,tbx11k
health/h2916.png,Normal,tbx11k
health/h2919.png,Normal,tbx11k
health/h2920.png,Normal,tbx11k
health/h2922.png,Normal,tbx11k
health/h2923.png,Normal,tbx11k
health/h2925.png,Normal,tbx11k
health/h2926.png,Normal,tbx11k
health/h2927.png,Normal,tbx11k
health/h2928.png,Normal,tbx11k
health/h2929.png,Normal,tbx11k
health/h2931.png,Normal,tbx11k
health/h2934.png,Normal,tbx11k
health/h2935.png,Normal,tbx11k
health/h2936.png,Normal,tbx11k
health/h2938.png,Normal,tbx11k
health/h2940.png,Normal,tbx11k
health/h2942.png,Normal,tbx11k
health/h2943.png,Normal,tbx11k
health/h2945.png,Normal,tbx11k
health/h2946.png,Normal,tbx11k
health/h2947.png,Normal,tbx11k
health/h2949.png,Normal,tbx11k
health/h2952.png,Normal,tbx11k
health/h2953.png,Normal,tbx11k
health/h2954.png,Normal,tbx11k
health/h2957.png,Normal,tbx11k
health/h2958.png,Normal,tbx11k
health/h2959.png,Normal,tbx11k
health/h2960.png,Normal,tbx11k
health/h2962.png,Normal,tbx11k
health/h2963.png,Normal,tbx11k
health/h2965.png,Normal,tbx11k
health/h2968.png,Normal,tbx11k
health/h2970.png,Normal,tbx11k
health/h2972.png,Normal,tbx11k
health/h2973.png,Normal,tbx11k
health/h2974.png,Normal,tbx11k
health/h2975.png,Normal,tbx11k
health/h2976.png,Normal,tbx11k
health/h2977.png,Normal,tbx11k
health/h2978.png,Normal,tbx11k
health/h2979.png,Normal,tbx11k
health/h2980.png,Normal,tbx11k
health/h2981.png,Normal,tbx11k
health/h2982.png,Normal,tbx11k
health/h2984.png,Normal,tbx11k
health/h2985.png,Normal,tbx11k
health/h2987.png,Normal,tbx11k
health/h2988.png,Normal,tbx11k
health/h2989.png,Normal,tbx11k
health/h2990.png,Normal,tbx11k
health/h2991.png,Normal,tbx11k
health/h2992.png,Normal,tbx11k
health/h2993.png,Normal,tbx11k
health/h2994.png,Normal,tbx11k
health/h2995.png,Normal,tbx11k
health/h2997.png,Normal,tbx11k
health/h2998.png,Normal,tbx11k
health/h2999.png,Normal,tbx11k
health/h3000.png,Normal,tbx11k
health/h3001.png,Normal,tbx11k
health/h3003.png,Normal,tbx11k
health/h3004.png,Normal,tbx11k
health/h3005.png,Normal,tbx11k
health/h3006.png,Normal,tbx11k
health/h3007.png,Normal,tbx11k
health/h3010.png,Normal,tbx11k
health/h3011.png,Normal,tbx11k
health/h3012.png,Normal,tbx11k
health/h3013.png,Normal,tbx11k
health/h3014.png,Normal,tbx11k
health/h3016.png,Normal,tbx11k
health/h3017.png,Normal,tbx11k
health/h3019.png,Normal,tbx11k
health/h3020.png,Normal,tbx11k
health/h3021.png,Normal,tbx11k
health/h3022.png,Normal,tbx11k
health/h3023.png,Normal,tbx11k
health/h3024.png,Normal,tbx11k
health/h3025.png,Normal,tbx11k
health/h3026.png,Normal,tbx11k
health/h3027.png,Normal,tbx11k
health/h3028.png,Normal,tbx11k
health/h3029.png,Normal,tbx11k
health/h3030.png,Normal,tbx11k
health/h3031.png,Normal,tbx11k
health/h3032.png,Normal,tbx11k
health/h3034.png,Normal,tbx11k
health/h3035.png,Normal,tbx11k
health/h3036.png,Normal,tbx11k
health/h3037.png,Normal,tbx11k
health/h3038.png,Normal,tbx11k
health/h3039.png,Normal,tbx11k
health/h3040.png,Normal,tbx11k
health/h3042.png,Normal,tbx11k
health/h3045.png,Normal,tbx11k
health/h3046.png,Normal,tbx11k
health/h3047.png,Normal,tbx11k
health/h3048.png,Normal,tbx11k
health/h3049.png,Normal,tbx11k
health/h3050.png,Normal,tbx11k
health/h3052.png,Normal,tbx11k
health/h3054.png,Normal,tbx11k
health/h3055.png,Normal,tbx11k
health/h3057.png,Normal,tbx11k
health/h3058.png,Normal,tbx11k
health/h3059.png,Normal,tbx11k
health/h3061.png,Normal,tbx11k
health/h3062.png,Normal,tbx11k
health/h3063.png,Normal,tbx11k
health/h3064.png,Normal,tbx11k
health/h3065.png,Normal,tbx11k
health/h3066.png,Normal,tbx11k
health/h3067.png,Normal,tbx11k
health/h3068.png,Normal,tbx11k
health/h3069.png,Normal,tbx11k
health/h3070.png,Normal,tbx11k
health/h3071.png,Normal,tbx11k
health/h3072.png,Normal,tbx11k
health/h3074.png,Normal,tbx11k
health/h3076.png,Normal,tbx11k
health/h3077.png,Normal,tbx11k
health/h3079.png,Normal,tbx11k
health/h3080.png,Normal,tbx11k
health/h3081.png,Normal,tbx11k
health/h3082.png,Normal,tbx11k
health/h3083.png,Normal,tbx11k
health/h3084.png,Normal,tbx11k
health/h3085.png,Normal,tbx11k
health/h3086.png,Normal,tbx11k
health/h3087.png,Normal,tbx11k
health/h3088.png,Normal,tbx11k
health/h3089.png,Normal,tbx11k
health/h3090.png,Normal,tbx11k
health/h3091.png,Normal,tbx11k
health/h3092.png,Normal,tbx11k
health/h3093.png,Normal,tbx11k
health/h3095.png,Normal,tbx11k
health/h3096.png,Normal,tbx11k
health/h3099.png,Normal,tbx11k
health/h3100.png,Normal,tbx11k
health/h3101.png,Normal,tbx11k
health/h3102.png,Normal,tbx11k
health/h3103.png,Normal,tbx11k
health/h3104.png,Normal,tbx11k
health/h3106.png,Normal,tbx11k
health/h3107.png,Normal,tbx11k
health/h3108.png,Normal,tbx11k
health/h3109.png,Normal,tbx11k
health/h3110.png,Normal,tbx11k
health/h3111.png,Normal,tbx11k
health/h3112.png,Normal,tbx11k
health/h3113.png,Normal,tbx11k
health/h3114.png,Normal,tbx11k
health/h3115.png,Normal,tbx11k
health/h3116.png,Normal,tbx11k
health/h3117.png,Normal,tbx11k
health/h3120.png,Normal,tbx11k
health/h3123.png,Normal,tbx11k
health/h3126.png,Normal,tbx11k
health/h3127.png,Normal,tbx11k
health/h3131.png,Normal,tbx11k
health/h3132.png,Normal,tbx11k
health/h3133.png,Normal,tbx11k
health/h3134.png,Normal,tbx11k
health/h3135.png,Normal,tbx11k
health/h3137.png,Normal,tbx11k
health/h3140.png,Normal,tbx11k
health/h3141.png,Normal,tbx11k
health/h3143.png,Normal,tbx11k
health/h3144.png,Normal,tbx11k
health/h3145.png,Normal,tbx11k
health/h3146.png,Normal,tbx11k
health/h3147.png,Normal,tbx11k
health/h3148.png,Normal,tbx11k
health/h3149.png,Normal,tbx11k
health/h3150.png,Normal,tbx11k
health/h3151.png,Normal,tbx11k
health/h3152.png,Normal,tbx11k
health/h3154.png,Normal,tbx11k
health/h3155.png,Normal,tbx11k
health/h3156.png,Normal,tbx11k
health/h3157.png,Normal,tbx11k
health/h3158.png,Normal,tbx11k
health/h3159.png,Normal,tbx11k
health/h3160.png,Normal,tbx11k
health/h3161.png,Normal,tbx11k
health/h3162.png,Normal,tbx11k
health/h3163.png,Normal,tbx11k
health/h3166.png,Normal,tbx11k
health/h3167.png,Normal,tbx11k
health/h3168.png,Normal,tbx11k
health/h3171.png,Normal,tbx11k
health/h3172.png,Normal,tbx11k
health/h3173.png,Normal,tbx11k
health/h3175.png,Normal,tbx11k
health/h3176.png,Normal,tbx11k
health/h3177.png,Normal,tbx11k
health/h3178.png,Normal,tbx11k
health/h3180.png,Normal,tbx11k
health/h3182.png,Normal,tbx11k
health/h3183.png,Normal,tbx11k
health/h3185.png,Normal,tbx11k
health/h3186.png,Normal,tbx11k
health/h3188.png,Normal,tbx11k
health/h3189.png,Normal,tbx11k
health/h3190.png,Normal,tbx11k
health/h3191.png,Normal,tbx11k
health/h3192.png,Normal,tbx11k
health/h3193.png,Normal,tbx11k
health/h3194.png,Normal,tbx11k
health/h3198.png,Normal,tbx11k
health/h3202.png,Normal,tbx11k
health/h3203.png,Normal,tbx11k
health/h3204.png,Normal,tbx11k
health/h3206.png,Normal,tbx11k
health/h3207.png,Normal,tbx11k
health/h3209.png,Normal,tbx11k
health/h3211.png,Normal,tbx11k
health/h3212.png,Normal,tbx11k
health/h3213.png,Normal,tbx11k
health/h3214.png,Normal,tbx11k
health/h3215.png,Normal,tbx11k
health/h3216.png,Normal,tbx11k
health/h3217.png,Normal,tbx11k
health/h3219.png,Normal,tbx11k
health/h3221.png,Normal,tbx11k
health/h3222.png,Normal,tbx11k
health/h3223.png,Normal,tbx11k
health/h3224.png,Normal,tbx11k
health/h3225.png,Normal,tbx11k
health/h3226.png,Normal,tbx11k
health/h3227.png,Normal,tbx11k
health/h3228.png,Normal,tbx11k
health/h3231.png,Normal,tbx11k
health/h3232.png,Normal,tbx11k
health/h3233.png,Normal,tbx11k
health/h3235.png,Normal,tbx11k
health/h3236.png,Normal,tbx11k
health/h3239.png,Normal,tbx11k
health/h3242.png,Normal,tbx11k
health/h3244.png,Normal,tbx11k
health/h3245.png,Normal,tbx11k
health/h3246.png,Normal,tbx11k
health/h3247.png,Normal,tbx11k
health/h3248.png,Normal,tbx11k
health/h3249.png,Normal,tbx11k
health/h3251.png,Normal,tbx11k
health/h3252.png,Normal,tbx11k
health/h3253.png,Normal,tbx11k
health/h3254.png,Normal,tbx11k
health/h3255.png,Normal,tbx11k
health/h3256.png,Normal,tbx11k
health/h3257.png,Normal,tbx11k
health/h3259.png,Normal,tbx11k
health/h3260.png,Normal,tbx11k
health/h3262.png,Normal,tbx11k
health/h3263.png,Normal,tbx11k
health/h3264.png,Normal,tbx11k
health/h3265.png,Normal,tbx11k
health/h3266.png,Normal,tbx11k
health/h3268.png,Normal,tbx11k
health/h3269.png,Normal,tbx11k
health/h3270.png,Normal,tbx11k
health/h3273.png,Normal,tbx11k
health/h3275.png,Normal,tbx11k
health/h3276.png,Normal,tbx11k
health/h3277.png,Normal,tbx11k
health/h3278.png,Normal,tbx11k
health/h3279.png,Normal,tbx11k
health/h3280.png,Normal,tbx11k
health/h3281.png,Normal,tbx11k
health/h3282.png,Normal,tbx11k
health/h3284.png,Normal,tbx11k
health/h3285.png,Normal,tbx11k
health/h3286.png,Normal,tbx11k
health/h3287.png,Normal,tbx11k
health/h3288.png,Normal,tbx11k
health/h3290.png,Normal,tbx11k
health/h3292.png,Normal,tbx11k
health/h3294.png,Normal,tbx11k
health/h3295.png,Normal,tbx11k
health/h3296.png,Normal,tbx11k
health/h3297.png,Normal,tbx11k
health/h3298.png,Normal,tbx11k
health/h3301.png,Normal,tbx11k
health/h3303.png,Normal,tbx11k
health/h3305.png,Normal,tbx11k
health/h3307.png,Normal,tbx11k
health/h3308.png,Normal,tbx11k
health/h3309.png,Normal,tbx11k
health/h3310.png,Normal,tbx11k
health/h3311.png,Normal,tbx11k
health/h3313.png,Normal,tbx11k
health/h3314.png,Normal,tbx11k
health/h3315.png,Normal,tbx11k
health/h3316.png,Normal,tbx11k
health/h3317.png,Normal,tbx11k
health/h3318.png,Normal,tbx11k
health/h3320.png,Normal,tbx11k
health/h3322.png,Normal,tbx11k
health/h3324.png,Normal,tbx11k
health/h3325.png,Normal,tbx11k
health/h3327.png,Normal,tbx11k
health/h3328.png,Normal,tbx11k
health/h3329.png,Normal,tbx11k
health/h3330.png,Normal,tbx11k
health/h3331.png,Normal,tbx11k
health/h3332.png,Normal,tbx11k
health/h3333.png,Normal,tbx11k
health/h3335.png,Normal,tbx11k
health/h3336.png,Normal,tbx11k
health/h3339.png,Normal,tbx11k
health/h3340.png,Normal,tbx11k
health/h3341.png,Normal,tbx11k
health/h3342.png,Normal,tbx11k
health/h3344.png,Normal,tbx11k
health/h3346.png,Normal,tbx11k
health/h3347.png,Normal,tbx11k
health/h3348.png,Normal,tbx11k
health/h3349.png,Normal,tbx11k
health/h3350.png,Normal,tbx11k
health/h3351.png,Normal,tbx11k
health/h3354.png,Normal,tbx11k
health/h3356.png,Normal,tbx11k
health/h3357.png,Normal,tbx11k
health/h3358.png,Normal,tbx11k
health/h3364.png,Normal,tbx11k
health/h3365.png,Normal,tbx11k
health/h3366.png,Normal,tbx11k
health/h3367.png,Normal,tbx11k
health/h3368.png,Normal,tbx11k
health/h3369.png,Normal,tbx11k
health/h3371.png,Normal,tbx11k
health/h3372.png,Normal,tbx11k
health/h3373.png,Normal,tbx11k
health/h3374.png,Normal,tbx11k
health/h3375.png,Normal,tbx11k
health/h3376.png,Normal,tbx11k
health/h3378.png,Normal,tbx11k
health/h3379.png,Normal,tbx11k
health/h3380.png,Normal,tbx11k
health/h3381.png,Normal,tbx11k
health/h3382.png,Normal,tbx11k
health/h3383.png,Normal,tbx11k
health/h3384.png,Normal,tbx11k
health/h3386.png,Normal,tbx11k
health/h3387.png,Normal,tbx11k
health/h3390.png,Normal,tbx11k
health/h3392.png,Normal,tbx11k
health/h3393.png,Normal,tbx11k
health/h3394.png,Normal,tbx11k
health/h3395.png,Normal,tbx11k
health/h3399.png,Normal,tbx11k
health/h3400.png,Normal,tbx11k
health/h3401.png,Normal,tbx11k
health/h3402.png,Normal,tbx11k
health/h3403.png,Normal,tbx11k
health/h3404.png,Normal,tbx11k
health/h3405.png,Normal,tbx11k
health/h3406.png,Normal,tbx11k
health/h3407.png,Normal,tbx11k
health/h3408.png,Normal,tbx11k
health/h3409.png,Normal,tbx11k
health/h3410.png,Normal,tbx11k
health/h3412.png,Normal,tbx11k
health/h3414.png,Normal,tbx11k
health/h3415.png,Normal,tbx11k
health/h3416.png,Normal,tbx11k
health/h3417.png,Normal,tbx11k
health/h3418.png,Normal,tbx11k
health/h3419.png,Normal,tbx11k
health/h3420.png,Normal,tbx11k
health/h3421.png,Normal,tbx11k
health/h3423.png,Normal,tbx11k
health/h3424.png,Normal,tbx11k
health/h3425.png,Normal,tbx11k
health/h3426.png,Normal,tbx11k
health/h3428.png,Normal,tbx11k
health/h3429.png,Normal,tbx11k
health/h3431.png,Normal,tbx11k
health/h3432.png,Normal,tbx11k
health/h3433.png,Normal,tbx11k
health/h3435.png,Normal,tbx11k
health/h3436.png,Normal,tbx11k
health/h3437.png,Normal,tbx11k
health/h3438.png,Normal,tbx11k
health/h3439.png,Normal,tbx11k
health/h3441.png,Normal,tbx11k
health/h3443.png,Normal,tbx11k
health/h3445.png,Normal,tbx11k
health/h3446.png,Normal,tbx11k
health/h3448.png,Normal,tbx11k
health/h3449.png,Normal,tbx11k
health/h3451.png,Normal,tbx11k
health/h3453.png,Normal,tbx11k
health/h3454.png,Normal,tbx11k
health/h3455.png,Normal,tbx11k
health/h3457.png,Normal,tbx11k
health/h3458.png,Normal,tbx11k
health/h3459.png,Normal,tbx11k
health/h3461.png,Normal,tbx11k
health/h3462.png,Normal,tbx11k
health/h3463.png,Normal,tbx11k
health/h3464.png,Normal,tbx11k
health/h3465.png,Normal,tbx11k
health/h3466.png,Normal,tbx11k
health/h3467.png,Normal,tbx11k
health/h3468.png,Normal,tbx11k
health/h3469.png,Normal,tbx11k
health/h3470.png,Normal,tbx11k
health/h3471.png,Normal,tbx11k
health/h3474.png,Normal,tbx11k
health/h3475.png,Normal,tbx11k
health/h3476.png,Normal,tbx11k
health/h3477.png,Normal,tbx11k
health/h3478.png,Normal,tbx11k
health/h3479.png,Normal,tbx11k
health/h3480.png,Normal,tbx11k
health/h3481.png,Normal,tbx11k
health/h3482.png,Normal,tbx11k
health/h3483.png,Normal,tbx11k
health/h3484.png,Normal,tbx11k
health/h3486.png,Normal,tbx11k
health/h3487.png,Normal,tbx11k
health/h3488.png,Normal,tbx11k
health/h3489.png,Normal,tbx11k
health/h3490.png,Normal,tbx11k
health/h3491.png,Normal,tbx11k
health/h3492.png,Normal,tbx11k
health/h3493.png,Normal,tbx11k
health/h3494.png,Normal,tbx11k
health/h3495.png,Normal,tbx11k
health/h3496.png,Normal,tbx11k
health/h3497.png,Normal,tbx11k
health/h3498.png,Normal,tbx11k
health/h3499.png,Normal,tbx11k
health/h3500.png,Normal,tbx11k
health/h3501.png,Normal,tbx11k
health/h3502.png,Normal,tbx11k
health/h3504.png,Normal,tbx11k
health/h3506.png,Normal,tbx11k
health/h3508.png,Normal,tbx11k
health/h3510.png,Normal,tbx11k
health/h3511.png,Normal,tbx11k
health/h3512.png,Normal,tbx11k
health/h3513.png,Normal,tbx11k
health/h3514.png,Normal,tbx11k
health/h3515.png,Normal,tbx11k
health/h3516.png,Normal,tbx11k
health/h3517.png,Normal,tbx11k
health/h3518.png,Normal,tbx11k
health/h3519.png,Normal,tbx11k
health/h3520.png,Normal,tbx11k
health/h3521.png,Normal,tbx11k
health/h3523.png,Normal,tbx11k
health/h3525.png,Normal,tbx11k
health/h3527.png,Normal,tbx11k
health/h3528.png,Normal,tbx11k
health/h3529.png,Normal,tbx11k
health/h3530.png,Normal,tbx11k
health/h3531.png,Normal,tbx11k
health/h3533.png,Normal,tbx11k
health/h3534.png,Normal,tbx11k
health/h3535.png,Normal,tbx11k
health/h3537.png,Normal,tbx11k
health/h3538.png,Normal,tbx11k
health/h3539.png,Normal,tbx11k
health/h3540.png,Normal,tbx11k
health/h3541.png,Normal,tbx11k
health/h3542.png,Normal,tbx11k
health/h3543.png,Normal,tbx11k
health/h3544.png,Normal,tbx11k
health/h3545.png,Normal,tbx11k
health/h3546.png,Normal,tbx11k
health/h3548.png,Normal,tbx11k
health/h3549.png,Normal,tbx11k
health/h3550.png,Normal,tbx11k
health/h3552.png,Normal,tbx11k
health/h3553.png,Normal,tbx11k
health/h3554.png,Normal,tbx11k
health/h3555.png,Normal,tbx11k
health/h3556.png,Normal,tbx11k
health/h3557.png,Normal,tbx11k
health/h3558.png,Normal,tbx11k
health/h3559.png,Normal,tbx11k
health/h3560.png,Normal,tbx11k
health/h3561.png,Normal,tbx11k
health/h3562.png,Normal,tbx11k
health/h3563.png,Normal,tbx11k
health/h3565.png,Normal,tbx11k
health/h3566.png,Normal,tbx11k
health/h3567.png,Normal,tbx11k
health/h3569.png,Normal,tbx11k
health/h3570.png,Normal,tbx11k
health/h3572.png,Normal,tbx11k
health/h3573.png,Normal,tbx11k
health/h3574.png,Normal,tbx11k
health/h3575.png,Normal,tbx11k
health/h3576.png,Normal,tbx11k
health/h3577.png,Normal,tbx11k
health/h3578.png,Normal,tbx11k
health/h3579.png,Normal,tbx11k
health/h3580.png,Normal,tbx11k
health/h3581.png,Normal,tbx11k
health/h3582.png,Normal,tbx11k
health/h3583.png,Normal,tbx11k
health/h3586.png,Normal,tbx11k
health/h3587.png,Normal,tbx11k
health/h3588.png,Normal,tbx11k
health/h3591.png,Normal,tbx11k
health/h3594.png,Normal,tbx11k
health/h3595.png,Normal,tbx11k
health/h3596.png,Normal,tbx11k
health/h3597.png,Normal,tbx11k
health/h3598.png,Normal,tbx11k
health/h3599.png,Normal,tbx11k
health/h3600.png,Normal,tbx11k
health/h3601.png,Normal,tbx11k
health/h3602.png,Normal,tbx11k
health/h3603.png,Normal,tbx11k
health/h3605.png,Normal,tbx11k
health/h3607.png,Normal,tbx11k
health/h3608.png,Normal,tbx11k
health/h3609.png,Normal,tbx11k
health/h3610.png,Normal,tbx11k
health/h3611.png,Normal,tbx11k
health/h3613.png,Normal,tbx11k
health/h3614.png,Normal,tbx11k
health/h3615.png,Normal,tbx11k
health/h3616.png,Normal,tbx11k
health/h3617.png,Normal,tbx11k
health/h3618.png,Normal,tbx11k
health/h3619.png,Normal,tbx11k
health/h3620.png,Normal,tbx11k
health/h3621.png,Normal,tbx11k
health/h3622.png,Normal,tbx11k
health/h3623.png,Normal,tbx11k
health/h3624.png,Normal,tbx11k
health/h3625.png,Normal,tbx11k
health/h3626.png,Normal,tbx11k
health/h3633.png,Normal,tbx11k
health/h3636.png,Normal,tbx11k
health/h3637.png,Normal,tbx11k
health/h3639.png,Normal,tbx11k
health/h3640.png,Normal,tbx11k
health/h3642.png,Normal,tbx11k
health/h3643.png,Normal,tbx11k
health/h3644.png,Normal,tbx11k
health/h3645.png,Normal,tbx11k
health/h3648.png,Normal,tbx11k
health/h3649.png,Normal,tbx11k
health/h3650.png,Normal,tbx11k
health/h3651.png,Normal,tbx11k
health/h3652.png,Normal,tbx11k
health/h3653.png,Normal,tbx11k
health/h3654.png,Normal,tbx11k
health/h3655.png,Normal,tbx11k
health/h3656.png,Normal,tbx11k
health/h3659.png,Normal,tbx11k
health/h3660.png,Normal,tbx11k
health/h3664.png,Normal,tbx11k
health/h3666.png,Normal,tbx11k
health/h3669.png,Normal,tbx11k
health/h3673.png,Normal,tbx11k
health/h3674.png,Normal,tbx11k
health/h3675.png,Normal,tbx11k
health/h3676.png,Normal,tbx11k
health/h3677.png,Normal,tbx11k
health/h3678.png,Normal,tbx11k
health/h3683.png,Normal,tbx11k
health/h3684.png,Normal,tbx11k
health/h3686.png,Normal,tbx11k
health/h3688.png,Normal,tbx11k
health/h3689.png,Normal,tbx11k
health/h3690.png,Normal,tbx11k
health/h3691.png,Normal,tbx11k
health/h3692.png,Normal,tbx11k
health/h3693.png,Normal,tbx11k
health/h3694.png,Normal,tbx11k
health/h3695.png,Normal,tbx11k
health/h3696.png,Normal,tbx11k
health/h3697.png,Normal,tbx11k
health/h3699.png,Normal,tbx11k
health/h3702.png,Normal,tbx11k
health/h3703.png,Normal,tbx11k
health/h3704.png,Normal,tbx11k
health/h3705.png,Normal,tbx11k
health/h3706.png,Normal,tbx11k
health/h3707.png,Normal,tbx11k
health/h3708.png,Normal,tbx11k
health/h3709.png,Normal,tbx11k
health/h3710.png,Normal,tbx11k
health/h3712.png,Normal,tbx11k
health/h3713.png,Normal,tbx11k
health/h3715.png,Normal,tbx11k
health/h3716.png,Normal,tbx11k
health/h3717.png,Normal,tbx11k
health/h3718.png,Normal,tbx11k
health/h3719.png,Normal,tbx11k
health/h3720.png,Normal,tbx11k
health/h3721.png,Normal,tbx11k
health/h3722.png,Normal,tbx11k
health/h3723.png,Normal,tbx11k
health/h3725.png,Normal,tbx11k
health/h3726.png,Normal,tbx11k
health/h3727.png,Normal,tbx11k
health/h3729.png,Normal,tbx11k
health/h3730.png,Normal,tbx11k
health/h3732.png,Normal,tbx11k
health/h3735.png,Normal,tbx11k
health/h3736.png,Normal,tbx11k
health/h3737.png,Normal,tbx11k
health/h3739.png,Normal,tbx11k
health/h3740.png,Normal,tbx11k
health/h3741.png,Normal,tbx11k
health/h3742.png,Normal,tbx11k
health/h3743.png,Normal,tbx11k
health/h3744.png,Normal,tbx11k
health/h3745.png,Normal,tbx11k
health/h3746.png,Normal,tbx11k
health/h3747.png,Normal,tbx11k
health/h3748.png,Normal,tbx11k
health/h3750.png,Normal,tbx11k
health/h3751.png,Normal,tbx11k
health/h3752.png,Normal,tbx11k
health/h3753.png,Normal,tbx11k
health/h3754.png,Normal,tbx11k
health/h3755.png,Normal,tbx11k
health/h3756.png,Normal,tbx11k
health/h3757.png,Normal,tbx11k
health/h3758.png,Normal,tbx11k
health/h3759.png,Normal,tbx11k
health/h3763.png,Normal,tbx11k
health/h3764.png,Normal,tbx11k
health/h3766.png,Normal,tbx11k
health/h3767.png,Normal,tbx11k
health/h3768.png,Normal,tbx11k
health/h3769.png,Normal,tbx11k
health/h3770.png,Normal,tbx11k
health/h3772.png,Normal,tbx11k
health/h3774.png,Normal,tbx11k
health/h3775.png,Normal,tbx11k
health/h3776.png,Normal,tbx11k
health/h3777.png,Normal,tbx11k
health/h3778.png,Normal,tbx11k
health/h3780.png,Normal,tbx11k
health/h3781.png,Normal,tbx11k
health/h3782.png,Normal,tbx11k
health/h3783.png,Normal,tbx11k
health/h3785.png,Normal,tbx11k
health/h3786.png,Normal,tbx11k
health/h3789.png,Normal,tbx11k
health/h3791.png,Normal,tbx11k
health/h3792.png,Normal,tbx11k
health/h3793.png,Normal,tbx11k
health/h3794.png,Normal,tbx11k
health/h3795.png,Normal,tbx11k
health/h3796.png,Normal,tbx11k
health/h3797.png,Normal,tbx11k
health/h3798.png,Normal,tbx11k
health/h3801.png,Normal,tbx11k
health/h3803.png,Normal,tbx11k
health/h3804.png,Normal,tbx11k
health/h3805.png,Normal,tbx11k
health/h3806.png,Normal,tbx11k
health/h3807.png,Normal,tbx11k
health/h3808.png,Normal,tbx11k
health/h3809.png,Normal,tbx11k
health/h3810.png,Normal,tbx11k
health/h3812.png,Normal,tbx11k
health/h3816.png,Normal,tbx11k
health/h3817.png,Normal,tbx11k
health/h3819.png,Normal,tbx11k
health/h3820.png,Normal,tbx11k
health/h3821.png,Normal,tbx11k
health/h3822.png,Normal,tbx11k
health/h3823.png,Normal,tbx11k
health/h3824.png,Normal,tbx11k
health/h3825.png,Normal,tbx11k
health/h3826.png,Normal,tbx11k
health/h3828.png,Normal,tbx11k
health/h3829.png,Normal,tbx11k
health/h3830.png,Normal,tbx11k
health/h3832.png,Normal,tbx11k
health/h3834.png,Normal,tbx11k
health/h3835.png,Normal,tbx11k
health/h3837.png,Normal,tbx11k
health/h3838.png,Normal,tbx11k
health/h3839.png,Normal,tbx11k
health/h3840.png,Normal,tbx11k
health/h3841.png,Normal,tbx11k
health/h3843.png,Normal,tbx11k
health/h3845.png,Normal,tbx11k
health/h3846.png,Normal,tbx11k
health/h3848.png,Normal,tbx11k
health/h3849.png,Normal,tbx11k
health/h3850.png,Normal,tbx11k
health/h3851.png,Normal,tbx11k
health/h3853.png,Normal,tbx11k
health/h3854.png,Normal,tbx11k
health/h3855.png,Normal,tbx11k
health/h3856.png,Normal,tbx11k
health/h3857.png,Normal,tbx11k
health/h3858.png,Normal,tbx11k
health/h3859.png,Normal,tbx11k
health/h3860.png,Normal,tbx11k
health/h3861.png,Normal,tbx11k
health/h3862.png,Normal,tbx11k
health/h3863.png,Normal,tbx11k
health/h3864.png,Normal,tbx11k
health/h3865.png,Normal,tbx11k
health/h3866.png,Normal,tbx11k
health/h3867.png,Normal,tbx11k
health/h3868.png,Normal,tbx11k
health/h3869.png,Normal,tbx11k
health/h3870.png,Normal,tbx11k
health/h3872.png,Normal,tbx11k
health/h3873.png,Normal,tbx11k
health/h3874.png,Normal,tbx11k
health/h3875.png,Normal,tbx11k
health/h3876.png,Normal,tbx11k
health/h3877.png,Normal,tbx11k
health/h3878.png,Normal,tbx11k
health/h3879.png,Normal,tbx11k
health/h3880.png,Normal,tbx11k
health/h3881.png,Normal,tbx11k
health/h3882.png,Normal,tbx11k
health/h3884.png,Normal,tbx11k
health/h3885.png,Normal,tbx11k
health/h3888.png,Normal,tbx11k
health/h3890.png,Normal,tbx11k
health/h3891.png,Normal,tbx11k
health/h3893.png,Normal,tbx11k
health/h3894.png,Normal,tbx11k
health/h3895.png,Normal,tbx11k
health/h3896.png,Normal,tbx11k
health/h3900.png,Normal,tbx11k
health/h3902.png,Normal,tbx11k
health/h3904.png,Normal,tbx11k
health/h3905.png,Normal,tbx11k
health/h3906.png,Normal,tbx11k
health/h3907.png,Normal,tbx11k
health/h3909.png,Normal,tbx11k
health/h3910.png,Normal,tbx11k
health/h3911.png,Normal,tbx11k
health/h3912.png,Normal,tbx11k
health/h3913.png,Normal,tbx11k
health/h3915.png,Normal,tbx11k
health/h3916.png,Normal,tbx11k
health/h3917.png,Normal,tbx11k
health/h3918.png,Normal,tbx11k
health/h3919.png,Normal,tbx11k
health/h3920.png,Normal,tbx11k
health/h3921.png,Normal,tbx11k
health/h3922.png,Normal,tbx11k
health/h3923.png,Normal,tbx11k
health/h3924.png,Normal,tbx11k
health/h3925.png,Normal,tbx11k
health/h3927.png,Normal,tbx11k
health/h3928.png,Normal,tbx11k
health/h3929.png,Normal,tbx11k
health/h3931.png,Normal,tbx11k
health/h3932.png,Normal,tbx11k
health/h3934.png,Normal,tbx11k
health/h3935.png,Normal,tbx11k
health/h3936.png,Normal,tbx11k
health/h3937.png,Normal,tbx11k
health/h3938.png,Normal,tbx11k
health/h3940.png,Normal,tbx11k
health/h3941.png,Normal,tbx11k
health/h3942.png,Normal,tbx11k
health/h3944.png,Normal,tbx11k
health/h3945.png,Normal,tbx11k
health/h3947.png,Normal,tbx11k
health/h3948.png,Normal,tbx11k
health/h3950.png,Normal,tbx11k
health/h3951.png,Normal,tbx11k
health/h3952.png,Normal,tbx11k
health/h3953.png,Normal,tbx11k
health/h3954.png,Normal,tbx11k
health/h3955.png,Normal,tbx11k
health/h3956.png,Normal,tbx11k
health/h3958.png,Normal,tbx11k
health/h3960.png,Normal,tbx11k
health/h3961.png,Normal,tbx11k
health/h3962.png,Normal,tbx11k
health/h3963.png,Normal,tbx11k
health/h3964.png,Normal,tbx11k
health/h3966.png,Normal,tbx11k
health/h3967.png,Normal,tbx11k
health/h3968.png,Normal,tbx11k
health/h3969.png,Normal,tbx11k
health/h3970.png,Normal,tbx11k
health/h3971.png,Normal,tbx11k
health/h3972.png,Normal,tbx11k
health/h3974.png,Normal,tbx11k
health/h3975.png,Normal,tbx11k
health/h3976.png,Normal,tbx11k
health/h3977.png,Normal,tbx11k
health/h3978.png,Normal,tbx11k
health/h3980.png,Normal,tbx11k
health/h3981.png,Normal,tbx11k
health/h3982.png,Normal,tbx11k
health/h3983.png,Normal,tbx11k
health/h3984.png,Normal,tbx11k
health/h3985.png,Normal,tbx11k
health/h3986.png,Normal,tbx11k
health/h3987.png,Normal,tbx11k
health/h3989.png,Normal,tbx11k
health/h3990.png,Normal,tbx11k
health/h3991.png,Normal,tbx11k
health/h3992.png,Normal,tbx11k
health/h3993.png,Normal,tbx11k
health/h3994.png,Normal,tbx11k
health/h3995.png,Normal,tbx11k
health/h3996.png,Normal,tbx11k
health/h3997.png,Normal,tbx11k
health/h4000.png,Normal,tbx11k
health/h4001.png,Normal,tbx11k
health/h4002.png,Normal,tbx11k
health/h4004.png,Normal,tbx11k
health/h4006.png,Normal,tbx11k
health/h4007.png,Normal,tbx11k
health/h4008.png,Normal,tbx11k
health/h4009.png,Normal,tbx11k
health/h4010.png,Normal,tbx11k
health/h4012.png,Normal,tbx11k
health/h4013.png,Normal,tbx11k
health/h4014.png,Normal,tbx11k
health/h4015.png,Normal,tbx11k
health/h4017.png,Normal,tbx11k
health/h4018.png,Normal,tbx11k
health/h4019.png,Normal,tbx11k
health/h4020.png,Normal,tbx11k
health/h4021.png,Normal,tbx11k
health/h4022.png,Normal,tbx11k
health/h4023.png,Normal,tbx11k
health/h4024.png,Normal,tbx11k
health/h4025.png,Normal,tbx11k
health/h4026.png,Normal,tbx11k
health/h4027.png,Normal,tbx11k
health/h4029.png,Normal,tbx11k
health/h4030.png,Normal,tbx11k
health/h4031.png,Normal,tbx11k
health/h4033.png,Normal,tbx11k
health/h4034.png,Normal,tbx11k
health/h4035.png,Normal,tbx11k
health/h4036.png,Normal,tbx11k
health/h4037.png,Normal,tbx11k
health/h4038.png,Normal,tbx11k
health/h4039.png,Normal,tbx11k
health/h4041.png,Normal,tbx11k
health/h4042.png,Normal,tbx11k
health/h4043.png,Normal,tbx11k
health/h4044.png,Normal,tbx11k
health/h4045.png,Normal,tbx11k
health/h4046.png,Normal,tbx11k
health/h4047.png,Normal,tbx11k
health/h4048.png,Normal,tbx11k
health/h4049.png,Normal,tbx11k
health/h4050.png,Normal,tbx11k
health/h4052.png,Normal,tbx11k
health/h4054.png,Normal,tbx11k
health/h4055.png,Normal,tbx11k
health/h4056.png,Normal,tbx11k
health/h4057.png,Normal,tbx11k
health/h4058.png,Normal,tbx11k
health/h4059.png,Normal,tbx11k
health/h4061.png,Normal,tbx11k
health/h4062.png,Normal,tbx11k
health/h4063.png,Normal,tbx11k
health/h4064.png,Normal,tbx11k
health/h4066.png,Normal,tbx11k
health/h4067.png,Normal,tbx11k
health/h4068.png,Normal,tbx11k
health/h4073.png,Normal,tbx11k
health/h4074.png,Normal,tbx11k
health/h4075.png,Normal,tbx11k
health/h4076.png,Normal,tbx11k
health/h4078.png,Normal,tbx11k
health/h4079.png,Normal,tbx11k
health/h4080.png,Normal,tbx11k
health/h4081.png,Normal,tbx11k
health/h4082.png,Normal,tbx11k
health/h4084.png,Normal,tbx11k
health/h4086.png,Normal,tbx11k
health/h4087.png,Normal,tbx11k
health/h4089.png,Normal,tbx11k
health/h4090.png,Normal,tbx11k
health/h4091.png,Normal,tbx11k
health/h4092.png,Normal,tbx11k
health/h4093.png,Normal,tbx11k
health/h4095.png,Normal,tbx11k
health/h4096.png,Normal,tbx11k
health/h4097.png,Normal,tbx11k
health/h4098.png,Normal,tbx11k
health/h4099.png,Normal,tbx11k
health/h4100.png,Normal,tbx11k
health/h4102.png,Normal,tbx11k
health/h4108.png,Normal,tbx11k
health/h4109.png,Normal,tbx11k
health/h4110.png,Normal,tbx11k
health/h4111.png,Normal,tbx11k
health/h4112.png,Normal,tbx11k
health/h4113.png,Normal,tbx11k
health/h4114.png,Normal,tbx11k
health/h4115.png,Normal,tbx11k
health/h4116.png,Normal,tbx11k
health/h4117.png,Normal,tbx11k
health/h4118.png,Normal,tbx11k
health/h4119.png,Normal,tbx11k
health/h4120.png,Normal,tbx11k
health/h4122.png,Normal,tbx11k
health/h4123.png,Normal,tbx11k
health/h4124.png,Normal,tbx11k
health/h4127.png,Normal,tbx11k
health/h4130.png,Normal,tbx11k
health/h4131.png,Normal,tbx11k
health/h4133.png,Normal,tbx11k
health/h4135.png,Normal,tbx11k
health/h4136.png,Normal,tbx11k
health/h4138.png,Normal,tbx11k
health/h4139.png,Normal,tbx11k
health/h4142.png,Normal,tbx11k
health/h4143.png,Normal,tbx11k
health/h4144.png,Normal,tbx11k
health/h4145.png,Normal,tbx11k
health/h4147.png,Normal,tbx11k
health/h4148.png,Normal,tbx11k
health/h4149.png,Normal,tbx11k
health/h4151.png,Normal,tbx11k
health/h4152.png,Normal,tbx11k
health/h4153.png,Normal,tbx11k
health/h4154.png,Normal,tbx11k
health/h4155.png,Normal,tbx11k
health/h4157.png,Normal,tbx11k
health/h4158.png,Normal,tbx11k
health/h4159.png,Normal,tbx11k
health/h4160.png,Normal,tbx11k
health/h4161.png,Normal,tbx11k
health/h4162.png,Normal,tbx11k
health/h4163.png,Normal,tbx11k
health/h4164.png,Normal,tbx11k
health/h4165.png,Normal,tbx11k
health/h4166.png,Normal,tbx11k
health/h4167.png,Normal,tbx11k
health/h4168.png,Normal,tbx11k
health/h4169.png,Normal,tbx11k
health/h4171.png,Normal,tbx11k
health/h4172.png,Normal,tbx11k
health/h4173.png,Normal,tbx11k
health/h4174.png,Normal,tbx11k
health/h4177.png,Normal,tbx11k
health/h4178.png,Normal,tbx11k
health/h4179.png,Normal,tbx11k
health/h4180.png,Normal,tbx11k
health/h4183.png,Normal,tbx11k
health/h4184.png,Normal,tbx11k
health/h4185.png,Normal,tbx11k
health/h4186.png,Normal,tbx11k
health/h4187.png,Normal,tbx11k
health/h4188.png,Normal,tbx11k
health/h4189.png,Normal,tbx11k
health/h4191.png,Normal,tbx11k
health/h4192.png,Normal,tbx11k
health/h4193.png,Normal,tbx11k
health/h4194.png,Normal,tbx11k
health/h4196.png,Normal,tbx11k
health/h4197.png,Normal,tbx11k
health/h4198.png,Normal,tbx11k
health/h4201.png,Normal,tbx11k
health/h4203.png,Normal,tbx11k
health/h4204.png,Normal,tbx11k
health/h4205.png,Normal,tbx11k
health/h4206.png,Normal,tbx11k
health/h4207.png,Normal,tbx11k
health/h4209.png,Normal,tbx11k
health/h4211.png,Normal,tbx11k
health/h4212.png,Normal,tbx11k
health/h4213.png,Normal,tbx11k
health/h4214.png,Normal,tbx11k
health/h4215.png,Normal,tbx11k
health/h4216.png,Normal,tbx11k
health/h4217.png,Normal,tbx11k
health/h4218.png,Normal,tbx11k
health/h4219.png,Normal,tbx11k
health/h4220.png,Normal,tbx11k
health/h4221.png,Normal,tbx11k
health/h4222.png,Normal,tbx11k
health/h4223.png,Normal,tbx11k
health/h4224.png,Normal,tbx11k
health/h4226.png,Normal,tbx11k
health/h4227.png,Normal,tbx11k
health/h4228.png,Normal,tbx11k
health/h4229.png,Normal,tbx11k
health/h4230.png,Normal,tbx11k
health/h4231.png,Normal,tbx11k
health/h4233.png,Normal,tbx11k
health/h4234.png,Normal,tbx11k
health/h4235.png,Normal,tbx11k
health/h4236.png,Normal,tbx11k
health/h4237.png,Normal,tbx11k
health/h4238.png,Normal,tbx11k
health/h4239.png,Normal,tbx11k
health/h4241.png,Normal,tbx11k
health/h4244.png,Normal,tbx11k
health/h4245.png,Normal,tbx11k
health/h4246.png,Normal,tbx11k
health/h4247.png,Normal,tbx11k
health/h4250.png,Normal,tbx11k
health/h4251.png,Normal,tbx11k
health/h4252.png,Normal,tbx11k
health/h4253.png,Normal,tbx11k
health/h4254.png,Normal,tbx11k
health/h4255.png,Normal,tbx11k
health/h4256.png,Normal,tbx11k
health/h4257.png,Normal,tbx11k
health/h4258.png,Normal,tbx11k
health/h4259.png,Normal,tbx11k
health/h4260.png,Normal,tbx11k
health/h4261.png,Normal,tbx11k
health/h4262.png,Normal,tbx11k
health/h4263.png,Normal,tbx11k
health/h4264.png,Normal,tbx11k
health/h4266.png,Normal,tbx11k
health/h4267.png,Normal,tbx11k
health/h4268.png,Normal,tbx11k
health/h4269.png,Normal,tbx11k
health/h4270.png,Normal,tbx11k
health/h4272.png,Normal,tbx11k
health/h4273.png,Normal,tbx11k
health/h4275.png,Normal,tbx11k
health/h4276.png,Normal,tbx11k
health/h4278.png,Normal,tbx11k
health/h4279.png,Normal,tbx11k
health/h4280.png,Normal,tbx11k
health/h4281.png,Normal,tbx11k
health/h4283.png,Normal,tbx11k
health/h4286.png,Normal,tbx11k
health/h4287.png,Normal,tbx11k
health/h4289.png,Normal,tbx11k
health/h4290.png,Normal,tbx11k
health/h4291.png,Normal,tbx11k
health/h4292.png,Normal,tbx11k
health/h4293.png,Normal,tbx11k
health/h4294.png,Normal,tbx11k
health/h4297.png,Normal,tbx11k
health/h4298.png,Normal,tbx11k
health/h4299.png,Normal,tbx11k
health/h4300.png,Normal,tbx11k
health/h4302.png,Normal,tbx11k
health/h4304.png,Normal,tbx11k
health/h4305.png,Normal,tbx11k
health/h4306.png,Normal,tbx11k
health/h4307.png,Normal,tbx11k
health/h4308.png,Normal,tbx11k
health/h4309.png,Normal,tbx11k
health/h4310.png,Normal,tbx11k
health/h4311.png,Normal,tbx11k
health/h4313.png,Normal,tbx11k
health/h4314.png,Normal,tbx11k
health/h4316.png,Normal,tbx11k
health/h4317.png,Normal,tbx11k
health/h4318.png,Normal,tbx11k
health/h4319.png,Normal,tbx11k
health/h4320.png,Normal,tbx11k
health/h4321.png,Normal,tbx11k
health/h4324.png,Normal,tbx11k
health/h4326.png,Normal,tbx11k
health/h4327.png,Normal,tbx11k
health/h4328.png,Normal,tbx11k
health/h4329.png,Normal,tbx11k
health/h4330.png,Normal,tbx11k
health/h4332.png,Normal,tbx11k
health/h4335.png,Normal,tbx11k
health/h4336.png,Normal,tbx11k
health/h4337.png,Normal,tbx11k
health/h4338.png,Normal,tbx11k
health/h4339.png,Normal,tbx11k
health/h4340.png,Normal,tbx11k
health/h4341.png,Normal,tbx11k
health/h4342.png,Normal,tbx11k
health/h4343.png,Normal,tbx11k
health/h4344.png,Normal,tbx11k
health/h4345.png,Normal,tbx11k
health/h4347.png,Normal,tbx11k
health/h4348.png,Normal,tbx11k
health/h4349.png,Normal,tbx11k
health/h4350.png,Normal,tbx11k
health/h4351.png,Normal,tbx11k
health/h4352.png,Normal,tbx11k
health/h4354.png,Normal,tbx11k
health/h4356.png,Normal,tbx11k
health/h4357.png,Normal,tbx11k
health/h4358.png,Normal,tbx11k
health/h4359.png,Normal,tbx11k
health/h4360.png,Normal,tbx11k
health/h4361.png,Normal,tbx11k
health/h4362.png,Normal,tbx11k
health/h4363.png,Normal,tbx11k
health/h4365.png,Normal,tbx11k
health/h4366.png,Normal,tbx11k
health/h4367.png,Normal,tbx11k
health/h4368.png,Normal,tbx11k
health/h4369.png,Normal,tbx11k
health/h4370.png,Normal,tbx11k
health/h4371.png,Normal,tbx11k
health/h4372.png,Normal,tbx11k
health/h4373.png,Normal,tbx11k
health/h4374.png,Normal,tbx11k
health/h4375.png,Normal,tbx11k
health/h4377.png,Normal,tbx11k
health/h4378.png,Normal,tbx11k
health/h4379.png,Normal,tbx11k
health/h4380.png,Normal,tbx11k
health/h4381.png,Normal,tbx11k
health/h4382.png,Normal,tbx11k
health/h4383.png,Normal,tbx11k
health/h4386.png,Normal,tbx11k
health/h4387.png,Normal,tbx11k
health/h4388.png,Normal,tbx11k
health/h4389.png,Normal,tbx11k
health/h4390.png,Normal,tbx11k
health/h4391.png,Normal,tbx11k
health/h4392.png,Normal,tbx11k
health/h4393.png,Normal,tbx11k
health/h4394.png,Normal,tbx11k
health/h4395.png,Normal,tbx11k
health/h4396.png,Normal,tbx11k
health/h4397.png,Normal,tbx11k
health/h4399.png,Normal,tbx11k
health/h4401.png,Normal,tbx11k
health/h4402.png,Normal,tbx11k
health/h4403.png,Normal,tbx11k
health/h4404.png,Normal,tbx11k
health/h4406.png,Normal,tbx11k
health/h4407.png,Normal,tbx11k
health/h4408.png,Normal,tbx11k
health/h4410.png,Normal,tbx11k
health/h4413.png,Normal,tbx11k
health/h4414.png,Normal,tbx11k
health/h4416.png,Normal,tbx11k
health/h4418.png,Normal,tbx11k
health/h4419.png,Normal,tbx11k
health/h4420.png,Normal,tbx11k
health/h4421.png,Normal,tbx11k
health/h4422.png,Normal,tbx11k
health/h4423.png,Normal,tbx11k
health/h4426.png,Normal,tbx11k
health/h4427.png,Normal,tbx11k
health/h4428.png,Normal,tbx11k
health/h4429.png,Normal,tbx11k
health/h4431.png,Normal,tbx11k
health/h4432.png,Normal,tbx11k
health/h4433.png,Normal,tbx11k
health/h4434.png,Normal,tbx11k
health/h4435.png,Normal,tbx11k
health/h4436.png,Normal,tbx11k
health/h4437.png,Normal,tbx11k
health/h4438.png,Normal,tbx11k
health/h4439.png,Normal,tbx11k
health/h4440.png,Normal,tbx11k
health/h4441.png,Normal,tbx11k
health/h4443.png,Normal,tbx11k
health/h4445.png,Normal,tbx11k
health/h4446.png,Normal,tbx11k
health/h4447.png,Normal,tbx11k
health/h4449.png,Normal,tbx11k
health/h4450.png,Normal,tbx11k
health/h4451.png,Normal,tbx11k
health/h4452.png,Normal,tbx11k
health/h4453.png,Normal,tbx11k
health/h4454.png,Normal,tbx11k
health/h4455.png,Normal,tbx11k
health/h4456.png,Normal,tbx11k
health/h4457.png,Normal,tbx11k
health/h4458.png,Normal,tbx11k
health/h4459.png,Normal,tbx11k
health/h4460.png,Normal,tbx11k
health/h4461.png,Normal,tbx11k
health/h4462.png,Normal,tbx11k
health/h4463.png,Normal,tbx11k
health/h4466.png,Normal,tbx11k
health/h4467.png,Normal,tbx11k
health/h4468.png,Normal,tbx11k
health/h4470.png,Normal,tbx11k
health/h4473.png,Normal,tbx11k
health/h4474.png,Normal,tbx11k
health/h4475.png,Normal,tbx11k
health/h4476.png,Normal,tbx11k
health/h4479.png,Normal,tbx11k
health/h4480.png,Normal,tbx11k
health/h4481.png,Normal,tbx11k
health/h4483.png,Normal,tbx11k
health/h4484.png,Normal,tbx11k
health/h4485.png,Normal,tbx11k
health/h4486.png,Normal,tbx11k
health/h4487.png,Normal,tbx11k
health/h4488.png,Normal,tbx11k
health/h4489.png,Normal,tbx11k
health/h4490.png,Normal,tbx11k
health/h4491.png,Normal,tbx11k
health/h4493.png,Normal,tbx11k
health/h4495.png,Normal,tbx11k
health/h4496.png,Normal,tbx11k
health/h4497.png,Normal,tbx11k
health/h4498.png,Normal,tbx11k
health/h4499.png,Normal,tbx11k
health/h4500.png,Normal,tbx11k
health/h4501.png,Normal,tbx11k
health/h4502.png,Normal,tbx11k
health/h4503.png,Normal,tbx11k
health/h4504.png,Normal,tbx11k
health/h4505.png,Normal,tbx11k
health/h4506.png,Normal,tbx11k
health/h4507.png,Normal,tbx11k
health/h4508.png,Normal,tbx11k
health/h4510.png,Normal,tbx11k
health/h4511.png,Normal,tbx11k
health/h4514.png,Normal,tbx11k
health/h4515.png,Normal,tbx11k
health/h4516.png,Normal,tbx11k
health/h4517.png,Normal,tbx11k
health/h4518.png,Normal,tbx11k
health/h4519.png,Normal,tbx11k
health/h4520.png,Normal,tbx11k
health/h4522.png,Normal,tbx11k
health/h4523.png,Normal,tbx11k
health/h4524.png,Normal,tbx11k
health/h4526.png,Normal,tbx11k
health/h4527.png,Normal,tbx11k
health/h4530.png,Normal,tbx11k
health/h4531.png,Normal,tbx11k
health/h4533.png,Normal,tbx11k
health/h4534.png,Normal,tbx11k
health/h4535.png,Normal,tbx11k
health/h4536.png,Normal,tbx11k
health/h4538.png,Normal,tbx11k
health/h4540.png,Normal,tbx11k
health/h4541.png,Normal,tbx11k
health/h4542.png,Normal,tbx11k
health/h4543.png,Normal,tbx11k
health/h4545.png,Normal,tbx11k
health/h4547.png,Normal,tbx11k
health/h4548.png,Normal,tbx11k
health/h4549.png,Normal,tbx11k
health/h4551.png,Normal,tbx11k
health/h4554.png,Normal,tbx11k
health/h4555.png,Normal,tbx11k
health/h4557.png,Normal,tbx11k
health/h4558.png,Normal,tbx11k
health/h4559.png,Normal,tbx11k
health/h4561.png,Normal,tbx11k
health/h4562.png,Normal,tbx11k
health/h4563.png,Normal,tbx11k
health/h4564.png,Normal,tbx11k
health/h4565.png,Normal,tbx11k
health/h4566.png,Normal,tbx11k
health/h4567.png,Normal,tbx11k
health/h4568.png,Normal,tbx11k
health/h4569.png,Normal,tbx11k
health/h4570.png,Normal,tbx11k
health/h4571.png,Normal,tbx11k
health/h4572.png,Normal,tbx11k
health/h4573.png,Normal,tbx11k
health/h4574.png,Normal,tbx11k
health/h4575.png,Normal,tbx11k
health/h4576.png,Normal,tbx11k
health/h4579.png,Normal,tbx11k
health/h4580.png,Normal,tbx11k
health/h4581.png,Normal,tbx11k
health/h4582.png,Normal,tbx11k
health/h4583.png,Normal,tbx11k
health/h4584.png,Normal,tbx11k
health/h4585.png,Normal,tbx11k
health/h4586.png,Normal,tbx11k
health/h4588.png,Normal,tbx11k
health/h4591.png,Normal,tbx11k
health/h4592.png,Normal,tbx11k
health/h4593.png,Normal,tbx11k
health/h4594.png,Normal,tbx11k
health/h4595.png,Normal,tbx11k
health/h4596.png,Normal,tbx11k
health/h4598.png,Normal,tbx11k
health/h4599.png,Normal,tbx11k
health/h4601.png,Normal,tbx11k
health/h4602.png,Normal,tbx11k
health/h4605.png,Normal,tbx11k
health/h4607.png,Normal,tbx11k
health/h4608.png,Normal,tbx11k
health/h4609.png,Normal,tbx11k
health/h4610.png,Normal,tbx11k
health/h4611.png,Normal,tbx11k
health/h4612.png,Normal,tbx11k
health/h4613.png,Normal,tbx11k
health/h4614.png,Normal,tbx11k
health/h4615.png,Normal,tbx11k
health/h4616.png,Normal,tbx11k
health/h4617.png,Normal,tbx11k
health/h4618.png,Normal,tbx11k
health/h4619.png,Normal,tbx11k
health/h4620.png,Normal,tbx11k
health/h4621.png,Normal,tbx11k
health/h4622.png,Normal,tbx11k
health/h4624.png,Normal,tbx11k
health/h4625.png,Normal,tbx11k
health/h4626.png,Normal,tbx11k
health/h4627.png,Normal,tbx11k
health/h4629.png,Normal,tbx11k
health/h4630.png,Normal,tbx11k
health/h4631.png,Normal,tbx11k
health/h4634.png,Normal,tbx11k
health/h4636.png,Normal,tbx11k
health/h4637.png,Normal,tbx11k
health/h4638.png,Normal,tbx11k
health/h4639.png,Normal,tbx11k
health/h4641.png,Normal,tbx11k
health/h4646.png,Normal,tbx11k
health/h4647.png,Normal,tbx11k
health/h4648.png,Normal,tbx11k
health/h4649.png,Normal,tbx11k
health/h4650.png,Normal,tbx11k
health/h4651.png,Normal,tbx11k
health/h4652.png,Normal,tbx11k
health/h4653.png,Normal,tbx11k
health/h4655.png,Normal,tbx11k
health/h4657.png,Normal,tbx11k
health/h4658.png,Normal,tbx11k
health/h4659.png,Normal,tbx11k
health/h4660.png,Normal,tbx11k
health/h4661.png,Normal,tbx11k
health/h4663.png,Normal,tbx11k
health/h4664.png,Normal,tbx11k
health/h4665.png,Normal,tbx11k
health/h4666.png,Normal,tbx11k
health/h4667.png,Normal,tbx11k
health/h4669.png,Normal,tbx11k
health/h4670.png,Normal,tbx11k
health/h4671.png,Normal,tbx11k
health/h4672.png,Normal,tbx11k
health/h4673.png,Normal,tbx11k
health/h4674.png,Normal,tbx11k
health/h4675.png,Normal,tbx11k
health/h4676.png,Normal,tbx11k
health/h4677.png,Normal,tbx11k
health/h4678.png,Normal,tbx11k
health/h4679.png,Normal,tbx11k
health/h4680.png,Normal,tbx11k
health/h4681.png,Normal,tbx11k
health/h4682.png,Normal,tbx11k
health/h4683.png,Normal,tbx11k
health/h4684.png,Normal,tbx11k
health/h4686.png,Normal,tbx11k
health/h4687.png,Normal,tbx11k
health/h4688.png,Normal,tbx11k
health/h4691.png,Normal,tbx11k
health/h4692.png,Normal,tbx11k
health/h4693.png,Normal,tbx11k
health/h4694.png,Normal,tbx11k
health/h4695.png,Normal,tbx11k
health/h4696.png,Normal,tbx11k
health/h4697.png,Normal,tbx11k
health/h4698.png,Normal,tbx11k
health/h4699.png,Normal,tbx11k
health/h4700.png,Normal,tbx11k
health/h4702.png,Normal,tbx11k
health/h4704.png,Normal,tbx11k
health/h4705.png,Normal,tbx11k
health/h4707.png,Normal,tbx11k
health/h4708.png,Normal,tbx11k
health/h4709.png,Normal,tbx11k
health/h4711.png,Normal,tbx11k
health/h4712.png,Normal,tbx11k
health/h4713.png,Normal,tbx11k
health/h4714.png,Normal,tbx11k
health/h4716.png,Normal,tbx11k
health/h4717.png,Normal,tbx11k
health/h4719.png,Normal,tbx11k
health/h4720.png,Normal,tbx11k
health/h4722.png,Normal,tbx11k
health/h4723.png,Normal,tbx11k
health/h4724.png,Normal,tbx11k
health/h4725.png,Normal,tbx11k
health/h4727.png,Normal,tbx11k
health/h4728.png,Normal,tbx11k
health/h4729.png,Normal,tbx11k
health/h4731.png,Normal,tbx11k
health/h4732.png,Normal,tbx11k
health/h4733.png,Normal,tbx11k
health/h4734.png,Normal,tbx11k
health/h4735.png,Normal,tbx11k
health/h4736.png,Normal,tbx11k
health/h4738.png,Normal,tbx11k
health/h4739.png,Normal,tbx11k
health/h4740.png,Normal,tbx11k
health/h4741.png,Normal,tbx11k
health/h4742.png,Normal,tbx11k
health/h4743.png,Normal,tbx11k
health/h4744.png,Normal,tbx11k
health/h4745.png,Normal,tbx11k
health/h4746.png,Normal,tbx11k
health/h4747.png,Normal,tbx11k
health/h4749.png,Normal,tbx11k
health/h4750.png,Normal,tbx11k
health/h4751.png,Normal,tbx11k
health/h4752.png,Normal,tbx11k
health/h4753.png,Normal,tbx11k
health/h4755.png,Normal,tbx11k
health/h4758.png,Normal,tbx11k
health/h4759.png,Normal,tbx11k
health/h4760.png,Normal,tbx11k
health/h4761.png,Normal,tbx11k
health/h4762.png,Normal,tbx11k
health/h4763.png,Normal,tbx11k
health/h4764.png,Normal,tbx11k
health/h4765.png,Normal,tbx11k
health/h4766.png,Normal,tbx11k
health/h4767.png,Normal,tbx11k
health/h4768.png,Normal,tbx11k
health/h4769.png,Normal,tbx11k
health/h4770.png,Normal,tbx11k
health/h4771.png,Normal,tbx11k
health/h4774.png,Normal,tbx11k
health/h4775.png,Normal,tbx11k
health/h4777.png,Normal,tbx11k
health/h4778.png,Normal,tbx11k
health/h4779.png,Normal,tbx11k
health/h4780.png,Normal,tbx11k
health/h4782.png,Normal,tbx11k
health/h4783.png,Normal,tbx11k
health/h4784.png,Normal,tbx11k
health/h4785.png,Normal,tbx11k
health/h4786.png,Normal,tbx11k
health/h4788.png,Normal,tbx11k
health/h4789.png,Normal,tbx11k
health/h4791.png,Normal,tbx11k
health/h4792.png,Normal,tbx11k
health/h4793.png,Normal,tbx11k
health/h4794.png,Normal,tbx11k
health/h4796.png,Normal,tbx11k
health/h4797.png,Normal,tbx11k
health/h4799.png,Normal,tbx11k
health/h4801.png,Normal,tbx11k
health/h4802.png,Normal,tbx11k
health/h4803.png,Normal,tbx11k
health/h4805.png,Normal,tbx11k
health/h4806.png,Normal,tbx11k
health/h4807.png,Normal,tbx11k
health/h4808.png,Normal,tbx11k
health/h4810.png,Normal,tbx11k
health/h4811.png,Normal,tbx11k
health/h4812.png,Normal,tbx11k
health/h4813.png,Normal,tbx11k
health/h4816.png,Normal,tbx11k
health/h4817.png,Normal,tbx11k
health/h4818.png,Normal,tbx11k
health/h4819.png,Normal,tbx11k
health/h4820.png,Normal,tbx11k
health/h4821.png,Normal,tbx11k
health/h4824.png,Normal,tbx11k
health/h4825.png,Normal,tbx11k
health/h4828.png,Normal,tbx11k
health/h4829.png,Normal,tbx11k
health/h4831.png,Normal,tbx11k
health/h4833.png,Normal,tbx11k
health/h4834.png,Normal,tbx11k
health/h4837.png,Normal,tbx11k
health/h4838.png,Normal,tbx11k
health/h4839.png,Normal,tbx11k
health/h4840.png,Normal,tbx11k
health/h4841.png,Normal,tbx11k
health/h4842.png,Normal,tbx11k
health/h4843.png,Normal,tbx11k
health/h4844.png,Normal,tbx11k
health/h4845.png,Normal,tbx11k
health/h4846.png,Normal,tbx11k
health/h4847.png,Normal,tbx11k
health/h4848.png,Normal,tbx11k
health/h4852.png,Normal,tbx11k
health/h4855.png,Normal,tbx11k
health/h4856.png,Normal,tbx11k
health/h4857.png,Normal,tbx11k
health/h4859.png,Normal,tbx11k
health/h4860.png,Normal,tbx11k
health/h4861.png,Normal,tbx11k
health/h4862.png,Normal,tbx11k
health/h4863.png,Normal,tbx11k
health/h4864.png,Normal,tbx11k
health/h4865.png,Normal,tbx11k
health/h4866.png,Normal,tbx11k
health/h4867.png,Normal,tbx11k
health/h4868.png,Normal,tbx11k
health/h4869.png,Normal,tbx11k
health/h4870.png,Normal,tbx11k
health/h4871.png,Normal,tbx11k
health/h4872.png,Normal,tbx11k
health/h4874.png,Normal,tbx11k
health/h4875.png,Normal,tbx11k
health/h4876.png,Normal,tbx11k
health/h4878.png,Normal,tbx11k
health/h4879.png,Normal,tbx11k
health/h4880.png,Normal,tbx11k
health/h4881.png,Normal,tbx11k
health/h4883.png,Normal,tbx11k
health/h4884.png,Normal,tbx11k
health/h4886.png,Normal,tbx11k
health/h4887.png,Normal,tbx11k
health/h4889.png,Normal,tbx11k
health/h4893.png,Normal,tbx11k
health/h4894.png,Normal,tbx11k
health/h4895.png,Normal,tbx11k
health/h4896.png,Normal,tbx11k
health/h4898.png,Normal,tbx11k
health/h4899.png,Normal,tbx11k
health/h4900.png,Normal,tbx11k
health/h4901.png,Normal,tbx11k
health/h4902.png,Normal,tbx11k
health/h4903.png,Normal,tbx11k
health/h4904.png,Normal,tbx11k
health/h4905.png,Normal,tbx11k
health/h4906.png,Normal,tbx11k
health/h4907.png,Normal,tbx11k
health/h4908.png,Normal,tbx11k
health/h4909.png,Normal,tbx11k
health/h4912.png,Normal,tbx11k
health/h4913.png,Normal,tbx11k
health/h4914.png,Normal,tbx11k
health/h4915.png,Normal,tbx11k
health/h4917.png,Normal,tbx11k
health/h4919.png,Normal,tbx11k
health/h4920.png,Normal,tbx11k
health/h4921.png,Normal,tbx11k
health/h4922.png,Normal,tbx11k
health/h4925.png,Normal,tbx11k
health/h4926.png,Normal,tbx11k
health/h4928.png,Normal,tbx11k
health/h4929.png,Normal,tbx11k
health/h4930.png,Normal,tbx11k
health/h4931.png,Normal,tbx11k
health/h4933.png,Normal,tbx11k
health/h4934.png,Normal,tbx11k
health/h4935.png,Normal,tbx11k
health/h4936.png,Normal,tbx11k
health/h4937.png,Normal,tbx11k
health/h4938.png,Normal,tbx11k
health/h4939.png,Normal,tbx11k
health/h4940.png,Normal,tbx11k
health/h4941.png,Normal,tbx11k
health/h4942.png,Normal,tbx11k
health/h4943.png,Normal,tbx11k
health/h4944.png,Normal,tbx11k
health/h4945.png,Normal,tbx11k
health/h4946.png,Normal,tbx11k
health/h4948.png,Normal,tbx11k
health/h4949.png,Normal,tbx11k
health/h4950.png,Normal,tbx11k
health/h4951.png,Normal,tbx11k
health/h4952.png,Normal,tbx11k
health/h4953.png,Normal,tbx11k
health/h4954.png,Normal,tbx11k
health/h4955.png,Normal,tbx11k
health/h4956.png,Normal,tbx11k
health/h4958.png,Normal,tbx11k
health/h4960.png,Normal,tbx11k
health/h4962.png,Normal,tbx11k
health/h4963.png,Normal,tbx11k
health/h4965.png,Normal,tbx11k
health/h4967.png,Normal,tbx11k
health/h4968.png,Normal,tbx11k
health/h4969.png,Normal,tbx11k
health/h4970.png,Normal,tbx11k
health/h4973.png,Normal,tbx11k
health/h4975.png,Normal,tbx11k
health/h4976.png,Normal,tbx11k
health/h4977.png,Normal,tbx11k
health/h4978.png,Normal,tbx11k
health/h4979.png,Normal,tbx11k
health/h4981.png,Normal,tbx11k
health/h4982.png,Normal,tbx11k
health/h4983.png,Normal,tbx11k
health/h4984.png,Normal,tbx11k
health/h4985.png,Normal,tbx11k
health/h4986.png,Normal,tbx11k
health/h4987.png,Normal,tbx11k
health/h4988.png,Normal,tbx11k
health/h4989.png,Normal,tbx11k
health/h4990.png,Normal,tbx11k
health/h4991.png,Normal,tbx11k
health/h4992.png,Normal,tbx11k
health/h4994.png,Normal,tbx11k
health/h4995.png,Normal,tbx11k
health/h4996.png,Normal,tbx11k
health/h4998.png,Normal,tbx11k
health/h4999.png,Normal,tbx11k
health/h5000.png,Normal,tbx11k
sick/s0001.png,TB,tbx11k
sick/s0002.png,TB,tbx11k
sick/s0003.png,TB,tbx11k
sick/s0004.png,TB,tbx11k
sick/s0005.png,TB,tbx11k
sick/s0006.png,TB,tbx11k
sick/s0008.png,TB,tbx11k
sick/s0009.png,TB,tbx11k
sick/s0010.png,TB,tbx11k
sick/s0011.png,TB,tbx11k
sick/s0012.png,TB,tbx11k
sick/s0013.png,TB,tbx11k
sick/s0015.png,TB,tbx11k
sick/s0016.png,TB,tbx11k
sick/s0017.png,TB,tbx11k
sick/s0019.png,TB,tbx11k
sick/s0020.png,TB,tbx11k
sick/s0021.png,TB,tbx11k
sick/s0023.png,TB,tbx11k
sick/s0024.png,TB,tbx11k
sick/s0028.png,TB,tbx11k
sick/s0029.png,TB,tbx11k
sick/s0030.png,TB,tbx11k
sick/s0031.png,TB,tbx11k
sick/s0033.png,TB,tbx11k
sick/s0034.png,TB,tbx11k
sick/s0035.png,TB,tbx11k
sick/s0036.png,TB,tbx11k
sick/s0037.png,TB,tbx11k
sick/s0041.png,TB,tbx11k
sick/s0042.png,TB,tbx11k
sick/s0044.png,TB,tbx11k
sick/s0045.png,TB,tbx11k
sick/s0047.png,TB,tbx11k
sick/s0049.png,TB,tbx11k
sick/s0050.png,TB,tbx11k
sick/s0052.png,TB,tbx11k
sick/s0053.png,TB,tbx11k
sick/s0054.png,TB,tbx11k
sick/s0055.png,TB,tbx11k
sick/s0057.png,TB,tbx11k
sick/s0058.png,TB,tbx11k
sick/s0059.png,TB,tbx11k
sick/s0060.png,TB,tbx11k
sick/s0061.png,TB,tbx11k
sick/s0062.png,TB,tbx11k
sick/s0063.png,TB,tbx11k
sick/s0064.png,TB,tbx11k
sick/s0065.png,TB,tbx11k
sick/s0066.png,TB,tbx11k
sick/s0067.png,TB,tbx11k
sick/s0068.png,TB,tbx11k
sick/s0070.png,TB,tbx11k
sick/s0071.png,TB,tbx11k
sick/s0073.png,TB,tbx11k
sick/s0074.png,TB,tbx11k
sick/s0077.png,TB,tbx11k
sick/s0078.png,TB,tbx11k
sick/s0079.png,TB,tbx11k
sick/s0081.png,TB,tbx11k
sick/s0082.png,TB,tbx11k
sick/s0083.png,TB,tbx11k
sick/s0085.png,TB,tbx11k
sick/s0086.png,TB,tbx11k
sick/s0088.png,TB,tbx11k
sick/s0089.png,TB,tbx11k
sick/s0090.png,TB,tbx11k
sick/s0091.png,TB,tbx11k
sick/s0092.png,TB,tbx11k
sick/s0093.png,TB,tbx11k
sick/s0094.png,TB,tbx11k
sick/s0095.png,TB,tbx11k
sick/s0096.png,TB,tbx11k
sick/s0097.png,TB,tbx11k
sick/s0098.png,TB,tbx11k
sick/s0099.png,TB,tbx11k
sick/s0100.png,TB,tbx11k
sick/s0101.png,TB,tbx11k
sick/s0102.png,TB,tbx11k
sick/s0103.png,TB,tbx11k
sick/s0104.png,TB,tbx11k
sick/s0105.png,TB,tbx11k
sick/s0106.png,TB,tbx11k
sick/s0107.png,TB,tbx11k
sick/s0108.png,TB,tbx11k
sick/s0109.png,TB,tbx11k
sick/s0110.png,TB,tbx11k
sick/s0111.png,TB,tbx11k
sick/s0113.png,TB,tbx11k
sick/s0114.png,TB,tbx11k
sick/s0115.png,TB,tbx11k
sick/s0117.png,TB,tbx11k
sick/s0119.png,TB,tbx11k
sick/s0120.png,TB,tbx11k
sick/s0121.png,TB,tbx11k
sick/s0122.png,TB,tbx11k
sick/s0123.png,TB,tbx11k
sick/s0125.png,TB,tbx11k
sick/s0126.png,TB,tbx11k
sick/s0127.png,TB,tbx11k
sick/s0128.png,TB,tbx11k
sick/s0129.png,TB,tbx11k
sick/s0131.png,TB,tbx11k
sick/s0132.png,TB,tbx11k
sick/s0133.png,TB,tbx11k
sick/s0134.png,TB,tbx11k
sick/s0135.png,TB,tbx11k
sick/s0136.png,TB,tbx11k
sick/s0137.png,TB,tbx11k
sick/s0138.png,TB,tbx11k
sick/s0139.png,TB,tbx11k
sick/s0140.png,TB,tbx11k
sick/s0141.png,TB,tbx11k
sick/s0142.png,TB,tbx11k
sick/s0143.png,TB,tbx11k
sick/s0147.png,TB,tbx11k
sick/s0148.png,TB,tbx11k
sick/s0149.png,TB,tbx11k
sick/s0151.png,TB,tbx11k
sick/s0152.png,TB,tbx11k
sick/s0153.png,TB,tbx11k
sick/s0155.png,TB,tbx11k
sick/s0156.png,TB,tbx11k
sick/s0159.png,TB,tbx11k
sick/s0160.png,TB,tbx11k
sick/s0161.png,TB,tbx11k
sick/s0162.png,TB,tbx11k
sick/s0163.png,TB,tbx11k
sick/s0164.png,TB,tbx11k
sick/s0165.png,TB,tbx11k
sick/s0166.png,TB,tbx11k
sick/s0167.png,TB,tbx11k
sick/s0168.png,TB,tbx11k
sick/s0169.png,TB,tbx11k
sick/s0170.png,TB,tbx11k
sick/s0172.png,TB,tbx11k
sick/s0173.png,TB,tbx11k
sick/s0175.png,TB,tbx11k
sick/s0177.png,TB,tbx11k
sick/s0178.png,TB,tbx11k
sick/s0179.png,TB,tbx11k
sick/s0180.png,TB,tbx11k
sick/s0182.png,TB,tbx11k
sick/s0183.png,TB,tbx11k
sick/s0184.png,TB,tbx11k
sick/s0185.png,TB,tbx11k
sick/s0187.png,TB,tbx11k
sick/s0189.png,TB,tbx11k
sick/s0190.png,TB,tbx11k
sick/s0191.png,TB,tbx11k
sick/s0192.png,TB,tbx11k
sick/s0193.png,TB,tbx11k
sick/s0194.png,TB,tbx11k
sick/s0195.png,TB,tbx11k
sick/s0196.png,TB,tbx11k
sick/s0197.png,TB,tbx11k
sick/s0198.png,TB,tbx11k
sick/s0199.png,TB,tbx11k
sick/s0200.png,TB,tbx11k
sick/s0201.png,TB,tbx11k
sick/s0202.png,TB,tbx11k
sick/s0203.png,TB,tbx11k
sick/s0204.png,TB,tbx11k
sick/s0206.png,TB,tbx11k
sick/s0208.png,TB,tbx11k
sick/s0209.png,TB,tbx11k
sick/s0210.png,TB,tbx11k
sick/s0212.png,TB,tbx11k
sick/s0213.png,TB,tbx11k
sick/s0214.png,TB,tbx11k
sick/s0216.png,TB,tbx11k
sick/s0217.png,TB,tbx11k
sick/s0218.png,TB,tbx11k
sick/s0219.png,TB,tbx11k
sick/s0220.png,TB,tbx11k
sick/s0221.png,TB,tbx11k
sick/s0222.png,TB,tbx11k
sick/s0223.png,TB,tbx11k
sick/s0224.png,TB,tbx11k
sick/s0226.png,TB,tbx11k
sick/s0227.png,TB,tbx11k
sick/s0228.png,TB,tbx11k
sick/s0230.png,TB,tbx11k
sick/s0232.png,TB,tbx11k
sick/s0233.png,TB,tbx11k
sick/s0236.png,TB,tbx11k
sick/s0238.png,TB,tbx11k
sick/s0239.png,TB,tbx11k
sick/s0240.png,TB,tbx11k
sick/s0241.png,TB,tbx11k
sick/s0242.png,TB,tbx11k
sick/s0243.png,TB,tbx11k
sick/s0245.png,TB,tbx11k
sick/s0247.png,TB,tbx11k
sick/s0248.png,TB,tbx11k
sick/s0249.png,TB,tbx11k
sick/s0251.png,TB,tbx11k
sick/s0253.png,TB,tbx11k
sick/s0255.png,TB,tbx11k
sick/s0256.png,TB,tbx11k
sick/s0257.png,TB,tbx11k
sick/s0258.png,TB,tbx11k
sick/s0259.png,TB,tbx11k
sick/s0263.png,TB,tbx11k
sick/s0265.png,TB,tbx11k
sick/s0266.png,TB,tbx11k
sick/s0267.png,TB,tbx11k
sick/s0268.png,TB,tbx11k
sick/s0269.png,TB,tbx11k
sick/s0270.png,TB,tbx11k
sick/s0271.png,TB,tbx11k
sick/s0274.png,TB,tbx11k
sick/s0276.png,TB,tbx11k
sick/s0280.png,TB,tbx11k
sick/s0281.png,TB,tbx11k
sick/s0282.png,TB,tbx11k
sick/s0283.png,TB,tbx11k
sick/s0284.png,TB,tbx11k
sick/s0285.png,TB,tbx11k
sick/s0286.png,TB,tbx11k
sick/s0287.png,TB,tbx11k
sick/s0288.png,TB,tbx11k
sick/s0289.png,TB,tbx11k
sick/s0290.png,TB,tbx11k
sick/s0291.png,TB,tbx11k
sick/s0292.png,TB,tbx11k
sick/s0293.png,TB,tbx11k
sick/s0294.png,TB,tbx11k
sick/s0296.png,TB,tbx11k
sick/s0297.png,TB,tbx11k
sick/s0298.png,TB,tbx11k
sick/s0299.png,TB,tbx11k
sick/s0301.png,TB,tbx11k
sick/s0302.png,TB,tbx11k
sick/s0305.png,TB,tbx11k
sick/s0306.png,TB,tbx11k
sick/s0307.png,TB,tbx11k
sick/s0309.png,TB,tbx11k
sick/s0311.png,TB,tbx11k
sick/s0312.png,TB,tbx11k
sick/s0313.png,TB,tbx11k
sick/s0314.png,TB,tbx11k
sick/s0315.png,TB,tbx11k
sick/s0316.png,TB,tbx11k
sick/s0317.png,TB,tbx11k
sick/s0318.png,TB,tbx11k
sick/s0320.png,TB,tbx11k
sick/s0321.png,TB,tbx11k
sick/s0323.png,TB,tbx11k
sick/s0324.png,TB,tbx11k
sick/s0325.png,TB,tbx11k
sick/s0326.png,TB,tbx11k
sick/s0328.png,TB,tbx11k
sick/s0329.png,TB,tbx11k
sick/s0330.png,TB,tbx11k
sick/s0331.png,TB,tbx11k
sick/s0332.png,TB,tbx11k
sick/s0333.png,TB,tbx11k
sick/s0334.png,TB,tbx11k
sick/s0335.png,TB,tbx11k
sick/s0336.png,TB,tbx11k
sick/s0337.png,TB,tbx11k
sick/s0338.png,TB,tbx11k
sick/s0339.png,TB,tbx11k
sick/s0345.png,TB,tbx11k
sick/s0346.png,TB,tbx11k
sick/s0347.png,TB,tbx11k
sick/s0350.png,TB,tbx11k
sick/s0352.png,TB,tbx11k
sick/s0354.png,TB,tbx11k
sick/s0355.png,TB,tbx11k
sick/s0358.png,TB,tbx11k
sick/s0359.png,TB,tbx11k
sick/s0360.png,TB,tbx11k
sick/s0361.png,TB,tbx11k
sick/s0362.png,TB,tbx11k
sick/s0363.png,TB,tbx11k
sick/s0364.png,TB,tbx11k
sick/s0367.png,TB,tbx11k
sick/s0368.png,TB,tbx11k
sick/s0369.png,TB,tbx11k
sick/s0370.png,TB,tbx11k
sick/s0372.png,TB,tbx11k
sick/s0373.png,TB,tbx11k
sick/s0375.png,TB,tbx11k
sick/s0376.png,TB,tbx11k
sick/s0378.png,TB,tbx11k
sick/s0379.png,TB,tbx11k
sick/s0380.png,TB,tbx11k
sick/s0382.png,TB,tbx11k
sick/s0383.png,TB,tbx11k
sick/s0384.png,TB,tbx11k
sick/s0385.png,TB,tbx11k
sick/s0387.png,TB,tbx11k
sick/s0390.png,TB,tbx11k
sick/s0391.png,TB,tbx11k
sick/s0392.png,TB,tbx11k
sick/s0393.png,TB,tbx11k
sick/s0394.png,TB,tbx11k
sick/s0395.png,TB,tbx11k
sick/s0396.png,TB,tbx11k
sick/s0399.png,TB,tbx11k
sick/s0401.png,TB,tbx11k
sick/s0403.png,TB,tbx11k
sick/s0404.png,TB,tbx11k
sick/s0405.png,TB,tbx11k
sick/s0406.png,TB,tbx11k
sick/s0407.png,TB,tbx11k
sick/s0408.png,TB,tbx11k
sick/s0410.png,TB,tbx11k
sick/s0411.png,TB,tbx11k
sick/s0412.png,TB,tbx11k
sick/s0413.png,TB,tbx11k
sick/s0415.png,TB,tbx11k
sick/s0416.png,TB,tbx11k
sick/s0417.png,TB,tbx11k
sick/s0418.png,TB,tbx11k
sick/s0420.png,TB,tbx11k
sick/s0421.png,TB,tbx11k
sick/s0425.png,TB,tbx11k
sick/s0426.png,TB,tbx11k
sick/s0427.png,TB,tbx11k
sick/s0428.png,TB,tbx11k
sick/s0429.png,TB,tbx11k
sick/s0430.png,TB,tbx11k
sick/s0431.png,TB,tbx11k
sick/s0433.png,TB,tbx11k
sick/s0434.png,TB,tbx11k
sick/s0435.png,TB,tbx11k
sick/s0437.png,TB,tbx11k
sick/s0438.png,TB,tbx11k
sick/s0439.png,TB,tbx11k
sick/s0444.png,TB,tbx11k
sick/s0445.png,TB,tbx11k
sick/s0446.png,TB,tbx11k
sick/s0447.png,TB,tbx11k
sick/s0448.png,TB,tbx11k
sick/s0449.png,TB,tbx11k
sick/s0450.png,TB,tbx11k
sick/s0451.png,TB,tbx11k
sick/s0452.png,TB,tbx11k
sick/s0453.png,TB,tbx11k
sick/s0455.png,TB,tbx11k
sick/s0456.png,TB,tbx11k
sick/s0457.png,TB,tbx11k
sick/s0461.png,TB,tbx11k
sick/s0464.png,TB,tbx11k
sick/s0465.png,TB,tbx11k
sick/s0466.png,TB,tbx11k
sick/s0467.png,TB,tbx11k
sick/s0468.png,TB,tbx11k
sick/s0469.png,TB,tbx11k
sick/s0470.png,TB,tbx11k
sick/s0471.png,TB,tbx11k
sick/s0472.png,TB,tbx11k
sick/s0473.png,TB,tbx11k
sick/s0474.png,TB,tbx11k
sick/s0475.png,TB,tbx11k
sick/s0476.png,TB,tbx11k
sick/s0477.png,TB,tbx11k
sick/s0478.png,TB,tbx11k
sick/s0479.png,TB,tbx11k
sick/s0481.png,TB,tbx11k
sick/s0482.png,TB,tbx11k
sick/s0484.png,TB,tbx11k
sick/s0485.png,TB,tbx11k
sick/s0486.png,TB,tbx11k
sick/s0487.png,TB,tbx11k
sick/s0488.png,TB,tbx11k
sick/s0489.png,TB,tbx11k
sick/s0490.png,TB,tbx11k
sick/s0491.png,TB,tbx11k
sick/s0493.png,TB,tbx11k
sick/s0494.png,TB,tbx11k
sick/s0495.png,TB,tbx11k
sick/s0496.png,TB,tbx11k
sick/s0497.png,TB,tbx11k
sick/s0498.png,TB,tbx11k
sick/s0500.png,TB,tbx11k
sick/s0502.png,TB,tbx11k
sick/s0503.png,TB,tbx11k
sick/s0504.png,TB,tbx11k
sick/s0507.png,TB,tbx11k
sick/s0509.png,TB,tbx11k
sick/s0510.png,TB,tbx11k
sick/s0514.png,TB,tbx11k
sick/s0515.png,TB,tbx11k
sick/s0516.png,TB,tbx11k
sick/s0517.png,TB,tbx11k
sick/s0518.png,TB,tbx11k
sick/s0519.png,TB,tbx11k
sick/s0521.png,TB,tbx11k
sick/s0523.png,TB,tbx11k
sick/s0524.png,TB,tbx11k
sick/s0526.png,TB,tbx11k
sick/s0527.png,TB,tbx11k
sick/s0529.png,TB,tbx11k
sick/s0530.png,TB,tbx11k
sick/s0531.png,TB,tbx11k
sick/s0532.png,TB,tbx11k
sick/s0533.png,TB,tbx11k
sick/s0534.png,TB,tbx11k
sick/s0535.png,TB,tbx11k
sick/s0537.png,TB,tbx11k
sick/s0538.png,TB,tbx11k
sick/s0539.png,TB,tbx11k
sick/s0541.png,TB,tbx11k
sick/s0542.png,TB,tbx11k
sick/s0543.png,TB,tbx11k
sick/s0544.png,TB,tbx11k
sick/s0547.png,TB,tbx11k
sick/s0548.png,TB,tbx11k
sick/s0550.png,TB,tbx11k
sick/s0552.png,TB,tbx11k
sick/s0553.png,TB,tbx11k
sick/s0554.png,TB,tbx11k
sick/s0555.png,TB,tbx11k
sick/s0556.png,TB,tbx11k
sick/s0557.png,TB,tbx11k
sick/s0559.png,TB,tbx11k
sick/s0560.png,TB,tbx11k
sick/s0561.png,TB,tbx11k
sick/s0563.png,TB,tbx11k
sick/s0564.png,TB,tbx11k
sick/s0565.png,TB,tbx11k
sick/s0566.png,TB,tbx11k
sick/s0567.png,TB,tbx11k
sick/s0568.png,TB,tbx11k
sick/s0570.png,TB,tbx11k
sick/s0572.png,TB,tbx11k
sick/s0573.png,TB,tbx11k
sick/s0574.png,TB,tbx11k
sick/s0577.png,TB,tbx11k
sick/s0578.png,TB,tbx11k
sick/s0579.png,TB,tbx11k
sick/s0580.png,TB,tbx11k
sick/s0581.png,TB,tbx11k
sick/s0582.png,TB,tbx11k
sick/s0583.png,TB,tbx11k
sick/s0584.png,TB,tbx11k
sick/s0585.png,TB,tbx11k
sick/s0586.png,TB,tbx11k
sick/s0587.png,TB,tbx11k
sick/s0589.png,TB,tbx11k
sick/s0590.png,TB,tbx11k
sick/s0591.png,TB,tbx11k
sick/s0592.png,TB,tbx11k
sick/s0593.png,TB,tbx11k
sick/s0595.png,TB,tbx11k
sick/s0598.png,TB,tbx11k
sick/s0599.png,TB,tbx11k
sick/s0600.png,TB,tbx11k
sick/s0602.png,TB,tbx11k
sick/s0603.png,TB,tbx11k
sick/s0604.png,TB,tbx11k
sick/s0605.png,TB,tbx11k
sick/s0606.png,TB,tbx11k
sick/s0608.png,TB,tbx11k
sick/s0609.png,TB,tbx11k
sick/s0611.png,TB,tbx11k
sick/s0612.png,TB,tbx11k
sick/s0614.png,TB,tbx11k
sick/s0616.png,TB,tbx11k
sick/s0617.png,TB,tbx11k
sick/s0618.png,TB,tbx11k
sick/s0619.png,TB,tbx11k
sick/s0620.png,TB,tbx11k
sick/s0622.png,TB,tbx11k
sick/s0623.png,TB,tbx11k
sick/s0625.png,TB,tbx11k
sick/s0628.png,TB,tbx11k
sick/s0629.png,TB,tbx11k
sick/s0630.png,TB,tbx11k
sick/s0632.png,TB,tbx11k
sick/s0633.png,TB,tbx11k
sick/s0634.png,TB,tbx11k
sick/s0635.png,TB,tbx11k
sick/s0636.png,TB,tbx11k
sick/s0639.png,TB,tbx11k
sick/s0640.png,TB,tbx11k
sick/s0641.png,TB,tbx11k
sick/s0642.png,TB,tbx11k
sick/s0643.png,TB,tbx11k
sick/s0644.png,TB,tbx11k
sick/s0646.png,TB,tbx11k
sick/s0647.png,TB,tbx11k
sick/s0648.png,TB,tbx11k
sick/s0649.png,TB,tbx11k
sick/s0650.png,TB,tbx11k
sick/s0651.png,TB,tbx11k
sick/s0652.png,TB,tbx11k
sick/s0654.png,TB,tbx11k
sick/s0655.png,TB,tbx11k
sick/s0656.png,TB,tbx11k
sick/s0658.png,TB,tbx11k
sick/s0659.png,TB,tbx11k
sick/s0661.png,TB,tbx11k
sick/s0662.png,TB,tbx11k
sick/s0663.png,TB,tbx11k
sick/s0664.png,TB,tbx11k
sick/s0665.png,TB,tbx11k
sick/s0667.png,TB,tbx11k
sick/s0668.png,TB,tbx11k
sick/s0669.png,TB,tbx11k
sick/s0672.png,TB,tbx11k
sick/s0673.png,TB,tbx11k
sick/s0674.png,TB,tbx11k
sick/s0675.png,TB,tbx11k
sick/s0676.png,TB,tbx11k
sick/s0679.png,TB,tbx11k
sick/s0680.png,TB,tbx11k
sick/s0681.png,TB,tbx11k
sick/s0682.png,TB,tbx11k
sick/s0683.png,TB,tbx11k
sick/s0684.png,TB,tbx11k
sick/s0685.png,TB,tbx11k
sick/s0686.png,TB,tbx11k
sick/s0687.png,TB,tbx11k
sick/s0688.png,TB,tbx11k
sick/s0689.png,TB,tbx11k
sick/s0690.png,TB,tbx11k
sick/s0691.png,TB,tbx11k
sick/s0692.png,TB,tbx11k
sick/s0693.png,TB,tbx11k
sick/s0694.png,TB,tbx11k
sick/s0695.png,TB,tbx11k
sick/s0698.png,TB,tbx11k
sick/s0699.png,TB,tbx11k
sick/s0700.png,TB,tbx11k
sick/s0701.png,TB,tbx11k
sick/s0703.png,TB,tbx11k
sick/s0704.png,TB,tbx11k
sick/s0705.png,TB,tbx11k
sick/s0707.png,TB,tbx11k
sick/s0708.png,TB,tbx11k
sick/s0709.png,TB,tbx11k
sick/s0710.png,TB,tbx11k
sick/s0712.png,TB,tbx11k
sick/s0714.png,TB,tbx11k
sick/s0715.png,TB,tbx11k
sick/s0716.png,TB,tbx11k
sick/s0717.png,TB,tbx11k
sick/s0718.png,TB,tbx11k
sick/s0719.png,TB,tbx11k
sick/s0720.png,TB,tbx11k
sick/s0721.png,TB,tbx11k
sick/s0722.png,TB,tbx11k
sick/s0725.png,TB,tbx11k
sick/s0726.png,TB,tbx11k
sick/s0727.png,TB,tbx11k
sick/s0728.png,TB,tbx11k
sick/s0729.png,TB,tbx11k
sick/s0731.png,TB,tbx11k
sick/s0732.png,TB,tbx11k
sick/s0733.png,TB,tbx11k
sick/s0736.png,TB,tbx11k
sick/s0738.png,TB,tbx11k
sick/s0739.png,TB,tbx11k
sick/s0742.png,TB,tbx11k
sick/s0743.png,TB,tbx11k
sick/s0746.png,TB,tbx11k
sick/s0747.png,TB,tbx11k
sick/s0749.png,TB,tbx11k
sick/s0750.png,TB,tbx11k
sick/s0751.png,TB,tbx11k
sick/s0753.png,TB,tbx11k
sick/s0754.png,TB,tbx11k
sick/s0755.png,TB,tbx11k
sick/s0756.png,TB,tbx11k
sick/s0757.png,TB,tbx11k
sick/s0758.png,TB,tbx11k
sick/s0759.png,TB,tbx11k
sick/s0761.png,TB,tbx11k
sick/s0762.png,TB,tbx11k
sick/s0763.png,TB,tbx11k
sick/s0764.png,TB,tbx11k
sick/s0765.png,TB,tbx11k
sick/s0766.png,TB,tbx11k
sick/s0767.png,TB,tbx11k
sick/s0768.png,TB,tbx11k
sick/s0769.png,TB,tbx11k
sick/s0770.png,TB,tbx11k
sick/s0771.png,TB,tbx11k
sick/s0772.png,TB,tbx11k
sick/s0773.png,TB,tbx11k
sick/s0774.png,TB,tbx11k
sick/s0775.png,TB,tbx11k
sick/s0778.png,TB,tbx11k
sick/s0779.png,TB,tbx11k
sick/s0780.png,TB,tbx11k
sick/s0781.png,TB,tbx11k
sick/s0782.png,TB,tbx11k
sick/s0784.png,TB,tbx11k
sick/s0785.png,TB,tbx11k
sick/s0786.png,TB,tbx11k
sick/s0788.png,TB,tbx11k
sick/s0789.png,TB,tbx11k
sick/s0791.png,TB,tbx11k
sick/s0792.png,TB,tbx11k
sick/s0793.png,TB,tbx11k
sick/s0795.png,TB,tbx11k
sick/s0796.png,TB,tbx11k
sick/s0798.png,TB,tbx11k
sick/s0799.png,TB,tbx11k
sick/s0800.png,TB,tbx11k
sick/s0801.png,TB,tbx11k
sick/s0802.png,TB,tbx11k
sick/s0803.png,TB,tbx11k
sick/s0805.png,TB,tbx11k
sick/s0806.png,TB,tbx11k
sick/s0807.png,TB,tbx11k
sick/s0808.png,TB,tbx11k
sick/s0809.png,TB,tbx11k
sick/s0810.png,TB,tbx11k
sick/s0811.png,TB,tbx11k
sick/s0813.png,TB,tbx11k
sick/s0814.png,TB,tbx11k
sick/s0815.png,TB,tbx11k
sick/s0816.png,TB,tbx11k
sick/s0817.png,TB,tbx11k
sick/s0818.png,TB,tbx11k
sick/s0819.png,TB,tbx11k
sick/s0820.png,TB,tbx11k
sick/s0821.png,TB,tbx11k
sick/s0822.png,TB,tbx11k
sick/s0824.png,TB,tbx11k
sick/s0825.png,TB,tbx11k
sick/s0826.png,TB,tbx11k
sick/s0827.png,TB,tbx11k
sick/s0828.png,TB,tbx11k
sick/s0830.png,TB,tbx11k
sick/s0831.png,TB,tbx11k
sick/s0832.png,TB,tbx11k
sick/s0834.png,TB,tbx11k
sick/s0835.png,TB,tbx11k
sick/s0836.png,TB,tbx11k
sick/s0837.png,TB,tbx11k
sick/s0839.png,TB,tbx11k
sick/s0840.png,TB,tbx11k
sick/s0842.png,TB,tbx11k
sick/s0844.png,TB,tbx11k
sick/s0846.png,TB,tbx11k
sick/s0848.png,TB,tbx11k
sick/s0849.png,TB,tbx11k
sick/s0851.png,TB,tbx11k
sick/s0852.png,TB,tbx11k
sick/s0853.png,TB,tbx11k
sick/s0854.png,TB,tbx11k
sick/s0855.png,TB,tbx11k
sick/s0857.png,TB,tbx11k
sick/s0858.png,TB,tbx11k
sick/s0859.png,TB,tbx11k
sick/s0862.png,TB,tbx11k
sick/s0863.png,TB,tbx11k
sick/s0864.png,TB,tbx11k
sick/s0865.png,TB,tbx11k
sick/s0866.png,TB,tbx11k
sick/s0867.png,TB,tbx11k
sick/s0868.png,TB,tbx11k
sick/s0869.png,TB,tbx11k
sick/s0870.png,TB,tbx11k
sick/s0871.png,TB,tbx11k
sick/s0872.png,TB,tbx11k
sick/s0874.png,TB,tbx11k
sick/s0875.png,TB,tbx11k
sick/s0876.png,TB,tbx11k
sick/s0878.png,TB,tbx11k
sick/s0881.png,TB,tbx11k
sick/s0882.png,TB,tbx11k
sick/s0883.png,TB,tbx11k
sick/s0884.png,TB,tbx11k
sick/s0885.png,TB,tbx11k
sick/s0888.png,TB,tbx11k
sick/s0889.png,TB,tbx11k
sick/s0891.png,TB,tbx11k
sick/s0893.png,TB,tbx11k
sick/s0894.png,TB,tbx11k
sick/s0895.png,TB,tbx11k
sick/s0898.png,TB,tbx11k
sick/s0899.png,TB,tbx11k
sick/s0900.png,TB,tbx11k
sick/s0902.png,TB,tbx11k
sick/s0903.png,TB,tbx11k
sick/s0905.png,TB,tbx11k
sick/s0906.png,TB,tbx11k
sick/s0908.png,TB,tbx11k
sick/s0909.png,TB,tbx11k
sick/s0912.png,TB,tbx11k
sick/s0913.png,TB,tbx11k
sick/s0914.png,TB,tbx11k
sick/s0915.png,TB,tbx11k
sick/s0916.png,TB,tbx11k
sick/s0918.png,TB,tbx11k
sick/s0920.png,TB,tbx11k
sick/s0922.png,TB,tbx11k
sick/s0923.png,TB,tbx11k
sick/s0924.png,TB,tbx11k
sick/s0925.png,TB,tbx11k
sick/s0926.png,TB,tbx11k
sick/s0927.png,TB,tbx11k
sick/s0929.png,TB,tbx11k
sick/s0930.png,TB,tbx11k
sick/s0932.png,TB,tbx11k
sick/s0934.png,TB,tbx11k
sick/s0936.png,TB,tbx11k
sick/s0937.png,TB,tbx11k
sick/s0938.png,TB,tbx11k
sick/s0939.png,TB,tbx11k
sick/s0940.png,TB,tbx11k
sick/s0942.png,TB,tbx11k
sick/s0943.png,TB,tbx11k
sick/s0944.png,TB,tbx11k
sick/s0948.png,TB,tbx11k
sick/s0949.png,TB,tbx11k
sick/s0950.png,TB,tbx11k
sick/s0951.png,TB,tbx11k
sick/s0952.png,TB,tbx11k
sick/s0953.png,TB,tbx11k
sick/s0957.png,TB,tbx11k
sick/s0958.png,TB,tbx11k
sick/s0961.png,TB,tbx11k
sick/s0962.png,TB,tbx11k
sick/s0963.png,TB,tbx11k
sick/s0964.png,TB,tbx11k
sick/s0965.png,TB,tbx11k
sick/s0966.png,TB,tbx11k
sick/s0967.png,TB,tbx11k
sick/s0968.png,TB,tbx11k
sick/s0969.png,TB,tbx11k
sick/s0970.png,TB,tbx11k
sick/s0972.png,TB,tbx11k
sick/s0973.png,TB,tbx11k
sick/s0974.png,TB,tbx11k
sick/s0975.png,TB,tbx11k
sick/s0978.png,TB,tbx11k
sick/s0979.png,TB,tbx11k
sick/s0981.png,TB,tbx11k
sick/s0982.png,TB,tbx11k
sick/s0983.png,TB,tbx11k
sick/s0985.png,TB,tbx11k
sick/s0986.png,TB,tbx11k
sick/s0987.png,TB,tbx11k
sick/s0989.png,TB,tbx11k
sick/s0990.png,TB,tbx11k
sick/s0991.png,TB,tbx11k
sick/s0995.png,TB,tbx11k
sick/s0996.png,TB,tbx11k
sick/s1001.png,TB,tbx11k
sick/s1003.png,TB,tbx11k
sick/s1004.png,TB,tbx11k
sick/s1006.png,TB,tbx11k
sick/s1007.png,TB,tbx11k
sick/s1009.png,TB,tbx11k
sick/s1010.png,TB,tbx11k
sick/s1011.png,TB,tbx11k
sick/s1012.png,TB,tbx11k
sick/s1014.png,TB,tbx11k
sick/s1015.png,TB,tbx11k
sick/s1017.png,TB,tbx11k
sick/s1018.png,TB,tbx11k
sick/s1019.png,TB,tbx11k
sick/s1021.png,TB,tbx11k
sick/s1022.png,TB,tbx11k
sick/s1023.png,TB,tbx11k
sick/s1024.png,TB,tbx11k
sick/s1026.png,TB,tbx11k
sick/s1027.png,TB,tbx11k
sick/s1030.png,TB,tbx11k
sick/s1031.png,TB,tbx11k
sick/s1032.png,TB,tbx11k
sick/s1034.png,TB,tbx11k
sick/s1035.png,TB,tbx11k
sick/s1037.png,TB,tbx11k
sick/s1038.png,TB,tbx11k
sick/s1039.png,TB,tbx11k
sick/s1040.png,TB,tbx11k
sick/s1042.png,TB,tbx11k
sick/s1043.png,TB,tbx11k
sick/s1045.png,TB,tbx11k
sick/s1046.png,TB,tbx11k
sick/s1048.png,TB,tbx11k
sick/s1049.png,TB,tbx11k
sick/s1051.png,TB,tbx11k
sick/s1052.png,TB,tbx11k
sick/s1053.png,TB,tbx11k
sick/s1054.png,TB,tbx11k
sick/s1056.png,TB,tbx11k
sick/s1057.png,TB,tbx11k
sick/s1058.png,TB,tbx11k
sick/s1060.png,TB,tbx11k
sick/s1061.png,TB,tbx11k
sick/s1063.png,TB,tbx11k
sick/s1067.png,TB,tbx11k
sick/s1068.png,TB,tbx11k
sick/s1069.png,TB,tbx11k
sick/s1070.png,TB,tbx11k
sick/s1071.png,TB,tbx11k
sick/s1072.png,TB,tbx11k
sick/s1073.png,TB,tbx11k
sick/s1075.png,TB,tbx11k
sick/s1076.png,TB,tbx11k
sick/s1077.png,TB,tbx11k
sick/s1078.png,TB,tbx11k
sick/s1079.png,TB,tbx11k
sick/s1080.png,TB,tbx11k
sick/s1082.png,TB,tbx11k
sick/s1083.png,TB,tbx11k
sick/s1084.png,TB,tbx11k
sick/s1085.png,TB,tbx11k
sick/s1087.png,TB,tbx11k
sick/s1088.png,TB,tbx11k
sick/s1089.png,TB,tbx11k
sick/s1090.png,TB,tbx11k
sick/s1091.png,TB,tbx11k
sick/s1092.png,TB,tbx11k
sick/s1095.png,TB,tbx11k
sick/s1096.png,TB,tbx11k
sick/s1097.png,TB,tbx11k
sick/s1098.png,TB,tbx11k
sick/s1099.png,TB,tbx11k
sick/s1100.png,TB,tbx11k
sick/s1101.png,TB,tbx11k
sick/s1104.png,TB,tbx11k
sick/s1105.png,TB,tbx11k
sick/s1106.png,TB,tbx11k
sick/s1107.png,TB,tbx11k
sick/s1108.png,TB,tbx11k
sick/s1109.png,TB,tbx11k
sick/s1111.png,TB,tbx11k
sick/s1112.png,TB,tbx11k
sick/s1114.png,TB,tbx11k
sick/s1115.png,TB,tbx11k
sick/s1116.png,TB,tbx11k
sick/s1117.png,TB,tbx11k
sick/s1118.png,TB,tbx11k
sick/s1119.png,TB,tbx11k
sick/s1120.png,TB,tbx11k
sick/s1121.png,TB,tbx11k
sick/s1122.png,TB,tbx11k
sick/s1124.png,TB,tbx11k
sick/s1125.png,TB,tbx11k
sick/s1126.png,TB,tbx11k
sick/s1129.png,TB,tbx11k
sick/s1132.png,TB,tbx11k
sick/s1133.png,TB,tbx11k
sick/s1134.png,TB,tbx11k
sick/s1135.png,TB,tbx11k
sick/s1138.png,TB,tbx11k
sick/s1139.png,TB,tbx11k
sick/s1140.png,TB,tbx11k
sick/s1141.png,TB,tbx11k
sick/s1143.png,TB,tbx11k
sick/s1144.png,TB,tbx11k
sick/s1146.png,TB,tbx11k
sick/s1148.png,TB,tbx11k
sick/s1150.png,TB,tbx11k
sick/s1151.png,TB,tbx11k
sick/s1153.png,TB,tbx11k
sick/s1154.png,TB,tbx11k
sick/s1155.png,TB,tbx11k
sick/s1157.png,TB,tbx11k
sick/s1158.png,TB,tbx11k
sick/s1159.png,TB,tbx11k
sick/s1160.png,TB,tbx11k
sick/s1161.png,TB,tbx11k
sick/s1163.png,TB,tbx11k
sick/s1164.png,TB,tbx11k
sick/s1166.png,TB,tbx11k
sick/s1167.png,TB,tbx11k
sick/s1168.png,TB,tbx11k
sick/s1169.png,TB,tbx11k
sick/s1170.png,TB,tbx11k
sick/s1172.png,TB,tbx11k
sick/s1174.png,TB,tbx11k
sick/s1175.png,TB,tbx11k
sick/s1176.png,TB,tbx11k
sick/s1177.png,TB,tbx11k
sick/s1178.png,TB,tbx11k
sick/s1179.png,TB,tbx11k
sick/s1180.png,TB,tbx11k
sick/s1181.png,TB,tbx11k
sick/s1182.png,TB,tbx11k
sick/s1184.png,TB,tbx11k
sick/s1185.png,TB,tbx11k
sick/s1187.png,TB,tbx11k
sick/s1188.png,TB,tbx11k
sick/s1189.png,TB,tbx11k
sick/s1191.png,TB,tbx11k
sick/s1192.png,TB,tbx11k
sick/s1193.png,TB,tbx11k
sick/s1194.png,TB,tbx11k
sick/s1195.png,TB,tbx11k
sick/s1196.png,TB,tbx11k
sick/s1197.png,TB,tbx11k
sick/s1200.png,TB,tbx11k
sick/s1201.png,TB,tbx11k
sick/s1202.png,TB,tbx11k
sick/s1204.png,TB,tbx11k
sick/s1205.png,TB,tbx11k
sick/s1206.png,TB,tbx11k
sick/s1209.png,TB,tbx11k
sick/s1210.png,TB,tbx11k
sick/s1211.png,TB,tbx11k
sick/s1214.png,TB,tbx11k
sick/s1215.png,TB,tbx11k
sick/s1216.png,TB,tbx11k
sick/s1217.png,TB,tbx11k
sick/s1218.png,TB,tbx11k
sick/s1219.png,TB,tbx11k
sick/s1220.png,TB,tbx11k
sick/s1222.png,TB,tbx11k
sick/s1223.png,TB,tbx11k
sick/s1224.png,TB,tbx11k
sick/s1225.png,TB,tbx11k
sick/s1226.png,TB,tbx11k
sick/s1227.png,TB,tbx11k
sick/s1228.png,TB,tbx11k
sick/s1229.png,TB,tbx11k
sick/s1231.png,TB,tbx11k
sick/s1232.png,TB,tbx11k
sick/s1233.png,TB,tbx11k
sick/s1234.png,TB,tbx11k
sick/s1235.png,TB,tbx11k
sick/s1238.png,TB,tbx11k
sick/s1239.png,TB,tbx11k
sick/s1241.png,TB,tbx11k
sick/s1242.png,TB,tbx11k
sick/s1243.png,TB,tbx11k
sick/s1244.png,TB,tbx11k
sick/s1245.png,TB,tbx11k
sick/s1246.png,TB,tbx11k
sick/s1247.png,TB,tbx11k
sick/s1248.png,TB,tbx11k
sick/s1249.png,TB,tbx11k
sick/s1250.png,TB,tbx11k
sick/s1251.png,TB,tbx11k
sick/s1252.png,TB,tbx11k
sick/s1253.png,TB,tbx11k
sick/s1254.png,TB,tbx11k
sick/s1255.png,TB,tbx11k
sick/s1257.png,TB,tbx11k
sick/s1258.png,TB,tbx11k
sick/s1259.png,TB,tbx11k
sick/s1260.png,TB,tbx11k
sick/s1261.png,TB,tbx11k
sick/s1264.png,TB,tbx11k
sick/s1265.png,TB,tbx11k
sick/s1266.png,TB,tbx11k
sick/s1268.png,TB,tbx11k
sick/s1270.png,TB,tbx11k
sick/s1271.png,TB,tbx11k
sick/s1273.png,TB,tbx11k
sick/s1274.png,TB,tbx11k
sick/s1275.png,TB,tbx11k
sick/s1276.png,TB,tbx11k
sick/s1278.png,TB,tbx11k
sick/s1282.png,TB,tbx11k
sick/s1283.png,TB,tbx11k
sick/s1285.png,TB,tbx11k
sick/s1286.png,TB,tbx11k
sick/s1287.png,TB,tbx11k
sick/s1288.png,TB,tbx11k
sick/s1289.png,TB,tbx11k
sick/s1290.png,TB,tbx11k
sick/s1291.png,TB,tbx11k
sick/s1293.png,TB,tbx11k
sick/s1294.png,TB,tbx11k
sick/s1295.png,TB,tbx11k
sick/s1296.png,TB,tbx11k
sick/s1297.png,TB,tbx11k
sick/s1298.png,TB,tbx11k
sick/s1300.png,TB,tbx11k
sick/s1301.png,TB,tbx11k
sick/s1302.png,TB,tbx11k
sick/s1303.png,TB,tbx11k
sick/s1304.png,TB,tbx11k
sick/s1305.png,TB,tbx11k
sick/s1306.png,TB,tbx11k
sick/s1307.png,TB,tbx11k
sick/s1309.png,TB,tbx11k
sick/s1310.png,TB,tbx11k
sick/s1312.png,TB,tbx11k
sick/s1313.png,TB,tbx11k
sick/s1314.png,TB,tbx11k
sick/s1317.png,TB,tbx11k
sick/s1318.png,TB,tbx11k
sick/s1320.png,TB,tbx11k
sick/s1322.png,TB,tbx11k
sick/s1323.png,TB,tbx11k
sick/s1326.png,TB,tbx11k
sick/s1327.png,TB,tbx11k
sick/s1328.png,TB,tbx11k
sick/s1329.png,TB,tbx11k
sick/s1330.png,TB,tbx11k
sick/s1332.png,TB,tbx11k
sick/s1335.png,TB,tbx11k
sick/s1336.png,TB,tbx11k
sick/s1338.png,TB,tbx11k
sick/s1340.png,TB,tbx11k
sick/s1341.png,TB,tbx11k
sick/s1343.png,TB,tbx11k
sick/s1345.png,TB,tbx11k
sick/s1346.png,TB,tbx11k
sick/s1347.png,TB,tbx11k
sick/s1349.png,TB,tbx11k
sick/s1350.png,TB,tbx11k
sick/s1351.png,TB,tbx11k
sick/s1353.png,TB,tbx11k
sick/s1354.png,TB,tbx11k
sick/s1355.png,TB,tbx11k
sick/s1357.png,TB,tbx11k
sick/s1358.png,TB,tbx11k
sick/s1359.png,TB,tbx11k
sick/s1362.png,TB,tbx11k
sick/s1363.png,TB,tbx11k
sick/s1364.png,TB,tbx11k
sick/s1366.png,TB,tbx11k
sick/s1367.png,TB,tbx11k
sick/s1368.png,TB,tbx11k
sick/s1369.png,TB,tbx11k
sick/s1370.png,TB,tbx11k
sick/s1371.png,TB,tbx11k
sick/s1372.png,TB,tbx11k
sick/s1373.png,TB,tbx11k
sick/s1374.png,TB,tbx11k
sick/s1375.png,TB,tbx11k
sick/s1377.png,TB,tbx11k
sick/s1378.png,TB,tbx11k
sick/s1379.png,TB,tbx11k
sick/s1380.png,TB,tbx11k
sick/s1381.png,TB,tbx11k
sick/s1382.png,TB,tbx11k
sick/s1383.png,TB,tbx11k
sick/s1384.png,TB,tbx11k
sick/s1386.png,TB,tbx11k
sick/s1388.png,TB,tbx11k
sick/s1389.png,TB,tbx11k
sick/s1390.png,TB,tbx11k
sick/s1392.png,TB,tbx11k
sick/s1394.png,TB,tbx11k
sick/s1395.png,TB,tbx11k
sick/s1396.png,TB,tbx11k
sick/s1398.png,TB,tbx11k
sick/s1401.png,TB,tbx11k
sick/s1402.png,TB,tbx11k
sick/s1403.png,TB,tbx11k
sick/s1405.png,TB,tbx11k
sick/s1407.png,TB,tbx11k
sick/s1408.png,TB,tbx11k
sick/s1409.png,TB,tbx11k
sick/s1412.png,TB,tbx11k
sick/s1413.png,TB,tbx11k
sick/s1414.png,TB,tbx11k
sick/s1422.png,TB,tbx11k
sick/s1423.png,TB,tbx11k
sick/s1424.png,TB,tbx11k
sick/s1425.png,TB,tbx11k
sick/s1426.png,TB,tbx11k
sick/s1427.png,TB,tbx11k
sick/s1428.png,TB,tbx11k
sick/s1430.png,TB,tbx11k
sick/s1431.png,TB,tbx11k
sick/s1432.png,TB,tbx11k
sick/s1433.png,TB,tbx11k
sick/s1435.png,TB,tbx11k
sick/s1436.png,TB,tbx11k
sick/s1438.png,TB,tbx11k
sick/s1439.png,TB,tbx11k
sick/s1440.png,TB,tbx11k
sick/s1441.png,TB,tbx11k
sick/s1442.png,TB,tbx11k
sick/s1443.png,TB,tbx11k
sick/s1444.png,TB,tbx11k
sick/s1445.png,TB,tbx11k
sick/s1446.png,TB,tbx11k
sick/s1447.png,TB,tbx11k
sick/s1448.png,TB,tbx11k
sick/s1449.png,TB,tbx11k
sick/s1451.png,TB,tbx11k
sick/s1452.png,TB,tbx11k
sick/s1453.png,TB,tbx11k
sick/s1454.png,TB,tbx11k
sick/s1456.png,TB,tbx11k
sick/s1457.png,TB,tbx11k
sick/s1458.png,TB,tbx11k
sick/s1459.png,TB,tbx11k
sick/s1462.png,TB,tbx11k
sick/s1463.png,TB,tbx11k
sick/s1466.png,TB,tbx11k
sick/s1467.png,TB,tbx11k
sick/s1469.png,TB,tbx11k
sick/s1470.png,TB,tbx11k
sick/s1471.png,TB,tbx11k
sick/s1472.png,TB,tbx11k
sick/s1474.png,TB,tbx11k
sick/s1475.png,TB,tbx11k
sick/s1476.png,TB,tbx11k
sick/s1477.png,TB,tbx11k
sick/s1478.png,TB,tbx11k
sick/s1481.png,TB,tbx11k
sick/s1482.png,TB,tbx11k
sick/s1483.png,TB,tbx11k
sick/s1484.png,TB,tbx11k
sick/s1485.png,TB,tbx11k
sick/s1486.png,TB,tbx11k
sick/s1488.png,TB,tbx11k
sick/s1489.png,TB,tbx11k
sick/s1490.png,TB,tbx11k
sick/s1491.png,TB,tbx11k
sick/s1492.png,TB,tbx11k
sick/s1494.png,TB,tbx11k
sick/s1495.png,TB,tbx11k
sick/s1496.png,TB,tbx11k
sick/s1497.png,TB,tbx11k
sick/s1499.png,TB,tbx11k
sick/s1501.png,TB,tbx11k
sick/s1502.png,TB,tbx11k
sick/s1503.png,TB,tbx11k
sick/s1504.png,TB,tbx11k
sick/s1505.png,TB,tbx11k
sick/s1506.png,TB,tbx11k
sick/s1507.png,TB,tbx11k
sick/s1508.png,TB,tbx11k
sick/s1509.png,TB,tbx11k
sick/s1512.png,TB,tbx11k
sick/s1513.png,TB,tbx11k
sick/s1514.png,TB,tbx11k
sick/s1515.png,TB,tbx11k
sick/s1516.png,TB,tbx11k
sick/s1519.png,TB,tbx11k
sick/s1522.png,TB,tbx11k
sick/s1523.png,TB,tbx11k
sick/s1524.png,TB,tbx11k
sick/s1525.png,TB,tbx11k
sick/s1526.png,TB,tbx11k
sick/s1527.png,TB,tbx11k
sick/s1528.png,TB,tbx11k
sick/s1529.png,TB,tbx11k
sick/s1531.png,TB,tbx11k
sick/s1532.png,TB,tbx11k
sick/s1533.png,TB,tbx11k
sick/s1534.png,TB,tbx11k
sick/s1536.png,TB,tbx11k
sick/s1537.png,TB,tbx11k
sick/s1538.png,TB,tbx11k
sick/s1541.png,TB,tbx11k
sick/s1542.png,TB,tbx11k
sick/s1543.png,TB,tbx11k
sick/s1546.png,TB,tbx11k
sick/s1547.png,TB,tbx11k
sick/s1548.png,TB,tbx11k
sick/s1549.png,TB,tbx11k
sick/s1550.png,TB,tbx11k
sick/s1552.png,TB,tbx11k
sick/s1553.png,TB,tbx11k
sick/s1555.png,TB,tbx11k
sick/s1556.png,TB,tbx11k
sick/s1557.png,TB,tbx11k
sick/s1559.png,TB,tbx11k
sick/s1560.png,TB,tbx11k
sick/s1561.png,TB,tbx11k
sick/s1562.png,TB,tbx11k
sick/s1566.png,TB,tbx11k
sick/s1567.png,TB,tbx11k
sick/s1569.png,TB,tbx11k
sick/s1570.png,TB,tbx11k
sick/s1571.png,TB,tbx11k
sick/s1572.png,TB,tbx11k
sick/s1573.png,TB,tbx11k
sick/s1575.png,TB,tbx11k
sick/s1576.png,TB,tbx11k
sick/s1578.png,TB,tbx11k
sick/s1581.png,TB,tbx11k
sick/s1582.png,TB,tbx11k
sick/s1583.png,TB,tbx11k
sick/s1584.png,TB,tbx11k
sick/s1585.png,TB,tbx11k
sick/s1586.png,TB,tbx11k
sick/s1587.png,TB,tbx11k
sick/s1588.png,TB,tbx11k
sick/s1589.png,TB,tbx11k
sick/s1590.png,TB,tbx11k
sick/s1592.png,TB,tbx11k
sick/s1594.png,TB,tbx11k
sick/s1596.png,TB,tbx11k
sick/s1597.png,TB,tbx11k
sick/s1598.png,TB,tbx11k
sick/s1599.png,TB,tbx11k
sick/s1600.png,TB,tbx11k
sick/s1601.png,TB,tbx11k
sick/s1602.png,TB,tbx11k
sick/s1603.png,TB,tbx11k
sick/s1604.png,TB,tbx11k
sick/s1605.png,TB,tbx11k
sick/s1606.png,TB,tbx11k
sick/s1607.png,TB,tbx11k
sick/s1608.png,TB,tbx11k
sick/s1610.png,TB,tbx11k
sick/s1611.png,TB,tbx11k
sick/s1612.png,TB,tbx11k
sick/s1613.png,TB,tbx11k
sick/s1614.png,TB,tbx11k
sick/s1616.png,TB,tbx11k
sick/s1618.png,TB,tbx11k
sick/s1619.png,TB,tbx11k
sick/s1620.png,TB,tbx11k
sick/s1621.png,TB,tbx11k
sick/s1622.png,TB,tbx11k
sick/s1624.png,TB,tbx11k
sick/s1625.png,TB,tbx11k
sick/s1626.png,TB,tbx11k
sick/s1627.png,TB,tbx11k
sick/s1628.png,TB,tbx11k
sick/s1629.png,TB,tbx11k
sick/s1630.png,TB,tbx11k
sick/s1631.png,TB,tbx11k
sick/s1633.png,TB,tbx11k
sick/s1636.png,TB,tbx11k
sick/s1637.png,TB,tbx11k
sick/s1638.png,TB,tbx11k
sick/s1639.png,TB,tbx11k
sick/s1640.png,TB,tbx11k
sick/s1641.png,TB,tbx11k
sick/s1642.png,TB,tbx11k
sick/s1643.png,TB,tbx11k
sick/s1645.png,TB,tbx11k
sick/s1646.png,TB,tbx11k
sick/s1647.png,TB,tbx11k
sick/s1648.png,TB,tbx11k
sick/s1649.png,TB,tbx11k
sick/s1650.png,TB,tbx11k
sick/s1652.png,TB,tbx11k
sick/s1653.png,TB,tbx11k
sick/s1654.png,TB,tbx11k
sick/s1656.png,TB,tbx11k
sick/s1657.png,TB,tbx11k
sick/s1658.png,TB,tbx11k
sick/s1660.png,TB,tbx11k
sick/s1661.png,TB,tbx11k
sick/s1662.png,TB,tbx11k
sick/s1663.png,TB,tbx11k
sick/s1664.png,TB,tbx11k
sick/s1665.png,TB,tbx11k
sick/s1666.png,TB,tbx11k
sick/s1668.png,TB,tbx11k
sick/s1670.png,TB,tbx11k
sick/s1671.png,TB,tbx11k
sick/s1673.png,TB,tbx11k
sick/s1675.png,TB,tbx11k
sick/s1678.png,TB,tbx11k
sick/s1679.png,TB,tbx11k
sick/s1680.png,TB,tbx11k
sick/s1681.png,TB,tbx11k
sick/s1682.png,TB,tbx11k
sick/s1683.png,TB,tbx11k
sick/s1687.png,TB,tbx11k
sick/s1688.png,TB,tbx11k
sick/s1689.png,TB,tbx11k
sick/s1691.png,TB,tbx11k
sick/s1692.png,TB,tbx11k
sick/s1693.png,TB,tbx11k
sick/s1694.png,TB,tbx11k
sick/s1695.png,TB,tbx11k
sick/s1696.png,TB,tbx11k
sick/s1697.png,TB,tbx11k
sick/s1698.png,TB,tbx11k
sick/s1700.png,TB,tbx11k
sick/s1702.png,TB,tbx11k
sick/s1703.png,TB,tbx11k
sick/s1704.png,TB,tbx11k
sick/s1705.png,TB,tbx11k
sick/s1706.png,TB,tbx11k
sick/s1707.png,TB,tbx11k
sick/s1708.png,TB,tbx11k
sick/s1709.png,TB,tbx11k
sick/s1710.png,TB,tbx11k
sick/s1711.png,TB,tbx11k
sick/s1712.png,TB,tbx11k
sick/s1713.png,TB,tbx11k
sick/s1714.png,TB,tbx11k
sick/s1715.png,TB,tbx11k
sick/s1717.png,TB,tbx11k
sick/s1719.png,TB,tbx11k
sick/s1720.png,TB,tbx11k
sick/s1721.png,TB,tbx11k
sick/s1722.png,TB,tbx11k
sick/s1723.png,TB,tbx11k
sick/s1724.png,TB,tbx11k
sick/s1725.png,TB,tbx11k
sick/s1726.png,TB,tbx11k
sick/s1727.png,TB,tbx11k
sick/s1728.png,TB,tbx11k
sick/s1729.png,TB,tbx11k
sick/s1730.png,TB,tbx11k
sick/s1731.png,TB,tbx11k
sick/s1732.png,TB,tbx11k
sick/s1735.png,TB,tbx11k
sick/s1736.png,TB,tbx11k
sick/s1737.png,TB,tbx11k
sick/s1738.png,TB,tbx11k
sick/s1739.png,TB,tbx11k
sick/s1741.png,TB,tbx11k
sick/s1742.png,TB,tbx11k
sick/s1743.png,TB,tbx11k
sick/s1744.png,TB,tbx11k
sick/s1745.png,TB,tbx11k
sick/s1746.png,TB,tbx11k
sick/s1747.png,TB,tbx11k
sick/s1748.png,TB,tbx11k
sick/s1749.png,TB,tbx11k
sick/s1750.png,TB,tbx11k
sick/s1751.png,TB,tbx11k
sick/s1752.png,TB,tbx11k
sick/s1753.png,TB,tbx11k
sick/s1755.png,TB,tbx11k
sick/s1756.png,TB,tbx11k
sick/s1757.png,TB,tbx11k
sick/s1758.png,TB,tbx11k
sick/s1760.png,TB,tbx11k
sick/s1761.png,TB,tbx11k
sick/s1762.png,TB,tbx11k
sick/s1763.png,TB,tbx11k
sick/s1764.png,TB,tbx11k
sick/s1766.png,TB,tbx11k
sick/s1768.png,TB,tbx11k
sick/s1769.png,TB,tbx11k
sick/s1771.png,TB,tbx11k
sick/s1772.png,TB,tbx11k
sick/s1773.png,TB,tbx11k
sick/s1774.png,TB,tbx11k
sick/s1776.png,TB,tbx11k
sick/s1777.png,TB,tbx11k
sick/s1778.png,TB,tbx11k
sick/s1781.png,TB,tbx11k
sick/s1782.png,TB,tbx11k
sick/s1783.png,TB,tbx11k
sick/s1785.png,TB,tbx11k
sick/s1786.png,TB,tbx11k
sick/s1787.png,TB,tbx11k
sick/s1788.png,TB,tbx11k
sick/s1789.png,TB,tbx11k
sick/s1790.png,TB,tbx11k
sick/s1791.png,TB,tbx11k
sick/s1792.png,TB,tbx11k
sick/s1794.png,TB,tbx11k
sick/s1795.png,TB,tbx11k
sick/s1796.png,TB,tbx11k
sick/s1797.png,TB,tbx11k
sick/s1798.png,TB,tbx11k
sick/s1799.png,TB,tbx11k
sick/s1800.png,TB,tbx11k
sick/s1802.png,TB,tbx11k
sick/s1803.png,TB,tbx11k
sick/s1804.png,TB,tbx11k
sick/s1805.png,TB,tbx11k
sick/s1806.png,TB,tbx11k
sick/s1807.png,TB,tbx11k
sick/s1808.png,TB,tbx11k
sick/s1809.png,TB,tbx11k
sick/s1812.png,TB,tbx11k
sick/s1814.png,TB,tbx11k
sick/s1815.png,TB,tbx11k
sick/s1817.png,TB,tbx11k
sick/s1818.png,TB,tbx11k
sick/s1819.png,TB,tbx11k
sick/s1821.png,TB,tbx11k
sick/s1822.png,TB,tbx11k
sick/s1823.png,TB,tbx11k
sick/s1825.png,TB,tbx11k
sick/s1826.png,TB,tbx11k
sick/s1827.png,TB,tbx11k
sick/s1828.png,TB,tbx11k
sick/s1829.png,TB,tbx11k
sick/s1831.png,TB,tbx11k
sick/s1833.png,TB,tbx11k
sick/s1835.png,TB,tbx11k
sick/s1836.png,TB,tbx11k
sick/s1837.png,TB,tbx11k
sick/s1838.png,TB,tbx11k
sick/s1839.png,TB,tbx11k
sick/s1840.png,TB,tbx11k
sick/s1841.png,TB,tbx11k
sick/s1843.png,TB,tbx11k
sick/s1844.png,TB,tbx11k
sick/s1845.png,TB,tbx11k
sick/s1846.png,TB,tbx11k
sick/s1847.png,TB,tbx11k
sick/s1848.png,TB,tbx11k
sick/s1849.png,TB,tbx11k
sick/s1851.png,TB,tbx11k
sick/s1852.png,TB,tbx11k
sick/s1853.png,TB,tbx11k
sick/s1855.png,TB,tbx11k
sick/s1856.png,TB,tbx11k
sick/s1857.png,TB,tbx11k
sick/s1858.png,TB,tbx11k
sick/s1859.png,TB,tbx11k
sick/s1861.png,TB,tbx11k
sick/s1862.png,TB,tbx11k
sick/s1863.png,TB,tbx11k
sick/s1864.png,TB,tbx11k
sick/s1865.png,TB,tbx11k
sick/s1866.png,TB,tbx11k
sick/s1867.png,TB,tbx11k
sick/s1868.png,TB,tbx11k
sick/s1869.png,TB,tbx11k
sick/s1870.png,TB,tbx11k
sick/s1872.png,TB,tbx11k
sick/s1873.png,TB,tbx11k
sick/s1874.png,TB,tbx11k
sick/s1875.png,TB,tbx11k
sick/s1877.png,TB,tbx11k
sick/s1878.png,TB,tbx11k
sick/s1879.png,TB,tbx11k
sick/s1880.png,TB,tbx11k
sick/s1881.png,TB,tbx11k
sick/s1883.png,TB,tbx11k
sick/s1884.png,TB,tbx11k
sick/s1885.png,TB,tbx11k
sick/s1886.png,TB,tbx11k
sick/s1888.png,TB,tbx11k
sick/s1890.png,TB,tbx11k
sick/s1893.png,TB,tbx11k
sick/s1894.png,TB,tbx11k
sick/s1895.png,TB,tbx11k
sick/s1898.png,TB,tbx11k
sick/s1899.png,TB,tbx11k
sick/s1900.png,TB,tbx11k
sick/s1901.png,TB,tbx11k
sick/s1903.png,TB,tbx11k
sick/s1908.png,TB,tbx11k
sick/s1909.png,TB,tbx11k
sick/s1910.png,TB,tbx11k
sick/s1911.png,TB,tbx11k
sick/s1912.png,TB,tbx11k
sick/s1913.png,TB,tbx11k
sick/s1915.png,TB,tbx11k
sick/s1916.png,TB,tbx11k
sick/s1917.png,TB,tbx11k
sick/s1918.png,TB,tbx11k
sick/s1919.png,TB,tbx11k
sick/s1920.png,TB,tbx11k
sick/s1921.png,TB,tbx11k
sick/s1922.png,TB,tbx11k
sick/s1923.png,TB,tbx11k
sick/s1925.png,TB,tbx11k
sick/s1926.png,TB,tbx11k
sick/s1928.png,TB,tbx11k
sick/s1929.png,TB,tbx11k
sick/s1931.png,TB,tbx11k
sick/s1933.png,TB,tbx11k
sick/s1934.png,TB,tbx11k
sick/s1936.png,TB,tbx11k
sick/s1937.png,TB,tbx11k
sick/s1938.png,TB,tbx11k
sick/s1940.png,TB,tbx11k
sick/s1942.png,TB,tbx11k
sick/s1943.png,TB,tbx11k
sick/s1945.png,TB,tbx11k
sick/s1946.png,TB,tbx11k
sick/s1947.png,TB,tbx11k
sick/s1948.png,TB,tbx11k
sick/s1950.png,TB,tbx11k
sick/s1951.png,TB,tbx11k
sick/s1952.png,TB,tbx11k
sick/s1953.png,TB,tbx11k
sick/s1954.png,TB,tbx11k
sick/s1955.png,TB,tbx11k
sick/s1957.png,TB,tbx11k
sick/s1958.png,TB,tbx11k
sick/s1959.png,TB,tbx11k
sick/s1960.png,TB,tbx11k
sick/s1961.png,TB,tbx11k
sick/s1962.png,TB,tbx11k
sick/s1963.png,TB,tbx11k
sick/s1964.png,TB,tbx11k
sick/s1965.png,TB,tbx11k
sick/s1966.png,TB,tbx11k
sick/s1967.png,TB,tbx11k
sick/s1968.png,TB,tbx11k
sick/s1969.png,TB,tbx11k
sick/s1970.png,TB,tbx11k
sick/s1971.png,TB,tbx11k
sick/s1972.png,TB,tbx11k
sick/s1973.png,TB,tbx11k
sick/s1975.png,TB,tbx11k
sick/s1976.png,TB,tbx11k
sick/s1977.png,TB,tbx11k
sick/s1979.png,TB,tbx11k
sick/s1980.png,TB,tbx11k
sick/s1981.png,TB,tbx11k
sick/s1982.png,TB,tbx11k
sick/s1984.png,TB,tbx11k
sick/s1985.png,TB,tbx11k
sick/s1986.png,TB,tbx11k
sick/s1988.png,TB,tbx11k
sick/s1989.png,TB,tbx11k
sick/s1990.png,TB,tbx11k
sick/s1991.png,TB,tbx11k
sick/s1993.png,TB,tbx11k
sick/s1994.png,TB,tbx11k
sick/s1998.png,TB,tbx11k
sick/s1999.png,TB,tbx11k
sick/s2000.png,TB,tbx11k
sick/s2001.png,TB,tbx11k
sick/s2002.png,TB,tbx11k
sick/s2004.png,TB,tbx11k
sick/s2005.png,TB,tbx11k
sick/s2006.png,TB,tbx11k
sick/s2007.png,TB,tbx11k
sick/s2008.png,TB,tbx11k
sick/s2009.png,TB,tbx11k
sick/s2011.png,TB,tbx11k
sick/s2012.png,TB,tbx11k
sick/s2013.png,TB,tbx11k
sick/s2014.png,TB,tbx11k
sick/s2016.png,TB,tbx11k
sick/s2017.png,TB,tbx11k
sick/s2020.png,TB,tbx11k
sick/s2021.png,TB,tbx11k
sick/s2022.png,TB,tbx11k
sick/s2023.png,TB,tbx11k
sick/s2024.png,TB,tbx11k
sick/s2025.png,TB,tbx11k
sick/s2027.png,TB,tbx11k
sick/s2029.png,TB,tbx11k
sick/s2030.png,TB,tbx11k
sick/s2031.png,TB,tbx11k
sick/s2032.png,TB,tbx11k
sick/s2033.png,TB,tbx11k
sick/s2034.png,TB,tbx11k
sick/s2035.png,TB,tbx11k
sick/s2036.png,TB,tbx11k
sick/s2037.png,TB,tbx11k
sick/s2038.png,TB,tbx11k
sick/s2039.png,TB,tbx11k
sick/s2040.png,TB,tbx11k
sick/s2041.png,TB,tbx11k
sick/s2042.png,TB,tbx11k
sick/s2043.png,TB,tbx11k
sick/s2044.png,TB,tbx11k
sick/s2047.png,TB,tbx11k
sick/s2050.png,TB,tbx11k
sick/s2051.png,TB,tbx11k
sick/s2052.png,TB,tbx11k
sick/s2053.png,TB,tbx11k
sick/s2054.png,TB,tbx11k
sick/s2055.png,TB,tbx11k
sick/s2056.png,TB,tbx11k
sick/s2057.png,TB,tbx11k
sick/s2058.png,TB,tbx11k
sick/s2059.png,TB,tbx11k
sick/s2060.png,TB,tbx11k
sick/s2061.png,TB,tbx11k
sick/s2063.png,TB,tbx11k
sick/s2064.png,TB,tbx11k
sick/s2066.png,TB,tbx11k
sick/s2067.png,TB,tbx11k
sick/s2069.png,TB,tbx11k
sick/s2070.png,TB,tbx11k
sick/s2072.png,TB,tbx11k
sick/s2073.png,TB,tbx11k
sick/s2075.png,TB,tbx11k
sick/s2076.png,TB,tbx11k
sick/s2077.png,TB,tbx11k
sick/s2078.png,TB,tbx11k
sick/s2079.png,TB,tbx11k
sick/s2080.png,TB,tbx11k
sick/s2082.png,TB,tbx11k
sick/s2084.png,TB,tbx11k
sick/s2085.png,TB,tbx11k
sick/s2086.png,TB,tbx11k
sick/s2087.png,TB,tbx11k
sick/s2088.png,TB,tbx11k
sick/s2089.png,TB,tbx11k
sick/s2090.png,TB,tbx11k
sick/s2091.png,TB,tbx11k
sick/s2092.png,TB,tbx11k
sick/s2093.png,TB,tbx11k
sick/s2094.png,TB,tbx11k
sick/s2095.png,TB,tbx11k
sick/s2096.png,TB,tbx11k
sick/s2097.png,TB,tbx11k
sick/s2098.png,TB,tbx11k
sick/s2099.png,TB,tbx11k
sick/s2101.png,TB,tbx11k
sick/s2102.png,TB,tbx11k
sick/s2104.png,TB,tbx11k
sick/s2106.png,TB,tbx11k
sick/s2108.png,TB,tbx11k
sick/s2109.png,TB,tbx11k
sick/s2110.png,TB,tbx11k
sick/s2111.png,TB,tbx11k
sick/s2112.png,TB,tbx11k
sick/s2114.png,TB,tbx11k
sick/s2116.png,TB,tbx11k
sick/s2120.png,TB,tbx11k
sick/s2122.png,TB,tbx11k
sick/s2123.png,TB,tbx11k
sick/s2124.png,TB,tbx11k
sick/s2125.png,TB,tbx11k
sick/s2127.png,TB,tbx11k
sick/s2128.png,TB,tbx11k
sick/s2129.png,TB,tbx11k
sick/s2130.png,TB,tbx11k
sick/s2132.png,TB,tbx11k
sick/s2133.png,TB,tbx11k
sick/s2134.png,TB,tbx11k
sick/s2135.png,TB,tbx11k
sick/s2136.png,TB,tbx11k
sick/s2137.png,TB,tbx11k
sick/s2138.png,TB,tbx11k
sick/s2140.png,TB,tbx11k
sick/s2142.png,TB,tbx11k
sick/s2143.png,TB,tbx11k
sick/s2144.png,TB,tbx11k
sick/s2146.png,TB,tbx11k
sick/s2147.png,TB,tbx11k
sick/s2149.png,TB,tbx11k
sick/s2150.png,TB,tbx11k
sick/s2151.png,TB,tbx11k
sick/s2154.png,TB,tbx11k
sick/s2155.png,TB,tbx11k
sick/s2157.png,TB,tbx11k
sick/s2158.png,TB,tbx11k
sick/s2159.png,TB,tbx11k
sick/s2161.png,TB,tbx11k
sick/s2163.png,TB,tbx11k
sick/s2167.png,TB,tbx11k
sick/s2168.png,TB,tbx11k
sick/s2169.png,TB,tbx11k
sick/s2170.png,TB,tbx11k
sick/s2171.png,TB,tbx11k
sick/s2173.png,TB,tbx11k
sick/s2175.png,TB,tbx11k
sick/s2177.png,TB,tbx11k
sick/s2178.png,TB,tbx11k
sick/s2179.png,TB,tbx11k
sick/s2180.png,TB,tbx11k
sick/s2183.png,TB,tbx11k
sick/s2184.png,TB,tbx11k
sick/s2185.png,TB,tbx11k
sick/s2187.png,TB,tbx11k
sick/s2188.png,TB,tbx11k
sick/s2189.png,TB,tbx11k
sick/s2190.png,TB,tbx11k
sick/s2191.png,TB,tbx11k
sick/s2192.png,TB,tbx11k
sick/s2194.png,TB,tbx11k
sick/s2195.png,TB,tbx11k
sick/s2197.png,TB,tbx11k
sick/s2198.png,TB,tbx11k
sick/s2200.png,TB,tbx11k
sick/s2202.png,TB,tbx11k
sick/s2204.png,TB,tbx11k
sick/s2205.png,TB,tbx11k
sick/s2206.png,TB,tbx11k
sick/s2207.png,TB,tbx11k
sick/s2211.png,TB,tbx11k
sick/s2212.png,TB,tbx11k
sick/s2213.png,TB,tbx11k
sick/s2214.png,TB,tbx11k
sick/s2216.png,TB,tbx11k
sick/s2217.png,TB,tbx11k
sick/s2218.png,TB,tbx11k
sick/s2220.png,TB,tbx11k
sick/s2221.png,TB,tbx11k
sick/s2222.png,TB,tbx11k
sick/s2223.png,TB,tbx11k
sick/s2224.png,TB,tbx11k
sick/s2228.png,TB,tbx11k
sick/s2229.png,TB,tbx11k
sick/s2230.png,TB,tbx11k
sick/s2231.png,TB,tbx11k
sick/s2232.png,TB,tbx11k
sick/s2233.png,TB,tbx11k
sick/s2234.png,TB,tbx11k
sick/s2235.png,TB,tbx11k
sick/s2236.png,TB,tbx11k
sick/s2238.png,TB,tbx11k
sick/s2239.png,TB,tbx11k
sick/s2240.png,TB,tbx11k
sick/s2241.png,TB,tbx11k
sick/s2242.png,TB,tbx11k
sick/s2243.png,TB,tbx11k
sick/s2244.png,TB,tbx11k
sick/s2249.png,TB,tbx11k
sick/s2251.png,TB,tbx11k
sick/s2252.png,TB,tbx11k
sick/s2253.png,TB,tbx11k
sick/s2255.png,TB,tbx11k
sick/s2256.png,TB,tbx11k
sick/s2258.png,TB,tbx11k
sick/s2260.png,TB,tbx11k
sick/s2263.png,TB,tbx11k
sick/s2264.png,TB,tbx11k
sick/s2265.png,TB,tbx11k
sick/s2266.png,TB,tbx11k
sick/s2267.png,TB,tbx11k
sick/s2268.png,TB,tbx11k
sick/s2269.png,TB,tbx11k
sick/s2270.png,TB,tbx11k
sick/s2273.png,TB,tbx11k
sick/s2274.png,TB,tbx11k
sick/s2277.png,TB,tbx11k
sick/s2279.png,TB,tbx11k
sick/s2280.png,TB,tbx11k
sick/s2281.png,TB,tbx11k
sick/s2282.png,TB,tbx11k
sick/s2283.png,TB,tbx11k
sick/s2284.png,TB,tbx11k
sick/s2286.png,TB,tbx11k
sick/s2287.png,TB,tbx11k
sick/s2288.png,TB,tbx11k
sick/s2289.png,TB,tbx11k
sick/s2291.png,TB,tbx11k
sick/s2292.png,TB,tbx11k
sick/s2293.png,TB,tbx11k
sick/s2294.png,TB,tbx11k
sick/s2295.png,TB,tbx11k
sick/s2296.png,TB,tbx11k
sick/s2297.png,TB,tbx11k
sick/s2298.png,TB,tbx11k
sick/s2299.png,TB,tbx11k
sick/s2300.png,TB,tbx11k
sick/s2303.png,TB,tbx11k
sick/s2304.png,TB,tbx11k
sick/s2305.png,TB,tbx11k
sick/s2306.png,TB,tbx11k
sick/s2307.png,TB,tbx11k
sick/s2309.png,TB,tbx11k
sick/s2310.png,TB,tbx11k
sick/s2311.png,TB,tbx11k
sick/s2312.png,TB,tbx11k
sick/s2314.png,TB,tbx11k
sick/s2315.png,TB,tbx11k
sick/s2316.png,TB,tbx11k
sick/s2317.png,TB,tbx11k
sick/s2318.png,TB,tbx11k
sick/s2319.png,TB,tbx11k
sick/s2322.png,TB,tbx11k
sick/s2323.png,TB,tbx11k
sick/s2324.png,TB,tbx11k
sick/s2326.png,TB,tbx11k
sick/s2327.png,TB,tbx11k
sick/s2328.png,TB,tbx11k
sick/s2329.png,TB,tbx11k
sick/s2330.png,TB,tbx11k
sick/s2331.png,TB,tbx11k
sick/s2332.png,TB,tbx11k
sick/s2333.png,TB,tbx11k
sick/s2334.png,TB,tbx11k
sick/s2335.png,TB,tbx11k
sick/s2337.png,TB,tbx11k
sick/s2338.png,TB,tbx11k
sick/s2339.png,TB,tbx11k
sick/s2341.png,TB,tbx11k
sick/s2342.png,TB,tbx11k
sick/s2343.png,TB,tbx11k
sick/s2344.png,TB,tbx11k
sick/s2346.png,TB,tbx11k
sick/s2347.png,TB,tbx11k
sick/s2348.png,TB,tbx11k
sick/s2351.png,TB,tbx11k
sick/s2352.png,TB,tbx11k
sick/s2353.png,TB,tbx11k
sick/s2355.png,TB,tbx11k
sick/s2356.png,TB,tbx11k
sick/s2357.png,TB,tbx11k
sick/s2358.png,TB,tbx11k
sick/s2359.png,TB,tbx11k
sick/s2360.png,TB,tbx11k
sick/s2362.png,TB,tbx11k
sick/s2363.png,TB,tbx11k
sick/s2364.png,TB,tbx11k
sick/s2367.png,TB,tbx11k
sick/s2368.png,TB,tbx11k
sick/s2369.png,TB,tbx11k
sick/s2370.png,TB,tbx11k
sick/s2371.png,TB,tbx11k
sick/s2372.png,TB,tbx11k
sick/s2373.png,TB,tbx11k
sick/s2374.png,TB,tbx11k
sick/s2375.png,TB,tbx11k
sick/s2377.png,TB,tbx11k
sick/s2378.png,TB,tbx11k
sick/s2379.png,TB,tbx11k
sick/s2380.png,TB,tbx11k
sick/s2381.png,TB,tbx11k
sick/s2384.png,TB,tbx11k
sick/s2385.png,TB,tbx11k
sick/s2386.png,TB,tbx11k
sick/s2387.png,TB,tbx11k
sick/s2389.png,TB,tbx11k
sick/s2393.png,TB,tbx11k
sick/s2395.png,TB,tbx11k
sick/s2396.png,TB,tbx11k
sick/s2397.png,TB,tbx11k
sick/s2398.png,TB,tbx11k
sick/s2399.png,TB,tbx11k
sick/s2400.png,TB,tbx11k
sick/s2401.png,TB,tbx11k
sick/s2402.png,TB,tbx11k
sick/s2403.png,TB,tbx11k
sick/s2404.png,TB,tbx11k
sick/s2405.png,TB,tbx11k
sick/s2407.png,TB,tbx11k
sick/s2408.png,TB,tbx11k
sick/s2410.png,TB,tbx11k
sick/s2411.png,TB,tbx11k
sick/s2412.png,TB,tbx11k
sick/s2416.png,TB,tbx11k
sick/s2417.png,TB,tbx11k
sick/s2418.png,TB,tbx11k
sick/s2420.png,TB,tbx11k
sick/s2421.png,TB,tbx11k
sick/s2422.png,TB,tbx11k
sick/s2424.png,TB,tbx11k
sick/s2425.png,TB,tbx11k
sick/s2426.png,TB,tbx11k
sick/s2427.png,TB,tbx11k
sick/s2428.png,TB,tbx11k
sick/s2430.png,TB,tbx11k
sick/s2432.png,TB,tbx11k
sick/s2435.png,TB,tbx11k
sick/s2437.png,TB,tbx11k
sick/s2439.png,TB,tbx11k
sick/s2440.png,TB,tbx11k
sick/s2441.png,TB,tbx11k
sick/s2443.png,TB,tbx11k
sick/s2444.png,TB,tbx11k
sick/s2445.png,TB,tbx11k
sick/s2446.png,TB,tbx11k
sick/s2447.png,TB,tbx11k
sick/s2448.png,TB,tbx11k
sick/s2449.png,TB,tbx11k
sick/s2450.png,TB,tbx11k
sick/s2451.png,TB,tbx11k
sick/s2452.png,TB,tbx11k
sick/s2453.png,TB,tbx11k
sick/s2454.png,TB,tbx11k
sick/s2456.png,TB,tbx11k
sick/s2458.png,TB,tbx11k
sick/s2459.png,TB,tbx11k
sick/s2461.png,TB,tbx11k
sick/s2462.png,TB,tbx11k
sick/s2463.png,TB,tbx11k
sick/s2464.png,TB,tbx11k
sick/s2465.png,TB,tbx11k
sick/s2466.png,TB,tbx11k
sick/s2467.png,TB,tbx11k
sick/s2468.png,TB,tbx11k
sick/s2469.png,TB,tbx11k
sick/s2470.png,TB,tbx11k
sick/s2471.png,TB,tbx11k
sick/s2472.png,TB,tbx11k
sick/s2473.png,TB,tbx11k
sick/s2475.png,TB,tbx11k
sick/s2476.png,TB,tbx11k
sick/s2477.png,TB,tbx11k
sick/s2478.png,TB,tbx11k
sick/s2479.png,TB,tbx11k
sick/s2480.png,TB,tbx11k
sick/s2481.png,TB,tbx11k
sick/s2482.png,TB,tbx11k
sick/s2484.png,TB,tbx11k
sick/s2485.png,TB,tbx11k
sick/s2486.png,TB,tbx11k
sick/s2488.png,TB,tbx11k
sick/s2489.png,TB,tbx11k
sick/s2490.png,TB,tbx11k
sick/s2491.png,TB,tbx11k
sick/s2492.png,TB,tbx11k
sick/s2493.png,TB,tbx11k
sick/s2497.png,TB,tbx11k
sick/s2499.png,TB,tbx11k
sick/s2501.png,TB,tbx11k
sick/s2502.png,TB,tbx11k
sick/s2505.png,TB,tbx11k
sick/s2506.png,TB,tbx11k
sick/s2508.png,TB,tbx11k
sick/s2509.png,TB,tbx11k
sick/s2510.png,TB,tbx11k
sick/s2511.png,TB,tbx11k
sick/s2513.png,TB,tbx11k
sick/s2515.png,TB,tbx11k
sick/s2516.png,TB,tbx11k
sick/s2517.png,TB,tbx11k
sick/s2518.png,TB,tbx11k
sick/s2520.png,TB,tbx11k
sick/s2521.png,TB,tbx11k
sick/s2522.png,TB,tbx11k
sick/s2523.png,TB,tbx11k
sick/s2524.png,TB,tbx11k
sick/s2528.png,TB,tbx11k
sick/s2529.png,TB,tbx11k
sick/s2531.png,TB,tbx11k
sick/s2534.png,TB,tbx11k
sick/s2535.png,TB,tbx11k
sick/s2536.png,TB,tbx11k
sick/s2537.png,TB,tbx11k
sick/s2538.png,TB,tbx11k
sick/s2540.png,TB,tbx11k
sick/s2541.png,TB,tbx11k
sick/s2543.png,TB,tbx11k
sick/s2544.png,TB,tbx11k
sick/s2545.png,TB,tbx11k
sick/s2546.png,TB,tbx11k
sick/s2547.png,TB,tbx11k
sick/s2548.png,TB,tbx11k
sick/s2550.png,TB,tbx11k
sick/s2551.png,TB,tbx11k
sick/s2553.png,TB,tbx11k
sick/s2554.png,TB,tbx11k
sick/s2555.png,TB,tbx11k
sick/s2556.png,TB,tbx11k
sick/s2557.png,TB,tbx11k
sick/s2560.png,TB,tbx11k
sick/s2561.png,TB,tbx11k
sick/s2562.png,TB,tbx11k
sick/s2563.png,TB,tbx11k
sick/s2564.png,TB,tbx11k
sick/s2566.png,TB,tbx11k
sick/s2567.png,TB,tbx11k
sick/s2571.png,TB,tbx11k
sick/s2572.png,TB,tbx11k
sick/s2573.png,TB,tbx11k
sick/s2575.png,TB,tbx11k
sick/s2576.png,TB,tbx11k
sick/s2577.png,TB,tbx11k
sick/s2578.png,TB,tbx11k
sick/s2580.png,TB,tbx11k
sick/s2581.png,TB,tbx11k
sick/s2582.png,TB,tbx11k
sick/s2584.png,TB,tbx11k
sick/s2585.png,TB,tbx11k
sick/s2587.png,TB,tbx11k
sick/s2588.png,TB,tbx11k
sick/s2589.png,TB,tbx11k
sick/s2590.png,TB,tbx11k
sick/s2592.png,TB,tbx11k
sick/s2593.png,TB,tbx11k
sick/s2594.png,TB,tbx11k
sick/s2595.png,TB,tbx11k
sick/s2596.png,TB,tbx11k
sick/s2597.png,TB,tbx11k
sick/s2600.png,TB,tbx11k
sick/s2601.png,TB,tbx11k
sick/s2602.png,TB,tbx11k
sick/s2603.png,TB,tbx11k
sick/s2605.png,TB,tbx11k
sick/s2607.png,TB,tbx11k
sick/s2611.png,TB,tbx11k
sick/s2612.png,TB,tbx11k
sick/s2613.png,TB,tbx11k
sick/s2616.png,TB,tbx11k
sick/s2617.png,TB,tbx11k
sick/s2618.png,TB,tbx11k
sick/s2619.png,TB,tbx11k
sick/s2620.png,TB,tbx11k
sick/s2622.png,TB,tbx11k
sick/s2624.png,TB,tbx11k
sick/s2625.png,TB,tbx11k
sick/s2627.png,TB,tbx11k
sick/s2628.png,TB,tbx11k
sick/s2629.png,TB,tbx11k
sick/s2632.png,TB,tbx11k
sick/s2634.png,TB,tbx11k
sick/s2635.png,TB,tbx11k
sick/s2636.png,TB,tbx11k
sick/s2637.png,TB,tbx11k
sick/s2638.png,TB,tbx11k
sick/s2639.png,TB,tbx11k
sick/s2640.png,TB,tbx11k
sick/s2642.png,TB,tbx11k
sick/s2643.png,TB,tbx11k
sick/s2644.png,TB,tbx11k
sick/s2645.png,TB,tbx11k
sick/s2646.png,TB,tbx11k
sick/s2647.png,TB,tbx11k
sick/s2648.png,TB,tbx11k
sick/s2649.png,TB,tbx11k
sick/s2650.png,TB,tbx11k
sick/s2652.png,TB,tbx11k
sick/s2655.png,TB,tbx11k
sick/s2656.png,TB,tbx11k
sick/s2657.png,TB,tbx11k
sick/s2659.png,TB,tbx11k
sick/s2660.png,TB,tbx11k
sick/s2661.png,TB,tbx11k
sick/s2662.png,TB,tbx11k
sick/s2663.png,TB,tbx11k
sick/s2666.png,TB,tbx11k
sick/s2668.png,TB,tbx11k
sick/s2669.png,TB,tbx11k
sick/s2670.png,TB,tbx11k
sick/s2671.png,TB,tbx11k
sick/s2672.png,TB,tbx11k
sick/s2673.png,TB,tbx11k
sick/s2674.png,TB,tbx11k
sick/s2675.png,TB,tbx11k
sick/s2678.png,TB,tbx11k
sick/s2679.png,TB,tbx11k
sick/s2680.png,TB,tbx11k
sick/s2681.png,TB,tbx11k
sick/s2683.png,TB,tbx11k
sick/s2685.png,TB,tbx11k
sick/s2686.png,TB,tbx11k
sick/s2687.png,TB,tbx11k
sick/s2690.png,TB,tbx11k
sick/s2691.png,TB,tbx11k
sick/s2692.png,TB,tbx11k
sick/s2693.png,TB,tbx11k
sick/s2694.png,TB,tbx11k
sick/s2696.png,TB,tbx11k
sick/s2698.png,TB,tbx11k
sick/s2701.png,TB,tbx11k
sick/s2702.png,TB,tbx11k
sick/s2704.png,TB,tbx11k
sick/s2705.png,TB,tbx11k
sick/s2706.png,TB,tbx11k
sick/s2707.png,TB,tbx11k
sick/s2709.png,TB,tbx11k
sick/s2712.png,TB,tbx11k
sick/s2713.png,TB,tbx11k
sick/s2715.png,TB,tbx11k
sick/s2716.png,TB,tbx11k
sick/s2717.png,TB,tbx11k
sick/s2718.png,TB,tbx11k
sick/s2719.png,TB,tbx11k
sick/s2720.png,TB,tbx11k
sick/s2721.png,TB,tbx11k
sick/s2723.png,TB,tbx11k
sick/s2724.png,TB,tbx11k
sick/s2725.png,TB,tbx11k
sick/s2727.png,TB,tbx11k
sick/s2730.png,TB,tbx11k
sick/s2731.png,TB,tbx11k
sick/s2732.png,TB,tbx11k
sick/s2733.png,TB,tbx11k
sick/s2734.png,TB,tbx11k
sick/s2735.png,TB,tbx11k
sick/s2737.png,TB,tbx11k
sick/s2738.png,TB,tbx11k
sick/s2739.png,TB,tbx11k
sick/s2741.png,TB,tbx11k
sick/s2742.png,TB,tbx11k
sick/s2743.png,TB,tbx11k
sick/s2744.png,TB,tbx11k
sick/s2745.png,TB,tbx11k
sick/s2747.png,TB,tbx11k
sick/s2749.png,TB,tbx11k
sick/s2750.png,TB,tbx11k
sick/s2751.png,TB,tbx11k
sick/s2752.png,TB,tbx11k
sick/s2753.png,TB,tbx11k
sick/s2757.png,TB,tbx11k
sick/s2758.png,TB,tbx11k
sick/s2759.png,TB,tbx11k
sick/s2761.png,TB,tbx11k
sick/s2762.png,TB,tbx11k
sick/s2765.png,TB,tbx11k
sick/s2766.png,TB,tbx11k
sick/s2767.png,TB,tbx11k
sick/s2768.png,TB,tbx11k
sick/s2770.png,TB,tbx11k
sick/s2771.png,TB,tbx11k
sick/s2772.png,TB,tbx11k
sick/s2773.png,TB,tbx11k
sick/s2774.png,TB,tbx11k
sick/s2775.png,TB,tbx11k
sick/s2776.png,TB,tbx11k
sick/s2777.png,TB,tbx11k
sick/s2778.png,TB,tbx11k
sick/s2779.png,TB,tbx11k
sick/s2781.png,TB,tbx11k
sick/s2783.png,TB,tbx11k
sick/s2785.png,TB,tbx11k
sick/s2786.png,TB,tbx11k
sick/s2787.png,TB,tbx11k
sick/s2788.png,TB,tbx11k
sick/s2790.png,TB,tbx11k
sick/s2791.png,TB,tbx11k
sick/s2793.png,TB,tbx11k
sick/s2794.png,TB,tbx11k
sick/s2795.png,TB,tbx11k
sick/s2797.png,TB,tbx11k
sick/s2798.png,TB,tbx11k
sick/s2800.png,TB,tbx11k
sick/s2805.png,TB,tbx11k
sick/s2806.png,TB,tbx11k
sick/s2807.png,TB,tbx11k
sick/s2808.png,TB,tbx11k
sick/s2809.png,TB,tbx11k
sick/s2810.png,TB,tbx11k
sick/s2811.png,TB,tbx11k
sick/s2812.png,TB,tbx11k
sick/s2813.png,TB,tbx11k
sick/s2814.png,TB,tbx11k
sick/s2815.png,TB,tbx11k
sick/s2817.png,TB,tbx11k
sick/s2818.png,TB,tbx11k
sick/s2819.png,TB,tbx11k
sick/s2820.png,TB,tbx11k
sick/s2825.png,TB,tbx11k
sick/s2826.png,TB,tbx11k
sick/s2827.png,TB,tbx11k
sick/s2829.png,TB,tbx11k
sick/s2830.png,TB,tbx11k
sick/s2831.png,TB,tbx11k
sick/s2832.png,TB,tbx11k
sick/s2833.png,TB,tbx11k
sick/s2834.png,TB,tbx11k
sick/s2838.png,TB,tbx11k
sick/s2839.png,TB,tbx11k
sick/s2840.png,TB,tbx11k
sick/s2841.png,TB,tbx11k
sick/s2842.png,TB,tbx11k
sick/s2843.png,TB,tbx11k
sick/s2844.png,TB,tbx11k
sick/s2845.png,TB,tbx11k
sick/s2846.png,TB,tbx11k
sick/s2847.png,TB,tbx11k
sick/s2848.png,TB,tbx11k
sick/s2853.png,TB,tbx11k
sick/s2854.png,TB,tbx11k
sick/s2855.png,TB,tbx11k
sick/s2858.png,TB,tbx11k
sick/s2859.png,TB,tbx11k
sick/s2861.png,TB,tbx11k
sick/s2863.png,TB,tbx11k
sick/s2864.png,TB,tbx11k
sick/s2866.png,TB,tbx11k
sick/s2867.png,TB,tbx11k
sick/s2869.png,TB,tbx11k
sick/s2871.png,TB,tbx11k
sick/s2872.png,TB,tbx11k
sick/s2873.png,TB,tbx11k
sick/s2874.png,TB,tbx11k
sick/s2875.png,TB,tbx11k
sick/s2876.png,TB,tbx11k
sick/s2878.png,TB,tbx11k
sick/s2879.png,TB,tbx11k
sick/s2880.png,TB,tbx11k
sick/s2882.png,TB,tbx11k
sick/s2883.png,TB,tbx11k
sick/s2884.png,TB,tbx11k
sick/s2885.png,TB,tbx11k
sick/s2886.png,TB,tbx11k
sick/s2887.png,TB,tbx11k
sick/s2888.png,TB,tbx11k
sick/s2889.png,TB,tbx11k
sick/s2890.png,TB,tbx11k
sick/s2891.png,TB,tbx11k
sick/s2894.png,TB,tbx11k
sick/s2895.png,TB,tbx11k
sick/s2896.png,TB,tbx11k
sick/s2897.png,TB,tbx11k
sick/s2898.png,TB,tbx11k
sick/s2899.png,TB,tbx11k
sick/s2905.png,TB,tbx11k
sick/s2906.png,TB,tbx11k
sick/s2907.png,TB,tbx11k
sick/s2909.png,TB,tbx11k
sick/s2910.png,TB,tbx11k
sick/s2911.png,TB,tbx11k
sick/s2912.png,TB,tbx11k
sick/s2913.png,TB,tbx11k
sick/s2914.png,TB,tbx11k
sick/s2915.png,TB,tbx11k
sick/s2917.png,TB,tbx11k
sick/s2918.png,TB,tbx11k
sick/s2919.png,TB,tbx11k
sick/s2920.png,TB,tbx11k
sick/s2921.png,TB,tbx11k
sick/s2922.png,TB,tbx11k
sick/s2923.png,TB,tbx11k
sick/s2924.png,TB,tbx11k
sick/s2926.png,TB,tbx11k
sick/s2927.png,TB,tbx11k
sick/s2928.png,TB,tbx11k
sick/s2929.png,TB,tbx11k
sick/s2930.png,TB,tbx11k
sick/s2931.png,TB,tbx11k
sick/s2933.png,TB,tbx11k
sick/s2934.png,TB,tbx11k
sick/s2935.png,TB,tbx11k
sick/s2936.png,TB,tbx11k
sick/s2938.png,TB,tbx11k
sick/s2940.png,TB,tbx11k
sick/s2941.png,TB,tbx11k
sick/s2942.png,TB,tbx11k
sick/s2945.png,TB,tbx11k
sick/s2946.png,TB,tbx11k
sick/s2947.png,TB,tbx11k
sick/s2948.png,TB,tbx11k
sick/s2950.png,TB,tbx11k
sick/s2951.png,TB,tbx11k
sick/s2952.png,TB,tbx11k
sick/s2954.png,TB,tbx11k
sick/s2956.png,TB,tbx11k
sick/s2958.png,TB,tbx11k
sick/s2961.png,TB,tbx11k
sick/s2964.png,TB,tbx11k
sick/s2965.png,TB,tbx11k
sick/s2967.png,TB,tbx11k
sick/s2970.png,TB,tbx11k
sick/s2971.png,TB,tbx11k
sick/s2972.png,TB,tbx11k
sick/s2973.png,TB,tbx11k
sick/s2974.png,TB,tbx11k
sick/s2975.png,TB,tbx11k
sick/s2976.png,TB,tbx11k
sick/s2978.png,TB,tbx11k
sick/s2979.png,TB,tbx11k
sick/s2980.png,TB,tbx11k
sick/s2981.png,TB,tbx11k
sick/s2983.png,TB,tbx11k
sick/s2987.png,TB,tbx11k
sick/s2988.png,TB,tbx11k
sick/s2989.png,TB,tbx11k
sick/s2991.png,TB,tbx11k
sick/s2992.png,TB,tbx11k
sick/s2994.png,TB,tbx11k
sick/s2996.png,TB,tbx11k
sick/s2997.png,TB,tbx11k
sick/s2999.png,TB,tbx11k
sick/s3000.png,TB,tbx11k
sick/s3002.png,TB,tbx11k
sick/s3003.png,TB,tbx11k
sick/s3006.png,TB,tbx11k
sick/s3008.png,TB,tbx11k
sick/s3011.png,TB,tbx11k
sick/s3014.png,TB,tbx11k
sick/s3015.png,TB,tbx11k
sick/s3017.png,TB,tbx11k
sick/s3018.png,TB,tbx11k
sick/s3019.png,TB,tbx11k
sick/s3020.png,TB,tbx11k
sick/s3021.png,TB,tbx11k
sick/s3022.png,TB,tbx11k
sick/s3023.png,TB,tbx11k
sick/s3024.png,TB,tbx11k
sick/s3025.png,TB,tbx11k
sick/s3026.png,TB,tbx11k
sick/s3027.png,TB,tbx11k
sick/s3028.png,TB,tbx11k
sick/s3029.png,TB,tbx11k
sick/s3031.png,TB,tbx11k
sick/s3035.png,TB,tbx11k
sick/s3036.png,TB,tbx11k
sick/s3037.png,TB,tbx11k
sick/s3039.png,TB,tbx11k
sick/s3041.png,TB,tbx11k
sick/s3042.png,TB,tbx11k
sick/s3043.png,TB,tbx11k
sick/s3045.png,TB,tbx11k
sick/s3046.png,TB,tbx11k
sick/s3047.png,TB,tbx11k
sick/s3048.png,TB,tbx11k
sick/s3049.png,TB,tbx11k
sick/s3050.png,TB,tbx11k
sick/s3052.png,TB,tbx11k
sick/s3053.png,TB,tbx11k
sick/s3054.png,TB,tbx11k
sick/s3055.png,TB,tbx11k
sick/s3056.png,TB,tbx11k
sick/s3057.png,TB,tbx11k
sick/s3058.png,TB,tbx11k
sick/s3059.png,TB,tbx11k
sick/s3061.png,TB,tbx11k
sick/s3062.png,TB,tbx11k
sick/s3063.png,TB,tbx11k
sick/s3064.png,TB,tbx11k
sick/s3065.png,TB,tbx11k
sick/s3066.png,TB,tbx11k
sick/s3067.png,TB,tbx11k
sick/s3070.png,TB,tbx11k
sick/s3073.png,TB,tbx11k
sick/s3074.png,TB,tbx11k
sick/s3075.png,TB,tbx11k
sick/s3076.png,TB,tbx11k
sick/s3077.png,TB,tbx11k
sick/s3078.png,TB,tbx11k
sick/s3079.png,TB,tbx11k
sick/s3080.png,TB,tbx11k
sick/s3082.png,TB,tbx11k
sick/s3083.png,TB,tbx11k
sick/s3085.png,TB,tbx11k
sick/s3086.png,TB,tbx11k
sick/s3087.png,TB,tbx11k
sick/s3088.png,TB,tbx11k
sick/s3089.png,TB,tbx11k
sick/s3090.png,TB,tbx11k
sick/s3093.png,TB,tbx11k
sick/s3094.png,TB,tbx11k
sick/s3095.png,TB,tbx11k
sick/s3096.png,TB,tbx11k
sick/s3097.png,TB,tbx11k
sick/s3099.png,TB,tbx11k
sick/s3101.png,TB,tbx11k
sick/s3102.png,TB,tbx11k
sick/s3103.png,TB,tbx11k
sick/s3104.png,TB,tbx11k
sick/s3105.png,TB,tbx11k
sick/s3106.png,TB,tbx11k
sick/s3107.png,TB,tbx11k
sick/s3111.png,TB,tbx11k
sick/s3112.png,TB,tbx11k
sick/s3114.png,TB,tbx11k
sick/s3115.png,TB,tbx11k
sick/s3116.png,TB,tbx11k
sick/s3117.png,TB,tbx11k
sick/s3118.png,TB,tbx11k
sick/s3120.png,TB,tbx11k
sick/s3121.png,TB,tbx11k
sick/s3122.png,TB,tbx11k
sick/s3123.png,TB,tbx11k
sick/s3125.png,TB,tbx11k
sick/s3126.png,TB,tbx11k
sick/s3127.png,TB,tbx11k
sick/s3128.png,TB,tbx11k
sick/s3130.png,TB,tbx11k
sick/s3133.png,TB,tbx11k
sick/s3134.png,TB,tbx11k
sick/s3136.png,TB,tbx11k
sick/s3137.png,TB,tbx11k
sick/s3138.png,TB,tbx11k
sick/s3139.png,TB,tbx11k
sick/s3140.png,TB,tbx11k
sick/s3143.png,TB,tbx11k
sick/s3144.png,TB,tbx11k
sick/s3146.png,TB,tbx11k
sick/s3147.png,TB,tbx11k
sick/s3148.png,TB,tbx11k
sick/s3149.png,TB,tbx11k
sick/s3150.png,TB,tbx11k
sick/s3151.png,TB,tbx11k
sick/s3153.png,TB,tbx11k
sick/s3154.png,TB,tbx11k
sick/s3155.png,TB,tbx11k
sick/s3156.png,TB,tbx11k
sick/s3157.png,TB,tbx11k
sick/s3158.png,TB,tbx11k
sick/s3160.png,TB,tbx11k
sick/s3161.png,TB,tbx11k
sick/s3163.png,TB,tbx11k
sick/s3164.png,TB,tbx11k
sick/s3165.png,TB,tbx11k
sick/s3166.png,TB,tbx11k
sick/s3167.png,TB,tbx11k
sick/s3168.png,TB,tbx11k
sick/s3169.png,TB,tbx11k
sick/s3170.png,TB,tbx11k
sick/s3171.png,TB,tbx11k
sick/s3172.png,TB,tbx11k
sick/s3173.png,TB,tbx11k
sick/s3174.png,TB,tbx11k
sick/s3175.png,TB,tbx11k
sick/s3176.png,TB,tbx11k
sick/s3177.png,TB,tbx11k
sick/s3178.png,TB,tbx11k
sick/s3179.png,TB,tbx11k
sick/s3181.png,TB,tbx11k
sick/s3182.png,TB,tbx11k
sick/s3183.png,TB,tbx11k
sick/s3184.png,TB,tbx11k
sick/s3185.png,TB,tbx11k
sick/s3186.png,TB,tbx11k
sick/s3187.png,TB,tbx11k
sick/s3188.png,TB,tbx11k
sick/s3189.png,TB,tbx11k
sick/s3190.png,TB,tbx11k
sick/s3191.png,TB,tbx11k
sick/s3193.png,TB,tbx11k
sick/s3195.png,TB,tbx11k
sick/s3196.png,TB,tbx11k
sick/s3197.png,TB,tbx11k
sick/s3199.png,TB,tbx11k
sick/s3201.png,TB,tbx11k
sick/s3203.png,TB,tbx11k
sick/s3205.png,TB,tbx11k
sick/s3206.png,TB,tbx11k
sick/s3207.png,TB,tbx11k
sick/s3208.png,TB,tbx11k
sick/s3209.png,TB,tbx11k
sick/s3211.png,TB,tbx11k
sick/s3212.png,TB,tbx11k
sick/s3214.png,TB,tbx11k
sick/s3216.png,TB,tbx11k
sick/s3217.png,TB,tbx11k
sick/s3218.png,TB,tbx11k
sick/s3221.png,TB,tbx11k
sick/s3222.png,TB,tbx11k
sick/s3223.png,TB,tbx11k
sick/s3224.png,TB,tbx11k
sick/s3225.png,TB,tbx11k
sick/s3227.png,TB,tbx11k
sick/s3228.png,TB,tbx11k
sick/s3229.png,TB,tbx11k
sick/s3230.png,TB,tbx11k
sick/s3232.png,TB,tbx11k
sick/s3234.png,TB,tbx11k
sick/s3235.png,TB,tbx11k
sick/s3236.png,TB,tbx11k
sick/s3237.png,TB,tbx11k
sick/s3238.png,TB,tbx11k
sick/s3240.png,TB,tbx11k
sick/s3241.png,TB,tbx11k
sick/s3242.png,TB,tbx11k
sick/s3243.png,TB,tbx11k
sick/s3244.png,TB,tbx11k
sick/s3246.png,TB,tbx11k
sick/s3247.png,TB,tbx11k
sick/s3248.png,TB,tbx11k
sick/s3249.png,TB,tbx11k
sick/s3250.png,TB,tbx11k
sick/s3251.png,TB,tbx11k
sick/s3252.png,TB,tbx11k
sick/s3253.png,TB,tbx11k
sick/s3254.png,TB,tbx11k
sick/s3255.png,TB,tbx11k
sick/s3256.png,TB,tbx11k
sick/s3257.png,TB,tbx11k
sick/s3258.png,TB,tbx11k
sick/s3259.png,TB,tbx11k
sick/s3260.png,TB,tbx11k
sick/s3261.png,TB,tbx11k
sick/s3262.png,TB,tbx11k
sick/s3263.png,TB,tbx11k
sick/s3264.png,TB,tbx11k
sick/s3266.png,TB,tbx11k
sick/s3267.png,TB,tbx11k
sick/s3268.png,TB,tbx11k
sick/s3269.png,TB,tbx11k
sick/s3271.png,TB,tbx11k
sick/s3272.png,TB,tbx11k
sick/s3273.png,TB,tbx11k
sick/s3275.png,TB,tbx11k
sick/s3276.png,TB,tbx11k
sick/s3278.png,TB,tbx11k
sick/s3280.png,TB,tbx11k
sick/s3281.png,TB,tbx11k
sick/s3282.png,TB,tbx11k
sick/s3283.png,TB,tbx11k
sick/s3285.png,TB,tbx11k
sick/s3286.png,TB,tbx11k
sick/s3287.png,TB,tbx11k
sick/s3288.png,TB,tbx11k
sick/s3289.png,TB,tbx11k
sick/s3292.png,TB,tbx11k
sick/s3293.png,TB,tbx11k
sick/s3294.png,TB,tbx11k
sick/s3295.png,TB,tbx11k
sick/s3296.png,TB,tbx11k
sick/s3298.png,TB,tbx11k
sick/s3299.png,TB,tbx11k
sick/s3300.png,TB,tbx11k
sick/s3303.png,TB,tbx11k
sick/s3304.png,TB,tbx11k
sick/s3305.png,TB,tbx11k
sick/s3306.png,TB,tbx11k
sick/s3307.png,TB,tbx11k
sick/s3308.png,TB,tbx11k
sick/s3309.png,TB,tbx11k
sick/s3310.png,TB,tbx11k
sick/s3311.png,TB,tbx11k
sick/s3313.png,TB,tbx11k
sick/s3314.png,TB,tbx11k
sick/s3316.png,TB,tbx11k
sick/s3317.png,TB,tbx11k
sick/s3318.png,TB,tbx11k
sick/s3319.png,TB,tbx11k
sick/s3321.png,TB,tbx11k
sick/s3322.png,TB,tbx11k
sick/s3323.png,TB,tbx11k
sick/s3324.png,TB,tbx11k
sick/s3325.png,TB,tbx11k
sick/s3329.png,TB,tbx11k
sick/s3330.png,TB,tbx11k
sick/s3331.png,TB,tbx11k
sick/s3332.png,TB,tbx11k
sick/s3333.png,TB,tbx11k
sick/s3334.png,TB,tbx11k
sick/s3335.png,TB,tbx11k
sick/s3337.png,TB,tbx11k
sick/s3339.png,TB,tbx11k
sick/s3340.png,TB,tbx11k
sick/s3341.png,TB,tbx11k
sick/s3343.png,TB,tbx11k
sick/s3344.png,TB,tbx11k
sick/s3346.png,TB,tbx11k
sick/s3348.png,TB,tbx11k
sick/s3349.png,TB,tbx11k
sick/s3350.png,TB,tbx11k
sick/s3351.png,TB,tbx11k
sick/s3352.png,TB,tbx11k
sick/s3353.png,TB,tbx11k
sick/s3354.png,TB,tbx11k
sick/s3355.png,TB,tbx11k
sick/s3356.png,TB,tbx11k
sick/s3357.png,TB,tbx11k
sick/s3359.png,TB,tbx11k
sick/s3360.png,TB,tbx11k
sick/s3361.png,TB,tbx11k
sick/s3362.png,TB,tbx11k
sick/s3364.png,TB,tbx11k
sick/s3365.png,TB,tbx11k
sick/s3366.png,TB,tbx11k
sick/s3367.png,TB,tbx11k
sick/s3368.png,TB,tbx11k
sick/s3369.png,TB,tbx11k
sick/s3370.png,TB,tbx11k
sick/s3373.png,TB,tbx11k
sick/s3376.png,TB,tbx11k
sick/s3379.png,TB,tbx11k
sick/s3380.png,TB,tbx11k
sick/s3381.png,TB,tbx11k
sick/s3382.png,TB,tbx11k
sick/s3384.png,TB,tbx11k
sick/s3386.png,TB,tbx11k
sick/s3388.png,TB,tbx11k
sick/s3389.png,TB,tbx11k
sick/s3390.png,TB,tbx11k
sick/s3394.png,TB,tbx11k
sick/s3397.png,TB,tbx11k
sick/s3399.png,TB,tbx11k
sick/s3400.png,TB,tbx11k
sick/s3401.png,TB,tbx11k
sick/s3402.png,TB,tbx11k
sick/s3403.png,TB,tbx11k
sick/s3404.png,TB,tbx11k
sick/s3405.png,TB,tbx11k
sick/s3407.png,TB,tbx11k
sick/s3408.png,TB,tbx11k
sick/s3409.png,TB,tbx11k
sick/s3410.png,TB,tbx11k
sick/s3411.png,TB,tbx11k
sick/s3412.png,TB,tbx11k
sick/s3413.png,TB,tbx11k
sick/s3414.png,TB,tbx11k
sick/s3415.png,TB,tbx11k
sick/s3416.png,TB,tbx11k
sick/s3418.png,TB,tbx11k
sick/s3419.png,TB,tbx11k
sick/s3420.png,TB,tbx11k
sick/s3421.png,TB,tbx11k
sick/s3424.png,TB,tbx11k
sick/s3425.png,TB,tbx11k
sick/s3426.png,TB,tbx11k
sick/s3427.png,TB,tbx11k
sick/s3428.png,TB,tbx11k
sick/s3429.png,TB,tbx11k
sick/s3430.png,TB,tbx11k
sick/s3431.png,TB,tbx11k
sick/s3432.png,TB,tbx11k
sick/s3435.png,TB,tbx11k
sick/s3436.png,TB,tbx11k
sick/s3437.png,TB,tbx11k
sick/s3439.png,TB,tbx11k
sick/s3440.png,TB,tbx11k
sick/s3442.png,TB,tbx11k
sick/s3443.png,TB,tbx11k
sick/s3445.png,TB,tbx11k
sick/s3447.png,TB,tbx11k
sick/s3448.png,TB,tbx11k
sick/s3449.png,TB,tbx11k
sick/s3450.png,TB,tbx11k
sick/s3451.png,TB,tbx11k
sick/s3452.png,TB,tbx11k
sick/s3453.png,TB,tbx11k
sick/s3454.png,TB,tbx11k
sick/s3456.png,TB,tbx11k
sick/s3458.png,TB,tbx11k
sick/s3460.png,TB,tbx11k
sick/s3461.png,TB,tbx11k
sick/s3462.png,TB,tbx11k
sick/s3463.png,TB,tbx11k
sick/s3465.png,TB,tbx11k
sick/s3467.png,TB,tbx11k
sick/s3468.png,TB,tbx11k
sick/s3472.png,TB,tbx11k
sick/s3474.png,TB,tbx11k
sick/s3475.png,TB,tbx11k
sick/s3476.png,TB,tbx11k
sick/s3478.png,TB,tbx11k
sick/s3479.png,TB,tbx11k
sick/s3480.png,TB,tbx11k
sick/s3481.png,TB,tbx11k
sick/s3482.png,TB,tbx11k
sick/s3483.png,TB,tbx11k
sick/s3484.png,TB,tbx11k
sick/s3485.png,TB,tbx11k
sick/s3486.png,TB,tbx11k
sick/s3487.png,TB,tbx11k
sick/s3488.png,TB,tbx11k
sick/s3489.png,TB,tbx11k
sick/s3490.png,TB,tbx11k
sick/s3491.png,TB,tbx11k
sick/s3493.png,TB,tbx11k
sick/s3494.png,TB,tbx11k
sick/s3495.png,TB,tbx11k
sick/s3497.png,TB,tbx11k
sick/s3498.png,TB,tbx11k
sick/s3501.png,TB,tbx11k
sick/s3502.png,TB,tbx11k
sick/s3503.png,TB,tbx11k
sick/s3504.png,TB,tbx11k
sick/s3505.png,TB,tbx11k
sick/s3508.png,TB,tbx11k
sick/s3509.png,TB,tbx11k
sick/s3510.png,TB,tbx11k
sick/s3511.png,TB,tbx11k
sick/s3512.png,TB,tbx11k
sick/s3513.png,TB,tbx11k
sick/s3514.png,TB,tbx11k
sick/s3515.png,TB,tbx11k
sick/s3516.png,TB,tbx11k
sick/s3518.png,TB,tbx11k
sick/s3519.png,TB,tbx11k
sick/s3520.png,TB,tbx11k
sick/s3521.png,TB,tbx11k
sick/s3522.png,TB,tbx11k
sick/s3523.png,TB,tbx11k
sick/s3524.png,TB,tbx11k
sick/s3525.png,TB,tbx11k
sick/s3526.png,TB,tbx11k
sick/s3527.png,TB,tbx11k
sick/s3528.png,TB,tbx11k
sick/s3529.png,TB,tbx11k
sick/s3530.png,TB,tbx11k
sick/s3532.png,TB,tbx11k
sick/s3533.png,TB,tbx11k
sick/s3534.png,TB,tbx11k
sick/s3535.png,TB,tbx11k
sick/s3536.png,TB,tbx11k
sick/s3537.png,TB,tbx11k
sick/s3540.png,TB,tbx11k
sick/s3541.png,TB,tbx11k
sick/s3542.png,TB,tbx11k
sick/s3544.png,TB,tbx11k
sick/s3546.png,TB,tbx11k
sick/s3547.png,TB,tbx11k
sick/s3548.png,TB,tbx11k
sick/s3549.png,TB,tbx11k
sick/s3550.png,TB,tbx11k
sick/s3551.png,TB,tbx11k
sick/s3552.png,TB,tbx11k
sick/s3553.png,TB,tbx11k
sick/s3554.png,TB,tbx11k
sick/s3555.png,TB,tbx11k
sick/s3557.png,TB,tbx11k
sick/s3560.png,TB,tbx11k
sick/s3561.png,TB,tbx11k
sick/s3563.png,TB,tbx11k
sick/s3564.png,TB,tbx11k
sick/s3565.png,TB,tbx11k
sick/s3566.png,TB,tbx11k
sick/s3567.png,TB,tbx11k
sick/s3569.png,TB,tbx11k
sick/s3571.png,TB,tbx11k
sick/s3572.png,TB,tbx11k
sick/s3575.png,TB,tbx11k
sick/s3577.png,TB,tbx11k
sick/s3578.png,TB,tbx11k
sick/s3579.png,TB,tbx11k
sick/s3580.png,TB,tbx11k
sick/s3581.png,TB,tbx11k
sick/s3582.png,TB,tbx11k
sick/s3584.png,TB,tbx11k
sick/s3585.png,TB,tbx11k
sick/s3587.png,TB,tbx11k
sick/s3588.png,TB,tbx11k
sick/s3589.png,TB,tbx11k
sick/s3590.png,TB,tbx11k
sick/s3591.png,TB,tbx11k
sick/s3594.png,TB,tbx11k
sick/s3598.png,TB,tbx11k
sick/s3599.png,TB,tbx11k
sick/s3600.png,TB,tbx11k
sick/s3601.png,TB,tbx11k
sick/s3602.png,TB,tbx11k
sick/s3603.png,TB,tbx11k
sick/s3604.png,TB,tbx11k
sick/s3605.png,TB,tbx11k
sick/s3606.png,TB,tbx11k
sick/s3608.png,TB,tbx11k
sick/s3610.png,TB,tbx11k
sick/s3611.png,TB,tbx11k
sick/s3612.png,TB,tbx11k
sick/s3613.png,TB,tbx11k
sick/s3614.png,TB,tbx11k
sick/s3615.png,TB,tbx11k
sick/s3616.png,TB,tbx11k
sick/s3617.png,TB,tbx11k
sick/s3618.png,TB,tbx11k
sick/s3619.png,TB,tbx11k
sick/s3622.png,TB,tbx11k
sick/s3625.png,TB,tbx11k
sick/s3626.png,TB,tbx11k
sick/s3627.png,TB,tbx11k
sick/s3632.png,TB,tbx11k
sick/s3635.png,TB,tbx11k
sick/s3641.png,TB,tbx11k
sick/s3643.png,TB,tbx11k
sick/s3644.png,TB,tbx11k
sick/s3645.png,TB,tbx11k
sick/s3646.png,TB,tbx11k
sick/s3647.png,TB,tbx11k
sick/s3649.png,TB,tbx11k
sick/s3650.png,TB,tbx11k
sick/s3651.png,TB,tbx11k
sick/s3652.png,TB,tbx11k
sick/s3653.png,TB,tbx11k
sick/s3655.png,TB,tbx11k
sick/s3656.png,TB,tbx11k
sick/s3657.png,TB,tbx11k
sick/s3658.png,TB,tbx11k
sick/s3659.png,TB,tbx11k
sick/s3660.png,TB,tbx11k
sick/s3661.png,TB,tbx11k
sick/s3664.png,TB,tbx11k
sick/s3665.png,TB,tbx11k
sick/s3666.png,TB,tbx11k
sick/s3667.png,TB,tbx11k
sick/s3668.png,TB,tbx11k
sick/s3669.png,TB,tbx11k
sick/s3670.png,TB,tbx11k
sick/s3671.png,TB,tbx11k
sick/s3672.png,TB,tbx11k
sick/s3673.png,TB,tbx11k
sick/s3676.png,TB,tbx11k
sick/s3678.png,TB,tbx11k
sick/s3679.png,TB,tbx11k
sick/s3681.png,TB,tbx11k
sick/s3682.png,TB,tbx11k
sick/s3683.png,TB,tbx11k
sick/s3684.png,TB,tbx11k
sick/s3685.png,TB,tbx11k
sick/s3686.png,TB,tbx11k
sick/s3687.png,TB,tbx11k
sick/s3689.png,TB,tbx11k
sick/s3690.png,TB,tbx11k
sick/s3691.png,TB,tbx11k
sick/s3693.png,TB,tbx11k
sick/s3694.png,TB,tbx11k
sick/s3700.png,TB,tbx11k
sick/s3701.png,TB,tbx11k
sick/s3703.png,TB,tbx11k
sick/s3704.png,TB,tbx11k
sick/s3706.png,TB,tbx11k
sick/s3710.png,TB,tbx11k
sick/s3711.png,TB,tbx11k
sick/s3712.png,TB,tbx11k
sick/s3713.png,TB,tbx11k
sick/s3714.png,TB,tbx11k
sick/s3715.png,TB,tbx11k
sick/s3716.png,TB,tbx11k
sick/s3718.png,TB,tbx11k
sick/s3721.png,TB,tbx11k
sick/s3723.png,TB,tbx11k
sick/s3725.png,TB,tbx11k
sick/s3726.png,TB,tbx11k
sick/s3727.png,TB,tbx11k
sick/s3728.png,TB,tbx11k
sick/s3730.png,TB,tbx11k
sick/s3731.png,TB,tbx11k
sick/s3732.png,TB,tbx11k
sick/s3733.png,TB,tbx11k
sick/s3734.png,TB,tbx11k
sick/s3736.png,TB,tbx11k
sick/s3737.png,TB,tbx11k
sick/s3738.png,TB,tbx11k
sick/s3740.png,TB,tbx11k
sick/s3743.png,TB,tbx11k
sick/s3744.png,TB,tbx11k
sick/s3747.png,TB,tbx11k
sick/s3748.png,TB,tbx11k
sick/s3751.png,TB,tbx11k
sick/s3752.png,TB,tbx11k
sick/s3754.png,TB,tbx11k
sick/s3757.png,TB,tbx11k
sick/s3758.png,TB,tbx11k
sick/s3760.png,TB,tbx11k
sick/s3761.png,TB,tbx11k
sick/s3764.png,TB,tbx11k
sick/s3765.png,TB,tbx11k
sick/s3767.png,TB,tbx11k
sick/s3772.png,TB,tbx11k
sick/s3773.png,TB,tbx11k
sick/s3776.png,TB,tbx11k
sick/s3777.png,TB,tbx11k
sick/s3778.png,TB,tbx11k
sick/s3779.png,TB,tbx11k
sick/s3780.png,TB,tbx11k
sick/s3781.png,TB,tbx11k
sick/s3783.png,TB,tbx11k
sick/s3784.png,TB,tbx11k
sick/s3785.png,TB,tbx11k
sick/s3787.png,TB,tbx11k
sick/s3788.png,TB,tbx11k
sick/s3789.png,TB,tbx11k
sick/s3791.png,TB,tbx11k
sick/s3792.png,TB,tbx11k
sick/s3793.png,TB,tbx11k
sick/s3794.png,TB,tbx11k
sick/s3797.png,TB,tbx11k
sick/s3798.png,TB,tbx11k
sick/s3799.png,TB,tbx11k
sick/s3800.png,TB,tbx11k
sick/s3801.png,TB,tbx11k
sick/s3802.png,TB,tbx11k
sick/s3803.png,TB,tbx11k
sick/s3804.png,TB,tbx11k
sick/s3805.png,TB,tbx11k
sick/s3806.png,TB,tbx11k
sick/s3807.png,TB,tbx11k
sick/s3809.png,TB,tbx11k
sick/s3810.png,TB,tbx11k
sick/s3811.png,TB,tbx11k
sick/s3812.png,TB,tbx11k
sick/s3813.png,TB,tbx11k
sick/s3815.png,TB,tbx11k
sick/s3816.png,TB,tbx11k
sick/s3817.png,TB,tbx11k
sick/s3818.png,TB,tbx11k
sick/s3819.png,TB,tbx11k
sick/s3820.png,TB,tbx11k
sick/s3821.png,TB,tbx11k
sick/s3822.png,TB,tbx11k
sick/s3823.png,TB,tbx11k
sick/s3826.png,TB,tbx11k
sick/s3827.png,TB,tbx11k
sick/s3828.png,TB,tbx11k
sick/s3831.png,TB,tbx11k
sick/s3832.png,TB,tbx11k
sick/s3833.png,TB,tbx11k
sick/s3835.png,TB,tbx11k
sick/s3836.png,TB,tbx11k
sick/s3837.png,TB,tbx11k
sick/s3838.png,TB,tbx11k
sick/s3839.png,TB,tbx11k
sick/s3840.png,TB,tbx11k
sick/s3841.png,TB,tbx11k
sick/s3842.png,TB,tbx11k
sick/s3843.png,TB,tbx11k
sick/s3844.png,TB,tbx11k
sick/s3846.png,TB,tbx11k
sick/s3847.png,TB,tbx11k
sick/s3848.png,TB,tbx11k
sick/s3853.png,TB,tbx11k
sick/s3854.png,TB,tbx11k
sick/s3855.png,TB,tbx11k
sick/s3857.png,TB,tbx11k
sick/s3858.png,TB,tbx11k
sick/s3859.png,TB,tbx11k
sick/s3860.png,TB,tbx11k
sick/s3861.png,TB,tbx11k
sick/s3862.png,TB,tbx11k
sick/s3863.png,TB,tbx11k
sick/s3864.png,TB,tbx11k
sick/s3865.png,TB,tbx11k
sick/s3867.png,TB,tbx11k
sick/s3868.png,TB,tbx11k
sick/s3870.png,TB,tbx11k
sick/s3871.png,TB,tbx11k
sick/s3872.png,TB,tbx11k
sick/s3873.png,TB,tbx11k
sick/s3874.png,TB,tbx11k
sick/s3875.png,TB,tbx11k
sick/s3877.png,TB,tbx11k
sick/s3880.png,TB,tbx11k
sick/s3882.png,TB,tbx11k
sick/s3884.png,TB,tbx11k
sick/s3885.png,TB,tbx11k
sick/s3887.png,TB,tbx11k
sick/s3888.png,TB,tbx11k
sick/s3889.png,TB,tbx11k
sick/s3890.png,TB,tbx11k
sick/s3891.png,TB,tbx11k
sick/s3892.png,TB,tbx11k
sick/s3894.png,TB,tbx11k
sick/s3895.png,TB,tbx11k
sick/s3897.png,TB,tbx11k
sick/s3898.png,TB,tbx11k
sick/s3899.png,TB,tbx11k
sick/s3900.png,TB,tbx11k
sick/s3903.png,TB,tbx11k
sick/s3910.png,TB,tbx11k
sick/s3911.png,TB,tbx11k
sick/s3912.png,TB,tbx11k
sick/s3913.png,TB,tbx11k
sick/s3914.png,TB,tbx11k
sick/s3915.png,TB,tbx11k
sick/s3916.png,TB,tbx11k
sick/s3918.png,TB,tbx11k
sick/s3919.png,TB,tbx11k
sick/s3920.png,TB,tbx11k
sick/s3924.png,TB,tbx11k
sick/s3925.png,TB,tbx11k
sick/s3926.png,TB,tbx11k
sick/s3927.png,TB,tbx11k
sick/s3928.png,TB,tbx11k
sick/s3929.png,TB,tbx11k
sick/s3931.png,TB,tbx11k
sick/s3934.png,TB,tbx11k
sick/s3935.png,TB,tbx11k
sick/s3936.png,TB,tbx11k
sick/s3937.png,TB,tbx11k
sick/s3939.png,TB,tbx11k
sick/s3940.png,TB,tbx11k
sick/s3941.png,TB,tbx11k
sick/s3942.png,TB,tbx11k
sick/s3943.png,TB,tbx11k
sick/s3944.png,TB,tbx11k
sick/s3946.png,TB,tbx11k
sick/s3948.png,TB,tbx11k
sick/s3949.png,TB,tbx11k
sick/s3952.png,TB,tbx11k
sick/s3953.png,TB,tbx11k
sick/s3954.png,TB,tbx11k
sick/s3955.png,TB,tbx11k
sick/s3956.png,TB,tbx11k
sick/s3958.png,TB,tbx11k
sick/s3959.png,TB,tbx11k
sick/s3960.png,TB,tbx11k
sick/s3961.png,TB,tbx11k
sick/s3962.png,TB,tbx11k
sick/s3964.png,TB,tbx11k
sick/s3965.png,TB,tbx11k
sick/s3966.png,TB,tbx11k
sick/s3968.png,TB,tbx11k
sick/s3969.png,TB,tbx11k
sick/s3970.png,TB,tbx11k
sick/s3972.png,TB,tbx11k
sick/s3973.png,TB,tbx11k
sick/s3974.png,TB,tbx11k
sick/s3976.png,TB,tbx11k
sick/s3977.png,TB,tbx11k
sick/s3978.png,TB,tbx11k
sick/s3981.png,TB,tbx11k
sick/s3982.png,TB,tbx11k
sick/s3983.png,TB,tbx11k
sick/s3984.png,TB,tbx11k
sick/s3987.png,TB,tbx11k
sick/s3988.png,TB,tbx11k
sick/s3990.png,TB,tbx11k
sick/s3991.png,TB,tbx11k
sick/s3992.png,TB,tbx11k
sick/s3993.png,TB,tbx11k
sick/s3994.png,TB,tbx11k
sick/s3995.png,TB,tbx11k
sick/s3996.png,TB,tbx11k
sick/s3997.png,TB,tbx11k
sick/s4000.png,TB,tbx11k
sick/s4001.png,TB,tbx11k
sick/s4004.png,TB,tbx11k
sick/s4005.png,TB,tbx11k
sick/s4008.png,TB,tbx11k
sick/s4009.png,TB,tbx11k
sick/s4010.png,TB,tbx11k
sick/s4012.png,TB,tbx11k
sick/s4013.png,TB,tbx11k
sick/s4014.png,TB,tbx11k
sick/s4016.png,TB,tbx11k
sick/s4017.png,TB,tbx11k
sick/s4018.png,TB,tbx11k
sick/s4020.png,TB,tbx11k
sick/s4021.png,TB,tbx11k
sick/s4022.png,TB,tbx11k
sick/s4023.png,TB,tbx11k
sick/s4024.png,TB,tbx11k
sick/s4028.png,TB,tbx11k
sick/s4031.png,TB,tbx11k
sick/s4032.png,TB,tbx11k
sick/s4033.png,TB,tbx11k
sick/s4035.png,TB,tbx11k
sick/s4036.png,TB,tbx11k
sick/s4037.png,TB,tbx11k
sick/s4038.png,TB,tbx11k
sick/s4039.png,TB,tbx11k
sick/s4040.png,TB,tbx11k
sick/s4041.png,TB,tbx11k
sick/s4044.png,TB,tbx11k
sick/s4045.png,TB,tbx11k
sick/s4046.png,TB,tbx11k
sick/s4047.png,TB,tbx11k
sick/s4049.png,TB,tbx11k
sick/s4050.png,TB,tbx11k
sick/s4051.png,TB,tbx11k
sick/s4052.png,TB,tbx11k
sick/s4053.png,TB,tbx11k
sick/s4056.png,TB,tbx11k
sick/s4060.png,TB,tbx11k
sick/s4062.png,TB,tbx11k
sick/s4064.png,TB,tbx11k
sick/s4065.png,TB,tbx11k
sick/s4066.png,TB,tbx11k
sick/s4067.png,TB,tbx11k
sick/s4068.png,TB,tbx11k
sick/s4070.png,TB,tbx11k
sick/s4071.png,TB,tbx11k
sick/s4072.png,TB,tbx11k
sick/s4073.png,TB,tbx11k
sick/s4074.png,TB,tbx11k
sick/s4075.png,TB,tbx11k
sick/s4077.png,TB,tbx11k
sick/s4078.png,TB,tbx11k
sick/s4079.png,TB,tbx11k
sick/s4080.png,TB,tbx11k
sick/s4081.png,TB,tbx11k
sick/s4082.png,TB,tbx11k
sick/s4083.png,TB,tbx11k
sick/s4084.png,TB,tbx11k
sick/s4087.png,TB,tbx11k
sick/s4088.png,TB,tbx11k
sick/s4089.png,TB,tbx11k
sick/s4090.png,TB,tbx11k
sick/s4091.png,TB,tbx11k
sick/s4092.png,TB,tbx11k
sick/s4093.png,TB,tbx11k
sick/s4095.png,TB,tbx11k
sick/s4096.png,TB,tbx11k
sick/s4097.png,TB,tbx11k
sick/s4099.png,TB,tbx11k
sick/s4100.png,TB,tbx11k
sick/s4103.png,TB,tbx11k
sick/s4104.png,TB,tbx11k
sick/s4105.png,TB,tbx11k
sick/s4106.png,TB,tbx11k
sick/s4108.png,TB,tbx11k
sick/s4109.png,TB,tbx11k
sick/s4111.png,TB,tbx11k
sick/s4113.png,TB,tbx11k
sick/s4114.png,TB,tbx11k
sick/s4115.png,TB,tbx11k
sick/s4116.png,TB,tbx11k
sick/s4117.png,TB,tbx11k
sick/s4118.png,TB,tbx11k
sick/s4119.png,TB,tbx11k
sick/s4120.png,TB,tbx11k
sick/s4122.png,TB,tbx11k
sick/s4123.png,TB,tbx11k
sick/s4124.png,TB,tbx11k
sick/s4125.png,TB,tbx11k
sick/s4126.png,TB,tbx11k
sick/s4127.png,TB,tbx11k
sick/s4128.png,TB,tbx11k
sick/s4130.png,TB,tbx11k
sick/s4131.png,TB,tbx11k
sick/s4132.png,TB,tbx11k
sick/s4135.png,TB,tbx11k
sick/s4136.png,TB,tbx11k
sick/s4138.png,TB,tbx11k
sick/s4139.png,TB,tbx11k
sick/s4140.png,TB,tbx11k
sick/s4143.png,TB,tbx11k
sick/s4144.png,TB,tbx11k
sick/s4145.png,TB,tbx11k
sick/s4146.png,TB,tbx11k
sick/s4147.png,TB,tbx11k
sick/s4148.png,TB,tbx11k
sick/s4149.png,TB,tbx11k
sick/s4150.png,TB,tbx11k
sick/s4152.png,TB,tbx11k
sick/s4153.png,TB,tbx11k
sick/s4156.png,TB,tbx11k
sick/s4157.png,TB,tbx11k
sick/s4158.png,TB,tbx11k
sick/s4159.png,TB,tbx11k
sick/s4160.png,TB,tbx11k
sick/s4161.png,TB,tbx11k
sick/s4162.png,TB,tbx11k
sick/s4163.png,TB,tbx11k
sick/s4164.png,TB,tbx11k
sick/s4165.png,TB,tbx11k
sick/s4166.png,TB,tbx11k
sick/s4167.png,TB,tbx11k
sick/s4168.png,TB,tbx11k
sick/s4172.png,TB,tbx11k
sick/s4175.png,TB,tbx11k
sick/s4176.png,TB,tbx11k
sick/s4177.png,TB,tbx11k
sick/s4178.png,TB,tbx11k
sick/s4179.png,TB,tbx11k
sick/s4180.png,TB,tbx11k
sick/s4181.png,TB,tbx11k
sick/s4183.png,TB,tbx11k
sick/s4184.png,TB,tbx11k
sick/s4186.png,TB,tbx11k
sick/s4189.png,TB,tbx11k
sick/s4190.png,TB,tbx11k
sick/s4191.png,TB,tbx11k
sick/s4192.png,TB,tbx11k
sick/s4193.png,TB,tbx11k
sick/s4196.png,TB,tbx11k
sick/s4197.png,TB,tbx11k
sick/s4200.png,TB,tbx11k
sick/s4202.png,TB,tbx11k
sick/s4204.png,TB,tbx11k
sick/s4205.png,TB,tbx11k
sick/s4206.png,TB,tbx11k
sick/s4207.png,TB,tbx11k
sick/s4208.png,TB,tbx11k
sick/s4212.png,TB,tbx11k
sick/s4213.png,TB,tbx11k
sick/s4214.png,TB,tbx11k
sick/s4216.png,TB,tbx11k
sick/s4218.png,TB,tbx11k
sick/s4219.png,TB,tbx11k
sick/s4220.png,TB,tbx11k
sick/s4222.png,TB,tbx11k
sick/s4224.png,TB,tbx11k
sick/s4225.png,TB,tbx11k
sick/s4226.png,TB,tbx11k
sick/s4227.png,TB,tbx11k
sick/s4229.png,TB,tbx11k
sick/s4230.png,TB,tbx11k
sick/s4231.png,TB,tbx11k
sick/s4232.png,TB,tbx11k
sick/s4233.png,TB,tbx11k
sick/s4234.png,TB,tbx11k
sick/s4235.png,TB,tbx11k
sick/s4236.png,TB,tbx11k
sick/s4237.png,TB,tbx11k
sick/s4238.png,TB,tbx11k
sick/s4241.png,TB,tbx11k
sick/s4242.png,TB,tbx11k
sick/s4243.png,TB,tbx11k
sick/s4244.png,TB,tbx11k
sick/s4246.png,TB,tbx11k
sick/s4247.png,TB,tbx11k
sick/s4249.png,TB,tbx11k
sick/s4250.png,TB,tbx11k
sick/s4251.png,TB,tbx11k
sick/s4252.png,TB,tbx11k
sick/s4253.png,TB,tbx11k
sick/s4254.png,TB,tbx11k
sick/s4255.png,TB,tbx11k
sick/s4256.png,TB,tbx11k
sick/s4257.png,TB,tbx11k
sick/s4259.png,TB,tbx11k
sick/s4260.png,TB,tbx11k
sick/s4262.png,TB,tbx11k
sick/s4263.png,TB,tbx11k
sick/s4264.png,TB,tbx11k
sick/s4265.png,TB,tbx11k
sick/s4267.png,TB,tbx11k
sick/s4268.png,TB,tbx11k
sick/s4270.png,TB,tbx11k
sick/s4271.png,TB,tbx11k
sick/s4272.png,TB,tbx11k
sick/s4273.png,TB,tbx11k
sick/s4274.png,TB,tbx11k
sick/s4275.png,TB,tbx11k
sick/s4276.png,TB,tbx11k
sick/s4277.png,TB,tbx11k
sick/s4278.png,TB,tbx11k
sick/s4280.png,TB,tbx11k
sick/s4283.png,TB,tbx11k
sick/s4286.png,TB,tbx11k
sick/s4288.png,TB,tbx11k
sick/s4289.png,TB,tbx11k
sick/s4290.png,TB,tbx11k
sick/s4291.png,TB,tbx11k
sick/s4292.png,TB,tbx11k
sick/s4293.png,TB,tbx11k
sick/s4294.png,TB,tbx11k
sick/s4295.png,TB,tbx11k
sick/s4296.png,TB,tbx11k
sick/s4299.png,TB,tbx11k
sick/s4300.png,TB,tbx11k
sick/s4302.png,TB,tbx11k
sick/s4306.png,TB,tbx11k
sick/s4307.png,TB,tbx11k
sick/s4308.png,TB,tbx11k
sick/s4309.png,TB,tbx11k
sick/s4311.png,TB,tbx11k
sick/s4312.png,TB,tbx11k
sick/s4313.png,TB,tbx11k
sick/s4314.png,TB,tbx11k
sick/s4315.png,TB,tbx11k
sick/s4316.png,TB,tbx11k
sick/s4317.png,TB,tbx11k
sick/s4318.png,TB,tbx11k
sick/s4319.png,TB,tbx11k
sick/s4320.png,TB,tbx11k
sick/s4321.png,TB,tbx11k
sick/s4322.png,TB,tbx11k
sick/s4323.png,TB,tbx11k
sick/s4327.png,TB,tbx11k
sick/s4328.png,TB,tbx11k
sick/s4330.png,TB,tbx11k
sick/s4333.png,TB,tbx11k
sick/s4335.png,TB,tbx11k
sick/s4336.png,TB,tbx11k
sick/s4337.png,TB,tbx11k
sick/s4338.png,TB,tbx11k
sick/s4340.png,TB,tbx11k
sick/s4342.png,TB,tbx11k
sick/s4343.png,TB,tbx11k
sick/s4344.png,TB,tbx11k
sick/s4345.png,TB,tbx11k
sick/s4346.png,TB,tbx11k
sick/s4347.png,TB,tbx11k
sick/s4348.png,TB,tbx11k
sick/s4349.png,TB,tbx11k
sick/s4351.png,TB,tbx11k
sick/s4352.png,TB,tbx11k
sick/s4353.png,TB,tbx11k
sick/s4357.png,TB,tbx11k
sick/s4358.png,TB,tbx11k
sick/s4359.png,TB,tbx11k
sick/s4362.png,TB,tbx11k
sick/s4363.png,TB,tbx11k
sick/s4364.png,TB,tbx11k
sick/s4365.png,TB,tbx11k
sick/s4366.png,TB,tbx11k
sick/s4369.png,TB,tbx11k
sick/s4370.png,TB,tbx11k
sick/s4371.png,TB,tbx11k
sick/s4374.png,TB,tbx11k
sick/s4375.png,TB,tbx11k
sick/s4376.png,TB,tbx11k
sick/s4377.png,TB,tbx11k
sick/s4380.png,TB,tbx11k
sick/s4383.png,TB,tbx11k
sick/s4384.png,TB,tbx11k
sick/s4385.png,TB,tbx11k
sick/s4386.png,TB,tbx11k
sick/s4387.png,TB,tbx11k
sick/s4389.png,TB,tbx11k
sick/s4391.png,TB,tbx11k
sick/s4392.png,TB,tbx11k
sick/s4393.png,TB,tbx11k
sick/s4394.png,TB,tbx11k
sick/s4395.png,TB,tbx11k
sick/s4397.png,TB,tbx11k
sick/s4399.png,TB,tbx11k
sick/s4400.png,TB,tbx11k
sick/s4401.png,TB,tbx11k
sick/s4402.png,TB,tbx11k
sick/s4404.png,TB,tbx11k
sick/s4405.png,TB,tbx11k
sick/s4407.png,TB,tbx11k
sick/s4408.png,TB,tbx11k
sick/s4409.png,TB,tbx11k
sick/s4410.png,TB,tbx11k
sick/s4412.png,TB,tbx11k
sick/s4414.png,TB,tbx11k
sick/s4416.png,TB,tbx11k
sick/s4417.png,TB,tbx11k
sick/s4418.png,TB,tbx11k
sick/s4420.png,TB,tbx11k
sick/s4421.png,TB,tbx11k
sick/s4422.png,TB,tbx11k
sick/s4423.png,TB,tbx11k
sick/s4424.png,TB,tbx11k
sick/s4425.png,TB,tbx11k
sick/s4426.png,TB,tbx11k
sick/s4427.png,TB,tbx11k
sick/s4428.png,TB,tbx11k
sick/s4430.png,TB,tbx11k
sick/s4431.png,TB,tbx11k
sick/s4432.png,TB,tbx11k
sick/s4435.png,TB,tbx11k
sick/s4437.png,TB,tbx11k
sick/s4439.png,TB,tbx11k
sick/s4440.png,TB,tbx11k
sick/s4441.png,TB,tbx11k
sick/s4443.png,TB,tbx11k
sick/s4444.png,TB,tbx11k
sick/s4446.png,TB,tbx11k
sick/s4447.png,TB,tbx11k
sick/s4448.png,TB,tbx11k
sick/s4451.png,TB,tbx11k
sick/s4452.png,TB,tbx11k
sick/s4453.png,TB,tbx11k
sick/s4454.png,TB,tbx11k
sick/s4455.png,TB,tbx11k
sick/s4456.png,TB,tbx11k
sick/s4457.png,TB,tbx11k
sick/s4458.png,TB,tbx11k
sick/s4461.png,TB,tbx11k
sick/s4462.png,TB,tbx11k
sick/s4463.png,TB,tbx11k
sick/s4465.png,TB,tbx11k
sick/s4466.png,TB,tbx11k
sick/s4467.png,TB,tbx11k
sick/s4469.png,TB,tbx11k
sick/s4470.png,TB,tbx11k
sick/s4471.png,TB,tbx11k
sick/s4472.png,TB,tbx11k
sick/s4473.png,TB,tbx11k
sick/s4474.png,TB,tbx11k
sick/s4475.png,TB,tbx11k
sick/s4476.png,TB,tbx11k
sick/s4478.png,TB,tbx11k
sick/s4480.png,TB,tbx11k
sick/s4481.png,TB,tbx11k
sick/s4482.png,TB,tbx11k
sick/s4483.png,TB,tbx11k
sick/s4484.png,TB,tbx11k
sick/s4485.png,TB,tbx11k
sick/s4486.png,TB,tbx11k
sick/s4488.png,TB,tbx11k
sick/s4489.png,TB,tbx11k
sick/s4490.png,TB,tbx11k
sick/s4491.png,TB,tbx11k
sick/s4492.png,TB,tbx11k
sick/s4498.png,TB,tbx11k
sick/s4500.png,TB,tbx11k
sick/s4503.png,TB,tbx11k
sick/s4504.png,TB,tbx11k
sick/s4505.png,TB,tbx11k
sick/s4506.png,TB,tbx11k
sick/s4508.png,TB,tbx11k
sick/s4509.png,TB,tbx11k
sick/s4514.png,TB,tbx11k
sick/s4515.png,TB,tbx11k
sick/s4516.png,TB,tbx11k
sick/s4520.png,TB,tbx11k
sick/s4521.png,TB,tbx11k
sick/s4524.png,TB,tbx11k
sick/s4525.png,TB,tbx11k
sick/s4526.png,TB,tbx11k
sick/s4527.png,TB,tbx11k
sick/s4528.png,TB,tbx11k
sick/s4530.png,TB,tbx11k
sick/s4531.png,TB,tbx11k
sick/s4532.png,TB,tbx11k
sick/s4533.png,TB,tbx11k
sick/s4534.png,TB,tbx11k
sick/s4535.png,TB,tbx11k
sick/s4536.png,TB,tbx11k
sick/s4538.png,TB,tbx11k
sick/s4539.png,TB,tbx11k
sick/s4541.png,TB,tbx11k
sick/s4542.png,TB,tbx11k
sick/s4543.png,TB,tbx11k
sick/s4544.png,TB,tbx11k
sick/s4547.png,TB,tbx11k
sick/s4548.png,TB,tbx11k
sick/s4551.png,TB,tbx11k
sick/s4552.png,TB,tbx11k
sick/s4554.png,TB,tbx11k
sick/s4555.png,TB,tbx11k
sick/s4556.png,TB,tbx11k
sick/s4558.png,TB,tbx11k
sick/s4559.png,TB,tbx11k
sick/s4560.png,TB,tbx11k
sick/s4561.png,TB,tbx11k
sick/s4562.png,TB,tbx11k
sick/s4563.png,TB,tbx11k
sick/s4564.png,TB,tbx11k
sick/s4565.png,TB,tbx11k
sick/s4568.png,TB,tbx11k
sick/s4569.png,TB,tbx11k
sick/s4570.png,TB,tbx11k
sick/s4571.png,TB,tbx11k
sick/s4575.png,TB,tbx11k
sick/s4578.png,TB,tbx11k
sick/s4579.png,TB,tbx11k
sick/s4580.png,TB,tbx11k
sick/s4581.png,TB,tbx11k
sick/s4582.png,TB,tbx11k
sick/s4583.png,TB,tbx11k
sick/s4584.png,TB,tbx11k
sick/s4585.png,TB,tbx11k
sick/s4586.png,TB,tbx11k
sick/s4587.png,TB,tbx11k
sick/s4588.png,TB,tbx11k
sick/s4589.png,TB,tbx11k
sick/s4590.png,TB,tbx11k
sick/s4593.png,TB,tbx11k
sick/s4594.png,TB,tbx11k
sick/s4595.png,TB,tbx11k
sick/s4597.png,TB,tbx11k
sick/s4598.png,TB,tbx11k
sick/s4599.png,TB,tbx11k
sick/s4602.png,TB,tbx11k
sick/s4605.png,TB,tbx11k
sick/s4606.png,TB,tbx11k
sick/s4609.png,TB,tbx11k
sick/s4610.png,TB,tbx11k
sick/s4611.png,TB,tbx11k
sick/s4612.png,TB,tbx11k
sick/s4613.png,TB,tbx11k
sick/s4614.png,TB,tbx11k
sick/s4615.png,TB,tbx11k
sick/s4616.png,TB,tbx11k
sick/s4619.png,TB,tbx11k
sick/s4622.png,TB,tbx11k
sick/s4623.png,TB,tbx11k
sick/s4624.png,TB,tbx11k
sick/s4625.png,TB,tbx11k
sick/s4626.png,TB,tbx11k
sick/s4628.png,TB,tbx11k
sick/s4629.png,TB,tbx11k
sick/s4631.png,TB,tbx11k
sick/s4633.png,TB,tbx11k
sick/s4634.png,TB,tbx11k
sick/s4635.png,TB,tbx11k
sick/s4636.png,TB,tbx11k
sick/s4637.png,TB,tbx11k
sick/s4638.png,TB,tbx11k
sick/s4640.png,TB,tbx11k
sick/s4641.png,TB,tbx11k
sick/s4642.png,TB,tbx11k
sick/s4643.png,TB,tbx11k
sick/s4644.png,TB,tbx11k
sick/s4645.png,TB,tbx11k
sick/s4647.png,TB,tbx11k
sick/s4648.png,TB,tbx11k
sick/s4649.png,TB,tbx11k
sick/s4650.png,TB,tbx11k
sick/s4651.png,TB,tbx11k
sick/s4652.png,TB,tbx11k
sick/s4653.png,TB,tbx11k
sick/s4654.png,TB,tbx11k
sick/s4655.png,TB,tbx11k
sick/s4657.png,TB,tbx11k
sick/s4659.png,TB,tbx11k
sick/s4660.png,TB,tbx11k
sick/s4661.png,TB,tbx11k
sick/s4663.png,TB,tbx11k
sick/s4664.png,TB,tbx11k
sick/s4665.png,TB,tbx11k
sick/s4667.png,TB,tbx11k
sick/s4668.png,TB,tbx11k
sick/s4669.png,TB,tbx11k
sick/s4670.png,TB,tbx11k
sick/s4671.png,TB,tbx11k
sick/s4672.png,TB,tbx11k
sick/s4673.png,TB,tbx11k
sick/s4675.png,TB,tbx11k
sick/s4676.png,TB,tbx11k
sick/s4680.png,TB,tbx11k
sick/s4681.png,TB,tbx11k
sick/s4682.png,TB,tbx11k
sick/s4684.png,TB,tbx11k
sick/s4685.png,TB,tbx11k
sick/s4686.png,TB,tbx11k
sick/s4688.png,TB,tbx11k
sick/s4689.png,TB,tbx11k
sick/s4690.png,TB,tbx11k
sick/s4691.png,TB,tbx11k
sick/s4692.png,TB,tbx11k
sick/s4693.png,TB,tbx11k
sick/s4694.png,TB,tbx11k
sick/s4696.png,TB,tbx11k
sick/s4697.png,TB,tbx11k
sick/s4698.png,TB,tbx11k
sick/s4701.png,TB,tbx11k
sick/s4704.png,TB,tbx11k
sick/s4705.png,TB,tbx11k
sick/s4706.png,TB,tbx11k
sick/s4707.png,TB,tbx11k
sick/s4708.png,TB,tbx11k
sick/s4709.png,TB,tbx11k
sick/s4710.png,TB,tbx11k
sick/s4711.png,TB,tbx11k
sick/s4712.png,TB,tbx11k
sick/s4713.png,TB,tbx11k
sick/s4714.png,TB,tbx11k
sick/s4715.png,TB,tbx11k
sick/s4716.png,TB,tbx11k
sick/s4718.png,TB,tbx11k
sick/s4719.png,TB,tbx11k
sick/s4720.png,TB,tbx11k
sick/s4721.png,TB,tbx11k
sick/s4723.png,TB,tbx11k
sick/s4724.png,TB,tbx11k
sick/s4725.png,TB,tbx11k
sick/s4726.png,TB,tbx11k
sick/s4727.png,TB,tbx11k
sick/s4728.png,TB,tbx11k
sick/s4729.png,TB,tbx11k
sick/s4730.png,TB,tbx11k
sick/s4731.png,TB,tbx11k
sick/s4732.png,TB,tbx11k
sick/s4733.png,TB,tbx11k
sick/s4734.png,TB,tbx11k
sick/s4736.png,TB,tbx11k
sick/s4737.png,TB,tbx11k
sick/s4738.png,TB,tbx11k
sick/s4739.png,TB,tbx11k
sick/s4740.png,TB,tbx11k
sick/s4741.png,TB,tbx11k
sick/s4742.png,TB,tbx11k
sick/s4743.png,TB,tbx11k
sick/s4744.png,TB,tbx11k
sick/s4745.png,TB,tbx11k
sick/s4747.png,TB,tbx11k
sick/s4750.png,TB,tbx11k
sick/s4751.png,TB,tbx11k
sick/s4752.png,TB,tbx11k
sick/s4754.png,TB,tbx11k
sick/s4755.png,TB,tbx11k
sick/s4756.png,TB,tbx11k
sick/s4757.png,TB,tbx11k
sick/s4758.png,TB,tbx11k
sick/s4759.png,TB,tbx11k
sick/s4760.png,TB,tbx11k
sick/s4761.png,TB,tbx11k
sick/s4763.png,TB,tbx11k
sick/s4764.png,TB,tbx11k
sick/s4765.png,TB,tbx11k
sick/s4766.png,TB,tbx11k
sick/s4769.png,TB,tbx11k
sick/s4770.png,TB,tbx11k
sick/s4771.png,TB,tbx11k
sick/s4774.png,TB,tbx11k
sick/s4775.png,TB,tbx11k
sick/s4776.png,TB,tbx11k
sick/s4777.png,TB,tbx11k
sick/s4780.png,TB,tbx11k
sick/s4781.png,TB,tbx11k
sick/s4783.png,TB,tbx11k
sick/s4784.png,TB,tbx11k
sick/s4786.png,TB,tbx11k
sick/s4787.png,TB,tbx11k
sick/s4788.png,TB,tbx11k
sick/s4789.png,TB,tbx11k
sick/s4790.png,TB,tbx11k
sick/s4791.png,TB,tbx11k
sick/s4792.png,TB,tbx11k
sick/s4794.png,TB,tbx11k
sick/s4795.png,TB,tbx11k
sick/s4796.png,TB,tbx11k
sick/s4798.png,TB,tbx11k
sick/s4799.png,TB,tbx11k
sick/s4800.png,TB,tbx11k
sick/s4801.png,TB,tbx11k
sick/s4802.png,TB,tbx11k
sick/s4803.png,TB,tbx11k
sick/s4804.png,TB,tbx11k
sick/s4807.png,TB,tbx11k
sick/s4811.png,TB,tbx11k
sick/s4812.png,TB,tbx11k
sick/s4813.png,TB,tbx11k
sick/s4814.png,TB,tbx11k
sick/s4815.png,TB,tbx11k
sick/s4816.png,TB,tbx11k
sick/s4817.png,TB,tbx11k
sick/s4819.png,TB,tbx11k
sick/s4821.png,TB,tbx11k
sick/s4822.png,TB,tbx11k
sick/s4823.png,TB,tbx11k
sick/s4824.png,TB,tbx11k
sick/s4825.png,TB,tbx11k
sick/s4826.png,TB,tbx11k
sick/s4827.png,TB,tbx11k
sick/s4828.png,TB,tbx11k
sick/s4829.png,TB,tbx11k
sick/s4830.png,TB,tbx11k
sick/s4831.png,TB,tbx11k
sick/s4832.png,TB,tbx11k
sick/s4835.png,TB,tbx11k
sick/s4836.png,TB,tbx11k
sick/s4837.png,TB,tbx11k
sick/s4838.png,TB,tbx11k
sick/s4839.png,TB,tbx11k
sick/s4840.png,TB,tbx11k
sick/s4841.png,TB,tbx11k
sick/s4843.png,TB,tbx11k
sick/s4844.png,TB,tbx11k
sick/s4845.png,TB,tbx11k
sick/s4847.png,TB,tbx11k
sick/s4850.png,TB,tbx11k
sick/s4851.png,TB,tbx11k
sick/s4852.png,TB,tbx11k
sick/s4853.png,TB,tbx11k
sick/s4854.png,TB,tbx11k
sick/s4857.png,TB,tbx11k
sick/s4858.png,TB,tbx11k
sick/s4859.png,TB,tbx11k
sick/s4860.png,TB,tbx11k
sick/s4861.png,TB,tbx11k
sick/s4864.png,TB,tbx11k
sick/s4865.png,TB,tbx11k
sick/s4866.png,TB,tbx11k
sick/s4868.png,TB,tbx11k
sick/s4869.png,TB,tbx11k
sick/s4870.png,TB,tbx11k
sick/s4871.png,TB,tbx11k
sick/s4874.png,TB,tbx11k
sick/s4875.png,TB,tbx11k
sick/s4877.png,TB,tbx11k
sick/s4878.png,TB,tbx11k
sick/s4879.png,TB,tbx11k
sick/s4880.png,TB,tbx11k
sick/s4882.png,TB,tbx11k
sick/s4884.png,TB,tbx11k
sick/s4885.png,TB,tbx11k
sick/s4886.png,TB,tbx11k
sick/s4887.png,TB,tbx11k
sick/s4888.png,TB,tbx11k
sick/s4889.png,TB,tbx11k
sick/s4890.png,TB,tbx11k
sick/s4892.png,TB,tbx11k
sick/s4896.png,TB,tbx11k
sick/s4897.png,TB,tbx11k
sick/s4898.png,TB,tbx11k
sick/s4899.png,TB,tbx11k
sick/s4901.png,TB,tbx11k
sick/s4903.png,TB,tbx11k
sick/s4904.png,TB,tbx11k
sick/s4905.png,TB,tbx11k
sick/s4906.png,TB,tbx11k
sick/s4907.png,TB,tbx11k
sick/s4908.png,TB,tbx11k
sick/s4909.png,TB,tbx11k
sick/s4910.png,TB,tbx11k
sick/s4911.png,TB,tbx11k
sick/s4913.png,TB,tbx11k
sick/s4914.png,TB,tbx11k
sick/s4915.png,TB,tbx11k
sick/s4916.png,TB,tbx11k
sick/s4919.png,TB,tbx11k
sick/s4920.png,TB,tbx11k
sick/s4921.png,TB,tbx11k
sick/s4922.png,TB,tbx11k
sick/s4923.png,TB,tbx11k
sick/s4925.png,TB,tbx11k
sick/s4926.png,TB,tbx11k
sick/s4927.png,TB,tbx11k
sick/s4928.png,TB,tbx11k
sick/s4929.png,TB,tbx11k
sick/s4931.png,TB,tbx11k
sick/s4933.png,TB,tbx11k
sick/s4934.png,TB,tbx11k
sick/s4936.png,TB,tbx11k
sick/s4937.png,TB,tbx11k
sick/s4940.png,TB,tbx11k
sick/s4942.png,TB,tbx11k
sick/s4943.png,TB,tbx11k
sick/s4945.png,TB,tbx11k
sick/s4947.png,TB,tbx11k
sick/s4948.png,TB,tbx11k
sick/s4949.png,TB,tbx11k
sick/s4953.png,TB,tbx11k
sick/s4954.png,TB,tbx11k
sick/s4955.png,TB,tbx11k
sick/s4956.png,TB,tbx11k
sick/s4957.png,TB,tbx11k
sick/s4959.png,TB,tbx11k
sick/s4961.png,TB,tbx11k
sick/s4962.png,TB,tbx11k
sick/s4963.png,TB,tbx11k
sick/s4964.png,TB,tbx11k
sick/s4965.png,TB,tbx11k
sick/s4966.png,TB,tbx11k
sick/s4967.png,TB,tbx11k
sick/s4969.png,TB,tbx11k
sick/s4970.png,TB,tbx11k
sick/s4972.png,TB,tbx11k
sick/s4973.png,TB,tbx11k
sick/s4974.png,TB,tbx11k
sick/s4975.png,TB,tbx11k
sick/s4977.png,TB,tbx11k
sick/s4981.png,TB,tbx11k
sick/s4982.png,TB,tbx11k
sick/s4983.png,TB,tbx11k
sick/s4985.png,TB,tbx11k
sick/s4987.png,TB,tbx11k
sick/s4989.png,TB,tbx11k
sick/s4990.png,TB,tbx11k
sick/s4991.png,TB,tbx11k
sick/s4992.png,TB,tbx11k
sick/s4993.png,TB,tbx11k
sick/s4994.png,TB,tbx11k
sick/s4995.png,TB,tbx11k
sick/s4998.png,TB,tbx11k
extra/da+db/train/n11.png,Normal,tbx11k
extra/da+db/train/n12.png,Normal,tbx11k
extra/da+db/train/n13.png,Normal,tbx11k
extra/da+db/train/n14.png,Normal,tbx11k
extra/da+db/train/n17.png,Normal,tbx11k
extra/da+db/train/n20.png,Normal,tbx11k
extra/da+db/train/n21.png,Normal,tbx11k
extra/da+db/train/n22.png,Normal,tbx11k
extra/da+db/train/n27.png,Normal,tbx11k
extra/da+db/train/n28.png,Normal,tbx11k
extra/da+db/train/n29.png,Normal,tbx11k
extra/da+db/train/n3.png,Normal,tbx11k
extra/da+db/train/n31.png,Normal,tbx11k
extra/da+db/train/n34.png,Normal,tbx11k
extra/da+db/train/n35.png,Normal,tbx11k
extra/da+db/train/n36.png,Normal,tbx11k
extra/da+db/train/n37.png,Normal,tbx11k
extra/da+db/train/n38.png,Normal,tbx11k
extra/da+db/train/n4.png,Normal,tbx11k
extra/da+db/train/n40.png,Normal,tbx11k
extra/da+db/train/n41.png,Normal,tbx11k
extra/da+db/train/n43.png,Normal,tbx11k
extra/da+db/train/n44.png,Normal,tbx11k
extra/da+db/train/n47.png,Normal,tbx11k
extra/da+db/train/n48.png,Normal,tbx11k
extra/da+db/train/n6.png,Normal,tbx11k
extra/da+db/train/n7.png,Normal,tbx11k
extra/da+db/train/n9.png,Normal,tbx11k
extra/da+db/train/nx1.jpg,Normal,tbx11k
extra/da+db/train/nx12.jpg,Normal,tbx11k
extra/da+db/train/nx15.jpg,Normal,tbx11k
extra/da+db/train/nx18.jpg,Normal,tbx11k
extra/da+db/train/nx20.jpg,Normal,tbx11k
extra/da+db/train/nx21.jpg,Normal,tbx11k
extra/da+db/train/nx22.jpg,Normal,tbx11k
extra/da+db/train/nx24.jpg,Normal,tbx11k
extra/da+db/train/nx32.jpg,Normal,tbx11k
extra/da+db/train/nx33.jpg,Normal,tbx11k
extra/da+db/train/nx34.jpg,Normal,tbx11k
extra/da+db/train/nx35.jpg,Normal,tbx11k
extra/da+db/train/nx36.jpg,Normal,tbx11k
extra/da+db/train/nx39.jpg,Normal,tbx11k
extra/da+db/train/nx40.jpg,Normal,tbx11k
extra/da+db/train/nx45.jpg,Normal,tbx11k
extra/da+db/train/nx46.jpg,Normal,tbx11k
extra/da+db/train/nx47.jpg,Normal,tbx11k
extra/da+db/train/nx48.jpg,Normal,tbx11k
extra/da+db/train/nx49.jpg,Normal,tbx11k
extra/da+db/train/nx50.jpg,Normal,tbx11k
extra/da+db/train/nx52.jpg,Normal,tbx11k
extra/da+db/train/nx6.jpg,Normal,tbx11k
extra/da+db/train/nx7.jpg,Normal,tbx11k
extra/da+db/train/nx8.jpg,Normal,tbx11k
extra/da+db/train/p1.png,Normal,tbx11k
extra/da+db/train/p11.png,Normal,tbx11k
extra/da+db/train/p12.png,Normal,tbx11k
extra/da+db/train/p14.png,Normal,tbx11k
extra/da+db/train/p16.png,Normal,tbx11k
extra/da+db/train/p17.png,Normal,tbx11k
extra/da+db/train/p18.png,Normal,tbx11k
extra/da+db/train/p19.png,Normal,tbx11k
extra/da+db/train/p2.png,Normal,tbx11k
extra/da+db/train/p22.png,Normal,tbx11k
extra/da+db/train/p3.png,Normal,tbx11k
extra/da+db/train/p6.png,Normal,tbx11k
extra/da+db/train/px12.jpg,Normal,tbx11k
extra/da+db/train/px16.jpg,Normal,tbx11k
extra/da+db/train/px18.jpg,Normal,tbx11k
extra/da+db/train/px19.jpg,Normal,tbx11k
extra/da+db/train/px23.jpg,Normal,tbx11k
extra/da+db/train/px25.jpg,Normal,tbx11k
extra/da+db/train/px27.jpg,Normal,tbx11k
extra/da+db/train/px28.jpg,Normal,tbx11k
extra/da+db/train/px31.jpg,Normal,tbx11k
extra/da+db/train/px32.jpg,Normal,tbx11k
extra/da+db/train/px37.jpg,Normal,tbx11k
extra/da+db/train/px38.jpg,Normal,tbx11k
extra/da+db/train/px4.jpg,Normal,tbx11k
extra/da+db/train/px40.jpg,Normal,tbx11k
extra/da+db/train/px41.jpg,Normal,tbx11k
extra/da+db/train/px42.jpg,Normal,tbx11k
extra/da+db/train/px43.jpg,Normal,tbx11k
extra/da+db/train/px45.jpg,Normal,tbx11k
extra/da+db/train/px5.jpg,Normal,tbx11k
extra/da+db/train/px51.jpg,Normal,tbx11k
extra/da+db/train/px52.jpg,Normal,tbx11k
extra/da+db/train/px7.jpg,Normal,tbx11k
extra/da+db/val/n10.png,Normal,tbx11k
extra/da+db/val/n15.png,Normal,tbx11k
extra/da+db/val/n16.png,Normal,tbx11k
extra/da+db/val/n18.png,Normal,tbx11k
extra/da+db/val/n19.png,Normal,tbx11k
extra/da+db/val/n2.png,Normal,tbx11k
extra/da+db/val/n23.png,Normal,tbx11k
extra/da+db/val/n24.png,Normal,tbx11k
extra/da+db/val/n25.png,Normal,tbx11k
extra/da+db/val/n26.png,Normal,tbx11k
extra/da+db/val/n33.png,Normal,tbx11k
extra/da+db/val/n39.png,Normal,tbx11k
extra/da+db/val/n42.png,Normal,tbx11k
extra/da+db/val/n45.png,Normal,tbx11k
extra/da+db/val/n46.png,Normal,tbx11k
extra/da+db/val/n49.png,Normal,tbx11k
extra/da+db/val/n50.png,Normal,tbx11k
extra/da+db/val/n8.png,Normal,tbx11k
extra/da+db/val/nx10.jpg,Normal,tbx11k
extra/da+db/val/nx11.jpg,Normal,tbx11k
extra/da+db/val/nx13.jpg,Normal,tbx11k
extra/da+db/val/nx14.jpg,Normal,tbx11k
extra/da+db/val/nx16.jpg,Normal,tbx11k
extra/da+db/val/nx17.jpg,Normal,tbx11k
extra/da+db/val/nx19.jpg,Normal,tbx11k
extra/da+db/val/nx2.jpg,Normal,tbx11k
extra/da+db/val/nx23.jpg,Normal,tbx11k
extra/da+db/val/nx25.jpg,Normal,tbx11k
extra/da+db/val/nx26.jpg,Normal,tbx11k
extra/da+db/val/nx27.jpg,Normal,tbx11k
extra/da+db/val/nx28.jpg,Normal,tbx11k
extra/da+db/val/nx29.jpg,Normal,tbx11k
extra/da+db/val/nx3.jpg,Normal,tbx11k
extra/da+db/val/nx30.jpg,Normal,tbx11k
extra/da+db/val/nx31.jpg,Normal,tbx11k
extra/da+db/val/nx37.jpg,Normal,tbx11k
extra/da+db/val/nx38.jpg,Normal,tbx11k
extra/da+db/val/nx4.jpg,Normal,tbx11k
extra/da+db/val/nx41.jpg,Normal,tbx11k
extra/da+db/val/nx42.jpg,Normal,tbx11k
extra/da+db/val/nx43.jpg,Normal,tbx11k
extra/da+db/val/nx44.jpg,Normal,tbx11k
extra/da+db/val/nx5.jpg,Normal,tbx11k
extra/da+db/val/nx51.jpg,Normal,tbx11k
extra/da+db/val/nx9.jpg,Normal,tbx11k
extra/da+db/val/p10.png,Normal,tbx11k
extra/da+db/val/p13.png,Normal,tbx11k
extra/da+db/val/p15.png,Normal,tbx11k
extra/da+db/val/p20.png,Normal,tbx11k
extra/da+db/val/p21.png,Normal,tbx11k
extra/da+db/val/p4.png,Normal,tbx11k
extra/da+db/val/p5.png,Normal,tbx11k
extra/da+db/val/p7.png,Normal,tbx11k
extra/da+db/val/p8.png,Normal,tbx11k
extra/da+db/val/p9.png,Normal,tbx11k
extra/da+db/val/px1.jpg,Normal,tbx11k
extra/da+db/val/px10.jpg,Normal,tbx11k
extra/da+db/val/px11.jpg,Normal,tbx11k
extra/da+db/val/px13.jpg,Normal,tbx11k
extra/da+db/val/px14.jpg,Normal,tbx11k
extra/da+db/val/px15.jpg,Normal,tbx11k
extra/da+db/val/px17.jpg,Normal,tbx11k
extra/da+db/val/px2.jpg,Normal,tbx11k
extra/da+db/val/px20.jpg,Normal,tbx11k
extra/da+db/val/px21.jpg,Normal,tbx11k
extra/da+db/val/px22.jpg,Normal,tbx11k
extra/da+db/val/px24.jpg,Normal,tbx11k
extra/da+db/val/px26.jpg,Normal,tbx11k
extra/da+db/val/px29.jpg,Normal,tbx11k
extra/da+db/val/px3.jpg,Normal,tbx11k
extra/da+db/val/px30.jpg,Normal,tbx11k
extra/da+db/val/px33.jpg,Normal,tbx11k
extra/da+db/val/px34.jpg,Normal,tbx11k
extra/da+db/val/px35.jpg,Normal,tbx11k
extra/da+db/val/px36.jpg,Normal,tbx11k
extra/da+db/val/px39.jpg,Normal,tbx11k
extra/da+db/val/px44.jpg,Normal,tbx11k
extra/da+db/val/px46.jpg,Normal,tbx11k
extra/da+db/val/px47.jpg,Normal,tbx11k
extra/da+db/val/px48.jpg,Normal,tbx11k
extra/da+db/val/px49.jpg,Normal,tbx11k
extra/da+db/val/px50.jpg,Normal,tbx11k
extra/da+db/val/px6.jpg,Normal,tbx11k
extra/da+db/val/px8.jpg,Normal,tbx11k
extra/da+db/val/px9.jpg,Normal,tbx11k
extra/mc+shenzhen/train/CHNCXR_0004_0.png,Normal,tbx11k
extra/mc+shenzhen/train/CHNCXR_0010_0.png,Normal,tbx11k
extra/mc+shenzhen/train/CHNCXR_0011_0.png,Normal,tbx11k
extra/mc+shenzhen/train/CHNCXR_0019_0.png,Normal,tbx11k
extra/mc+shenzhen/train/CHNCXR_0020_0.png,Normal,tbx11k
extra/mc+shenzhen/train/CHNCXR_0025_0.png,Normal,tbx11k
extra/mc+shenzhen/train/CHNCXR_0026_0.png,Normal,tbx11k
extra/mc+shenzhen/train/CHNCXR_0033_0.png,Normal,tbx11k
extra/mc+shenzhen/train/CHNCXR_0034_0.png,Normal,tbx11k
extra/mc+shenzhen/train/CHNCXR_0038_0.png,Normal,tbx11k
extra/mc+shenzhen/train/CHNCXR_0041_0.png,Normal,tbx11k
extra/mc+shenzhen/train/CHNCXR_0043_0.png,Normal,tbx11k
extra/mc+shenzhen/train/CHNCXR_0052_0.png,Normal,tbx11k
extra/mc+shenzhen/train/CHNCXR_0053_0.png,Normal,tbx11k
extra/mc+shenzhen/train/CHNCXR_0055_0.png,Normal,tbx11k
extra/mc+shenzhen/train/CHNCXR_0057_0.png,Normal,tbx11k
extra/mc+shenzhen/train/CHNCXR_0059_0.png,Normal,tbx11k
extra/mc+shenzhen/train/CHNCXR_0060_0.png,Normal,tbx11k
extra/mc+shenzhen/train/CHNCXR_0062_0.png,Normal,tbx11k
extra/mc+shenzhen/train/CHNCXR_0064_0.png,Normal,tbx11k
extra/mc+shenzhen/train/CHNCXR_0068_0.png,Normal,tbx11k
extra/mc+shenzhen/train/CHNCXR_0075_0.png,Normal,tbx11k
extra/mc+shenzhen/train/CHNCXR_0085_0.png,Normal,tbx11k
extra/mc+shenzhen/train/CHNCXR_0089_0.png,Normal,tbx11k
extra/mc+shenzhen/train/CHNCXR_0095_0.png,Normal,tbx11k
extra/mc+shenzhen/train/CHNCXR_0099_0.png,Normal,tbx11k
extra/mc+shenzhen/train/CHNCXR_0110_0.png,Normal,tbx11k
extra/mc+shenzhen/train/CHNCXR_0113_0.png,Normal,tbx11k
extra/mc+shenzhen/train/CHNCXR_0127_0.png,Normal,tbx11k
extra/mc+shenzhen/train/CHNCXR_0128_0.png,Normal,tbx11k
extra/mc+shenzhen/train/CHNCXR_0132_0.png,Normal,tbx11k
extra/mc+shenzhen/train/CHNCXR_0135_0.png,Normal,tbx11k
extra/mc+shenzhen/train/CHNCXR_0137_0.png,Normal,tbx11k
extra/mc+shenzhen/train/CHNCXR_0138_0.png,Normal,tbx11k
extra/mc+shenzhen/train/CHNCXR_0144_0.png,Normal,tbx11k
extra/mc+shenzhen/train/CHNCXR_0150_0.png,Normal,tbx11k
extra/mc+shenzhen/train/CHNCXR_0158_0.png,Normal,tbx11k
extra/mc+shenzhen/train/CHNCXR_0159_0.png,Normal,tbx11k
extra/mc+shenzhen/train/CHNCXR_0166_0.png,Normal,tbx11k
extra/mc+shenzhen/train/CHNCXR_0173_0.png,Normal,tbx11k
extra/mc+shenzhen/train/CHNCXR_0182_0.png,Normal,tbx11k
extra/mc+shenzhen/train/CHNCXR_0183_0.png,Normal,tbx11k
extra/mc+shenzhen/train/CHNCXR_0184_0.png,Normal,tbx11k
extra/mc+shenzhen/train/CHNCXR_0191_0.png,Normal,tbx11k
extra/mc+shenzhen/train/CHNCXR_0197_0.png,Normal,tbx11k
extra/mc+shenzhen/train/CHNCXR_0206_0.png,Normal,tbx11k
extra/mc+shenzhen/train/CHNCXR_0207_0.png,Normal,tbx11k
extra/mc+shenzhen/train/CHNCXR_0209_0.png,Normal,tbx11k
extra/mc+shenzhen/train/CHNCXR_0217_0.png,Normal,tbx11k
extra/mc+shenzhen/train/CHNCXR_0221_0.png,Normal,tbx11k
extra/mc+shenzhen/train/CHNCXR_0224_0.png,Normal,tbx11k
extra/mc+shenzhen/train/CHNCXR_0225_0.png,Normal,tbx11k
extra/mc+shenzhen/train/CHNCXR_0226_0.png,Normal,tbx11k
extra/mc+shenzhen/train/CHNCXR_0229_0.png,Normal,tbx11k
extra/mc+shenzhen/train/CHNCXR_0230_0.png,Normal,tbx11k
extra/mc+shenzhen/train/CHNCXR_0233_0.png,Normal,tbx11k
extra/mc+shenzhen/train/CHNCXR_0238_0.png,Normal,tbx11k
extra/mc+shenzhen/train/CHNCXR_0246_0.png,Normal,tbx11k
extra/mc+shenzhen/train/CHNCXR_0252_0.png,Normal,tbx11k
extra/mc+shenzhen/train/CHNCXR_0254_0.png,Normal,tbx11k
extra/mc+shenzhen/train/CHNCXR_0256_0.png,Normal,tbx11k
extra/mc+shenzhen/train/CHNCXR_0257_0.png,Normal,tbx11k
extra/mc+shenzhen/train/CHNCXR_0258_0.png,Normal,tbx11k
extra/mc+shenzhen/train/CHNCXR_0267_0.png,Normal,tbx11k
extra/mc+shenzhen/train/CHNCXR_0268_0.png,Normal,tbx11k
extra/mc+shenzhen/train/CHNCXR_0274_0.png,Normal,tbx11k
extra/mc+shenzhen/train/CHNCXR_0275_0.png,Normal,tbx11k
extra/mc+shenzhen/train/CHNCXR_0291_0.png,Normal,tbx11k
extra/mc+shenzhen/train/CHNCXR_0308_0.png,Normal,tbx11k
extra/mc+shenzhen/train/CHNCXR_0313_0.png,Normal,tbx11k
extra/mc+shenzhen/train/CHNCXR_0315_0.png,Normal,tbx11k
extra/mc+shenzhen/train/CHNCXR_0321_0.png,Normal,tbx11k
extra/mc+shenzhen/train/CHNCXR_0323_0.png,Normal,tbx11k
extra/mc+shenzhen/train/CHNCXR_0324_0.png,Normal,tbx11k
extra/mc+shenzhen/train/CHNCXR_0326_0.png,Normal,tbx11k
extra/mc+shenzhen/train/CHNCXR_0331_1.png,TB,tbx11k
extra/mc+shenzhen/train/CHNCXR_0332_1.png,TB,tbx11k
extra/mc+shenzhen/train/CHNCXR_0333_1.png,TB,tbx11k
extra/mc+shenzhen/train/CHNCXR_0336_1.png,TB,tbx11k
extra/mc+shenzhen/train/CHNCXR_0339_1.png,TB,tbx11k
extra/mc+shenzhen/train/CHNCXR_0343_1.png,TB,tbx11k
extra/mc+shenzhen/train/CHNCXR_0346_1.png,TB,tbx11k
extra/mc+shenzhen/train/CHNCXR_0349_1.png,TB,tbx11k
extra/mc+shenzhen/train/CHNCXR_0357_1.png,TB,tbx11k
extra/mc+shenzhen/train/CHNCXR_0358_1.png,TB,tbx11k
extra/mc+shenzhen/train/CHNCXR_0359_1.png,TB,tbx11k
extra/mc+shenzhen/train/CHNCXR_0361_1.png,TB,tbx11k
extra/mc+shenzhen/train/CHNCXR_0371_1.png,TB,tbx11k
extra/mc+shenzhen/train/CHNCXR_0372_1.png,TB,tbx11k
extra/mc+shenzhen/train/CHNCXR_0374_1.png,TB,tbx11k
extra/mc+shenzhen/train/CHNCXR_0375_1.png,TB,tbx11k
extra/mc+shenzhen/train/CHNCXR_0378_1.png,TB,tbx11k
extra/mc+shenzhen/train/CHNCXR_0388_1.png,TB,tbx11k
extra/mc+shenzhen/train/CHNCXR_0397_1.png,TB,tbx11k
extra/mc+shenzhen/train/CHNCXR_0399_1.png,TB,tbx11k
extra/mc+shenzhen/train/CHNCXR_0403_1.png,TB,tbx11k
extra/mc+shenzhen/train/CHNCXR_0409_1.png,TB,tbx11k
extra/mc+shenzhen/train/CHNCXR_0419_1.png,TB,tbx11k
extra/mc+shenzhen/train/CHNCXR_0423_1.png,TB,tbx11k
extra/mc+shenzhen/train/CHNCXR_0426_1.png,TB,tbx11k
extra/mc+shenzhen/train/CHNCXR_0428_1.png,TB,tbx11k
extra/mc+shenzhen/train/CHNCXR_0430_1.png,TB,tbx11k
extra/mc+shenzhen/train/CHNCXR_0431_1.png,TB,tbx11k
extra/mc+shenzhen/train/CHNCXR_0432_1.png,TB,tbx11k
extra/mc+shenzhen/train/CHNCXR_0437_1.png,TB,tbx11k
extra/mc+shenzhen/train/CHNCXR_0438_1.png,TB,tbx11k
extra/mc+shenzhen/train/CHNCXR_0442_1.png,TB,tbx11k
extra/mc+shenzhen/train/CHNCXR_0443_1.png,TB,tbx11k
extra/mc+shenzhen/train/CHNCXR_0444_1.png,TB,tbx11k
extra/mc+shenzhen/train/CHNCXR_0445_1.png,TB,tbx11k
extra/mc+shenzhen/train/CHNCXR_0450_1.png,TB,tbx11k
extra/mc+shenzhen/train/CHNCXR_0454_1.png,TB,tbx11k
extra/mc+shenzhen/train/CHNCXR_0456_1.png,TB,tbx11k
extra/mc+shenzhen/train/CHNCXR_0463_1.png,TB,tbx11k
extra/mc+shenzhen/train/CHNCXR_0464_1.png,TB,tbx11k
extra/mc+shenzhen/train/CHNCXR_0469_1.png,TB,tbx11k
extra/mc+shenzhen/train/CHNCXR_0471_1.png,TB,tbx11k
extra/mc+shenzhen/train/CHNCXR_0473_1.png,TB,tbx11k
extra/mc+shenzhen/train/CHNCXR_0474_1.png,TB,tbx11k
extra/mc+shenzhen/train/CHNCXR_0475_1.png,TB,tbx11k
extra/mc+shenzhen/train/CHNCXR_0479_1.png,TB,tbx11k
extra/mc+shenzhen/train/CHNCXR_0481_1.png,TB,tbx11k
extra/mc+shenzhen/train/CHNCXR_0485_1.png,TB,tbx11k
extra/mc+shenzhen/train/CHNCXR_0488_1.png,TB,tbx11k
extra/mc+shenzhen/train/CHNCXR_0500_1.png,TB,tbx11k
extra/mc+shenzhen/train/CHNCXR_0510_1.png,TB,tbx11k
extra/mc+shenzhen/train/CHNCXR_0515_1.png,TB,tbx11k
extra/mc+shenzhen/train/CHNCXR_0516_1.png,TB,tbx11k
extra/mc+shenzhen/train/CHNCXR_0518_1.png,TB,tbx11k
extra/mc+shenzhen/train/CHNCXR_0523_1.png,TB,tbx11k
extra/mc+shenzhen/train/CHNCXR_0532_1.png,TB,tbx11k
extra/mc+shenzhen/train/CHNCXR_0536_1.png,TB,tbx11k
extra/mc+shenzhen/train/CHNCXR_0545_1.png,TB,tbx11k
extra/mc+shenzhen/train/CHNCXR_0546_1.png,TB,tbx11k
extra/mc+shenzhen/train/CHNCXR_0547_1.png,TB,tbx11k
extra/mc+shenzhen/train/CHNCXR_0552_1.png,TB,tbx11k
extra/mc+shenzhen/train/CHNCXR_0555_1.png,TB,tbx11k
extra/mc+shenzhen/train/CHNCXR_0562_1.png,TB,tbx11k
extra/mc+shenzhen/train/CHNCXR_0564_1.png,TB,tbx11k
extra/mc+shenzhen/train/CHNCXR_0575_1.png,TB,tbx11k
extra/mc+shenzhen/train/CHNCXR_0579_1.png,TB,tbx11k
extra/mc+shenzhen/train/CHNCXR_0580_1.png,TB,tbx11k
extra/mc+shenzhen/train/CHNCXR_0589_1.png,TB,tbx11k
extra/mc+shenzhen/train/CHNCXR_0593_1.png,TB,tbx11k
extra/mc+shenzhen/train/CHNCXR_0597_1.png,TB,tbx11k
extra/mc+shenzhen/train/CHNCXR_0598_1.png,TB,tbx11k
extra/mc+shenzhen/train/CHNCXR_0604_1.png,TB,tbx11k
extra/mc+shenzhen/train/CHNCXR_0605_1.png,TB,tbx11k
extra/mc+shenzhen/train/CHNCXR_0606_1.png,TB,tbx11k
extra/mc+shenzhen/train/CHNCXR_0607_1.png,TB,tbx11k
extra/mc+shenzhen/train/CHNCXR_0614_1.png,TB,tbx11k
extra/mc+shenzhen/train/CHNCXR_0615_1.png,TB,tbx11k
extra/mc+shenzhen/train/CHNCXR_0618_1.png,TB,tbx11k
extra/mc+shenzhen/train/CHNCXR_0619_1.png,TB,tbx11k
extra/mc+shenzhen/train/CHNCXR_0626_1.png,TB,tbx11k
extra/mc+shenzhen/train/CHNCXR_0632_1.png,TB,tbx11k
extra/mc+shenzhen/train/CHNCXR_0635_1.png,TB,tbx11k
extra/mc+shenzhen/train/CHNCXR_0636_1.png,TB,tbx11k
extra/mc+shenzhen/train/CHNCXR_0637_1.png,TB,tbx11k
extra/mc+shenzhen/train/CHNCXR_0638_1.png,TB,tbx11k
extra/mc+shenzhen/train/CHNCXR_0642_1.png,TB,tbx11k
extra/mc+shenzhen/train/CHNCXR_0645_1.png,TB,tbx11k
extra/mc+shenzhen/train/CHNCXR_0646_1.png,TB,tbx11k
extra/mc+shenzhen/train/CHNCXR_0654_1.png,TB,tbx11k
extra/mc+shenzhen/train/MCUCXR_0004_0.png,Normal,tbx11k
extra/mc+shenzhen/train/MCUCXR_0023_0.png,Normal,tbx11k
extra/mc+shenzhen/train/MCUCXR_0027_0.png,Normal,tbx11k
extra/mc+shenzhen/train/MCUCXR_0028_0.png,Normal,tbx11k
extra/mc+shenzhen/train/MCUCXR_0029_0.png,Normal,tbx11k
extra/mc+shenzhen/train/MCUCXR_0038_0.png,Normal,tbx11k
extra/mc+shenzhen/train/MCUCXR_0041_0.png,Normal,tbx11k
extra/mc+shenzhen/train/MCUCXR_0042_0.png,Normal,tbx11k
extra/mc+shenzhen/train/MCUCXR_0043_0.png,Normal,tbx11k
extra/mc+shenzhen/train/MCUCXR_0044_0.png,Normal,tbx11k
extra/mc+shenzhen/train/MCUCXR_0048_0.png,Normal,tbx11k
extra/mc+shenzhen/train/MCUCXR_0051_0.png,Normal,tbx11k
extra/mc+shenzhen/train/MCUCXR_0055_0.png,Normal,tbx11k
extra/mc+shenzhen/train/MCUCXR_0056_0.png,Normal,tbx11k
extra/mc+shenzhen/train/MCUCXR_0061_0.png,Normal,tbx11k
extra/mc+shenzhen/train/MCUCXR_0063_0.png,Normal,tbx11k
extra/mc+shenzhen/train/MCUCXR_0069_0.png,Normal,tbx11k
extra/mc+shenzhen/train/MCUCXR_0071_0.png,Normal,tbx11k
extra/mc+shenzhen/train/MCUCXR_0074_0.png,Normal,tbx11k
extra/mc+shenzhen/train/MCUCXR_0081_0.png,Normal,tbx11k
extra/mc+shenzhen/train/MCUCXR_0097_0.png,Normal,tbx11k
extra/mc+shenzhen/train/MCUCXR_0099_0.png,Normal,tbx11k
extra/mc+shenzhen/train/MCUCXR_0104_1.png,TB,tbx11k
extra/mc+shenzhen/train/MCUCXR_0162_1.png,TB,tbx11k
extra/mc+shenzhen/train/MCUCXR_0173_1.png,TB,tbx11k
extra/mc+shenzhen/train/MCUCXR_0196_1.png,TB,tbx11k
extra/mc+shenzhen/train/MCUCXR_0243_1.png,TB,tbx11k
extra/mc+shenzhen/train/MCUCXR_0275_1.png,TB,tbx11k
extra/mc+shenzhen/train/MCUCXR_0294_1.png,TB,tbx11k
extra/mc+shenzhen/train/MCUCXR_0311_1.png,TB,tbx11k
extra/mc+shenzhen/train/MCUCXR_0338_1.png,TB,tbx11k
extra/mc+shenzhen/train/MCUCXR_0350_1.png,TB,tbx11k
extra/mc+shenzhen/train/MCUCXR_0352_1.png,TB,tbx11k
extra/mc+shenzhen/train/MCUCXR_0369_1.png,TB,tbx11k
extra/mc+shenzhen/train/MCUCXR_0375_1.png,TB,tbx11k
extra/mc+shenzhen/train/MCUCXR_0399_1.png,TB,tbx11k
extra/mc+shenzhen/val/CHNCXR_0002_0.png,Normal,tbx11k
extra/mc+shenzhen/val/CHNCXR_0007_0.png,Normal,tbx11k
extra/mc+shenzhen/val/CHNCXR_0009_0.png,Normal,tbx11k
extra/mc+shenzhen/val/CHNCXR_0013_0.png,Normal,tbx11k
extra/mc+shenzhen/val/CHNCXR_0016_0.png,Normal,tbx11k
extra/mc+shenzhen/val/CHNCXR_0018_0.png,Normal,tbx11k
extra/mc+shenzhen/val/CHNCXR_0023_0.png,Normal,tbx11k
extra/mc+shenzhen/val/CHNCXR_0024_0.png,Normal,tbx11k
extra/mc+shenzhen/val/CHNCXR_0027_0.png,Normal,tbx11k
extra/mc+shenzhen/val/CHNCXR_0031_0.png,Normal,tbx11k
extra/mc+shenzhen/val/CHNCXR_0032_0.png,Normal,tbx11k
extra/mc+shenzhen/val/CHNCXR_0035_0.png,Normal,tbx11k
extra/mc+shenzhen/val/CHNCXR_0036_0.png,Normal,tbx11k
extra/mc+shenzhen/val/CHNCXR_0040_0.png,Normal,tbx11k
extra/mc+shenzhen/val/CHNCXR_0045_0.png,Normal,tbx11k
extra/mc+shenzhen/val/CHNCXR_0046_0.png,Normal,tbx11k
extra/mc+shenzhen/val/CHNCXR_0051_0.png,Normal,tbx11k
extra/mc+shenzhen/val/CHNCXR_0061_0.png,Normal,tbx11k
extra/mc+shenzhen/val/CHNCXR_0065_0.png,Normal,tbx11k
extra/mc+shenzhen/val/CHNCXR_0071_0.png,Normal,tbx11k
extra/mc+shenzhen/val/CHNCXR_0073_0.png,Normal,tbx11k
extra/mc+shenzhen/val/CHNCXR_0074_0.png,Normal,tbx11k
extra/mc+shenzhen/val/CHNCXR_0078_0.png,Normal,tbx11k
extra/mc+shenzhen/val/CHNCXR_0080_0.png,Normal,tbx11k
extra/mc+shenzhen/val/CHNCXR_0081_0.png,Normal,tbx11k
extra/mc+shenzhen/val/CHNCXR_0083_0.png,Normal,tbx11k
extra/mc+shenzhen/val/CHNCXR_0084_0.png,Normal,tbx11k
extra/mc+shenzhen/val/CHNCXR_0087_0.png,Normal,tbx11k
extra/mc+shenzhen/val/CHNCXR_0093_0.png,Normal,tbx11k
extra/mc+shenzhen/val/CHNCXR_0096_0.png,Normal,tbx11k
extra/mc+shenzhen/val/CHNCXR_0097_0.png,Normal,tbx11k
extra/mc+shenzhen/val/CHNCXR_0101_0.png,Normal,tbx11k
extra/mc+shenzhen/val/CHNCXR_0106_0.png,Normal,tbx11k
extra/mc+shenzhen/val/CHNCXR_0107_0.png,Normal,tbx11k
extra/mc+shenzhen/val/CHNCXR_0108_0.png,Normal,tbx11k
extra/mc+shenzhen/val/CHNCXR_0109_0.png,Normal,tbx11k
extra/mc+shenzhen/val/CHNCXR_0117_0.png,Normal,tbx11k
extra/mc+shenzhen/val/CHNCXR_0118_0.png,Normal,tbx11k
extra/mc+shenzhen/val/CHNCXR_0119_0.png,Normal,tbx11k
extra/mc+shenzhen/val/CHNCXR_0121_0.png,Normal,tbx11k
extra/mc+shenzhen/val/CHNCXR_0125_0.png,Normal,tbx11k
extra/mc+shenzhen/val/CHNCXR_0126_0.png,Normal,tbx11k
extra/mc+shenzhen/val/CHNCXR_0139_0.png,Normal,tbx11k
extra/mc+shenzhen/val/CHNCXR_0142_0.png,Normal,tbx11k
extra/mc+shenzhen/val/CHNCXR_0143_0.png,Normal,tbx11k
extra/mc+shenzhen/val/CHNCXR_0162_0.png,Normal,tbx11k
extra/mc+shenzhen/val/CHNCXR_0164_0.png,Normal,tbx11k
extra/mc+shenzhen/val/CHNCXR_0175_0.png,Normal,tbx11k
extra/mc+shenzhen/val/CHNCXR_0177_0.png,Normal,tbx11k
extra/mc+shenzhen/val/CHNCXR_0179_0.png,Normal,tbx11k
extra/mc+shenzhen/val/CHNCXR_0181_0.png,Normal,tbx11k
extra/mc+shenzhen/val/CHNCXR_0188_0.png,Normal,tbx11k
extra/mc+shenzhen/val/CHNCXR_0193_0.png,Normal,tbx11k
extra/mc+shenzhen/val/CHNCXR_0199_0.png,Normal,tbx11k
extra/mc+shenzhen/val/CHNCXR_0200_0.png,Normal,tbx11k
extra/mc+shenzhen/val/CHNCXR_0205_0.png,Normal,tbx11k
extra/mc+shenzhen/val/CHNCXR_0211_0.png,Normal,tbx11k
extra/mc+shenzhen/val/CHNCXR_0213_0.png,Normal,tbx11k
extra/mc+shenzhen/val/CHNCXR_0219_0.png,Normal,tbx11k
extra/mc+shenzhen/val/CHNCXR_0237_0.png,Normal,tbx11k
extra/mc+shenzhen/val/CHNCXR_0243_0.png,Normal,tbx11k
extra/mc+shenzhen/val/CHNCXR_0244_0.png,Normal,tbx11k
extra/mc+shenzhen/val/CHNCXR_0249_0.png,Normal,tbx11k
extra/mc+shenzhen/val/CHNCXR_0250_0.png,Normal,tbx11k
extra/mc+shenzhen/val/CHNCXR_0261_0.png,Normal,tbx11k
extra/mc+shenzhen/val/CHNCXR_0262_0.png,Normal,tbx11k
extra/mc+shenzhen/val/CHNCXR_0263_0.png,Normal,tbx11k
extra/mc+shenzhen/val/CHNCXR_0265_0.png,Normal,tbx11k
extra/mc+shenzhen/val/CHNCXR_0269_0.png,Normal,tbx11k
extra/mc+shenzhen/val/CHNCXR_0270_0.png,Normal,tbx11k
extra/mc+shenzhen/val/CHNCXR_0271_0.png,Normal,tbx11k
extra/mc+shenzhen/val/CHNCXR_0272_0.png,Normal,tbx11k
extra/mc+shenzhen/val/CHNCXR_0276_0.png,Normal,tbx11k
extra/mc+shenzhen/val/CHNCXR_0280_0.png,Normal,tbx11k
extra/mc+shenzhen/val/CHNCXR_0281_0.png,Normal,tbx11k
extra/mc+shenzhen/val/CHNCXR_0288_0.png,Normal,tbx11k
extra/mc+shenzhen/val/CHNCXR_0289_0.png,Normal,tbx11k
extra/mc+shenzhen/val/CHNCXR_0293_0.png,Normal,tbx11k
extra/mc+shenzhen/val/CHNCXR_0294_0.png,Normal,tbx11k
extra/mc+shenzhen/val/CHNCXR_0301_0.png,Normal,tbx11k
extra/mc+shenzhen/val/CHNCXR_0303_0.png,Normal,tbx11k
extra/mc+shenzhen/val/CHNCXR_0305_0.png,Normal,tbx11k
extra/mc+shenzhen/val/CHNCXR_0314_0.png,Normal,tbx11k
extra/mc+shenzhen/val/CHNCXR_0316_0.png,Normal,tbx11k
extra/mc+shenzhen/val/CHNCXR_0319_0.png,Normal,tbx11k
extra/mc+shenzhen/val/CHNCXR_0327_1.png,TB,tbx11k
extra/mc+shenzhen/val/CHNCXR_0329_1.png,TB,tbx11k
extra/mc+shenzhen/val/CHNCXR_0341_1.png,TB,tbx11k
extra/mc+shenzhen/val/CHNCXR_0342_1.png,TB,tbx11k
extra/mc+shenzhen/val/CHNCXR_0347_1.png,TB,tbx11k
extra/mc+shenzhen/val/CHNCXR_0351_1.png,TB,tbx11k
extra/mc+shenzhen/val/CHNCXR_0352_1.png,TB,tbx11k
extra/mc+shenzhen/val/CHNCXR_0355_1.png,TB,tbx11k
extra/mc+shenzhen/val/CHNCXR_0356_1.png,TB,tbx11k
extra/mc+shenzhen/val/CHNCXR_0363_1.png,TB,tbx11k
extra/mc+shenzhen/val/CHNCXR_0367_1.png,TB,tbx11k
extra/mc+shenzhen/val/CHNCXR_0370_1.png,TB,tbx11k
extra/mc+shenzhen/val/CHNCXR_0376_1.png,TB,tbx11k
extra/mc+shenzhen/val/CHNCXR_0380_1.png,TB,tbx11k
extra/mc+shenzhen/val/CHNCXR_0381_1.png,TB,tbx11k
extra/mc+shenzhen/val/CHNCXR_0383_1.png,TB,tbx11k
extra/mc+shenzhen/val/CHNCXR_0385_1.png,TB,tbx11k
extra/mc+shenzhen/val/CHNCXR_0390_1.png,TB,tbx11k
extra/mc+shenzhen/val/CHNCXR_0391_1.png,TB,tbx11k
extra/mc+shenzhen/val/CHNCXR_0392_1.png,TB,tbx11k
extra/mc+shenzhen/val/CHNCXR_0396_1.png,TB,tbx11k
extra/mc+shenzhen/val/CHNCXR_0404_1.png,TB,tbx11k
extra/mc+shenzhen/val/CHNCXR_0406_1.png,TB,tbx11k
extra/mc+shenzhen/val/CHNCXR_0407_1.png,TB,tbx11k
extra/mc+shenzhen/val/CHNCXR_0411_1.png,TB,tbx11k
extra/mc+shenzhen/val/CHNCXR_0412_1.png,TB,tbx11k
extra/mc+shenzhen/val/CHNCXR_0414_1.png,TB,tbx11k
extra/mc+shenzhen/val/CHNCXR_0421_1.png,TB,tbx11k
extra/mc+shenzhen/val/CHNCXR_0422_1.png,TB,tbx11k
extra/mc+shenzhen/val/CHNCXR_0425_1.png,TB,tbx11k
extra/mc+shenzhen/val/CHNCXR_0433_1.png,TB,tbx11k
extra/mc+shenzhen/val/CHNCXR_0441_1.png,TB,tbx11k
extra/mc+shenzhen/val/CHNCXR_0449_1.png,TB,tbx11k
extra/mc+shenzhen/val/CHNCXR_0461_1.png,TB,tbx11k
extra/mc+shenzhen/val/CHNCXR_0466_1.png,TB,tbx11k
extra/mc+shenzhen/val/CHNCXR_0467_1.png,TB,tbx11k
extra/mc+shenzhen/val/CHNCXR_0470_1.png,TB,tbx11k
extra/mc+shenzhen/val/CHNCXR_0476_1.png,TB,tbx11k
extra/mc+shenzhen/val/CHNCXR_0482_1.png,TB,tbx11k
extra/mc+shenzhen/val/CHNCXR_0492_1.png,TB,tbx11k
extra/mc+shenzhen/val/CHNCXR_0495_1.png,TB,tbx11k
extra/mc+shenzhen/val/CHNCXR_0504_1.png,TB,tbx11k
extra/mc+shenzhen/val/CHNCXR_0506_1.png,TB,tbx11k
extra/mc+shenzhen/val/CHNCXR_0508_1.png,TB,tbx11k
extra/mc+shenzhen/val/CHNCXR_0513_1.png,TB,tbx11k
extra/mc+shenzhen/val/CHNCXR_0514_1.png,TB,tbx11k
extra/mc+shenzhen/val/CHNCXR_0517_1.png,TB,tbx11k
extra/mc+shenzhen/val/CHNCXR_0519_1.png,TB,tbx11k
extra/mc+shenzhen/val/CHNCXR_0520_1.png,TB,tbx11k
extra/mc+shenzhen/val/CHNCXR_0527_1.png,TB,tbx11k
extra/mc+shenzhen/val/CHNCXR_0529_1.png,TB,tbx11k
extra/mc+shenzhen/val/CHNCXR_0535_1.png,TB,tbx11k
extra/mc+shenzhen/val/CHNCXR_0538_1.png,TB,tbx11k
extra/mc+shenzhen/val/CHNCXR_0541_1.png,TB,tbx11k
extra/mc+shenzhen/val/CHNCXR_0543_1.png,TB,tbx11k
extra/mc+shenzhen/val/CHNCXR_0551_1.png,TB,tbx11k
extra/mc+shenzhen/val/CHNCXR_0558_1.png,TB,tbx11k
extra/mc+shenzhen/val/CHNCXR_0560_1.png,TB,tbx11k
extra/mc+shenzhen/val/CHNCXR_0566_1.png,TB,tbx11k
extra/mc+shenzhen/val/CHNCXR_0567_1.png,TB,tbx11k
extra/mc+shenzhen/val/CHNCXR_0571_1.png,TB,tbx11k
extra/mc+shenzhen/val/CHNCXR_0583_1.png,TB,tbx11k
extra/mc+shenzhen/val/CHNCXR_0590_1.png,TB,tbx11k
extra/mc+shenzhen/val/CHNCXR_0591_1.png,TB,tbx11k
extra/mc+shenzhen/val/CHNCXR_0592_1.png,TB,tbx11k
extra/mc+shenzhen/val/CHNCXR_0613_1.png,TB,tbx11k
extra/mc+shenzhen/val/CHNCXR_0616_1.png,TB,tbx11k
extra/mc+shenzhen/val/CHNCXR_0617_1.png,TB,tbx11k
extra/mc+shenzhen/val/CHNCXR_0620_1.png,TB,tbx11k
extra/mc+shenzhen/val/CHNCXR_0621_1.png,TB,tbx11k
extra/mc+shenzhen/val/CHNCXR_0628_1.png,TB,tbx11k
extra/mc+shenzhen/val/CHNCXR_0641_1.png,TB,tbx11k
extra/mc+shenzhen/val/CHNCXR_0643_1.png,TB,tbx11k
extra/mc+shenzhen/val/CHNCXR_0644_1.png,TB,tbx11k
extra/mc+shenzhen/val/CHNCXR_0647_1.png,TB,tbx11k
extra/mc+shenzhen/val/CHNCXR_0655_1.png,TB,tbx11k
extra/mc+shenzhen/val/CHNCXR_0658_1.png,TB,tbx11k
extra/mc+shenzhen/val/CHNCXR_0659_1.png,TB,tbx11k
extra/mc+shenzhen/val/MCUCXR_0006_0.png,Normal,tbx11k
extra/mc+shenzhen/val/MCUCXR_0011_0.png,Normal,tbx11k
extra/mc+shenzhen/val/MCUCXR_0016_0.png,Normal,tbx11k
extra/mc+shenzhen/val/MCUCXR_0019_0.png,Normal,tbx11k
extra/mc+shenzhen/val/MCUCXR_0020_0.png,Normal,tbx11k
extra/mc+shenzhen/val/MCUCXR_0021_0.png,Normal,tbx11k
extra/mc+shenzhen/val/MCUCXR_0022_0.png,Normal,tbx11k
extra/mc+shenzhen/val/MCUCXR_0026_0.png,Normal,tbx11k
extra/mc+shenzhen/val/MCUCXR_0030_0.png,Normal,tbx11k
extra/mc+shenzhen/val/MCUCXR_0035_0.png,Normal,tbx11k
extra/mc+shenzhen/val/MCUCXR_0040_0.png,Normal,tbx11k
extra/mc+shenzhen/val/MCUCXR_0047_0.png,Normal,tbx11k
extra/mc+shenzhen/val/MCUCXR_0053_0.png,Normal,tbx11k
extra/mc+shenzhen/val/MCUCXR_0059_0.png,Normal,tbx11k
extra/mc+shenzhen/val/MCUCXR_0080_0.png,Normal,tbx11k
extra/mc+shenzhen/val/MCUCXR_0083_0.png,Normal,tbx11k
extra/mc+shenzhen/val/MCUCXR_0084_0.png,Normal,tbx11k
extra/mc+shenzhen/val/MCUCXR_0086_0.png,Normal,tbx11k
extra/mc+shenzhen/val/MCUCXR_0101_0.png,Normal,tbx11k
extra/mc+shenzhen/val/MCUCXR_0102_0.png,Normal,tbx11k
extra/mc+shenzhen/val/MCUCXR_0117_1.png,TB,tbx11k
extra/mc+shenzhen/val/MCUCXR_0141_1.png,TB,tbx11k
extra/mc+shenzhen/val/MCUCXR_0166_1.png,TB,tbx11k
extra/mc+shenzhen/val/MCUCXR_0188_1.png,TB,tbx11k
extra/mc+shenzhen/val/MCUCXR_0194_1.png,TB,tbx11k
extra/mc+shenzhen/val/MCUCXR_0213_1.png,TB,tbx11k
extra/mc+shenzhen/val/MCUCXR_0253_1.png,TB,tbx11k
extra/mc+shenzhen/val/MCUCXR_0254_1.png,TB,tbx11k
extra/mc+shenzhen/val/MCUCXR_0255_1.png,TB,tbx11k
extra/mc+shenzhen/val/MCUCXR_0258_1.png,TB,tbx11k
extra/mc+shenzhen/val/MCUCXR_0282_1.png,TB,tbx11k
extra/mc+shenzhen/val/MCUCXR_0316_1.png,TB,tbx11k
extra/mc+shenzhen/val/MCUCXR_0331_1.png,TB,tbx11k
extra/mc+shenzhen/val/MCUCXR_0354_1.png,TB,tbx11k
extra/mc+shenzhen/val/MCUCXR_0362_1.png,TB,tbx11k
extra/mc+shenzhen/val/MCUCXR_0367_1.png,TB,tbx11k
extra/mc+shenzhen/val/MCUCXR_0390_1.png,TB,tbx11k
